time_ms,city_id,target_column,y_value,original_value,y_true,y_pred,is_correct,shift_pct
1767571200000,GB,ALL_FEATURES,28665.0,,0,0,1,0.0
1767573000000,GB,ALL_FEATURES,29271.0,,0,0,1,0.0
1767574800000,GB,ALL_FEATURES,28872.0,,0,0,1,0.0
1767576600000,GB,ALL_FEATURES,28573.0,,0,0,1,0.0
1767578400000,GB,ALL_FEATURES,28055.0,,0,0,1,0.0
1767580200000,GB,ALL_FEATURES,27664.0,,0,0,1,0.0
1767582000000,GB,ALL_FEATURES,27269.0,,0,0,1,0.0
1767583800000,GB,ALL_FEATURES,26936.0,,0,0,1,0.0
1767585600000,GB,ALL_FEATURES,26734.0,,0,0,1,0.0
1767587400000,GB,ALL_FEATURES,26733.0,,0,0,1,0.0
1767589200000,GB,ALL_FEATURES,27095.0,,0,0,1,0.0
1767591000000,GB,ALL_FEATURES,28125.0,,0,0,1,0.0
1767592800000,GB,ALL_FEATURES,30802.0,,0,0,1,0.0
1767594600000,GB,ALL_FEATURES,33363.0,,0,0,1,0.0
1767596400000,GB,ALL_FEATURES,36118.0,,0,0,1,0.0
1767598200000,GB,ALL_FEATURES,38178.0,,0,0,1,0.0
1767600000000,GB,ALL_FEATURES,40350.0,,0,0,1,0.0
1767601800000,GB,ALL_FEATURES,41161.0,,0,0,1,0.0
1767603600000,GB,ALL_FEATURES,42711.0,,0,0,1,0.0
1767605400000,GB,ALL_FEATURES,42657.0,,0,0,1,0.0
1767607200000,GB,ALL_FEATURES,42021.0,,0,0,1,0.0
1767609000000,GB,ALL_FEATURES,41209.0,,0,0,1,0.0
1767610800000,GB,ALL_FEATURES,40643.0,,0,0,1,0.0
1767612600000,GB,ALL_FEATURES,40329.0,,0,0,1,0.0
1767614400000,GB,ALL_FEATURES,40588.0,,0,0,1,0.0
1767616200000,GB,ALL_FEATURES,40407.0,,0,0,1,0.0
1767618000000,GB,ALL_FEATURES,40641.0,,0,0,1,0.0
1767619800000,GB,ALL_FEATURES,40581.0,,0,0,1,0.0
1767621600000,GB,ALL_FEATURES,40605.0,,0,0,1,0.0
1767623400000,GB,ALL_FEATURES,40833.0,,0,0,1,0.0
1767625200000,GB,ALL_FEATURES,41679.0,,0,0,1,0.0
1767627000000,GB,ALL_FEATURES,43148.0,,0,0,1,0.0
1767628800000,GB,ALL_FEATURES,44909.0,,0,1,0,0.0
1767630600000,GB,ALL_FEATURES,46348.0,,0,1,0,0.0
1767632400000,GB,ALL_FEATURES,47319.0,,0,1,0,0.0
1767634200000,GB,ALL_FEATURES,47106.0,,0,1,0,0.0
1767636000000,GB,ALL_FEATURES,46396.0,,0,1,0,0.0
1767637800000,GB,ALL_FEATURES,46222.0,,0,1,0,0.0
1767639600000,GB,ALL_FEATURES,45085.0,,0,1,0,0.0
1767641400000,GB,ALL_FEATURES,43570.0,,0,0,1,0.0
1767643200000,GB,ALL_FEATURES,42154.0,,0,0,1,0.0
1767645000000,GB,ALL_FEATURES,41094.0,,0,0,1,0.0
1767646800000,GB,ALL_FEATURES,40167.0,,0,0,1,0.0
1767648600000,GB,ALL_FEATURES,37617.0,,0,0,1,0.0
1767650400000,GB,ALL_FEATURES,35261.0,,0,0,1,0.0
1767652200000,GB,ALL_FEATURES,33581.0,,0,0,1,0.0
1767654000000,GB,ALL_FEATURES,31613.0,,0,0,1,0.0
1767655800000,GB,ALL_FEATURES,30576.0,,0,0,1,0.0
1767657600000,GB,ALL_FEATURES,31324.0,,0,0,1,0.0
1767659400000,GB,ALL_FEATURES,31488.0,,0,0,1,0.0
1767661200000,GB,ALL_FEATURES,31111.0,,0,0,1,0.0
1767663000000,GB,ALL_FEATURES,30570.0,,0,0,1,0.0
1767664800000,GB,ALL_FEATURES,30053.0,,0,0,1,0.0
1767666600000,GB,ALL_FEATURES,29865.0,,1,1,1,0.9734243398524954
1767668400000,GB,ALL_FEATURES,29296.0,,0,0,1,0.0
1767670200000,GB,ALL_FEATURES,29029.0,,0,0,1,0.0
1767672000000,GB,ALL_FEATURES,28717.0,,0,0,1,0.0
1767673800000,GB,ALL_FEATURES,28832.0,,0,0,1,0.0
1767675600000,GB,ALL_FEATURES,28960.0,,0,0,1,0.0
1767677400000,GB,ALL_FEATURES,29645.0,,0,0,1,0.0
1767679200000,GB,ALL_FEATURES,32407.0,,0,0,1,0.0
1767681000000,GB,ALL_FEATURES,34592.0,,0,0,1,0.0
1767682800000,GB,ALL_FEATURES,38008.0,,0,0,1,0.0
1767684600000,GB,ALL_FEATURES,39895.0,,0,0,1,0.0
1767686400000,GB,ALL_FEATURES,41439.0,,0,0,1,0.0
1767688200000,GB,ALL_FEATURES,42612.0,,0,0,1,0.0
1767690000000,GB,ALL_FEATURES,43594.0,,0,0,1,0.0
1767691800000,GB,ALL_FEATURES,43513.0,,0,0,1,0.0
1767693600000,GB,ALL_FEATURES,42851.0,,0,0,1,0.0
1767695400000,GB,ALL_FEATURES,41820.0,,0,0,1,0.0
1767697200000,GB,ALL_FEATURES,41655.0,,0,0,1,0.0
1767699000000,GB,ALL_FEATURES,41685.0,,0,0,1,0.0
1767700800000,GB,ALL_FEATURES,42129.0,,0,0,1,0.0
1767702600000,GB,ALL_FEATURES,42603.0,,0,0,1,0.0
1767704400000,GB,ALL_FEATURES,42078.0,,0,0,1,0.0
1767706200000,GB,ALL_FEATURES,42089.0,,0,0,1,0.0
1767708000000,GB,ALL_FEATURES,41830.0,,0,0,1,0.0
1767709800000,GB,ALL_FEATURES,41808.0,,0,0,1,0.0
1767711600000,GB,ALL_FEATURES,42397.0,,0,0,1,0.0
1767713400000,GB,ALL_FEATURES,43470.0,,0,0,1,0.0
1767715200000,GB,ALL_FEATURES,44148.0,,0,0,1,0.0
1767717000000,GB,ALL_FEATURES,45263.0,,0,1,0,0.0
1767718800000,GB,ALL_FEATURES,45355.0,,0,1,0,0.0
1767720600000,GB,ALL_FEATURES,45123.0,,0,1,0,0.0
1767722400000,GB,ALL_FEATURES,44454.0,,0,1,0,0.0
1767724200000,GB,ALL_FEATURES,43634.0,,0,0,1,0.0
1767726000000,GB,ALL_FEATURES,42331.0,,0,0,1,0.0
1767727800000,GB,ALL_FEATURES,41504.0,,0,0,1,0.0
1767729600000,GB,ALL_FEATURES,39616.0,,0,0,1,0.0
1767731400000,GB,ALL_FEATURES,38302.0,,0,0,1,0.0
1767733200000,GB,ALL_FEATURES,37032.0,,0,0,1,0.0
1767735000000,GB,ALL_FEATURES,35014.0,,0,0,1,0.0
1767736800000,GB,ALL_FEATURES,32770.0,,0,0,1,0.0
1767738600000,GB,ALL_FEATURES,30766.0,,0,0,1,0.0
1767740400000,GB,ALL_FEATURES,28331.0,,0,0,1,0.0
1767742200000,GB,ALL_FEATURES,27384.0,,0,0,1,0.0
1767744000000,GB,ALL_FEATURES,27876.0,,0,0,1,0.0
1767745800000,GB,ALL_FEATURES,28621.0,,0,0,1,0.0
1767747600000,GB,ALL_FEATURES,28154.0,,0,0,1,0.0
1767749400000,GB,ALL_FEATURES,27273.0,,0,0,1,0.0
1767751200000,GB,ALL_FEATURES,26747.0,,0,0,1,0.0
1767753000000,GB,ALL_FEATURES,26634.0,,0,0,1,0.0
1767754800000,GB,ALL_FEATURES,26349.0,,0,0,1,0.0
1767756600000,GB,ALL_FEATURES,25969.0,,0,0,1,0.0
1767758400000,GB,ALL_FEATURES,25410.0,,0,0,1,0.0
1767760200000,GB,ALL_FEATURES,25496.0,,0,0,1,0.0
1767762000000,GB,ALL_FEATURES,25848.0,,0,0,1,0.0
1767763800000,GB,ALL_FEATURES,26390.0,,0,0,1,0.0
1767765600000,GB,ALL_FEATURES,28783.0,,0,0,1,0.0
1767767400000,GB,ALL_FEATURES,31747.0,,0,0,1,0.0
1767769200000,GB,ALL_FEATURES,35365.0,,0,0,1,0.0
1767771000000,GB,ALL_FEATURES,37186.0,,0,0,1,0.0
1767772800000,GB,ALL_FEATURES,38718.0,,0,0,1,0.0
1767774600000,GB,ALL_FEATURES,39311.0,,0,0,1,0.0
1767776400000,GB,ALL_FEATURES,40367.0,,0,0,1,0.0
1767778200000,GB,ALL_FEATURES,40044.0,,0,0,1,0.0
1767780000000,GB,ALL_FEATURES,39304.0,,0,0,1,0.0
1767781800000,GB,ALL_FEATURES,38379.0,,0,0,1,0.0
1767783600000,GB,ALL_FEATURES,37546.0,,0,0,1,0.0
1767785400000,GB,ALL_FEATURES,36956.0,,0,0,1,0.0
1767787200000,GB,ALL_FEATURES,37072.0,,0,0,1,0.0
1767789000000,GB,ALL_FEATURES,37030.0,,0,0,1,0.0
1767790800000,GB,ALL_FEATURES,37437.0,,0,0,1,0.0
1767792600000,GB,ALL_FEATURES,37578.0,,0,0,1,0.0
1767794400000,GB,ALL_FEATURES,38279.0,,0,0,1,0.0
1767796200000,GB,ALL_FEATURES,39110.0,,0,0,1,0.0
1767798000000,GB,ALL_FEATURES,40099.0,,0,0,1,0.0
1767799800000,GB,ALL_FEATURES,41218.0,,0,0,1,0.0
1767801600000,GB,ALL_FEATURES,43121.0,,0,0,1,0.0
1767803400000,GB,ALL_FEATURES,44473.0,,0,1,0,0.0
1767805200000,GB,ALL_FEATURES,44951.0,,0,1,0,0.0
1767807000000,GB,ALL_FEATURES,45187.0,,0,1,0,0.0
1767808800000,GB,ALL_FEATURES,45118.0,,0,1,0,0.0
1767810600000,GB,ALL_FEATURES,44168.0,,0,0,1,0.0
1767812400000,GB,ALL_FEATURES,43938.0,,0,0,1,0.0
1767814200000,GB,ALL_FEATURES,42664.0,,0,0,1,0.0
1767816000000,GB,ALL_FEATURES,41528.0,,0,0,1,0.0
1767817800000,GB,ALL_FEATURES,40131.0,,0,0,1,0.0
1767819600000,GB,ALL_FEATURES,37602.0,,0,0,1,0.0
1767821400000,GB,ALL_FEATURES,36230.0,,0,0,1,0.0
1767823200000,GB,ALL_FEATURES,34279.0,,0,0,1,0.0
1767825000000,GB,ALL_FEATURES,32658.0,,0,0,1,0.0
1767826800000,GB,ALL_FEATURES,31163.0,,0,0,1,0.0
1767828600000,GB,ALL_FEATURES,29867.0,,0,0,1,0.0
1767830400000,GB,ALL_FEATURES,29940.0,,0,0,1,0.0
1767832200000,GB,ALL_FEATURES,30652.0,,0,0,1,0.0
1767834000000,GB,ALL_FEATURES,30183.0,,0,0,1,0.0
1767835800000,GB,ALL_FEATURES,29245.0,,0,0,1,0.0
1767837600000,GB,ALL_FEATURES,28962.0,,0,0,1,0.0
1767839400000,GB,ALL_FEATURES,28445.0,,0,0,1,0.0
1767841200000,GB,ALL_FEATURES,27772.0,,0,0,1,0.0
1767843000000,GB,ALL_FEATURES,27112.0,,0,0,1,0.0
1767844800000,GB,ALL_FEATURES,26754.0,,0,0,1,0.0
1767846600000,GB,ALL_FEATURES,26934.0,,0,0,1,0.0
1767848400000,GB,ALL_FEATURES,27289.0,,0,0,1,0.0
1767850200000,GB,ALL_FEATURES,28179.0,,0,0,1,0.0
1767852000000,GB,ALL_FEATURES,30765.0,,0,0,1,0.0
1767853800000,GB,ALL_FEATURES,33062.0,,0,0,1,0.0
1767855600000,GB,ALL_FEATURES,36872.0,,0,0,1,0.0
1767857400000,GB,ALL_FEATURES,38280.0,,0,0,1,0.0
1767859200000,GB,ALL_FEATURES,39690.0,,0,0,1,0.0
1767861000000,GB,ALL_FEATURES,40501.0,,0,0,1,0.0
1767862800000,GB,ALL_FEATURES,42243.0,,0,0,1,0.0
1767864600000,GB,ALL_FEATURES,42574.0,,0,0,1,0.0
1767866400000,GB,ALL_FEATURES,41786.0,,0,0,1,0.0
1767868200000,GB,ALL_FEATURES,41716.0,,0,0,1,0.0
1767870000000,GB,ALL_FEATURES,41833.0,,0,0,1,0.0
1767871800000,GB,ALL_FEATURES,42417.0,,0,0,1,0.0
1767873600000,GB,ALL_FEATURES,43049.0,,0,0,1,0.0
1767875400000,GB,ALL_FEATURES,42681.0,,0,0,1,0.0
1767877200000,GB,ALL_FEATURES,42665.0,,0,0,1,0.0
1767879000000,GB,ALL_FEATURES,42769.0,,0,0,1,0.0
1767880800000,GB,ALL_FEATURES,42084.0,,0,0,1,0.0
1767882600000,GB,ALL_FEATURES,41806.0,,0,0,1,0.0
1767884400000,GB,ALL_FEATURES,41419.0,,0,0,1,0.0
1767886200000,GB,ALL_FEATURES,42152.0,,0,0,1,0.0
1767888000000,GB,ALL_FEATURES,43651.0,,0,0,1,0.0
1767889800000,GB,ALL_FEATURES,44145.0,,0,1,0,0.0
1767891600000,GB,ALL_FEATURES,44355.0,,0,1,0,0.0
1767893400000,GB,ALL_FEATURES,44409.0,,0,1,0,0.0
1767895200000,GB,ALL_FEATURES,44117.0,,0,1,0,0.0
1767897000000,GB,ALL_FEATURES,43896.0,,0,1,0,0.0
1767898800000,GB,ALL_FEATURES,43201.0,,0,0,1,0.0
1767900600000,GB,ALL_FEATURES,41178.0,,0,0,1,0.0
1767902400000,GB,ALL_FEATURES,40077.0,,0,0,1,0.0
1767904200000,GB,ALL_FEATURES,37749.0,,0,0,1,0.0
1767906000000,GB,ALL_FEATURES,36041.0,,0,0,1,0.0
1767907800000,GB,ALL_FEATURES,34431.0,,0,0,1,0.0
1767909600000,GB,ALL_FEATURES,32433.0,,0,0,1,0.0
1767911400000,GB,ALL_FEATURES,30418.0,,0,0,1,0.0
1767913200000,GB,ALL_FEATURES,28531.0,,0,0,1,0.0
1767915000000,GB,ALL_FEATURES,27357.0,,0,0,1,0.0
1767916800000,GB,ALL_FEATURES,27840.0,,0,0,1,0.0
1767918600000,GB,ALL_FEATURES,28500.0,,0,0,1,0.0
1767920400000,GB,ALL_FEATURES,28359.0,,0,0,1,0.0
1767922200000,GB,ALL_FEATURES,27840.0,,0,0,1,0.0
1767924000000,GB,ALL_FEATURES,27318.0,,0,0,1,0.0
1767925800000,GB,ALL_FEATURES,27042.0,,0,0,1,0.0
1767927600000,GB,ALL_FEATURES,26663.0,,0,0,1,0.0
1767929400000,GB,ALL_FEATURES,25850.0,,0,0,1,0.0
1767931200000,GB,ALL_FEATURES,25884.0,,0,0,1,0.0
1767933000000,GB,ALL_FEATURES,25651.0,,0,0,1,0.0
1767934800000,GB,ALL_FEATURES,26471.0,,0,0,1,0.0
1767936600000,GB,ALL_FEATURES,27393.0,,0,0,1,0.0
1767938400000,GB,ALL_FEATURES,8906.011954359097,,1,1,1,0.6992329892823917
1767940200000,GB,ALL_FEATURES,32244.0,,0,0,1,0.0
1767942000000,GB,ALL_FEATURES,35461.0,,0,0,1,0.0
1767943800000,GB,ALL_FEATURES,37299.0,,0,0,1,0.0
1767945600000,GB,ALL_FEATURES,38444.0,,0,0,1,0.0
1767947400000,GB,ALL_FEATURES,39552.0,,0,0,1,0.0
1767949200000,GB,ALL_FEATURES,41153.0,,0,0,1,0.0
1767951000000,GB,ALL_FEATURES,41629.0,,0,0,1,0.0
1767952800000,GB,ALL_FEATURES,41846.0,,0,0,1,0.0
1767954600000,GB,ALL_FEATURES,41664.0,,0,0,1,0.0
1767956400000,GB,ALL_FEATURES,41867.0,,0,0,1,0.0
1767958200000,GB,ALL_FEATURES,41627.0,,0,0,1,0.0
1767960000000,GB,ALL_FEATURES,42043.0,,0,0,1,0.0
1767961800000,GB,ALL_FEATURES,15542.016856986014,,1,1,1,0.6273612530692909
1767963600000,GB,ALL_FEATURES,41476.0,,0,0,1,0.0
1767965400000,GB,ALL_FEATURES,41079.0,,0,0,1,0.0
1767967200000,GB,ALL_FEATURES,41229.0,,0,0,1,0.0
1767969000000,GB,ALL_FEATURES,40672.0,,0,0,1,0.0
1767970800000,GB,ALL_FEATURES,40796.0,,0,0,1,0.0
1767972600000,GB,ALL_FEATURES,41450.0,,0,0,1,0.0
1767974400000,GB,ALL_FEATURES,42101.0,,0,0,1,0.0
1767976200000,GB,ALL_FEATURES,43530.0,,0,0,1,0.0
1767978000000,GB,ALL_FEATURES,44270.0,,0,0,1,0.0
1767979800000,GB,ALL_FEATURES,44161.0,,0,0,1,0.0
1767981600000,GB,ALL_FEATURES,43478.0,,0,0,1,0.0
1767983400000,GB,ALL_FEATURES,42191.0,,0,0,1,0.0
1767985200000,GB,ALL_FEATURES,41642.0,,0,0,1,0.0
1767987000000,GB,ALL_FEATURES,40714.0,,0,0,1,0.0
1767988800000,GB,ALL_FEATURES,39539.0,,0,0,1,0.0
1767990600000,GB,ALL_FEATURES,38050.0,,0,0,1,0.0
1767992400000,GB,ALL_FEATURES,37169.0,,0,0,1,0.0
1767994200000,GB,ALL_FEATURES,35343.0,,0,0,1,0.0
1767996000000,GB,ALL_FEATURES,33740.0,,0,0,1,0.0
1767997800000,GB,ALL_FEATURES,31816.0,,0,0,1,0.0
1767999600000,GB,ALL_FEATURES,30489.0,,0,0,1,0.0
1768001400000,GB,ALL_FEATURES,29707.0,,0,0,1,0.0
1768003200000,GB,ALL_FEATURES,29751.0,,0,0,1,0.0
1768005000000,GB,ALL_FEATURES,30138.0,,0,0,1,0.0
1768006800000,GB,ALL_FEATURES,29620.0,,0,0,1,0.0
1768008600000,GB,ALL_FEATURES,29261.0,,0,0,1,0.0
1768010400000,GB,ALL_FEATURES,12262.755314981297,,1,1,1,0.5736769811228863
1768012200000,GB,ALL_FEATURES,28264.0,,0,0,1,0.0
1768014000000,GB,ALL_FEATURES,27718.0,,0,0,1,0.0
1768015800000,GB,ALL_FEATURES,27428.0,,0,0,1,0.0
1768017600000,GB,ALL_FEATURES,27069.0,,0,0,1,0.0
1768019400000,GB,ALL_FEATURES,26596.0,,0,0,1,0.0
1768021200000,GB,ALL_FEATURES,26454.0,,0,0,1,0.0
1768023000000,GB,ALL_FEATURES,26834.0,,0,0,1,0.0
1768024800000,GB,ALL_FEATURES,27581.0,,0,0,1,0.0
1768026600000,GB,ALL_FEATURES,29071.0,,0,0,1,0.0
1768028400000,GB,ALL_FEATURES,30262.0,,0,0,1,0.0
1768030200000,GB,ALL_FEATURES,31188.0,,0,0,1,0.0
1768032000000,GB,ALL_FEATURES,33247.0,,0,0,1,0.0
1768033800000,GB,ALL_FEATURES,34636.0,,0,0,1,0.0
1768035600000,GB,ALL_FEATURES,35233.0,,0,0,1,0.0
1768037400000,GB,ALL_FEATURES,35661.0,,0,0,1,0.0
1768039200000,GB,ALL_FEATURES,59094.15002742239,,1,1,1,0.6598547842093812
1768041000000,GB,ALL_FEATURES,35124.0,,0,0,1,0.0
1768042800000,GB,ALL_FEATURES,10710.198841038184,,1,1,1,0.6915176462156691
1768044600000,GB,ALL_FEATURES,34381.0,,0,0,1,0.0
1768046400000,GB,ALL_FEATURES,34243.0,,0,0,1,0.0
1768048200000,GB,ALL_FEATURES,34376.0,,0,0,1,0.0
1768050000000,GB,ALL_FEATURES,34324.0,,0,0,1,0.0
1768051800000,GB,ALL_FEATURES,34596.0,,0,0,1,0.0
1768053600000,GB,ALL_FEATURES,35028.0,,0,0,1,0.0
1768055400000,GB,ALL_FEATURES,35887.0,,0,0,1,0.0
1768057200000,GB,ALL_FEATURES,36551.0,,0,0,1,0.0
1768059000000,GB,ALL_FEATURES,37370.0,,0,0,1,0.0
1768060800000,GB,ALL_FEATURES,39038.0,,0,0,1,0.0
1768062600000,GB,ALL_FEATURES,40410.0,,0,0,1,0.0
1768064400000,GB,ALL_FEATURES,42219.0,,0,0,1,0.0
1768066200000,GB,ALL_FEATURES,42522.0,,0,0,1,0.0
1768068000000,GB,ALL_FEATURES,41840.0,,0,0,1,0.0
1768069800000,GB,ALL_FEATURES,41272.0,,0,0,1,0.0
1768071600000,GB,ALL_FEATURES,39849.0,,0,0,1,0.0
1768073400000,GB,ALL_FEATURES,39040.0,,0,0,1,0.0
1768075200000,GB,ALL_FEATURES,37684.0,,0,0,1,0.0
1768077000000,GB,ALL_FEATURES,36829.0,,0,0,1,0.0
1768078800000,GB,ALL_FEATURES,35531.0,,0,0,1,0.0
1768080600000,GB,ALL_FEATURES,34027.0,,0,0,1,0.0
1768082400000,GB,ALL_FEATURES,31878.0,,0,0,1,0.0
1768084200000,GB,ALL_FEATURES,29929.0,,0,0,1,0.0
1768086000000,GB,ALL_FEATURES,28144.0,,0,0,1,0.0
1768087800000,GB,ALL_FEATURES,27202.0,,0,0,1,0.0
1768089600000,GB,ALL_FEATURES,27469.0,,0,0,1,0.0
1768091400000,GB,ALL_FEATURES,27876.0,,0,0,1,0.0
1768093200000,GB,ALL_FEATURES,27363.0,,0,0,1,0.0
1768095000000,GB,ALL_FEATURES,26669.0,,0,0,1,0.0
1768096800000,GB,ALL_FEATURES,25544.0,,0,0,1,0.0
1768098600000,GB,ALL_FEATURES,25391.0,,0,0,1,0.0
1768100400000,GB,ALL_FEATURES,24461.0,,0,0,1,0.0
1768102200000,GB,ALL_FEATURES,24013.0,,0,0,1,0.0
1768104000000,GB,ALL_FEATURES,23331.0,,0,0,1,0.0
1768105800000,GB,ALL_FEATURES,23036.0,,0,0,1,0.0
1768107600000,GB,ALL_FEATURES,22510.0,,0,0,1,0.0
1768109400000,GB,ALL_FEATURES,22353.0,,0,0,1,0.0
1768111200000,GB,ALL_FEATURES,22916.0,,0,0,1,0.0
1768113000000,GB,ALL_FEATURES,23353.0,,0,0,1,0.0
1768114800000,GB,ALL_FEATURES,24320.0,,0,0,1,0.0
1768116600000,GB,ALL_FEATURES,24807.0,,0,0,1,0.0
1768118400000,GB,ALL_FEATURES,26996.0,,0,0,1,0.0
1768120200000,GB,ALL_FEATURES,28160.0,,0,0,1,0.0
1768122000000,GB,ALL_FEATURES,30246.0,,0,0,1,0.0
1768123800000,GB,ALL_FEATURES,31455.0,,0,0,1,0.0
1768125600000,GB,ALL_FEATURES,32885.0,,0,0,1,0.0
1768127400000,GB,ALL_FEATURES,33653.0,,0,0,1,0.0
1768129200000,GB,ALL_FEATURES,34756.0,,0,0,1,0.0
1768131000000,GB,ALL_FEATURES,34850.0,,0,0,1,0.0
1768132800000,GB,ALL_FEATURES,35864.0,,0,0,1,0.0
1768134600000,GB,ALL_FEATURES,36215.0,,0,0,1,0.0
1768136400000,GB,ALL_FEATURES,36279.0,,0,0,1,0.0
1768138200000,GB,ALL_FEATURES,36559.0,,0,0,1,0.0
1768140000000,GB,ALL_FEATURES,36420.0,,0,0,1,0.0
1768141800000,GB,ALL_FEATURES,36541.0,,0,0,1,0.0
1768143600000,GB,ALL_FEATURES,36583.0,,0,0,1,0.0
1768145400000,GB,ALL_FEATURES,37174.0,,0,0,1,0.0
1768147200000,GB,ALL_FEATURES,37949.0,,0,0,1,0.0
1768149000000,GB,ALL_FEATURES,38706.0,,0,0,1,0.0
1768150800000,GB,ALL_FEATURES,39763.0,,0,0,1,0.0
1768152600000,GB,ALL_FEATURES,39343.0,,0,0,1,0.0
1768154400000,GB,ALL_FEATURES,38454.0,,0,0,1,0.0
1768156200000,GB,ALL_FEATURES,37622.0,,0,0,1,0.0
1768158000000,GB,ALL_FEATURES,36140.0,,0,0,1,0.0
1768159800000,GB,ALL_FEATURES,34881.0,,0,0,1,0.0
1768161600000,GB,ALL_FEATURES,33524.0,,0,0,1,0.0
1768163400000,GB,ALL_FEATURES,31588.0,,0,0,1,0.0
1768165200000,GB,ALL_FEATURES,30510.0,,0,0,1,0.0
1768167000000,GB,ALL_FEATURES,29030.0,,0,0,1,0.0
1768168800000,GB,ALL_FEATURES,26935.0,,0,0,1,0.0
1768170600000,GB,ALL_FEATURES,25426.0,,0,0,1,0.0
1768172400000,GB,ALL_FEATURES,23581.0,,0,0,1,0.0
1768174200000,GB,ALL_FEATURES,22862.0,,0,0,1,0.0
1768176000000,GB,ALL_FEATURES,22987.0,,0,0,1,0.0
1768177800000,GB,ALL_FEATURES,23948.0,,0,0,1,0.0
1768179600000,GB,ALL_FEATURES,23485.0,,0,0,1,0.0
1768181400000,GB,ALL_FEATURES,23150.0,,0,0,1,0.0
1768183200000,GB,ALL_FEATURES,23512.0,,0,0,1,0.0
1768185000000,GB,ALL_FEATURES,22830.0,,0,0,1,0.0
1768186800000,GB,ALL_FEATURES,21952.0,,0,0,1,0.0
1768188600000,GB,ALL_FEATURES,21637.0,,0,0,1,0.0
1768190400000,GB,ALL_FEATURES,21155.0,,0,0,1,0.0
1768192200000,GB,ALL_FEATURES,21553.0,,0,0,1,0.0
1768194000000,GB,ALL_FEATURES,21831.0,,0,0,1,0.0
1768195800000,GB,ALL_FEATURES,22891.0,,0,0,1,0.0
1768197600000,GB,ALL_FEATURES,25741.0,,0,0,1,0.0
1768199400000,GB,ALL_FEATURES,28270.0,,0,0,1,0.0
1768201200000,GB,ALL_FEATURES,31306.0,,0,0,1,0.0
1768203000000,GB,ALL_FEATURES,33179.0,,0,0,1,0.0
1768204800000,GB,ALL_FEATURES,34932.0,,0,0,1,0.0
1768206600000,GB,ALL_FEATURES,35331.0,,0,0,1,0.0
1768208400000,GB,ALL_FEATURES,36269.0,,0,0,1,0.0
1768210200000,GB,ALL_FEATURES,58294.488022986065,,1,1,1,0.5909199285788459
1768212000000,GB,ALL_FEATURES,37074.0,,0,0,1,0.0
1768213800000,GB,ALL_FEATURES,36847.0,,0,0,1,0.0
1768215600000,GB,ALL_FEATURES,36763.0,,0,0,1,0.0
1768217400000,GB,ALL_FEATURES,36649.0,,0,0,1,0.0
1768219200000,GB,ALL_FEATURES,36790.0,,0,0,1,0.0
1768221000000,GB,ALL_FEATURES,36535.0,,0,0,1,0.0
1768222800000,GB,ALL_FEATURES,36090.0,,0,0,1,0.0
1768224600000,GB,ALL_FEATURES,35929.0,,0,0,1,0.0
1768226400000,GB,ALL_FEATURES,36119.0,,0,0,1,0.0
1768228200000,GB,ALL_FEATURES,35932.0,,0,0,1,0.0
1768230000000,GB,ALL_FEATURES,36186.0,,0,0,1,0.0
1768231800000,GB,ALL_FEATURES,37021.0,,0,0,1,0.0
1768233600000,GB,ALL_FEATURES,38480.0,,0,0,1,0.0
1768235400000,GB,ALL_FEATURES,39669.0,,0,0,1,0.0
1768237200000,GB,ALL_FEATURES,40439.0,,0,0,1,0.0
1768239000000,GB,ALL_FEATURES,40457.0,,0,0,1,0.0
1768240800000,GB,ALL_FEATURES,40669.0,,0,0,1,0.0
1768242600000,GB,ALL_FEATURES,39328.0,,0,0,1,0.0
1768244400000,GB,ALL_FEATURES,38612.0,,0,0,1,0.0
1768246200000,GB,ALL_FEATURES,15205.901609131168,,1,0,0,0.5957704865052724
1768248000000,GB,ALL_FEATURES,36253.0,,0,0,1,0.0
1768249800000,GB,ALL_FEATURES,34593.0,,0,0,1,0.0
1768251600000,GB,ALL_FEATURES,32732.0,,0,0,1,0.0
1768253400000,GB,ALL_FEATURES,31074.0,,0,0,1,0.0
1768255200000,GB,ALL_FEATURES,29430.0,,0,0,1,0.0
1768257000000,GB,ALL_FEATURES,27729.0,,0,0,1,0.0
1768258800000,GB,ALL_FEATURES,26810.0,,0,0,1,0.0
1768260600000,GB,ALL_FEATURES,26330.0,,0,0,1,0.0
1768262400000,GB,ALL_FEATURES,26629.0,,0,0,1,0.0
1768264200000,GB,ALL_FEATURES,26605.0,,0,0,1,0.0
1768266000000,GB,ALL_FEATURES,26512.0,,0,0,1,0.0
1768267800000,GB,ALL_FEATURES,25971.0,,0,0,1,0.0
1768269600000,GB,ALL_FEATURES,25776.0,,0,0,1,0.0
1768271400000,GB,ALL_FEATURES,25150.0,,0,0,1,0.0
1768273200000,GB,ALL_FEATURES,24695.0,,0,0,1,0.0
1768275000000,GB,ALL_FEATURES,24534.0,,0,0,1,0.0
1768276800000,GB,ALL_FEATURES,24120.0,,0,0,1,0.0
1768278600000,GB,ALL_FEATURES,23851.0,,0,0,1,0.0
1768280400000,GB,ALL_FEATURES,23868.0,,0,0,1,0.0
1768282200000,GB,ALL_FEATURES,25337.0,,0,0,1,0.0
1768284000000,GB,ALL_FEATURES,27774.0,,0,0,1,0.0
1768285800000,GB,ALL_FEATURES,30688.0,,0,0,1,0.0
1768287600000,GB,ALL_FEATURES,33573.0,,0,0,1,0.0
1768289400000,GB,ALL_FEATURES,35312.0,,0,0,1,0.0
1768291200000,GB,ALL_FEATURES,36761.0,,0,0,1,0.0
1768293000000,GB,ALL_FEATURES,37225.0,,0,0,1,0.0
1768294800000,GB,ALL_FEATURES,37852.0,,0,0,1,0.0
1768296600000,GB,ALL_FEATURES,38176.0,,0,0,1,0.0
1768298400000,GB,ALL_FEATURES,38197.0,,0,0,1,0.0
1768300200000,GB,ALL_FEATURES,38676.0,,0,0,1,0.0
1768302000000,GB,ALL_FEATURES,38729.0,,0,0,1,0.0
1768303800000,GB,ALL_FEATURES,38651.0,,0,0,1,0.0
1768305600000,GB,ALL_FEATURES,39051.0,,0,0,1,0.0
1768307400000,GB,ALL_FEATURES,39050.0,,0,0,1,0.0
1768309200000,GB,ALL_FEATURES,39197.0,,0,0,1,0.0
1768311000000,GB,ALL_FEATURES,38342.0,,0,0,1,0.0
1768312800000,GB,ALL_FEATURES,38215.0,,0,0,1,0.0
1768314600000,GB,ALL_FEATURES,38143.0,,0,0,1,0.0
1768316400000,GB,ALL_FEATURES,38046.0,,0,0,1,0.0
1768318200000,GB,ALL_FEATURES,38816.0,,0,0,1,0.0
1768320000000,GB,ALL_FEATURES,39977.0,,0,0,1,0.0
1768321800000,GB,ALL_FEATURES,41328.0,,0,0,1,0.0
1768323600000,GB,ALL_FEATURES,42431.0,,0,0,1,0.0
1768325400000,GB,ALL_FEATURES,42586.0,,0,0,1,0.0
1768327200000,GB,ALL_FEATURES,42260.0,,0,0,1,0.0
1768329000000,GB,ALL_FEATURES,41274.0,,0,0,1,0.0
1768330800000,GB,ALL_FEATURES,40897.0,,0,0,1,0.0
1768332600000,GB,ALL_FEATURES,38753.0,,0,0,1,0.0
1768334400000,GB,ALL_FEATURES,37708.0,,0,0,1,0.0
1768336200000,GB,ALL_FEATURES,36093.0,,0,0,1,0.0
1768338000000,GB,ALL_FEATURES,34405.0,,0,0,1,0.0
1768339800000,GB,ALL_FEATURES,32818.0,,0,0,1,0.0
1768341600000,GB,ALL_FEATURES,31172.0,,0,0,1,0.0
1768343400000,GB,ALL_FEATURES,29919.0,,0,0,1,0.0
1768345200000,GB,ALL_FEATURES,28410.0,,0,0,1,0.0
1768347000000,GB,ALL_FEATURES,27605.0,,0,0,1,0.0
1768348800000,GB,ALL_FEATURES,28194.0,,0,0,1,0.0
1768350600000,GB,ALL_FEATURES,28488.0,,0,0,1,0.0
1768352400000,GB,ALL_FEATURES,28145.0,,0,0,1,0.0
1768354200000,GB,ALL_FEATURES,27466.0,,0,0,1,0.0
1768356000000,GB,ALL_FEATURES,27171.0,,0,0,1,0.0
1768357800000,GB,ALL_FEATURES,26804.0,,0,0,1,0.0
1768359600000,GB,ALL_FEATURES,26305.0,,0,0,1,0.0
1768361400000,GB,ALL_FEATURES,25881.0,,0,0,1,0.0
1768363200000,GB,ALL_FEATURES,25461.0,,0,0,1,0.0
1768365000000,GB,ALL_FEATURES,25466.0,,0,0,1,0.0
1768366800000,GB,ALL_FEATURES,25420.0,,0,0,1,0.0
1768368600000,GB,ALL_FEATURES,26333.0,,0,0,1,0.0
1768370400000,GB,ALL_FEATURES,28906.0,,0,0,1,0.0
1768372200000,GB,ALL_FEATURES,33109.0,,0,0,1,0.0
1768374000000,GB,ALL_FEATURES,35839.0,,0,0,1,0.0
1768375800000,GB,ALL_FEATURES,37226.0,,0,0,1,0.0
1768377600000,GB,ALL_FEATURES,39150.0,,0,0,1,0.0
1768379400000,GB,ALL_FEATURES,39531.0,,0,0,1,0.0
1768381200000,GB,ALL_FEATURES,40335.0,,0,0,1,0.0
1768383000000,GB,ALL_FEATURES,39574.0,,0,0,1,0.0
1768384800000,GB,ALL_FEATURES,38636.0,,0,0,1,0.0
1768386600000,GB,ALL_FEATURES,38087.0,,0,0,1,0.0
1768388400000,GB,ALL_FEATURES,37573.0,,0,0,1,0.0
1768390200000,GB,ALL_FEATURES,37159.0,,0,0,1,0.0
1768392000000,GB,ALL_FEATURES,37572.0,,0,0,1,0.0
1768393800000,GB,ALL_FEATURES,37958.0,,0,0,1,0.0
1768395600000,GB,ALL_FEATURES,7654.386863082283,,1,1,1,0.7990183310205519
1768397400000,GB,ALL_FEATURES,38435.0,,0,0,1,0.0
1768399200000,GB,ALL_FEATURES,37989.0,,0,0,1,0.0
1768401000000,GB,ALL_FEATURES,38773.0,,0,0,1,0.0
1768402800000,GB,ALL_FEATURES,38965.0,,0,0,1,0.0
1768404600000,GB,ALL_FEATURES,39617.0,,0,0,1,0.0
1768406400000,GB,ALL_FEATURES,40712.0,,0,0,1,0.0
1768408200000,GB,ALL_FEATURES,42074.0,,0,0,1,0.0
1768410000000,GB,ALL_FEATURES,42098.0,,0,0,1,0.0
1768411800000,GB,ALL_FEATURES,42622.0,,0,0,1,0.0
1768413600000,GB,ALL_FEATURES,41731.0,,0,0,1,0.0
1768415400000,GB,ALL_FEATURES,41017.0,,0,0,1,0.0
1768417200000,GB,ALL_FEATURES,40011.0,,0,0,1,0.0
1768419000000,GB,ALL_FEATURES,38614.0,,0,0,1,0.0
1768420800000,GB,ALL_FEATURES,37011.0,,0,0,1,0.0
1768422600000,GB,ALL_FEATURES,35083.0,,0,0,1,0.0
1768424400000,GB,ALL_FEATURES,34468.0,,0,0,1,0.0
1768426200000,GB,ALL_FEATURES,32306.0,,0,0,1,0.0
1768428000000,GB,ALL_FEATURES,30390.0,,0,0,1,0.0
1768429800000,GB,ALL_FEATURES,28562.0,,0,0,1,0.0
1768431600000,GB,ALL_FEATURES,27164.0,,0,0,1,0.0
1768433400000,GB,ALL_FEATURES,25944.0,,0,0,1,0.0
1768435200000,GB,ALL_FEATURES,26591.0,,0,0,1,0.0
1768437000000,GB,ALL_FEATURES,27056.0,,0,0,1,0.0
1768438800000,GB,ALL_FEATURES,27053.0,,0,0,1,0.0
1768440600000,GB,ALL_FEATURES,26402.0,,0,0,1,0.0
1768442400000,GB,ALL_FEATURES,26068.0,,0,0,1,0.0
1768444200000,GB,ALL_FEATURES,25606.0,,0,0,1,0.0
1768446000000,GB,ALL_FEATURES,25110.0,,0,0,1,0.0
1768447800000,GB,ALL_FEATURES,24733.0,,0,0,1,0.0
1768449600000,GB,ALL_FEATURES,24501.0,,0,0,1,0.0
1768451400000,GB,ALL_FEATURES,24280.0,,0,0,1,0.0
1768453200000,GB,ALL_FEATURES,24482.0,,0,0,1,0.0
1768455000000,GB,ALL_FEATURES,25495.0,,0,0,1,0.0
1768456800000,GB,ALL_FEATURES,28274.0,,0,0,1,0.0
1768458600000,GB,ALL_FEATURES,31090.0,,0,0,1,0.0
1768460400000,GB,ALL_FEATURES,34204.0,,0,0,1,0.0
1768462200000,GB,ALL_FEATURES,35786.0,,0,0,1,0.0
1768464000000,GB,ALL_FEATURES,37148.0,,0,0,1,0.0
1768465800000,GB,ALL_FEATURES,37516.0,,0,0,1,0.0
1768467600000,GB,ALL_FEATURES,38814.0,,0,0,1,0.0
1768469400000,GB,ALL_FEATURES,38955.0,,0,0,1,0.0
1768471200000,GB,ALL_FEATURES,39143.0,,0,0,1,0.0
1768473000000,GB,ALL_FEATURES,39261.0,,0,0,1,0.0
1768474800000,GB,ALL_FEATURES,38977.0,,0,0,1,0.0
1768476600000,GB,ALL_FEATURES,39129.0,,0,0,1,0.0
1768478400000,GB,ALL_FEATURES,39546.0,,0,0,1,0.0
1768480200000,GB,ALL_FEATURES,39810.0,,0,0,1,0.0
1768482000000,GB,ALL_FEATURES,39677.0,,0,0,1,0.0
1768483800000,GB,ALL_FEATURES,39738.0,,0,0,1,0.0
1768485600000,GB,ALL_FEATURES,39395.0,,0,0,1,0.0
1768487400000,GB,ALL_FEATURES,39106.0,,0,0,1,0.0
1768489200000,GB,ALL_FEATURES,39022.0,,0,0,1,0.0
1768491000000,GB,ALL_FEATURES,39728.0,,0,0,1,0.0
1768492800000,GB,ALL_FEATURES,41151.0,,0,0,1,0.0
1768494600000,GB,ALL_FEATURES,42193.0,,0,0,1,0.0
1768496400000,GB,ALL_FEATURES,42765.0,,0,0,1,0.0
1768498200000,GB,ALL_FEATURES,42838.0,,0,0,1,0.0
1768500000000,GB,ALL_FEATURES,42616.0,,0,0,1,0.0
1768501800000,GB,ALL_FEATURES,42112.0,,0,0,1,0.0
1768503600000,GB,ALL_FEATURES,41158.0,,0,0,1,0.0
1768505400000,GB,ALL_FEATURES,39648.0,,0,0,1,0.0
1768507200000,GB,ALL_FEATURES,38242.0,,0,0,1,0.0
1768509000000,GB,ALL_FEATURES,36815.0,,0,0,1,0.0
1768510800000,GB,ALL_FEATURES,35172.0,,0,0,1,0.0
1768512600000,GB,ALL_FEATURES,33686.0,,0,0,1,0.0
1768514400000,GB,ALL_FEATURES,32247.0,,0,0,1,0.0
1768516200000,GB,ALL_FEATURES,30302.0,,0,0,1,0.0
1768518000000,GB,ALL_FEATURES,28856.0,,0,0,1,0.0
1768519800000,GB,ALL_FEATURES,27751.0,,0,0,1,0.0
1768521600000,GB,ALL_FEATURES,28465.0,,0,0,1,0.0
1768523400000,GB,ALL_FEATURES,28932.0,,0,0,1,0.0
1768525200000,GB,ALL_FEATURES,28642.0,,0,0,1,0.0
1768527000000,GB,ALL_FEATURES,27733.0,,0,0,1,0.0
1768528800000,GB,ALL_FEATURES,27626.0,,0,0,1,0.0
1768530600000,GB,ALL_FEATURES,27185.0,,0,0,1,0.0
1768532400000,GB,ALL_FEATURES,26840.0,,0,0,1,0.0
1768534200000,GB,ALL_FEATURES,26197.0,,0,0,1,0.0
1768536000000,GB,ALL_FEATURES,25946.0,,0,0,1,0.0
1768537800000,GB,ALL_FEATURES,25828.0,,0,0,1,0.0
1768539600000,GB,ALL_FEATURES,25846.0,,0,0,1,0.0
1768541400000,GB,ALL_FEATURES,26524.0,,0,0,1,0.0
1768543200000,GB,ALL_FEATURES,28989.0,,0,0,1,0.0
1768545000000,GB,ALL_FEATURES,31857.0,,0,0,1,0.0
1768546800000,GB,ALL_FEATURES,52322.53989712433,,1,1,1,0.5016226580508647
1768548600000,GB,ALL_FEATURES,36232.0,,0,0,1,0.0
1768550400000,GB,ALL_FEATURES,37858.0,,0,0,1,0.0
1768552200000,GB,ALL_FEATURES,37940.0,,0,0,1,0.0
1768554000000,GB,ALL_FEATURES,38527.0,,0,0,1,0.0
1768555800000,GB,ALL_FEATURES,38609.0,,0,0,1,0.0
1768557600000,GB,ALL_FEATURES,38255.0,,0,0,1,0.0
1768559400000,GB,ALL_FEATURES,37550.0,,0,0,1,0.0
1768561200000,GB,ALL_FEATURES,36529.0,,0,0,1,0.0
1768563000000,GB,ALL_FEATURES,36023.0,,0,0,1,0.0
1768564800000,GB,ALL_FEATURES,35930.0,,0,0,1,0.0
1768566600000,GB,ALL_FEATURES,35708.0,,0,0,1,0.0
1768568400000,GB,ALL_FEATURES,35363.0,,0,0,1,0.0
1768570200000,GB,ALL_FEATURES,35371.0,,0,0,1,0.0
1768572000000,GB,ALL_FEATURES,35498.0,,0,0,1,0.0
1768573800000,GB,ALL_FEATURES,35676.0,,0,0,1,0.0
1768575600000,GB,ALL_FEATURES,36248.0,,0,0,1,0.0
1768577400000,GB,ALL_FEATURES,37002.0,,0,0,1,0.0
1768579200000,GB,ALL_FEATURES,38343.0,,0,0,1,0.0
1768581000000,GB,ALL_FEATURES,39449.0,,0,0,1,0.0
1768582800000,GB,ALL_FEATURES,40407.0,,0,0,1,0.0
1768584600000,GB,ALL_FEATURES,40597.0,,0,0,1,0.0
1768586400000,GB,ALL_FEATURES,40377.0,,0,0,1,0.0
1768588200000,GB,ALL_FEATURES,39906.0,,0,0,1,0.0
1768590000000,GB,ALL_FEATURES,38514.0,,0,0,1,0.0
1768591800000,GB,ALL_FEATURES,37436.0,,0,0,1,0.0
1768593600000,GB,ALL_FEATURES,36386.0,,0,0,1,0.0
1768595400000,GB,ALL_FEATURES,68379.31358426959,,1,1,1,0.9821814530037276
1768597200000,GB,ALL_FEATURES,33072.0,,0,0,1,0.0
1768599000000,GB,ALL_FEATURES,31454.0,,0,0,1,0.0
1768600800000,GB,ALL_FEATURES,30341.0,,0,0,1,0.0
1768602600000,GB,ALL_FEATURES,29467.0,,0,0,1,0.0
1768604400000,GB,ALL_FEATURES,28042.0,,0,0,1,0.0
1768606200000,GB,ALL_FEATURES,26626.0,,0,0,1,0.0
1768608000000,GB,ALL_FEATURES,26836.0,,0,0,1,0.0
1768609800000,GB,ALL_FEATURES,27635.0,,0,0,1,0.0
1768611600000,GB,ALL_FEATURES,27220.0,,0,0,1,0.0
1768613400000,GB,ALL_FEATURES,26426.0,,0,0,1,0.0
1768615200000,GB,ALL_FEATURES,25986.0,,0,0,1,0.0
1768617000000,GB,ALL_FEATURES,25377.0,,0,0,1,0.0
1768618800000,GB,ALL_FEATURES,24473.0,,0,0,1,0.0
1768620600000,GB,ALL_FEATURES,24159.0,,0,0,1,0.0
1768622400000,GB,ALL_FEATURES,23959.0,,1,0,0,0.5605020979341329
1768624200000,GB,ALL_FEATURES,23673.0,,0,0,1,0.0
1768626000000,GB,ALL_FEATURES,24026.0,,0,0,1,0.0
1768627800000,GB,ALL_FEATURES,23726.0,,0,0,1,0.0
1768629600000,GB,ALL_FEATURES,24673.0,,0,0,1,0.0
1768631400000,GB,ALL_FEATURES,25838.0,,0,0,1,0.0
1768633200000,GB,ALL_FEATURES,26852.0,,0,0,1,0.0
1768635000000,GB,ALL_FEATURES,28202.0,,0,0,1,0.0
1768636800000,GB,ALL_FEATURES,29747.0,,0,0,1,0.0
1768638600000,GB,ALL_FEATURES,30581.0,,0,0,1,0.0
1768640400000,GB,ALL_FEATURES,32298.0,,0,0,1,0.0
1768642200000,GB,ALL_FEATURES,32387.0,,0,0,1,0.0
1768644000000,GB,ALL_FEATURES,32588.0,,0,0,1,0.0
1768645800000,GB,ALL_FEATURES,32573.0,,0,0,1,0.0
1768647600000,GB,ALL_FEATURES,32662.0,,0,0,1,0.0
1768649400000,GB,ALL_FEATURES,32703.0,,0,0,1,0.0
1768651200000,GB,ALL_FEATURES,32659.0,,0,0,1,0.0
1768653000000,GB,ALL_FEATURES,32544.0,,0,0,1,0.0
1768654800000,GB,ALL_FEATURES,32393.0,,0,0,1,0.0
1768656600000,GB,ALL_FEATURES,32405.0,,0,0,1,0.0
1768658400000,GB,ALL_FEATURES,32158.0,,0,0,1,0.0
1768660200000,GB,ALL_FEATURES,32552.0,,0,0,1,0.0
1768662000000,GB,ALL_FEATURES,33259.0,,0,0,1,0.0
1768663800000,GB,ALL_FEATURES,34125.0,,0,0,1,0.0
1768665600000,GB,ALL_FEATURES,35234.0,,0,0,1,0.0
1768667400000,GB,ALL_FEATURES,36059.0,,0,0,1,0.0
1768669200000,GB,ALL_FEATURES,37961.0,,0,0,1,0.0
1768671000000,GB,ALL_FEATURES,38047.0,,0,0,1,0.0
1768672800000,GB,ALL_FEATURES,37877.0,,0,0,1,0.0
1768674600000,GB,ALL_FEATURES,37185.0,,0,0,1,0.0
1768676400000,GB,ALL_FEATURES,36016.0,,0,0,1,0.0
1768678200000,GB,ALL_FEATURES,35058.0,,0,0,1,0.0
1768680000000,GB,ALL_FEATURES,34570.0,,0,0,1,0.0
1768681800000,GB,ALL_FEATURES,33593.0,,0,0,1,0.0
1768683600000,GB,ALL_FEATURES,32266.0,,0,0,1,0.0
1768685400000,GB,ALL_FEATURES,31263.0,,0,0,1,0.0
1768687200000,GB,ALL_FEATURES,29970.0,,0,0,1,0.0
1768689000000,GB,ALL_FEATURES,28574.0,,0,0,1,0.0
1768690800000,GB,ALL_FEATURES,26995.0,,0,0,1,0.0
1768692600000,GB,ALL_FEATURES,26327.0,,0,0,1,0.0
1768694400000,GB,ALL_FEATURES,26395.0,,0,0,1,0.0
1768696200000,GB,ALL_FEATURES,27049.0,,0,0,1,0.0
1768698000000,GB,ALL_FEATURES,26581.0,,0,0,1,0.0
1768699800000,GB,ALL_FEATURES,25900.0,,0,0,1,0.0
1768701600000,GB,ALL_FEATURES,25425.0,,0,0,1,0.0
1768703400000,GB,ALL_FEATURES,25110.0,,0,0,1,0.0
1768705200000,GB,ALL_FEATURES,24377.0,,0,0,1,0.0
1768707000000,GB,ALL_FEATURES,24318.0,,0,0,1,0.0
1768708800000,GB,ALL_FEATURES,24200.0,,0,0,1,0.0
1768710600000,GB,ALL_FEATURES,23700.0,,0,0,1,0.0
1768712400000,GB,ALL_FEATURES,23187.0,,0,0,1,0.0
1768714200000,GB,ALL_FEATURES,22849.0,,0,0,1,0.0
1768716000000,GB,ALL_FEATURES,23258.0,,0,0,1,0.0
1768717800000,GB,ALL_FEATURES,23986.0,,0,0,1,0.0
1768719600000,GB,ALL_FEATURES,24762.0,,0,0,1,0.0
1768721400000,GB,ALL_FEATURES,25995.0,,0,0,1,0.0
1768723200000,GB,ALL_FEATURES,27834.0,,0,0,1,0.0
1768725000000,GB,ALL_FEATURES,29009.0,,0,0,1,0.0
1768726800000,GB,ALL_FEATURES,30634.0,,0,0,1,0.0
1768728600000,GB,ALL_FEATURES,31897.0,,0,0,1,0.0
1768730400000,GB,ALL_FEATURES,33107.0,,0,0,1,0.0
1768732200000,GB,ALL_FEATURES,33493.0,,1,1,1,0.8348629873849146
1768734000000,GB,ALL_FEATURES,34445.0,,0,0,1,0.0
1768735800000,GB,ALL_FEATURES,34834.0,,0,0,1,0.0
1768737600000,GB,ALL_FEATURES,35415.0,,0,0,1,0.0
1768739400000,GB,ALL_FEATURES,35701.0,,0,0,1,0.0
1768741200000,GB,ALL_FEATURES,35787.0,,0,0,1,0.0
1768743000000,GB,ALL_FEATURES,35717.0,,0,0,1,0.0
1768744800000,GB,ALL_FEATURES,35522.0,,0,0,1,0.0
1768746600000,GB,ALL_FEATURES,2164.3827278583612,,1,1,1,0.9396351212422713
1768748400000,GB,ALL_FEATURES,36414.0,,0,0,1,0.0
1768750200000,GB,ALL_FEATURES,36905.0,,0,0,1,0.0
1768752000000,GB,ALL_FEATURES,37281.0,,0,0,1,0.0
1768753800000,GB,ALL_FEATURES,38728.0,,0,0,1,0.0
1768755600000,GB,ALL_FEATURES,39883.0,,0,0,1,0.0
1768757400000,GB,ALL_FEATURES,39669.0,,0,0,1,0.0
1768759200000,GB,ALL_FEATURES,39414.0,,0,0,1,0.0
1768761000000,GB,ALL_FEATURES,38612.0,,0,0,1,0.0
1768762800000,GB,ALL_FEATURES,37376.0,,0,0,1,0.0
1768764600000,GB,ALL_FEATURES,36574.0,,0,0,1,0.0
1768766400000,GB,ALL_FEATURES,35218.0,,0,0,1,0.0
1768768200000,GB,ALL_FEATURES,34319.0,,0,0,1,0.0
1768770000000,GB,ALL_FEATURES,32865.0,,0,0,1,0.0
1768771800000,GB,ALL_FEATURES,31001.0,,0,0,1,0.0
1768773600000,GB,ALL_FEATURES,29606.0,,0,0,1,0.0
1768775400000,GB,ALL_FEATURES,28432.0,,0,0,1,0.0
1768777200000,GB,ALL_FEATURES,26991.0,,0,0,1,0.0
1768779000000,GB,ALL_FEATURES,26204.0,,0,0,1,0.0
1768780800000,GB,ALL_FEATURES,26526.0,,0,0,1,0.0
1768782600000,GB,ALL_FEATURES,27282.0,,0,0,1,0.0
1768784400000,GB,ALL_FEATURES,26828.0,,0,0,1,0.0
1768786200000,GB,ALL_FEATURES,26024.0,,0,0,1,0.0
1768788000000,GB,ALL_FEATURES,26105.0,,0,0,1,0.0
1768789800000,GB,ALL_FEATURES,25381.0,,0,0,1,0.0
1768791600000,GB,ALL_FEATURES,24822.0,,0,0,1,0.0
1768793400000,GB,ALL_FEATURES,24392.0,,0,0,1,0.0
1768795200000,GB,ALL_FEATURES,24009.0,,0,0,1,0.0
1768797000000,GB,ALL_FEATURES,24121.0,,0,0,1,0.0
1768798800000,GB,ALL_FEATURES,24381.0,,0,0,1,0.0
1768800600000,GB,ALL_FEATURES,25408.0,,0,0,1,0.0
1768802400000,GB,ALL_FEATURES,27672.0,,0,0,1,0.0
1768804200000,GB,ALL_FEATURES,30241.0,,0,0,1,0.0
1768806000000,GB,ALL_FEATURES,33426.0,,0,0,1,0.0
1768807800000,GB,ALL_FEATURES,34845.0,,0,0,1,0.0
1768809600000,GB,ALL_FEATURES,36798.0,,0,0,1,0.0
1768811400000,GB,ALL_FEATURES,37451.0,,0,0,1,0.0
1768813200000,GB,ALL_FEATURES,39011.0,,0,0,1,0.0
1768815000000,GB,ALL_FEATURES,38904.0,,0,0,1,0.0
1768816800000,GB,ALL_FEATURES,39161.0,,0,0,1,0.0
1768818600000,GB,ALL_FEATURES,39353.0,,0,0,1,0.0
1768820400000,GB,ALL_FEATURES,39281.0,,0,0,1,0.0
1768822200000,GB,ALL_FEATURES,39089.0,,0,0,1,0.0
1768824000000,GB,ALL_FEATURES,38951.0,,0,0,1,0.0
1768825800000,GB,ALL_FEATURES,38927.0,,0,0,1,0.0
1768827600000,GB,ALL_FEATURES,38676.0,,0,0,1,0.0
1768829400000,GB,ALL_FEATURES,38385.0,,0,0,1,0.0
1768831200000,GB,ALL_FEATURES,38176.0,,0,0,1,0.0
1768833000000,GB,ALL_FEATURES,37671.0,,0,0,1,0.0
1768834800000,GB,ALL_FEATURES,37726.0,,0,0,1,0.0
1768836600000,GB,ALL_FEATURES,38751.0,,0,0,1,0.0
1768838400000,GB,ALL_FEATURES,39507.0,,0,0,1,0.0
1768840200000,GB,ALL_FEATURES,40764.0,,0,0,1,0.0
1768842000000,GB,ALL_FEATURES,41946.0,,0,0,1,0.0
1768843800000,GB,ALL_FEATURES,41870.0,,0,0,1,0.0
1768845600000,GB,ALL_FEATURES,41438.0,,0,0,1,0.0
1768847400000,GB,ALL_FEATURES,40918.0,,0,0,1,0.0
1768849200000,GB,ALL_FEATURES,39880.0,,0,0,1,0.0
1768851000000,GB,ALL_FEATURES,38640.0,,0,0,1,0.0
1768852800000,GB,ALL_FEATURES,37735.0,,1,1,1,0.6912708612984672
1768854600000,GB,ALL_FEATURES,35785.0,,0,0,1,0.0
1768856400000,GB,ALL_FEATURES,33807.0,,0,0,1,0.0
1768858200000,GB,ALL_FEATURES,32538.0,,0,0,1,0.0
1768860000000,GB,ALL_FEATURES,30912.0,,0,0,1,0.0
1768861800000,GB,ALL_FEATURES,29031.0,,0,0,1,0.0
1768863600000,GB,ALL_FEATURES,27153.0,,0,0,1,0.0
1768865400000,GB,ALL_FEATURES,26375.0,,0,0,1,0.0
1768867200000,GB,ALL_FEATURES,26413.0,,0,0,1,0.0
1768869000000,GB,ALL_FEATURES,27228.0,,0,0,1,0.0
1768870800000,GB,ALL_FEATURES,26785.0,,0,0,1,0.0
1768872600000,GB,ALL_FEATURES,26030.0,,0,0,1,0.0
1768874400000,GB,ALL_FEATURES,25309.0,,0,0,1,0.0
1768876200000,GB,ALL_FEATURES,25039.0,,0,0,1,0.0
1768878000000,GB,ALL_FEATURES,24195.0,,0,0,1,0.0
1768879800000,GB,ALL_FEATURES,23781.0,,0,0,1,0.0
1768881600000,GB,ALL_FEATURES,23521.0,,0,0,1,0.0
1768883400000,GB,ALL_FEATURES,23421.0,,0,0,1,0.0
1768885200000,GB,ALL_FEATURES,23599.0,,0,0,1,0.0
1768887000000,GB,ALL_FEATURES,24308.0,,0,0,1,0.0
1768888800000,GB,ALL_FEATURES,26591.0,,0,0,1,0.0
1768890600000,GB,ALL_FEATURES,29578.0,,0,0,1,0.0
1768892400000,GB,ALL_FEATURES,32572.0,,0,0,1,0.0
1768894200000,GB,ALL_FEATURES,33991.0,,0,0,1,0.0
1768896000000,GB,ALL_FEATURES,34777.0,,0,0,1,0.0
1768897800000,GB,ALL_FEATURES,35206.0,,0,0,1,0.0
1768899600000,GB,ALL_FEATURES,35784.0,,0,0,1,0.0
1768901400000,GB,ALL_FEATURES,35241.0,,0,0,1,0.0
1768903200000,GB,ALL_FEATURES,34946.0,,0,0,1,0.0
1768905000000,GB,ALL_FEATURES,34213.0,,0,0,1,0.0
1768906800000,GB,ALL_FEATURES,34080.0,,0,0,1,0.0
1768908600000,GB,ALL_FEATURES,33506.0,,0,0,1,0.0
1768910400000,GB,ALL_FEATURES,33756.0,,0,0,1,0.0
1768912200000,GB,ALL_FEATURES,33646.0,,0,0,1,0.0
1768914000000,GB,ALL_FEATURES,33559.0,,0,0,1,0.0
1768915800000,GB,ALL_FEATURES,33697.0,,0,0,1,0.0
1768917600000,GB,ALL_FEATURES,33953.0,,0,0,1,0.0
1768919400000,GB,ALL_FEATURES,34325.0,,0,0,1,0.0
1768921200000,GB,ALL_FEATURES,34686.0,,0,0,1,0.0
1768923000000,GB,ALL_FEATURES,35860.0,,0,0,1,0.0
1768924800000,GB,ALL_FEATURES,36567.0,,0,0,1,0.0
1768926600000,GB,ALL_FEATURES,37936.0,,0,0,1,0.0
1768928400000,GB,ALL_FEATURES,38854.0,,0,0,1,0.0
1768930200000,GB,ALL_FEATURES,39311.0,,0,0,1,0.0
1768932000000,GB,ALL_FEATURES,38995.0,,0,0,1,0.0
1768933800000,GB,ALL_FEATURES,38207.0,,0,0,1,0.0
1768935600000,GB,ALL_FEATURES,37458.0,,0,0,1,0.0
1768937400000,GB,ALL_FEATURES,36428.0,,1,1,1,0.8591729577494943
1768939200000,GB,ALL_FEATURES,35546.0,,0,0,1,0.0
1768941000000,GB,ALL_FEATURES,34203.0,,0,0,1,0.0
1768942800000,GB,ALL_FEATURES,32473.0,,0,0,1,0.0
1768944600000,GB,ALL_FEATURES,30770.0,,0,0,1,0.0
1768946400000,GB,ALL_FEATURES,28917.0,,0,0,1,0.0
1768948200000,GB,ALL_FEATURES,27532.0,,0,0,1,0.0
1768950000000,GB,ALL_FEATURES,26040.0,,0,0,1,0.0
1768951800000,GB,ALL_FEATURES,46912.216938402395,,1,0,0,0.8758883932502557
1768953600000,GB,ALL_FEATURES,25243.0,,0,0,1,0.0
1768955400000,GB,ALL_FEATURES,25682.0,,0,0,1,0.0
1768957200000,GB,ALL_FEATURES,25416.0,,0,0,1,0.0
1768959000000,GB,ALL_FEATURES,24879.0,,0,0,1,0.0
1768960800000,GB,ALL_FEATURES,24680.0,,0,0,1,0.0
1768962600000,GB,ALL_FEATURES,24279.0,,0,0,1,0.0
1768964400000,GB,ALL_FEATURES,23642.0,,0,0,1,0.0
1768966200000,GB,ALL_FEATURES,23490.0,,0,0,1,0.0
1768968000000,GB,ALL_FEATURES,23238.0,,0,0,1,0.0
1768969800000,GB,ALL_FEATURES,23427.0,,0,0,1,0.0
1768971600000,GB,ALL_FEATURES,23887.0,,0,0,1,0.0
1768973400000,GB,ALL_FEATURES,24863.0,,0,0,1,0.0
1768975200000,GB,ALL_FEATURES,27545.0,,0,0,1,0.0
1768977000000,GB,ALL_FEATURES,30025.0,,0,0,1,0.0
1768978800000,GB,ALL_FEATURES,32744.0,,0,0,1,0.0
1768980600000,GB,ALL_FEATURES,34461.0,,0,0,1,0.0
1768982400000,GB,ALL_FEATURES,35918.0,,0,0,1,0.0
1768984200000,GB,ALL_FEATURES,36343.0,,0,0,1,0.0
1768986000000,GB,ALL_FEATURES,38047.0,,0,0,1,0.0
1768987800000,GB,ALL_FEATURES,38138.0,,0,0,1,0.0
1768989600000,GB,ALL_FEATURES,38182.0,,0,0,1,0.0
1768991400000,GB,ALL_FEATURES,38379.0,,0,0,1,0.0
1768993200000,GB,ALL_FEATURES,38107.0,,0,0,1,0.0
1768995000000,GB,ALL_FEATURES,37862.0,,0,0,1,0.0
1768996800000,GB,ALL_FEATURES,37921.0,,1,1,1,0.7441147387751252
1768998600000,GB,ALL_FEATURES,37701.0,,0,0,1,0.0
1769000400000,GB,ALL_FEATURES,37872.0,,0,0,1,0.0
1769002200000,GB,ALL_FEATURES,37342.0,,0,0,1,0.0
1769004000000,GB,ALL_FEATURES,36566.0,,0,0,1,0.0
1769005800000,GB,ALL_FEATURES,36129.0,,0,0,1,0.0
1769007600000,GB,ALL_FEATURES,36323.0,,0,0,1,0.0
1769009400000,GB,ALL_FEATURES,37029.0,,0,0,1,0.0
1769011200000,GB,ALL_FEATURES,37665.0,,0,0,1,0.0
1769013000000,GB,ALL_FEATURES,38900.0,,0,0,1,0.0
1769014800000,GB,ALL_FEATURES,40025.0,,0,0,1,0.0
1769016600000,GB,ALL_FEATURES,39946.0,,0,0,1,0.0
1769018400000,GB,ALL_FEATURES,39668.0,,0,0,1,0.0
1769020200000,GB,ALL_FEATURES,38971.0,,0,0,1,0.0
1769022000000,GB,ALL_FEATURES,38135.0,,0,0,1,0.0
1769023800000,GB,ALL_FEATURES,37023.0,,0,0,1,0.0
1769025600000,GB,ALL_FEATURES,35563.0,,0,0,1,0.0
1769027400000,GB,ALL_FEATURES,34478.0,,0,0,1,0.0
1769029200000,GB,ALL_FEATURES,32696.0,,0,0,1,0.0
1769031000000,GB,ALL_FEATURES,31357.0,,0,0,1,0.0
1769032800000,GB,ALL_FEATURES,29041.0,,0,0,1,0.0
1769034600000,GB,ALL_FEATURES,27633.0,,0,0,1,0.0
1769036400000,GB,ALL_FEATURES,25810.0,,0,0,1,0.0
1769038200000,GB,ALL_FEATURES,24775.0,,0,0,1,0.0
1769040000000,GB,ALL_FEATURES,25207.0,,0,0,1,0.0
1769041800000,GB,ALL_FEATURES,25620.0,,0,0,1,0.0
1769043600000,GB,ALL_FEATURES,25350.0,,0,0,1,0.0
1769045400000,GB,ALL_FEATURES,24743.0,,0,0,1,0.0
1769047200000,GB,ALL_FEATURES,24411.0,,0,0,1,0.0
1769049000000,GB,ALL_FEATURES,24020.0,,0,0,1,0.0
1769050800000,GB,ALL_FEATURES,23581.0,,0,0,1,0.0
1769052600000,GB,ALL_FEATURES,23064.0,,0,0,1,0.0
1769054400000,GB,ALL_FEATURES,22982.0,,0,0,1,0.0
1769056200000,GB,ALL_FEATURES,22813.0,,0,0,1,0.0
1769058000000,GB,ALL_FEATURES,23469.0,,0,0,1,0.0
1769059800000,GB,ALL_FEATURES,4583.731877024559,,1,1,1,0.8106678282930789
1769061600000,GB,ALL_FEATURES,26780.0,,0,0,1,0.0
1769063400000,GB,ALL_FEATURES,28753.0,,0,0,1,0.0
1769065200000,GB,ALL_FEATURES,31856.0,,0,0,1,0.0
1769067000000,GB,ALL_FEATURES,33544.0,,0,0,1,0.0
1769068800000,GB,ALL_FEATURES,34689.0,,0,0,1,0.0
1769070600000,GB,ALL_FEATURES,35277.0,,0,0,1,0.0
1769072400000,GB,ALL_FEATURES,36834.0,,0,0,1,0.0
1769074200000,GB,ALL_FEATURES,36973.0,,0,0,1,0.0
1769076000000,GB,ALL_FEATURES,36636.0,,0,0,1,0.0
1769077800000,GB,ALL_FEATURES,66112.90571161713,,1,1,1,0.7878983642062071
1769079600000,GB,ALL_FEATURES,37310.0,,0,0,1,0.0
1769081400000,GB,ALL_FEATURES,17158.2834046933,,1,0,0,0.53799823892153
1769083200000,GB,ALL_FEATURES,37548.0,,0,0,1,0.0
1769085000000,GB,ALL_FEATURES,37426.0,,0,0,1,0.0
1769086800000,GB,ALL_FEATURES,37336.0,,0,0,1,0.0
1769088600000,GB,ALL_FEATURES,37348.0,,0,0,1,0.0
1769090400000,GB,ALL_FEATURES,37002.0,,0,0,1,0.0
1769092200000,GB,ALL_FEATURES,36781.0,,0,0,1,0.0
1769094000000,GB,ALL_FEATURES,36886.0,,0,0,1,0.0
1769095800000,GB,ALL_FEATURES,37940.0,,0,0,1,0.0
1769097600000,GB,ALL_FEATURES,38645.0,,0,0,1,0.0
1769099400000,GB,ALL_FEATURES,39515.0,,0,0,1,0.0
1769101200000,GB,ALL_FEATURES,40274.0,,0,0,1,0.0
1769103000000,GB,ALL_FEATURES,40084.0,,0,0,1,0.0
1769104800000,GB,ALL_FEATURES,39897.0,,0,0,1,0.0
1769106600000,GB,ALL_FEATURES,39136.0,,0,0,1,0.0
1769108400000,GB,ALL_FEATURES,38228.0,,0,0,1,0.0
1769110200000,GB,ALL_FEATURES,37211.0,,0,0,1,0.0
1769112000000,GB,ALL_FEATURES,36299.0,,0,0,1,0.0
1769113800000,GB,ALL_FEATURES,34550.0,,0,0,1,0.0
1769115600000,GB,ALL_FEATURES,32993.0,,0,0,1,0.0
1769117400000,GB,ALL_FEATURES,31436.0,,0,0,1,0.0
1769119200000,GB,ALL_FEATURES,29463.0,,0,0,1,0.0
1769121000000,GB,ALL_FEATURES,28169.0,,0,0,1,0.0
1769122800000,GB,ALL_FEATURES,26711.0,,0,0,1,0.0
1769124600000,GB,ALL_FEATURES,25566.0,,0,0,1,0.0
1769126400000,GB,ALL_FEATURES,25977.0,,0,0,1,0.0
1769128200000,GB,ALL_FEATURES,26418.0,,0,0,1,0.0
1769130000000,GB,ALL_FEATURES,26005.0,,0,0,1,0.0
1769131800000,GB,ALL_FEATURES,25434.0,,0,0,1,0.0
1769133600000,GB,ALL_FEATURES,25060.0,,0,0,1,0.0
1769135400000,GB,ALL_FEATURES,24507.0,,0,0,1,0.0
1769137200000,GB,ALL_FEATURES,24192.0,,0,0,1,0.0
1769139000000,GB,ALL_FEATURES,23556.0,,0,0,1,0.0
1769140800000,GB,ALL_FEATURES,23351.0,,0,0,1,0.0
1769142600000,GB,ALL_FEATURES,23201.0,,0,0,1,0.0
1769144400000,GB,ALL_FEATURES,23406.0,,0,0,1,0.0
1769146200000,GB,ALL_FEATURES,24162.0,,0,0,1,0.0
1769148000000,GB,ALL_FEATURES,26418.0,,0,0,1,0.0
1769149800000,GB,ALL_FEATURES,28566.0,,0,0,1,0.0
1769151600000,GB,ALL_FEATURES,31077.0,,0,0,1,0.0
1769153400000,GB,ALL_FEATURES,32889.0,,0,0,1,0.0
1769155200000,GB,ALL_FEATURES,34418.0,,0,0,1,0.0
1769157000000,GB,ALL_FEATURES,35043.0,,0,0,1,0.0
1769158800000,GB,ALL_FEATURES,35870.0,,0,0,1,0.0
1769160600000,GB,ALL_FEATURES,35917.0,,0,0,1,0.0
1769162400000,GB,ALL_FEATURES,35789.0,,0,0,1,0.0
1769164200000,GB,ALL_FEATURES,35885.0,,0,0,1,0.0
1769166000000,GB,ALL_FEATURES,35556.0,,0,0,1,0.0
1769167800000,GB,ALL_FEATURES,35352.0,,0,0,1,0.0
1769169600000,GB,ALL_FEATURES,35712.0,,0,0,1,0.0
1769171400000,GB,ALL_FEATURES,35766.0,,0,0,1,0.0
1769173200000,GB,ALL_FEATURES,35555.0,,0,0,1,0.0
1769175000000,GB,ALL_FEATURES,35375.0,,0,0,1,0.0
1769176800000,GB,ALL_FEATURES,35199.0,,0,0,1,0.0
1769178600000,GB,ALL_FEATURES,35207.0,,0,0,1,0.0
1769180400000,GB,ALL_FEATURES,35356.0,,0,0,1,0.0
1769182200000,GB,ALL_FEATURES,35937.0,,0,0,1,0.0
1769184000000,GB,ALL_FEATURES,36579.0,,0,0,1,0.0
1769185800000,GB,ALL_FEATURES,37719.0,,0,0,1,0.0
1769187600000,GB,ALL_FEATURES,38835.0,,0,0,1,0.0
1769189400000,GB,ALL_FEATURES,38859.0,,0,0,1,0.0
1769191200000,GB,ALL_FEATURES,38400.0,,0,0,1,0.0
1769193000000,GB,ALL_FEATURES,37727.0,,0,0,1,0.0
1769194800000,GB,ALL_FEATURES,36822.0,,0,0,1,0.0
1769196600000,GB,ALL_FEATURES,35899.0,,0,0,1,0.0
1769198400000,GB,ALL_FEATURES,34634.0,,0,0,1,0.0
1769200200000,GB,ALL_FEATURES,33267.0,,0,0,1,0.0
1769202000000,GB,ALL_FEATURES,31695.0,,0,0,1,0.0
1769203800000,GB,ALL_FEATURES,30371.0,,0,0,1,0.0
1769205600000,GB,ALL_FEATURES,28454.0,,0,0,1,0.0
1769207400000,GB,ALL_FEATURES,27559.0,,0,0,1,0.0
1769209200000,GB,ALL_FEATURES,25849.0,,0,0,1,0.0
1769211000000,GB,ALL_FEATURES,25132.0,,0,0,1,0.0
1769212800000,GB,ALL_FEATURES,25568.0,,1,1,1,0.9055710381375237
1769214600000,GB,ALL_FEATURES,25833.0,,0,0,1,0.0
1769216400000,GB,ALL_FEATURES,25656.0,,0,0,1,0.0
1769218200000,GB,ALL_FEATURES,24933.0,,0,0,1,0.0
1769220000000,GB,ALL_FEATURES,24415.0,,0,0,1,0.0
1769221800000,GB,ALL_FEATURES,23782.0,,0,0,1,0.0
1769223600000,GB,ALL_FEATURES,23235.0,,0,0,1,0.0
1769225400000,GB,ALL_FEATURES,22470.0,,0,0,1,0.0
1769227200000,GB,ALL_FEATURES,21910.0,,0,0,1,0.0
1769229000000,GB,ALL_FEATURES,21759.0,,0,0,1,0.0
1769230800000,GB,ALL_FEATURES,21624.0,,0,0,1,0.0
1769232600000,GB,ALL_FEATURES,21662.0,,0,0,1,0.0
1769234400000,GB,ALL_FEATURES,22800.0,,0,0,1,0.0
1769236200000,GB,ALL_FEATURES,23765.0,,0,0,1,0.0
1769238000000,GB,ALL_FEATURES,25086.0,,0,0,1,0.0
1769239800000,GB,ALL_FEATURES,26118.0,,0,0,1,0.0
1769241600000,GB,ALL_FEATURES,27630.0,,0,0,1,0.0
1769243400000,GB,ALL_FEATURES,28547.0,,0,0,1,0.0
1769245200000,GB,ALL_FEATURES,29311.0,,0,0,1,0.0
1769247000000,GB,ALL_FEATURES,29495.0,,0,0,1,0.0
1769248800000,GB,ALL_FEATURES,29835.0,,0,0,1,0.0
1769250600000,GB,ALL_FEATURES,29621.0,,0,0,1,0.0
1769252400000,GB,ALL_FEATURES,29435.0,,0,0,1,0.0
1769254200000,GB,ALL_FEATURES,29174.0,,0,0,1,0.0
1769256000000,GB,ALL_FEATURES,29351.0,,0,0,1,0.0
1769257800000,GB,ALL_FEATURES,29180.0,,0,0,1,0.0
1769259600000,GB,ALL_FEATURES,29182.0,,0,0,1,0.0
1769261400000,GB,ALL_FEATURES,29650.0,,0,0,1,0.0
1769263200000,GB,ALL_FEATURES,29750.0,,0,0,1,0.0
1769265000000,GB,ALL_FEATURES,30432.0,,0,0,1,0.0
1769266800000,GB,ALL_FEATURES,30911.0,,0,0,1,0.0
1769268600000,GB,ALL_FEATURES,31521.0,,0,0,1,0.0
1769270400000,GB,ALL_FEATURES,33180.0,,0,0,1,0.0
1769272200000,GB,ALL_FEATURES,34697.0,,0,0,1,0.0
1769274000000,GB,ALL_FEATURES,36039.0,,0,0,1,0.0
1769275800000,GB,ALL_FEATURES,36109.0,,0,0,1,0.0
1769277600000,GB,ALL_FEATURES,36055.0,,0,0,1,0.0
1769279400000,GB,ALL_FEATURES,35329.0,,0,0,1,0.0
1769281200000,GB,ALL_FEATURES,34325.0,,0,0,1,0.0
1769283000000,GB,ALL_FEATURES,33167.0,,0,0,1,0.0
1769284800000,GB,ALL_FEATURES,32254.0,,0,0,1,0.0
1769286600000,GB,ALL_FEATURES,31191.0,,0,0,1,0.0
1769288400000,GB,ALL_FEATURES,29857.0,,0,0,1,0.0
1769290200000,GB,ALL_FEATURES,28938.0,,0,0,1,0.0
1769292000000,GB,ALL_FEATURES,27183.0,,0,0,1,0.0
1769293800000,GB,ALL_FEATURES,25825.0,,0,0,1,0.0
1769295600000,GB,ALL_FEATURES,24652.0,,0,0,1,0.0
1769297400000,GB,ALL_FEATURES,24412.0,,0,0,1,0.0
1769299200000,GB,ALL_FEATURES,24487.0,,0,0,1,0.0
1769301000000,GB,ALL_FEATURES,25271.0,,0,0,1,0.0
1769302800000,GB,ALL_FEATURES,24783.0,,0,0,1,0.0
1769304600000,GB,ALL_FEATURES,24234.0,,0,0,1,0.0
1769306400000,GB,ALL_FEATURES,23370.0,,0,0,1,0.0
1769308200000,GB,ALL_FEATURES,22948.0,,0,0,1,0.0
1769310000000,GB,ALL_FEATURES,22323.0,,0,0,1,0.0
1769311800000,GB,ALL_FEATURES,22035.0,,0,0,1,0.0
1769313600000,GB,ALL_FEATURES,21536.0,,0,0,1,0.0
1769315400000,GB,ALL_FEATURES,21256.0,,0,0,1,0.0
1769317200000,GB,ALL_FEATURES,20794.0,,0,0,1,0.0
1769319000000,GB,ALL_FEATURES,20950.0,,0,0,1,0.0
1769320800000,GB,ALL_FEATURES,21474.0,,0,0,1,0.0
1769322600000,GB,ALL_FEATURES,22246.0,,0,0,1,0.0
1769324400000,GB,ALL_FEATURES,23339.0,,0,0,1,0.0
1769326200000,GB,ALL_FEATURES,24212.0,,0,0,1,0.0
1769328000000,GB,ALL_FEATURES,25573.0,,0,0,1,0.0
1769329800000,GB,ALL_FEATURES,26798.0,,0,0,1,0.0
1769331600000,GB,ALL_FEATURES,28392.0,,0,0,1,0.0
1769333400000,GB,ALL_FEATURES,29423.0,,0,0,1,0.0
1769335200000,GB,ALL_FEATURES,30729.0,,0,0,1,0.0
1769337000000,GB,ALL_FEATURES,31110.0,,0,0,1,0.0
1769338800000,GB,ALL_FEATURES,31939.0,,0,0,1,0.0
1769340600000,GB,ALL_FEATURES,32581.0,,0,0,1,0.0
1769342400000,GB,ALL_FEATURES,33280.0,,0,0,1,0.0
1769344200000,GB,ALL_FEATURES,33713.0,,0,0,1,0.0
1769346000000,GB,ALL_FEATURES,34400.0,,0,0,1,0.0
1769347800000,GB,ALL_FEATURES,34542.0,,0,0,1,0.0
1769349600000,GB,ALL_FEATURES,34186.0,,0,0,1,0.0
1769351400000,GB,ALL_FEATURES,34767.0,,0,0,1,0.0
1769353200000,GB,ALL_FEATURES,35449.0,,0,0,1,0.0
1769355000000,GB,ALL_FEATURES,36305.0,,0,0,1,0.0
1769356800000,GB,ALL_FEATURES,37482.0,,0,0,1,0.0
1769358600000,GB,ALL_FEATURES,38331.0,,0,0,1,0.0
1769360400000,GB,ALL_FEATURES,39544.0,,0,0,1,0.0
1769362200000,GB,ALL_FEATURES,39348.0,,0,0,1,0.0
1769364000000,GB,ALL_FEATURES,38794.0,,0,0,1,0.0
1769365800000,GB,ALL_FEATURES,37993.0,,0,0,1,0.0
1769367600000,GB,ALL_FEATURES,37074.0,,0,0,1,0.0
1769369400000,GB,ALL_FEATURES,36177.0,,0,0,1,0.0
1769371200000,GB,ALL_FEATURES,35125.0,,0,0,1,0.0
1769373000000,GB,ALL_FEATURES,33969.0,,0,0,1,0.0
1769374800000,GB,ALL_FEATURES,32725.0,,0,0,1,0.0
1769376600000,GB,ALL_FEATURES,31124.0,,0,0,1,0.0
1769378400000,GB,ALL_FEATURES,29622.0,,0,0,1,0.0
1769380200000,GB,ALL_FEATURES,28345.0,,0,0,1,0.0
1769382000000,GB,ALL_FEATURES,27370.0,,0,0,1,0.0
1769383800000,GB,ALL_FEATURES,26596.0,,0,0,1,0.0
1769385600000,GB,ALL_FEATURES,26914.0,,0,0,1,0.0
1769387400000,GB,ALL_FEATURES,27528.0,,0,0,1,0.0
1769389200000,GB,ALL_FEATURES,27170.0,,0,0,1,0.0
1769391000000,GB,ALL_FEATURES,26489.0,,0,0,1,0.0
1769392800000,GB,ALL_FEATURES,26131.0,,0,0,1,0.0
1769394600000,GB,ALL_FEATURES,25664.0,,0,0,1,0.0
1769396400000,GB,ALL_FEATURES,25545.0,,0,0,1,0.0
1769398200000,GB,ALL_FEATURES,25091.0,,0,0,1,0.0
1769400000000,GB,ALL_FEATURES,24574.0,,0,0,1,0.0
1769401800000,GB,ALL_FEATURES,24604.0,,0,0,1,0.0
1769403600000,GB,ALL_FEATURES,24882.0,,0,0,1,0.0
1769405400000,GB,ALL_FEATURES,26065.0,,0,0,1,0.0
1769407200000,GB,ALL_FEATURES,28696.0,,0,0,1,0.0
1769409000000,GB,ALL_FEATURES,31320.0,,0,0,1,0.0
1769410800000,GB,ALL_FEATURES,33867.0,,1,1,1,0.6553750691966675
1769412600000,GB,ALL_FEATURES,35717.0,,0,0,1,0.0
1769414400000,GB,ALL_FEATURES,37381.0,,0,0,1,0.0
1769416200000,GB,ALL_FEATURES,38471.0,,0,0,1,0.0
1769418000000,GB,ALL_FEATURES,40000.0,,0,0,1,0.0
1769419800000,GB,ALL_FEATURES,40450.0,,0,0,1,0.0
1769421600000,GB,ALL_FEATURES,39784.0,,0,0,1,0.0
1769423400000,GB,ALL_FEATURES,39498.0,,0,0,1,0.0
1769425200000,GB,ALL_FEATURES,39408.0,,0,0,1,0.0
1769427000000,GB,ALL_FEATURES,39316.0,,0,0,1,0.0
1769428800000,GB,ALL_FEATURES,40084.0,,0,0,1,0.0
1769430600000,GB,ALL_FEATURES,39784.0,,0,0,1,0.0
1769432400000,GB,ALL_FEATURES,39883.0,,0,0,1,0.0
1769434200000,GB,ALL_FEATURES,39551.0,,0,0,1,0.0
1769436000000,GB,ALL_FEATURES,39239.0,,0,0,1,0.0
1769437800000,GB,ALL_FEATURES,39015.0,,0,0,1,0.0
1769439600000,GB,ALL_FEATURES,38946.0,,0,0,1,0.0
1769441400000,GB,ALL_FEATURES,39519.0,,0,0,1,0.0
1769443200000,GB,ALL_FEATURES,40335.0,,0,0,1,0.0
1769445000000,GB,ALL_FEATURES,41420.0,,0,0,1,0.0
1769446800000,GB,ALL_FEATURES,41867.0,,0,0,1,0.0
1769448600000,GB,ALL_FEATURES,41711.0,,0,0,1,0.0
1769450400000,GB,ALL_FEATURES,41272.0,,0,0,1,0.0
1769452200000,GB,ALL_FEATURES,40711.0,,0,0,1,0.0
1769454000000,GB,ALL_FEATURES,39708.0,,0,0,1,0.0
1769455800000,GB,ALL_FEATURES,38956.0,,0,0,1,0.0
1769457600000,GB,ALL_FEATURES,37751.0,,0,0,1,0.0
1769459400000,GB,ALL_FEATURES,35496.0,,0,0,1,0.0
1769461200000,GB,ALL_FEATURES,34242.0,,0,0,1,0.0
1769463000000,GB,ALL_FEATURES,31798.0,,0,0,1,0.0
1769464800000,GB,ALL_FEATURES,29635.0,,0,0,1,0.0
1769466600000,GB,ALL_FEATURES,27587.0,,0,0,1,0.0
1769468400000,GB,ALL_FEATURES,26003.0,,0,0,1,0.0
1769470200000,GB,ALL_FEATURES,25094.0,,0,0,1,0.0
1769472000000,GB,ALL_FEATURES,25485.0,,0,0,1,0.0
1769473800000,GB,ALL_FEATURES,26009.0,,0,0,1,0.0
1769475600000,GB,ALL_FEATURES,25232.0,,0,0,1,0.0
1769477400000,GB,ALL_FEATURES,24831.0,,0,0,1,0.0
1769479200000,GB,ALL_FEATURES,24185.0,,0,0,1,0.0
1769481000000,GB,ALL_FEATURES,23601.0,,0,0,1,0.0
1769482800000,GB,ALL_FEATURES,23002.0,,0,0,1,0.0
1769484600000,GB,ALL_FEATURES,22787.0,,0,0,1,0.0
1769486400000,GB,ALL_FEATURES,22642.0,,0,0,1,0.0
1769488200000,GB,ALL_FEATURES,22898.0,,0,0,1,0.0
1769490000000,GB,ALL_FEATURES,23196.0,,0,0,1,0.0
1769491800000,GB,ALL_FEATURES,23773.0,,0,0,1,0.0
1769493600000,GB,ALL_FEATURES,26239.0,,0,0,1,0.0
1769495400000,GB,ALL_FEATURES,29039.0,,0,0,1,0.0
1769497200000,GB,ALL_FEATURES,32308.0,,0,0,1,0.0
1769499000000,GB,ALL_FEATURES,33901.0,,0,0,1,0.0
1769500800000,GB,ALL_FEATURES,35401.0,,0,0,1,0.0
1769502600000,GB,ALL_FEATURES,35890.0,,0,0,1,0.0
1769504400000,GB,ALL_FEATURES,37313.0,,0,0,1,0.0
1769506200000,GB,ALL_FEATURES,37822.0,,0,0,1,0.0
1769508000000,GB,ALL_FEATURES,37949.0,,0,0,1,0.0
1769509800000,GB,ALL_FEATURES,37986.0,,0,0,1,0.0
1769511600000,GB,ALL_FEATURES,38329.0,,0,0,1,0.0
1769513400000,GB,ALL_FEATURES,37855.0,,0,0,1,0.0
1769515200000,GB,ALL_FEATURES,38196.0,,0,0,1,0.0
1769517000000,GB,ALL_FEATURES,38153.0,,0,0,1,0.0
1769518800000,GB,ALL_FEATURES,38130.0,,0,0,1,0.0
1769520600000,GB,ALL_FEATURES,37435.0,,0,0,1,0.0
1769522400000,GB,ALL_FEATURES,37310.0,,0,0,1,0.0
1769524200000,GB,ALL_FEATURES,36775.0,,0,0,1,0.0
1769526000000,GB,ALL_FEATURES,36618.0,,0,0,1,0.0
1769527800000,GB,ALL_FEATURES,37420.0,,0,0,1,0.0
1769529600000,GB,ALL_FEATURES,38408.0,,0,0,1,0.0
1769531400000,GB,ALL_FEATURES,39545.0,,0,0,1,0.0
1769533200000,GB,ALL_FEATURES,40741.0,,0,0,1,0.0
1769535000000,GB,ALL_FEATURES,40593.0,,0,0,1,0.0
1769536800000,GB,ALL_FEATURES,40353.0,,0,0,1,0.0
1769538600000,GB,ALL_FEATURES,40031.0,,0,0,1,0.0
1769540400000,GB,ALL_FEATURES,39450.0,,0,0,1,0.0
1769542200000,GB,ALL_FEATURES,38071.0,,0,0,1,0.0
1769544000000,GB,ALL_FEATURES,37145.0,,0,0,1,0.0
1769545800000,GB,ALL_FEATURES,35972.0,,0,0,1,0.0
1769547600000,GB,ALL_FEATURES,34366.0,,0,0,1,0.0
1769549400000,GB,ALL_FEATURES,32542.0,,0,0,1,0.0
1769551200000,GB,ALL_FEATURES,30653.0,,0,0,1,0.0
1769553000000,GB,ALL_FEATURES,29300.0,,0,0,1,0.0
1769554800000,GB,ALL_FEATURES,27636.0,,0,0,1,0.0
1769556600000,GB,ALL_FEATURES,26714.0,,0,0,1,0.0
1769558400000,GB,ALL_FEATURES,27580.0,,0,0,1,0.0
1769560200000,GB,ALL_FEATURES,27874.0,,0,0,1,0.0
1769562000000,GB,ALL_FEATURES,27942.0,,0,0,1,0.0
1769563800000,GB,ALL_FEATURES,27250.0,,0,0,1,0.0
1769565600000,GB,ALL_FEATURES,27069.0,,0,0,1,0.0
1769567400000,GB,ALL_FEATURES,26619.0,,0,0,1,0.0
1769569200000,GB,ALL_FEATURES,26393.0,,0,0,1,0.0
1769571000000,GB,ALL_FEATURES,25725.0,,0,0,1,0.0
1769572800000,GB,ALL_FEATURES,25280.0,,0,0,1,0.0
1769574600000,GB,ALL_FEATURES,25663.0,,0,0,1,0.0
1769576400000,GB,ALL_FEATURES,25865.0,,0,0,1,0.0
1769578200000,GB,ALL_FEATURES,27400.0,,0,0,1,0.0
1769580000000,GB,ALL_FEATURES,30065.0,,0,0,1,0.0
1769581800000,GB,ALL_FEATURES,32561.0,,0,0,1,0.0
1769583600000,GB,ALL_FEATURES,36125.0,,0,0,1,0.0
1769585400000,GB,ALL_FEATURES,37321.0,,0,0,1,0.0
1769587200000,GB,ALL_FEATURES,38719.0,,0,0,1,0.0
1769589000000,GB,ALL_FEATURES,38806.0,,0,0,1,0.0
1769590800000,GB,ALL_FEATURES,38831.0,,0,0,1,0.0
1769592600000,GB,ALL_FEATURES,37939.0,,0,0,1,0.0
1769594400000,GB,ALL_FEATURES,37015.0,,0,0,1,0.0
1769596200000,GB,ALL_FEATURES,36373.0,,0,0,1,0.0
1769598000000,GB,ALL_FEATURES,35788.0,,0,0,1,0.0
1769599800000,GB,ALL_FEATURES,35305.0,,0,0,1,0.0
1769601600000,GB,ALL_FEATURES,35335.0,,0,0,1,0.0
1769603400000,GB,ALL_FEATURES,35062.0,,0,0,1,0.0
1769605200000,GB,ALL_FEATURES,35186.0,,0,0,1,0.0
1769607000000,GB,ALL_FEATURES,35115.0,,0,0,1,0.0
1769608800000,GB,ALL_FEATURES,35179.0,,0,0,1,0.0
1769610600000,GB,ALL_FEATURES,35437.0,,0,0,1,0.0
1769612400000,GB,ALL_FEATURES,36578.0,,0,0,1,0.0
1769614200000,GB,ALL_FEATURES,37953.0,,0,0,1,0.0
1769616000000,GB,ALL_FEATURES,39306.0,,0,0,1,0.0
1769617800000,GB,ALL_FEATURES,40585.0,,0,0,1,0.0
1769619600000,GB,ALL_FEATURES,41786.0,,0,0,1,0.0
1769621400000,GB,ALL_FEATURES,42067.0,,0,0,1,0.0
1769623200000,GB,ALL_FEATURES,41863.0,,0,0,1,0.0
1769625000000,GB,ALL_FEATURES,41469.0,,0,0,1,0.0
1769626800000,GB,ALL_FEATURES,40867.0,,0,0,1,0.0
1769628600000,GB,ALL_FEATURES,40346.0,,1,1,1,0.5949489336338185
1769630400000,GB,ALL_FEATURES,38949.0,,0,0,1,0.0
1769632200000,GB,ALL_FEATURES,37256.0,,0,0,1,0.0
1769634000000,GB,ALL_FEATURES,35576.0,,0,0,1,0.0
1769635800000,GB,ALL_FEATURES,33727.0,,0,0,1,0.0
1769637600000,GB,ALL_FEATURES,32067.0,,0,0,1,0.0
1769639400000,GB,ALL_FEATURES,30053.0,,0,0,1,0.0
1769641200000,GB,ALL_FEATURES,28540.0,,0,0,1,0.0
1769643000000,GB,ALL_FEATURES,28043.0,,0,0,1,0.0
1769644800000,GB,ALL_FEATURES,28081.0,,0,0,1,0.0
1769646600000,GB,ALL_FEATURES,28672.0,,0,0,1,0.0
1769648400000,GB,ALL_FEATURES,28351.0,,0,0,1,0.0
1769650200000,GB,ALL_FEATURES,27487.0,,0,0,1,0.0
1769652000000,GB,ALL_FEATURES,26595.0,,0,0,1,0.0
1769653800000,GB,ALL_FEATURES,25997.0,,0,0,1,0.0
1769655600000,GB,ALL_FEATURES,25820.0,,0,0,1,0.0
1769657400000,GB,ALL_FEATURES,25380.0,,0,0,1,0.0
1769659200000,GB,ALL_FEATURES,24877.0,,0,0,1,0.0
1769661000000,GB,ALL_FEATURES,24984.0,,0,0,1,0.0
1769662800000,GB,ALL_FEATURES,25103.0,,0,0,1,0.0
1769664600000,GB,ALL_FEATURES,26358.0,,0,0,1,0.0
1769666400000,GB,ALL_FEATURES,28894.0,,0,0,1,0.0
1769668200000,GB,ALL_FEATURES,31275.0,,0,0,1,0.0
1769670000000,GB,ALL_FEATURES,34343.0,,0,0,1,0.0
1769671800000,GB,ALL_FEATURES,35963.0,,0,0,1,0.0
1769673600000,GB,ALL_FEATURES,37317.0,,0,0,1,0.0
1769675400000,GB,ALL_FEATURES,37391.0,,0,0,1,0.0
1769677200000,GB,ALL_FEATURES,60855.534544972295,,1,1,1,0.6017986561637265
1769679000000,GB,ALL_FEATURES,37746.0,,0,0,1,0.0
1769680800000,GB,ALL_FEATURES,37780.0,,0,0,1,0.0
1769682600000,GB,ALL_FEATURES,37423.0,,0,0,1,0.0
1769684400000,GB,ALL_FEATURES,37278.0,,0,0,1,0.0
1769686200000,GB,ALL_FEATURES,37248.0,,0,0,1,0.0
1769688000000,GB,ALL_FEATURES,37811.0,,0,0,1,0.0
1769689800000,GB,ALL_FEATURES,37513.0,,0,0,1,0.0
1769691600000,GB,ALL_FEATURES,37506.0,,0,0,1,0.0
1769693400000,GB,ALL_FEATURES,37406.0,,0,0,1,0.0
1769695200000,GB,ALL_FEATURES,37624.0,,0,0,1,0.0
1769697000000,GB,ALL_FEATURES,37706.0,,0,0,1,0.0
1769698800000,GB,ALL_FEATURES,37779.0,,0,0,1,0.0
1769700600000,GB,ALL_FEATURES,38693.0,,0,0,1,0.0
1769702400000,GB,ALL_FEATURES,39272.0,,0,0,1,0.0
1769704200000,GB,ALL_FEATURES,40886.0,,0,0,1,0.0
1769706000000,GB,ALL_FEATURES,42049.0,,0,0,1,0.0
1769707800000,GB,ALL_FEATURES,42125.0,,0,0,1,0.0
1769709600000,GB,ALL_FEATURES,41980.0,,0,0,1,0.0
1769711400000,GB,ALL_FEATURES,41429.0,,0,0,1,0.0
1769713200000,GB,ALL_FEATURES,40700.0,,0,0,1,0.0
1769715000000,GB,ALL_FEATURES,39233.0,,0,0,1,0.0
1769716800000,GB,ALL_FEATURES,38677.0,,0,0,1,0.0
1769718600000,GB,ALL_FEATURES,37270.0,,0,0,1,0.0
1769720400000,GB,ALL_FEATURES,35164.0,,0,0,1,0.0
1769722200000,GB,ALL_FEATURES,33823.0,,0,0,1,0.0
1769724000000,GB,ALL_FEATURES,31698.0,,0,0,1,0.0
1769725800000,GB,ALL_FEATURES,30056.0,,0,0,1,0.0
1769727600000,GB,ALL_FEATURES,28024.0,,0,0,1,0.0
1769729400000,GB,ALL_FEATURES,26586.0,,0,0,1,0.0
1769731200000,GB,ALL_FEATURES,27161.0,,0,0,1,0.0
1769733000000,GB,ALL_FEATURES,27933.0,,0,0,1,0.0
1769734800000,GB,ALL_FEATURES,27818.0,,0,0,1,0.0
1769736600000,GB,ALL_FEATURES,27014.0,,0,0,1,0.0
1769738400000,GB,ALL_FEATURES,26439.0,,0,0,1,0.0
1769740200000,GB,ALL_FEATURES,26296.0,,0,0,1,0.0
1769742000000,GB,ALL_FEATURES,25381.0,,0,0,1,0.0
1769743800000,GB,ALL_FEATURES,25029.0,,0,0,1,0.0
1769745600000,GB,ALL_FEATURES,24733.0,,0,0,1,0.0
1769747400000,GB,ALL_FEATURES,24670.0,,0,0,1,0.0
1769749200000,GB,ALL_FEATURES,24984.0,,0,0,1,0.0
1769751000000,GB,ALL_FEATURES,25905.0,,0,0,1,0.0
1769752800000,GB,ALL_FEATURES,28428.0,,0,0,1,0.0
1769754600000,GB,ALL_FEATURES,30721.0,,0,0,1,0.0
1769756400000,GB,ALL_FEATURES,33499.0,,0,0,1,0.0
1769758200000,GB,ALL_FEATURES,34764.0,,0,0,1,0.0
1769760000000,GB,ALL_FEATURES,36192.0,,0,0,1,0.0
1769761800000,GB,ALL_FEATURES,36842.0,,0,0,1,0.0
1769763600000,GB,ALL_FEATURES,37996.0,,0,0,1,0.0
1769765400000,GB,ALL_FEATURES,37742.0,,0,0,1,0.0
1769767200000,GB,ALL_FEATURES,37505.0,,0,0,1,0.0
1769769000000,GB,ALL_FEATURES,37291.0,,0,0,1,0.0
1769770800000,GB,ALL_FEATURES,37121.0,,0,0,1,0.0
1769772600000,GB,ALL_FEATURES,36481.0,,0,0,1,0.0
1769774400000,GB,ALL_FEATURES,36471.0,,0,0,1,0.0
1769776200000,GB,ALL_FEATURES,36327.0,,0,0,1,0.0
1769778000000,GB,ALL_FEATURES,36402.0,,0,0,1,0.0
1769779800000,GB,ALL_FEATURES,35986.0,,0,0,1,0.0
1769781600000,GB,ALL_FEATURES,35978.0,,0,0,1,0.0
1769783400000,GB,ALL_FEATURES,35889.0,,0,0,1,0.0
1769785200000,GB,ALL_FEATURES,36028.0,,0,0,1,0.0
1769787000000,GB,ALL_FEATURES,36484.0,,0,0,1,0.0
1769788800000,GB,ALL_FEATURES,37339.0,,0,0,1,0.0
1769790600000,GB,ALL_FEATURES,38290.0,,0,0,1,0.0
1769792400000,GB,ALL_FEATURES,39883.0,,0,0,1,0.0
1769794200000,GB,ALL_FEATURES,39930.0,,0,0,1,0.0
1769796000000,GB,ALL_FEATURES,39372.0,,0,0,1,0.0
1769797800000,GB,ALL_FEATURES,38356.0,,0,0,1,0.0
1769799600000,GB,ALL_FEATURES,37512.0,,0,0,1,0.0
1769801400000,GB,ALL_FEATURES,36245.0,,0,0,1,0.0
1769803200000,GB,ALL_FEATURES,35286.0,,0,0,1,0.0
1769805000000,GB,ALL_FEATURES,34074.0,,0,0,1,0.0
1769806800000,GB,ALL_FEATURES,32294.0,,0,0,1,0.0
1769808600000,GB,ALL_FEATURES,30708.0,,0,0,1,0.0
1769810400000,GB,ALL_FEATURES,28971.0,,0,0,1,0.0
1769812200000,GB,ALL_FEATURES,27586.0,,0,0,1,0.0
1769814000000,GB,ALL_FEATURES,26730.0,,0,0,1,0.0
1769815800000,GB,ALL_FEATURES,25856.0,,0,0,1,0.0
1769817600000,GB,ALL_FEATURES,25936.0,,0,0,1,0.0
1769819400000,GB,ALL_FEATURES,26684.0,,0,0,1,0.0
1769821200000,GB,ALL_FEATURES,25937.0,,0,0,1,0.0
1769823000000,GB,ALL_FEATURES,25443.0,,0,0,1,0.0
1769824800000,GB,ALL_FEATURES,24919.0,,0,0,1,0.0
1769826600000,GB,ALL_FEATURES,24567.0,,0,0,1,0.0
1769828400000,GB,ALL_FEATURES,23994.0,,0,0,1,0.0
1769830200000,GB,ALL_FEATURES,22819.0,,0,0,1,0.0
1769832000000,GB,ALL_FEATURES,22813.0,,0,0,1,0.0
1769833800000,GB,ALL_FEATURES,22741.0,,0,0,1,0.0
1769835600000,GB,ALL_FEATURES,22609.0,,0,0,1,0.0
1769837400000,GB,ALL_FEATURES,22765.0,,0,0,1,0.0
1769839200000,GB,ALL_FEATURES,23949.0,,0,0,1,0.0
1769841000000,GB,ALL_FEATURES,24875.0,,0,0,1,0.0
1769842800000,GB,ALL_FEATURES,26177.0,,0,0,1,0.0
1769844600000,GB,ALL_FEATURES,27253.0,,0,0,1,0.0
1769846400000,GB,ALL_FEATURES,28868.0,,0,0,1,0.0
1769848200000,GB,ALL_FEATURES,29927.0,,0,0,1,0.0
1769850000000,GB,ALL_FEATURES,30607.0,,0,0,1,0.0
1769851800000,GB,ALL_FEATURES,30558.0,,0,0,1,0.0
1769853600000,GB,ALL_FEATURES,30849.0,,0,0,1,0.0
1769855400000,GB,ALL_FEATURES,30806.0,,0,0,1,0.0
1769857200000,GB,ALL_FEATURES,30346.0,,0,0,1,0.0
1769859000000,GB,ALL_FEATURES,30177.0,,0,0,1,0.0
1769860800000,GB,ALL_FEATURES,30526.0,,0,0,1,0.0
1769862600000,GB,ALL_FEATURES,3392.161992799021,,1,1,1,0.8892102033836625
1769864400000,GB,ALL_FEATURES,30917.0,,0,0,1,0.0
1769866200000,GB,ALL_FEATURES,31108.0,,0,0,1,0.0
1769868000000,GB,ALL_FEATURES,31355.0,,0,0,1,0.0
1769869800000,GB,ALL_FEATURES,31821.0,,0,0,1,0.0
1769871600000,GB,ALL_FEATURES,32663.0,,0,0,1,0.0
1769873400000,GB,ALL_FEATURES,33469.0,,0,0,1,0.0
1769875200000,GB,ALL_FEATURES,34319.0,,0,0,1,0.0
1769877000000,GB,ALL_FEATURES,35609.0,,0,0,1,0.0
1769878800000,GB,ALL_FEATURES,37202.0,,0,0,1,0.0
1769880600000,GB,ALL_FEATURES,37219.0,,0,0,1,0.0
1769882400000,GB,ALL_FEATURES,37234.0,,0,0,1,0.0
1769884200000,GB,ALL_FEATURES,36241.0,,0,0,1,0.0
1769886000000,GB,ALL_FEATURES,35597.0,,0,0,1,0.0
1769887800000,GB,ALL_FEATURES,34950.0,,0,0,1,0.0
1769889600000,GB,ALL_FEATURES,34116.0,,0,0,1,0.0
1769891400000,GB,ALL_FEATURES,32889.0,,0,0,1,0.0
1769893200000,GB,ALL_FEATURES,31827.0,,0,0,1,0.0
1769895000000,GB,ALL_FEATURES,30618.0,,0,0,1,0.0
1769896800000,GB,ALL_FEATURES,29415.0,,0,0,1,0.0
1769898600000,GB,ALL_FEATURES,28214.0,,0,0,1,0.0
1769900400000,GB,ALL_FEATURES,26955.0,,0,0,1,0.0
1769902200000,GB,ALL_FEATURES,25883.0,,0,0,1,0.0
1769904000000,GB,ALL_FEATURES,26572.0,,0,0,1,0.0
1769905800000,GB,ALL_FEATURES,26947.0,,0,0,1,0.0
1769907600000,GB,ALL_FEATURES,26440.0,,0,0,1,0.0
1769909400000,GB,ALL_FEATURES,25932.0,,0,0,1,0.0
1769911200000,GB,ALL_FEATURES,25604.0,,0,0,1,0.0
1769913000000,GB,ALL_FEATURES,25118.0,,0,0,1,0.0
1769914800000,GB,ALL_FEATURES,24579.0,,0,0,1,0.0
1769916600000,GB,ALL_FEATURES,24048.0,,0,0,1,0.0
1769918400000,GB,ALL_FEATURES,23730.0,,0,0,1,0.0
1769920200000,GB,ALL_FEATURES,23473.0,,0,0,1,0.0
1769922000000,GB,ALL_FEATURES,23151.0,,0,0,1,0.0
1769923800000,GB,ALL_FEATURES,34730.79858550904,,1,0,0,0.5145124099733576
1769925600000,GB,ALL_FEATURES,23527.0,,0,0,1,0.0
1769927400000,GB,ALL_FEATURES,24026.0,,0,0,1,0.0
1769929200000,GB,ALL_FEATURES,25063.0,,0,0,1,0.0
1769931000000,GB,ALL_FEATURES,26006.0,,0,0,1,0.0
1769932800000,GB,ALL_FEATURES,27697.0,,0,0,1,0.0
1769934600000,GB,ALL_FEATURES,28881.0,,0,0,1,0.0
1769936400000,GB,ALL_FEATURES,30344.0,,0,0,1,0.0
1769938200000,GB,ALL_FEATURES,31326.0,,0,0,1,0.0
1769940000000,GB,ALL_FEATURES,32249.0,,0,0,1,0.0
1769941800000,GB,ALL_FEATURES,32675.0,,0,0,1,0.0
1769943600000,GB,ALL_FEATURES,32997.0,,0,0,1,0.0
1769945400000,GB,ALL_FEATURES,33548.0,,0,0,1,0.0
1769947200000,GB,ALL_FEATURES,33723.0,,0,0,1,0.0
1769949000000,GB,ALL_FEATURES,34393.0,,0,0,1,0.0
1769950800000,GB,ALL_FEATURES,34591.0,,0,0,1,0.0
1769952600000,GB,ALL_FEATURES,34628.0,,0,0,1,0.0
1769954400000,GB,ALL_FEATURES,34465.0,,0,0,1,0.0
1769956200000,GB,ALL_FEATURES,34336.0,,0,0,1,0.0
1769958000000,GB,ALL_FEATURES,34974.0,,0,0,1,0.0
1769959800000,GB,ALL_FEATURES,36094.0,,0,0,1,0.0
1769961600000,GB,ALL_FEATURES,36629.0,,0,0,1,0.0
1769963400000,GB,ALL_FEATURES,38005.0,,0,0,1,0.0
1769965200000,GB,ALL_FEATURES,39236.0,,0,0,1,0.0
1769967000000,GB,ALL_FEATURES,39976.0,,0,0,1,0.0
1769968800000,GB,ALL_FEATURES,4955.139501310735,,1,1,1,0.8745121305414254
1769970600000,GB,ALL_FEATURES,38343.0,,0,0,1,0.0
1769972400000,GB,ALL_FEATURES,37620.0,,0,0,1,0.0
1769974200000,GB,ALL_FEATURES,36311.0,,0,0,1,0.0
1769976000000,GB,ALL_FEATURES,35014.0,,0,0,1,0.0
1769977800000,GB,ALL_FEATURES,34309.0,,0,0,1,0.0
1769979600000,GB,ALL_FEATURES,4025.9058843008993,,1,1,1,0.8771166020297632
1769981400000,GB,ALL_FEATURES,31608.0,,0,0,1,0.0
1769983200000,GB,ALL_FEATURES,30012.0,,0,0,1,0.0
1769985000000,GB,ALL_FEATURES,28648.0,,0,0,1,0.0
1769986800000,GB,ALL_FEATURES,26838.0,,0,0,1,0.0
1769988600000,GB,ALL_FEATURES,25576.0,,0,0,1,0.0
1769990400000,GB,ALL_FEATURES,26062.0,,0,0,1,0.0
1769992200000,GB,ALL_FEATURES,26839.0,,0,0,1,0.0
1769994000000,GB,ALL_FEATURES,26566.0,,0,0,1,0.0
1769995800000,GB,ALL_FEATURES,25962.0,,0,0,1,0.0
1769997600000,GB,ALL_FEATURES,25480.0,,0,0,1,0.0
1769999400000,GB,ALL_FEATURES,25233.0,,0,0,1,0.0
1770001200000,GB,ALL_FEATURES,24443.0,,0,0,1,0.0
1770003000000,GB,ALL_FEATURES,24009.0,,0,0,1,0.0
1770004800000,GB,ALL_FEATURES,23618.0,,0,0,1,0.0
1770006600000,GB,ALL_FEATURES,23783.0,,0,0,1,0.0
1770008400000,GB,ALL_FEATURES,23846.0,,0,0,1,0.0
1770010200000,GB,ALL_FEATURES,24917.0,,0,0,1,0.0
1770012000000,GB,ALL_FEATURES,27155.0,,0,0,1,0.0
1770013800000,GB,ALL_FEATURES,30050.0,,0,0,1,0.0
1770015600000,GB,ALL_FEATURES,33112.0,,0,0,1,0.0
1770017400000,GB,ALL_FEATURES,34596.0,,0,0,1,0.0
1770019200000,GB,ALL_FEATURES,36275.0,,0,0,1,0.0
1770021000000,GB,ALL_FEATURES,36716.0,,0,0,1,0.0
1770022800000,GB,ALL_FEATURES,37704.0,,0,0,1,0.0
1770024600000,GB,ALL_FEATURES,37773.0,,0,0,1,0.0
1770026400000,GB,ALL_FEATURES,37908.0,,0,0,1,0.0
1770028200000,GB,ALL_FEATURES,37539.0,,0,0,1,0.0
1770030000000,GB,ALL_FEATURES,37472.0,,0,0,1,0.0
1770031800000,GB,ALL_FEATURES,37524.0,,0,0,1,0.0
1770033600000,GB,ALL_FEATURES,37740.0,,0,0,1,0.0
1770035400000,GB,ALL_FEATURES,37691.0,,0,0,1,0.0
1770037200000,GB,ALL_FEATURES,37433.0,,0,0,1,0.0
1770039000000,GB,ALL_FEATURES,37366.0,,0,0,1,0.0
1770040800000,GB,ALL_FEATURES,37659.0,,0,0,1,0.0
1770042600000,GB,ALL_FEATURES,37873.0,,0,0,1,0.0
1770044400000,GB,ALL_FEATURES,37417.0,,0,0,1,0.0
1770046200000,GB,ALL_FEATURES,38244.0,,0,0,1,0.0
1770048000000,GB,ALL_FEATURES,39088.0,,0,0,1,0.0
1770049800000,GB,ALL_FEATURES,39843.0,,0,0,1,0.0
1770051600000,GB,ALL_FEATURES,41421.0,,0,0,1,0.0
1770053400000,GB,ALL_FEATURES,41582.0,,0,0,1,0.0
1770055200000,GB,ALL_FEATURES,41137.0,,0,0,1,0.0
1770057000000,GB,ALL_FEATURES,40217.0,,0,0,1,0.0
1770058800000,GB,ALL_FEATURES,38724.0,,0,0,1,0.0
1770060600000,GB,ALL_FEATURES,37230.0,,0,0,1,0.0
1770062400000,GB,ALL_FEATURES,36498.0,,0,0,1,0.0
1770064200000,GB,ALL_FEATURES,34831.0,,0,0,1,0.0
1770066000000,GB,ALL_FEATURES,32580.0,,0,0,1,0.0
1770067800000,GB,ALL_FEATURES,31068.0,,0,0,1,0.0
1770069600000,GB,ALL_FEATURES,29115.0,,0,0,1,0.0
1770071400000,GB,ALL_FEATURES,27931.0,,0,0,1,0.0
1770073200000,GB,ALL_FEATURES,25671.0,,0,0,1,0.0
1770075000000,GB,ALL_FEATURES,24952.0,,0,0,1,0.0
1770076800000,GB,ALL_FEATURES,24973.0,,0,0,1,0.0
1770078600000,GB,ALL_FEATURES,25883.0,,0,0,1,0.0
1770080400000,GB,ALL_FEATURES,25818.0,,0,0,1,0.0
1770082200000,GB,ALL_FEATURES,25138.0,,0,0,1,0.0
1770084000000,GB,ALL_FEATURES,24339.0,,0,0,1,0.0
1770085800000,GB,ALL_FEATURES,24011.0,,0,0,1,0.0
1770087600000,GB,ALL_FEATURES,23854.0,,0,0,1,0.0
1770089400000,GB,ALL_FEATURES,23345.0,,0,0,1,0.0
1770091200000,GB,ALL_FEATURES,22907.0,,0,0,1,0.0
1770093000000,GB,ALL_FEATURES,45240.49357052169,,1,0,0,0.9902553152312565
1770094800000,GB,ALL_FEATURES,22566.0,,0,0,1,0.0
1770096600000,GB,ALL_FEATURES,23488.0,,0,0,1,0.0
1770098400000,GB,ALL_FEATURES,26234.0,,0,0,1,0.0
1770100200000,GB,ALL_FEATURES,28860.0,,0,0,1,0.0
1770102000000,GB,ALL_FEATURES,32119.0,,0,0,1,0.0
1770103800000,GB,ALL_FEATURES,34397.0,,0,0,1,0.0
1770105600000,GB,ALL_FEATURES,36555.0,,0,0,1,0.0
1770107400000,GB,ALL_FEATURES,36879.0,,0,0,1,0.0
1770109200000,GB,ALL_FEATURES,38383.0,,0,0,1,0.0
1770111000000,GB,ALL_FEATURES,38651.0,,0,0,1,0.0
1770112800000,GB,ALL_FEATURES,39005.0,,0,0,1,0.0
1770114600000,GB,ALL_FEATURES,39376.0,,0,0,1,0.0
1770116400000,GB,ALL_FEATURES,39833.0,,0,0,1,0.0
1770118200000,GB,ALL_FEATURES,39947.0,,0,0,1,0.0
1770120000000,GB,ALL_FEATURES,40298.0,,0,0,1,0.0
1770121800000,GB,ALL_FEATURES,40415.0,,0,0,1,0.0
1770123600000,GB,ALL_FEATURES,40580.0,,0,0,1,0.0
1770125400000,GB,ALL_FEATURES,40499.0,,0,0,1,0.0
1770127200000,GB,ALL_FEATURES,40842.0,,0,0,1,0.0
1770129000000,GB,ALL_FEATURES,40742.0,,0,0,1,0.0
1770130800000,GB,ALL_FEATURES,41051.0,,0,0,1,0.0
1770132600000,GB,ALL_FEATURES,41855.0,,0,0,1,0.0
1770134400000,GB,ALL_FEATURES,42087.0,,0,0,1,0.0
1770136200000,GB,ALL_FEATURES,42777.0,,0,0,1,0.0
1770138000000,GB,ALL_FEATURES,43418.0,,0,0,1,0.0
1770139800000,GB,ALL_FEATURES,43552.0,,0,0,1,0.0
1770141600000,GB,ALL_FEATURES,43565.0,,0,0,1,0.0
1770143400000,GB,ALL_FEATURES,42931.0,,0,0,1,0.0
1770145200000,GB,ALL_FEATURES,42237.0,,0,0,1,0.0
1770147000000,GB,ALL_FEATURES,41155.0,,0,0,1,0.0
1770148800000,GB,ALL_FEATURES,39741.0,,0,0,1,0.0
1770150600000,GB,ALL_FEATURES,38669.0,,0,0,1,0.0
1770152400000,GB,ALL_FEATURES,36728.0,,0,0,1,0.0
1770154200000,GB,ALL_FEATURES,34843.0,,0,0,1,0.0
1770156000000,GB,ALL_FEATURES,33024.0,,0,0,1,0.0
1770157800000,GB,ALL_FEATURES,31209.0,,0,0,1,0.0
1770159600000,GB,ALL_FEATURES,29375.0,,0,0,1,0.0
1770161400000,GB,ALL_FEATURES,28815.0,,0,0,1,0.0
1770163200000,GB,ALL_FEATURES,28882.0,,0,0,1,0.0
1770165000000,GB,ALL_FEATURES,29082.0,,0,0,1,0.0
1770166800000,GB,ALL_FEATURES,28991.0,,0,0,1,0.0
1770168600000,GB,ALL_FEATURES,28350.0,,0,0,1,0.0
1770170400000,GB,ALL_FEATURES,27946.0,,0,0,1,0.0
1770172200000,GB,ALL_FEATURES,27651.0,,0,0,1,0.0
1770174000000,GB,ALL_FEATURES,27150.0,,0,0,1,0.0
1770175800000,GB,ALL_FEATURES,26556.0,,0,0,1,0.0
1770177600000,GB,ALL_FEATURES,26009.0,,0,0,1,0.0
1770179400000,GB,ALL_FEATURES,25604.0,,0,0,1,0.0
1770181200000,GB,ALL_FEATURES,25728.0,,0,0,1,0.0
1770183000000,GB,ALL_FEATURES,26638.0,,0,0,1,0.0
1770184800000,GB,ALL_FEATURES,28864.0,,0,0,1,0.0
1770186600000,GB,ALL_FEATURES,31429.0,,0,0,1,0.0
1770188400000,GB,ALL_FEATURES,34861.0,,0,0,1,0.0
1770190200000,GB,ALL_FEATURES,36037.0,,0,0,1,0.0
1770192000000,GB,ALL_FEATURES,37210.0,,0,0,1,0.0
1770193800000,GB,ALL_FEATURES,37562.0,,0,0,1,0.0
1770195600000,GB,ALL_FEATURES,38432.0,,0,0,1,0.0
1770197400000,GB,ALL_FEATURES,38145.0,,0,0,1,0.0
1770199200000,GB,ALL_FEATURES,37767.0,,0,0,1,0.0
1770201000000,GB,ALL_FEATURES,37129.0,,0,0,1,0.0
1770202800000,GB,ALL_FEATURES,36733.0,,0,0,1,0.0
1770204600000,GB,ALL_FEATURES,36401.0,,0,0,1,0.0
1770206400000,GB,ALL_FEATURES,36337.0,,0,0,1,0.0
1770208200000,GB,ALL_FEATURES,36176.0,,0,0,1,0.0
1770210000000,GB,ALL_FEATURES,35190.0,,0,0,1,0.0
1770211800000,GB,ALL_FEATURES,34946.0,,0,0,1,0.0
1770213600000,GB,ALL_FEATURES,34523.0,,0,0,1,0.0
1770215400000,GB,ALL_FEATURES,34777.0,,0,0,1,0.0
1770217200000,GB,ALL_FEATURES,34564.0,,0,0,1,0.0
1770219000000,GB,ALL_FEATURES,35798.0,,0,0,1,0.0
1770220800000,GB,ALL_FEATURES,37418.0,,0,0,1,0.0
1770222600000,GB,ALL_FEATURES,39172.0,,0,0,1,0.0
1770224400000,GB,ALL_FEATURES,41377.0,,0,0,1,0.0
1770226200000,GB,ALL_FEATURES,41884.0,,0,0,1,0.0
1770228000000,GB,ALL_FEATURES,41346.0,,0,0,1,0.0
1770229800000,GB,ALL_FEATURES,40956.0,,0,0,1,0.0
1770231600000,GB,ALL_FEATURES,39802.0,,0,0,1,0.0
1770233400000,GB,ALL_FEATURES,38629.0,,0,0,1,0.0
1770235200000,GB,ALL_FEATURES,37516.0,,0,0,1,0.0
1770237000000,GB,ALL_FEATURES,35821.0,,0,0,1,0.0
1770238800000,GB,ALL_FEATURES,33691.0,,0,0,1,0.0
1770240600000,GB,ALL_FEATURES,31805.0,,0,0,1,0.0
1770242400000,GB,ALL_FEATURES,29347.0,,0,0,1,0.0
1770244200000,GB,ALL_FEATURES,27733.0,,0,0,1,0.0
1770246000000,GB,ALL_FEATURES,26082.0,,0,0,1,0.0
1770247800000,GB,ALL_FEATURES,25052.0,,0,0,1,0.0
1770249600000,GB,ALL_FEATURES,25146.0,,0,0,1,0.0
1770251400000,GB,ALL_FEATURES,25634.0,,0,0,1,0.0
1770253200000,GB,ALL_FEATURES,25194.0,,0,0,1,0.0
1770255000000,GB,ALL_FEATURES,24616.0,,0,0,1,0.0
1770256800000,GB,ALL_FEATURES,24160.0,,0,0,1,0.0
1770258600000,GB,ALL_FEATURES,23902.0,,0,0,1,0.0
1770260400000,GB,ALL_FEATURES,23403.0,,0,0,1,0.0
1770262200000,GB,ALL_FEATURES,22846.0,,0,0,1,0.0
1770264000000,GB,ALL_FEATURES,22569.0,,0,0,1,0.0
1770265800000,GB,ALL_FEATURES,22540.0,,0,0,1,0.0
1770267600000,GB,ALL_FEATURES,22748.0,,0,0,1,0.0
1770269400000,GB,ALL_FEATURES,23620.0,,0,0,1,0.0
1770271200000,GB,ALL_FEATURES,25718.0,,0,0,1,0.0
1770273000000,GB,ALL_FEATURES,28144.0,,0,0,1,0.0
1770274800000,GB,ALL_FEATURES,31628.0,,0,0,1,0.0
1770276600000,GB,ALL_FEATURES,33077.0,,0,0,1,0.0
1770278400000,GB,ALL_FEATURES,34473.0,,0,0,1,0.0
1770280200000,GB,ALL_FEATURES,35281.0,,0,0,1,0.0
1770282000000,GB,ALL_FEATURES,36949.0,,0,0,1,0.0
1770283800000,GB,ALL_FEATURES,37134.0,,0,0,1,0.0
1770285600000,GB,ALL_FEATURES,37423.0,,0,0,1,0.0
1770287400000,GB,ALL_FEATURES,37522.0,,0,0,1,0.0
1770289200000,GB,ALL_FEATURES,37656.0,,0,0,1,0.0
1770291000000,GB,ALL_FEATURES,37444.0,,0,0,1,0.0
1770292800000,GB,ALL_FEATURES,37436.0,,0,0,1,0.0
1770294600000,GB,ALL_FEATURES,37494.0,,0,0,1,0.0
1770296400000,GB,ALL_FEATURES,37493.0,,0,0,1,0.0
1770298200000,GB,ALL_FEATURES,37631.0,,0,0,1,0.0
1770300000000,GB,ALL_FEATURES,37379.0,,0,0,1,0.0
1770301800000,GB,ALL_FEATURES,37681.0,,0,0,1,0.0
1770303600000,GB,ALL_FEATURES,37959.0,,0,0,1,0.0
1770305400000,GB,ALL_FEATURES,38795.0,,0,0,1,0.0
1770307200000,GB,ALL_FEATURES,39117.0,,0,0,1,0.0
1770309000000,GB,ALL_FEATURES,39850.0,,0,0,1,0.0
1770310800000,GB,ALL_FEATURES,40706.0,,0,0,1,0.0
1770312600000,GB,ALL_FEATURES,40729.0,,0,0,1,0.0
1770314400000,GB,ALL_FEATURES,40266.0,,0,0,1,0.0
1770316200000,GB,ALL_FEATURES,39515.0,,0,0,1,0.0
1770318000000,GB,ALL_FEATURES,39310.0,,0,0,1,0.0
1770319800000,GB,ALL_FEATURES,38316.0,,0,0,1,0.0
1770321600000,GB,ALL_FEATURES,36601.0,,0,0,1,0.0
1770323400000,GB,ALL_FEATURES,35024.0,,0,0,1,0.0
1770325200000,GB,ALL_FEATURES,33195.0,,0,0,1,0.0
1770327000000,GB,ALL_FEATURES,31568.0,,0,0,1,0.0
1770328800000,GB,ALL_FEATURES,29648.0,,0,0,1,0.0
1770330600000,GB,ALL_FEATURES,28012.0,,0,0,1,0.0
1770332400000,GB,ALL_FEATURES,26295.0,,0,0,1,0.0
1770334200000,GB,ALL_FEATURES,25687.0,,0,0,1,0.0
1770336000000,GB,ALL_FEATURES,25931.0,,0,0,1,0.0
1770337800000,GB,ALL_FEATURES,26600.0,,0,0,1,0.0
1770339600000,GB,ALL_FEATURES,26098.0,,0,0,1,0.0
1770341400000,GB,ALL_FEATURES,25579.0,,0,0,1,0.0
1770343200000,GB,ALL_FEATURES,25206.0,,0,0,1,0.0
1770345000000,GB,ALL_FEATURES,25047.0,,0,0,1,0.0
1770346800000,GB,ALL_FEATURES,24584.0,,0,0,1,0.0
1770348600000,GB,ALL_FEATURES,24036.0,,0,0,1,0.0
1770350400000,GB,ALL_FEATURES,23653.0,,0,0,1,0.0
1770352200000,GB,ALL_FEATURES,23525.0,,0,0,1,0.0
1770354000000,GB,ALL_FEATURES,24155.0,,0,0,1,0.0
1770355800000,GB,ALL_FEATURES,25056.0,,0,0,1,0.0
1770357600000,GB,ALL_FEATURES,27410.0,,0,0,1,0.0
1770359400000,GB,ALL_FEATURES,29696.0,,0,0,1,0.0
1770361200000,GB,ALL_FEATURES,32918.0,,0,0,1,0.0
1770363000000,GB,ALL_FEATURES,34159.0,,0,0,1,0.0
1770364800000,GB,ALL_FEATURES,35644.0,,0,0,1,0.0
1770366600000,GB,ALL_FEATURES,36343.0,,0,0,1,0.0
1770368400000,GB,ALL_FEATURES,37235.0,,0,0,1,0.0
1770370200000,GB,ALL_FEATURES,37645.0,,0,0,1,0.0
1770372000000,GB,ALL_FEATURES,37687.0,,0,0,1,0.0
1770373800000,GB,ALL_FEATURES,37735.0,,0,0,1,0.0
1770375600000,GB,ALL_FEATURES,37719.0,,0,0,1,0.0
1770377400000,GB,ALL_FEATURES,37590.0,,0,0,1,0.0
1770379200000,GB,ALL_FEATURES,37430.0,,0,0,1,0.0
1770381000000,GB,ALL_FEATURES,37182.0,,0,0,1,0.0
1770382800000,GB,ALL_FEATURES,37273.0,,0,0,1,0.0
1770384600000,GB,ALL_FEATURES,37174.0,,0,0,1,0.0
1770386400000,GB,ALL_FEATURES,37032.0,,0,0,1,0.0
1770388200000,GB,ALL_FEATURES,36691.0,,0,0,1,0.0
1770390000000,GB,ALL_FEATURES,36341.0,,0,0,1,0.0
1770391800000,GB,ALL_FEATURES,36905.0,,0,0,1,0.0
1770393600000,GB,ALL_FEATURES,37765.0,,0,0,1,0.0
1770395400000,GB,ALL_FEATURES,38916.0,,0,0,1,0.0
1770397200000,GB,ALL_FEATURES,39800.0,,0,0,1,0.0
1770399000000,GB,ALL_FEATURES,40218.0,,0,0,1,0.0
1770400800000,GB,ALL_FEATURES,40517.0,,0,0,1,0.0
1770402600000,GB,ALL_FEATURES,39880.0,,0,0,1,0.0
1770404400000,GB,ALL_FEATURES,39562.0,,0,0,1,0.0
1770406200000,GB,ALL_FEATURES,65505.54937965956,,1,1,1,0.7443028540144739
1770408000000,GB,ALL_FEATURES,36240.0,,0,0,1,0.0
1770409800000,GB,ALL_FEATURES,35263.0,,0,0,1,0.0
1770411600000,GB,ALL_FEATURES,33681.0,,0,0,1,0.0
1770413400000,GB,ALL_FEATURES,31788.0,,0,0,1,0.0
1770415200000,GB,ALL_FEATURES,30147.0,,0,0,1,0.0
1770417000000,GB,ALL_FEATURES,28771.0,,0,0,1,0.0
1770418800000,GB,ALL_FEATURES,27716.0,,0,0,1,0.0
1770420600000,GB,ALL_FEATURES,26884.0,,0,0,1,0.0
1770422400000,GB,ALL_FEATURES,27313.0,,0,0,1,0.0
1770424200000,GB,ALL_FEATURES,27839.0,,0,0,1,0.0
1770426000000,GB,ALL_FEATURES,27186.0,,0,0,1,0.0
1770427800000,GB,ALL_FEATURES,26586.0,,0,0,1,0.0
1770429600000,GB,ALL_FEATURES,25582.0,,0,0,1,0.0
1770431400000,GB,ALL_FEATURES,25144.0,,0,0,1,0.0
1770433200000,GB,ALL_FEATURES,24708.0,,0,0,1,0.0
1770435000000,GB,ALL_FEATURES,24272.0,,0,0,1,0.0
1770436800000,GB,ALL_FEATURES,24012.0,,0,0,1,0.0
1770438600000,GB,ALL_FEATURES,23735.0,,0,0,1,0.0
1770440400000,GB,ALL_FEATURES,23509.0,,0,0,1,0.0
1770442200000,GB,ALL_FEATURES,23543.0,,0,0,1,0.0
1770444000000,GB,ALL_FEATURES,24356.0,,0,0,1,0.0
1770445800000,GB,ALL_FEATURES,25389.0,,0,0,1,0.0
1770447600000,GB,ALL_FEATURES,27034.0,,0,0,1,0.0
1770449400000,GB,ALL_FEATURES,27691.0,,0,0,1,0.0
1770451200000,GB,ALL_FEATURES,29435.0,,0,0,1,0.0
1770453000000,GB,ALL_FEATURES,30731.0,,0,0,1,0.0
1770454800000,GB,ALL_FEATURES,32224.0,,0,0,1,0.0
1770456600000,GB,ALL_FEATURES,32671.0,,0,0,1,0.0
1770458400000,GB,ALL_FEATURES,33169.0,,0,0,1,0.0
1770460200000,GB,ALL_FEATURES,33254.0,,0,0,1,0.0
1770462000000,GB,ALL_FEATURES,33862.0,,0,0,1,0.0
1770463800000,GB,ALL_FEATURES,34036.0,,0,0,1,0.0
1770465600000,GB,ALL_FEATURES,34193.0,,0,0,1,0.0
1770467400000,GB,ALL_FEATURES,34121.0,,0,0,1,0.0
1770469200000,GB,ALL_FEATURES,33844.0,,0,0,1,0.0
1770471000000,GB,ALL_FEATURES,33678.0,,0,0,1,0.0
1770472800000,GB,ALL_FEATURES,33227.0,,0,0,1,0.0
1770474600000,GB,ALL_FEATURES,33121.0,,0,0,1,0.0
1770476400000,GB,ALL_FEATURES,33139.0,,0,0,1,0.0
1770478200000,GB,ALL_FEATURES,33295.0,,0,0,1,0.0
1770480000000,GB,ALL_FEATURES,33722.0,,0,0,1,0.0
1770481800000,GB,ALL_FEATURES,34885.0,,0,0,1,0.0
1770483600000,GB,ALL_FEATURES,36280.0,,0,0,1,0.0
1770485400000,GB,ALL_FEATURES,36686.0,,0,0,1,0.0
1770487200000,GB,ALL_FEATURES,36810.0,,0,0,1,0.0
1770489000000,GB,ALL_FEATURES,36438.0,,0,0,1,0.0
1770490800000,GB,ALL_FEATURES,35514.0,,0,0,1,0.0
1770492600000,GB,ALL_FEATURES,34448.0,,0,0,1,0.0
1770494400000,GB,ALL_FEATURES,33454.0,,0,0,1,0.0
1770496200000,GB,ALL_FEATURES,32328.0,,0,0,1,0.0
1770498000000,GB,ALL_FEATURES,31188.0,,0,0,1,0.0
1770499800000,GB,ALL_FEATURES,29933.0,,0,0,1,0.0
1770501600000,GB,ALL_FEATURES,8446.63638171497,,1,0,0,0.7013106410511344
1770503400000,GB,ALL_FEATURES,27170.0,,0,0,1,0.0
1770505200000,GB,ALL_FEATURES,25923.0,,0,0,1,0.0
1770507000000,GB,ALL_FEATURES,25558.0,,0,0,1,0.0
1770508800000,GB,ALL_FEATURES,26215.0,,0,0,1,0.0
1770510600000,GB,ALL_FEATURES,26637.0,,0,0,1,0.0
1770512400000,GB,ALL_FEATURES,26258.0,,0,0,1,0.0
1770514200000,GB,ALL_FEATURES,25256.0,,0,0,1,0.0
1770516000000,GB,ALL_FEATURES,24663.0,,0,0,1,0.0
1770517800000,GB,ALL_FEATURES,24103.0,,0,0,1,0.0
1770519600000,GB,ALL_FEATURES,23109.0,,0,0,1,0.0
1770521400000,GB,ALL_FEATURES,22735.0,,0,0,1,0.0
1770523200000,GB,ALL_FEATURES,22318.0,,0,0,1,0.0
1770525000000,GB,ALL_FEATURES,22118.0,,0,0,1,0.0
1770526800000,GB,ALL_FEATURES,21951.0,,0,0,1,0.0
1770528600000,GB,ALL_FEATURES,21794.0,,0,0,1,0.0
1770530400000,GB,ALL_FEATURES,22387.0,,0,0,1,0.0
1770532200000,GB,ALL_FEATURES,23275.0,,0,0,1,0.0
1770534000000,GB,ALL_FEATURES,24245.0,,0,0,1,0.0
1770535800000,GB,ALL_FEATURES,25061.0,,0,0,1,0.0
1770537600000,GB,ALL_FEATURES,26407.0,,0,0,1,0.0
1770539400000,GB,ALL_FEATURES,27347.0,,0,0,1,0.0
1770541200000,GB,ALL_FEATURES,28709.0,,0,0,1,0.0
1770543000000,GB,ALL_FEATURES,29420.0,,0,0,1,0.0
1770544800000,GB,ALL_FEATURES,30258.0,,0,0,1,0.0
1770546600000,GB,ALL_FEATURES,30369.0,,0,0,1,0.0
1770548400000,GB,ALL_FEATURES,30709.0,,0,0,1,0.0
1770550200000,GB,ALL_FEATURES,31321.0,,0,0,1,0.0
1770552000000,GB,ALL_FEATURES,31893.0,,0,0,1,0.0
1770553800000,GB,ALL_FEATURES,32192.0,,0,0,1,0.0
1770555600000,GB,ALL_FEATURES,32280.0,,0,0,1,0.0
1770557400000,GB,ALL_FEATURES,32508.0,,0,0,1,0.0
1770559200000,GB,ALL_FEATURES,32441.0,,0,0,1,0.0
1770561000000,GB,ALL_FEATURES,32858.0,,0,0,1,0.0
1770562800000,GB,ALL_FEATURES,33495.0,,0,0,1,0.0
1770564600000,GB,ALL_FEATURES,34257.0,,0,0,1,0.0
1770566400000,GB,ALL_FEATURES,35061.0,,0,0,1,0.0
1770568200000,GB,ALL_FEATURES,36145.0,,0,0,1,0.0
1770570000000,GB,ALL_FEATURES,37463.0,,0,0,1,0.0
1770571800000,GB,ALL_FEATURES,38071.0,,0,0,1,0.0
1770573600000,GB,ALL_FEATURES,37518.0,,0,0,1,0.0
1770575400000,GB,ALL_FEATURES,37171.0,,0,0,1,0.0
1770577200000,GB,ALL_FEATURES,36432.0,,0,0,1,0.0
1770579000000,GB,ALL_FEATURES,35787.0,,0,0,1,0.0
1770580800000,GB,ALL_FEATURES,34289.0,,0,0,1,0.0
1770582600000,GB,ALL_FEATURES,32947.0,,0,0,1,0.0
1770584400000,GB,ALL_FEATURES,31473.0,,0,0,1,0.0
1770586200000,GB,ALL_FEATURES,30047.0,,0,0,1,0.0
1770588000000,GB,ALL_FEATURES,28637.0,,0,0,1,0.0
1770589800000,GB,ALL_FEATURES,27092.0,,0,0,1,0.0
1770591600000,GB,ALL_FEATURES,25433.0,,0,0,1,0.0
1770593400000,GB,ALL_FEATURES,24894.0,,0,0,1,0.0
1770595200000,GB,ALL_FEATURES,25418.0,,0,0,1,0.0
1770597000000,GB,ALL_FEATURES,26226.0,,0,0,1,0.0
1770598800000,GB,ALL_FEATURES,25887.0,,0,0,1,0.0
1770600600000,GB,ALL_FEATURES,25326.0,,0,0,1,0.0
1770602400000,GB,ALL_FEATURES,25042.0,,0,0,1,0.0
1770604200000,GB,ALL_FEATURES,24808.0,,0,0,1,0.0
1770606000000,GB,ALL_FEATURES,24068.0,,0,0,1,0.0
1770607800000,GB,ALL_FEATURES,23980.0,,0,0,1,0.0
1770609600000,GB,ALL_FEATURES,23781.0,,0,0,1,0.0
1770611400000,GB,ALL_FEATURES,23631.0,,0,0,1,0.0
1770613200000,GB,ALL_FEATURES,23660.0,,0,0,1,0.0
1770615000000,GB,ALL_FEATURES,24711.0,,0,0,1,0.0
1770616800000,GB,ALL_FEATURES,27479.0,,0,0,1,0.0
1770618600000,GB,ALL_FEATURES,30042.0,,0,0,1,0.0
1770620400000,GB,ALL_FEATURES,33116.0,,0,0,1,0.0
1770622200000,GB,ALL_FEATURES,34046.0,,0,0,1,0.0
1770624000000,GB,ALL_FEATURES,35654.0,,0,0,1,0.0
1770625800000,GB,ALL_FEATURES,36244.0,,0,0,1,0.0
1770627600000,GB,ALL_FEATURES,36778.0,,0,0,1,0.0
1770629400000,GB,ALL_FEATURES,36655.0,,0,0,1,0.0
1770631200000,GB,ALL_FEATURES,36194.0,,0,0,1,0.0
1770633000000,GB,ALL_FEATURES,35899.0,,0,0,1,0.0
1770634800000,GB,ALL_FEATURES,35699.0,,0,0,1,0.0
1770636600000,GB,ALL_FEATURES,35059.0,,0,0,1,0.0
1770638400000,GB,ALL_FEATURES,34959.0,,0,0,1,0.0
1770640200000,GB,ALL_FEATURES,34823.0,,0,0,1,0.0
1770642000000,GB,ALL_FEATURES,35102.0,,0,0,1,0.0
1770643800000,GB,ALL_FEATURES,35302.0,,0,0,1,0.0
1770645600000,GB,ALL_FEATURES,35498.0,,0,0,1,0.0
1770647400000,GB,ALL_FEATURES,35299.0,,0,0,1,0.0
1770649200000,GB,ALL_FEATURES,35295.0,,0,0,1,0.0
1770651000000,GB,ALL_FEATURES,35997.0,,0,0,1,0.0
1770652800000,GB,ALL_FEATURES,37141.0,,0,0,1,0.0
1770654600000,GB,ALL_FEATURES,38470.0,,0,0,1,0.0
1770656400000,GB,ALL_FEATURES,39649.0,,0,0,1,0.0
1770658200000,GB,ALL_FEATURES,40686.0,,0,0,1,0.0
1770660000000,GB,ALL_FEATURES,2040.5599754852656,,1,1,1,0.9494623182632373
1770661800000,GB,ALL_FEATURES,39616.0,,0,0,1,0.0
1770663600000,GB,ALL_FEATURES,38708.0,,0,0,1,0.0
1770665400000,GB,ALL_FEATURES,37172.0,,0,0,1,0.0
1770667200000,GB,ALL_FEATURES,35964.0,,0,0,1,0.0
1770669000000,GB,ALL_FEATURES,34787.0,,0,0,1,0.0
1770670800000,GB,ALL_FEATURES,33387.0,,0,0,1,0.0
1770672600000,GB,ALL_FEATURES,31375.0,,0,0,1,0.0
1770674400000,GB,ALL_FEATURES,29806.0,,0,0,1,0.0
1770676200000,GB,ALL_FEATURES,28137.0,,0,0,1,0.0
1770678000000,GB,ALL_FEATURES,26881.0,,0,0,1,0.0
1770679800000,GB,ALL_FEATURES,25901.0,,0,0,1,0.0
1770681600000,GB,ALL_FEATURES,3449.819960131322,,1,1,1,0.868282235877541
1770683400000,GB,ALL_FEATURES,26987.0,,0,0,1,0.0
1770685200000,GB,ALL_FEATURES,27162.0,,0,0,1,0.0
1770687000000,GB,ALL_FEATURES,26622.0,,0,0,1,0.0
1770688800000,GB,ALL_FEATURES,26164.0,,0,0,1,0.0
1770690600000,GB,ALL_FEATURES,25791.0,,0,0,1,0.0
1770692400000,GB,ALL_FEATURES,25170.0,,0,0,1,0.0
1770694200000,GB,ALL_FEATURES,24465.0,,0,0,1,0.0
1770696000000,GB,ALL_FEATURES,23947.0,,0,0,1,0.0
1770697800000,GB,ALL_FEATURES,23722.0,,0,0,1,0.0
1770699600000,GB,ALL_FEATURES,24254.0,,0,0,1,0.0
1770701400000,GB,ALL_FEATURES,25214.0,,0,0,1,0.0
1770703200000,GB,ALL_FEATURES,27689.0,,0,0,1,0.0
1770705000000,GB,ALL_FEATURES,13424.688915654584,,1,1,1,0.5576708759257138
1770706800000,GB,ALL_FEATURES,32746.0,,0,0,1,0.0
1770708600000,GB,ALL_FEATURES,34119.0,,0,0,1,0.0
1770710400000,GB,ALL_FEATURES,35239.0,,0,0,1,0.0
1770712200000,GB,ALL_FEATURES,35914.0,,0,0,1,0.0
1770714000000,GB,ALL_FEATURES,36677.0,,0,0,1,0.0
1770715800000,GB,ALL_FEATURES,36794.0,,0,0,1,0.0
1770717600000,GB,ALL_FEATURES,36786.0,,0,0,1,0.0
1770719400000,GB,ALL_FEATURES,36618.0,,0,0,1,0.0
1770721200000,GB,ALL_FEATURES,36540.0,,0,0,1,0.0
1770723000000,GB,ALL_FEATURES,36641.0,,0,0,1,0.0
1770724800000,GB,ALL_FEATURES,37114.0,,0,0,1,0.0
1770726600000,GB,ALL_FEATURES,36965.0,,0,0,1,0.0
1770728400000,GB,ALL_FEATURES,37079.0,,0,0,1,0.0
1770730200000,GB,ALL_FEATURES,37100.0,,0,0,1,0.0
1770732000000,GB,ALL_FEATURES,36606.0,,0,0,1,0.0
1770733800000,GB,ALL_FEATURES,36691.0,,0,0,1,0.0
1770735600000,GB,ALL_FEATURES,36798.0,,0,0,1,0.0
1770737400000,GB,ALL_FEATURES,37505.0,,0,0,1,0.0
1770739200000,GB,ALL_FEATURES,38122.0,,0,0,1,0.0
1770741000000,GB,ALL_FEATURES,39188.0,,0,0,1,0.0
1770742800000,GB,ALL_FEATURES,40446.0,,0,0,1,0.0
1770744600000,GB,ALL_FEATURES,71434.19653013244,,1,1,1,0.732494095123507
1770746400000,GB,ALL_FEATURES,40920.0,,0,0,1,0.0
1770748200000,GB,ALL_FEATURES,40237.0,,0,0,1,0.0
1770750000000,GB,ALL_FEATURES,39614.0,,0,0,1,0.0
1770751800000,GB,ALL_FEATURES,38500.0,,0,0,1,0.0
1770753600000,GB,ALL_FEATURES,37092.0,,0,0,1,0.0
1770755400000,GB,ALL_FEATURES,35889.0,,0,0,1,0.0
1770757200000,GB,ALL_FEATURES,34188.0,,0,0,1,0.0
1770759000000,GB,ALL_FEATURES,32332.0,,0,0,1,0.0
1770760800000,GB,ALL_FEATURES,30440.0,,0,0,1,0.0
1770762600000,GB,ALL_FEATURES,28712.0,,0,0,1,0.0
1770764400000,GB,ALL_FEATURES,27445.0,,0,0,1,0.0
1770766200000,GB,ALL_FEATURES,26689.0,,0,0,1,0.0
1770768000000,GB,ALL_FEATURES,26866.0,,0,0,1,0.0
1770769800000,GB,ALL_FEATURES,27386.0,,0,0,1,0.0
1770771600000,GB,ALL_FEATURES,26755.0,,0,0,1,0.0
1770773400000,GB,ALL_FEATURES,26344.0,,0,0,1,0.0
1770775200000,GB,ALL_FEATURES,25537.0,,0,0,1,0.0
1770777000000,GB,ALL_FEATURES,25155.0,,0,0,1,0.0
1770778800000,GB,ALL_FEATURES,24641.0,,0,0,1,0.0
1770780600000,GB,ALL_FEATURES,24164.0,,0,0,1,0.0
1770782400000,GB,ALL_FEATURES,23610.0,,0,0,1,0.0
1770784200000,GB,ALL_FEATURES,23557.0,,0,0,1,0.0
1770786000000,GB,ALL_FEATURES,24093.0,,0,0,1,0.0
1770787800000,GB,ALL_FEATURES,24707.0,,0,0,1,0.0
1770789600000,GB,ALL_FEATURES,27220.0,,0,0,1,0.0
1770791400000,GB,ALL_FEATURES,29899.0,,0,0,1,0.0
1770793200000,GB,ALL_FEATURES,32367.0,,0,0,1,0.0
1770795000000,GB,ALL_FEATURES,33208.0,,1,1,1,0.8718277210797925
1770796800000,GB,ALL_FEATURES,34667.0,,0,0,1,0.0
1770798600000,GB,ALL_FEATURES,34893.0,,0,0,1,0.0
1770800400000,GB,ALL_FEATURES,35309.0,,0,0,1,0.0
1770802200000,GB,ALL_FEATURES,35228.0,,0,0,1,0.0
1770804000000,GB,ALL_FEATURES,34980.0,,0,0,1,0.0
1770805800000,GB,ALL_FEATURES,35133.0,,0,0,1,0.0
1770807600000,GB,ALL_FEATURES,34356.0,,0,0,1,0.0
1770809400000,GB,ALL_FEATURES,58534.41516270873,,1,1,1,0.7078871170515779
1770811200000,GB,ALL_FEATURES,33990.0,,0,0,1,0.0
1770813000000,GB,ALL_FEATURES,33828.0,,0,0,1,0.0
1770814800000,GB,ALL_FEATURES,34071.0,,0,0,1,0.0
1770816600000,GB,ALL_FEATURES,34073.0,,0,0,1,0.0
1770818400000,GB,ALL_FEATURES,33887.0,,0,0,1,0.0
1770820200000,GB,ALL_FEATURES,59235.56521371342,,1,1,1,0.7384898662786785
1770822000000,GB,ALL_FEATURES,34690.0,,0,0,1,0.0
1770823800000,GB,ALL_FEATURES,35950.0,,0,0,1,0.0
1770825600000,GB,ALL_FEATURES,36774.0,,0,0,1,0.0
1770827400000,GB,ALL_FEATURES,37809.0,,0,0,1,0.0
1770829200000,GB,ALL_FEATURES,39363.0,,0,0,1,0.0
1770831000000,GB,ALL_FEATURES,40099.0,,0,0,1,0.0
1770832800000,GB,ALL_FEATURES,40062.0,,0,0,1,0.0
1770834600000,GB,ALL_FEATURES,39570.0,,0,0,1,0.0
1770836400000,GB,ALL_FEATURES,38892.0,,0,0,1,0.0
1770838200000,GB,ALL_FEATURES,38173.0,,0,0,1,0.0
1770840000000,GB,ALL_FEATURES,37007.0,,0,0,1,0.0
1770841800000,GB,ALL_FEATURES,35482.0,,0,0,1,0.0
1770843600000,GB,ALL_FEATURES,33684.0,,0,0,1,0.0
1770845400000,GB,ALL_FEATURES,31790.0,,0,0,1,0.0
1770847200000,GB,ALL_FEATURES,30410.0,,0,0,1,0.0
1770849000000,GB,ALL_FEATURES,28724.0,,0,0,1,0.0
1770850800000,GB,ALL_FEATURES,27164.0,,0,0,1,0.0
1770852600000,GB,ALL_FEATURES,26204.0,,0,0,1,0.0
1770854400000,GB,ALL_FEATURES,26570.0,,0,0,1,0.0
1770856200000,GB,ALL_FEATURES,27201.0,,0,0,1,0.0
1770858000000,GB,ALL_FEATURES,27158.0,,0,0,1,0.0
1770859800000,GB,ALL_FEATURES,26504.0,,0,0,1,0.0
1770861600000,GB,ALL_FEATURES,25677.0,,1,0,0,0.5678497436152821
1770863400000,GB,ALL_FEATURES,25517.0,,0,0,1,0.0
1770865200000,GB,ALL_FEATURES,24867.0,,0,0,1,0.0
1770867000000,GB,ALL_FEATURES,24473.0,,0,0,1,0.0
1770868800000,GB,ALL_FEATURES,23966.0,,0,0,1,0.0
1770870600000,GB,ALL_FEATURES,23995.0,,0,0,1,0.0
1770872400000,GB,ALL_FEATURES,24361.0,,0,0,1,0.0
1770874200000,GB,ALL_FEATURES,24896.0,,0,0,1,0.0
1770876000000,GB,ALL_FEATURES,27131.0,,0,0,1,0.0
1770877800000,GB,ALL_FEATURES,29609.0,,0,0,1,0.0
1770879600000,GB,ALL_FEATURES,32590.0,,0,0,1,0.0
1770881400000,GB,ALL_FEATURES,33790.0,,0,0,1,0.0
1770883200000,GB,ALL_FEATURES,35153.0,,0,0,1,0.0
1770885000000,GB,ALL_FEATURES,35536.0,,0,0,1,0.0
1770886800000,GB,ALL_FEATURES,36226.0,,0,0,1,0.0
1770888600000,GB,ALL_FEATURES,35833.0,,0,0,1,0.0
1770890400000,GB,ALL_FEATURES,35355.0,,0,0,1,0.0
1770892200000,GB,ALL_FEATURES,35322.0,,0,0,1,0.0
1770894000000,GB,ALL_FEATURES,35285.0,,0,0,1,0.0
1770895800000,GB,ALL_FEATURES,34796.0,,0,0,1,0.0
1770897600000,GB,ALL_FEATURES,35145.0,,0,0,1,0.0
1770899400000,GB,ALL_FEATURES,35175.0,,0,0,1,0.0
1770901200000,GB,ALL_FEATURES,35703.0,,0,0,1,0.0
1770903000000,GB,ALL_FEATURES,35627.0,,0,0,1,0.0
1770904800000,GB,ALL_FEATURES,35585.0,,0,0,1,0.0
1770906600000,GB,ALL_FEATURES,35658.0,,0,0,1,0.0
1770908400000,GB,ALL_FEATURES,36225.0,,0,0,1,0.0
1770910200000,GB,ALL_FEATURES,37250.0,,0,0,1,0.0
1770912000000,GB,ALL_FEATURES,37784.0,,0,0,1,0.0
1770913800000,GB,ALL_FEATURES,38768.0,,0,0,1,0.0
1770915600000,GB,ALL_FEATURES,40027.0,,0,0,1,0.0
1770917400000,GB,ALL_FEATURES,40904.0,,0,0,1,0.0
1770919200000,GB,ALL_FEATURES,41325.0,,0,0,1,0.0
1770921000000,GB,ALL_FEATURES,40716.0,,0,0,1,0.0
1770922800000,GB,ALL_FEATURES,40349.0,,0,0,1,0.0
1770924600000,GB,ALL_FEATURES,39246.0,,0,0,1,0.0
1770926400000,GB,ALL_FEATURES,37773.0,,0,0,1,0.0
1770928200000,GB,ALL_FEATURES,36852.0,,0,0,1,0.0
1770930000000,GB,ALL_FEATURES,35487.0,,1,1,1,0.9251466195443981
1770931800000,GB,ALL_FEATURES,33534.0,,0,0,1,0.0
1770933600000,GB,ALL_FEATURES,31761.0,,0,0,1,0.0
1770935400000,GB,ALL_FEATURES,29987.0,,0,0,1,0.0
1770937200000,GB,ALL_FEATURES,28451.0,,0,0,1,0.0
1770939000000,GB,ALL_FEATURES,27753.0,,0,0,1,0.0
1770940800000,GB,ALL_FEATURES,28022.0,,0,0,1,0.0
1770942600000,GB,ALL_FEATURES,28661.0,,0,0,1,0.0
1770944400000,GB,ALL_FEATURES,28044.0,,0,0,1,0.0
1770946200000,GB,ALL_FEATURES,27230.0,,0,0,1,0.0
1770948000000,GB,ALL_FEATURES,40324.557039499814,,1,0,0,0.5344783682598202
1770949800000,GB,ALL_FEATURES,25695.0,,0,0,1,0.0
1770951600000,GB,ALL_FEATURES,25366.0,,0,0,1,0.0
1770953400000,GB,ALL_FEATURES,25168.0,,0,0,1,0.0
1770955200000,GB,ALL_FEATURES,24971.0,,0,0,1,0.0
1770957000000,GB,ALL_FEATURES,24974.0,,0,0,1,0.0
1770958800000,GB,ALL_FEATURES,25108.0,,0,0,1,0.0
1770960600000,GB,ALL_FEATURES,26113.0,,0,0,1,0.0
1770962400000,GB,ALL_FEATURES,28525.0,,0,0,1,0.0
1770964200000,GB,ALL_FEATURES,31260.0,,0,0,1,0.0
1770966000000,GB,ALL_FEATURES,34002.0,,0,0,1,0.0
1770967800000,GB,ALL_FEATURES,35598.0,,0,0,1,0.0
1770969600000,GB,ALL_FEATURES,36806.0,,0,0,1,0.0
1770971400000,GB,ALL_FEATURES,37364.0,,0,0,1,0.0
1770973200000,GB,ALL_FEATURES,38103.0,,0,0,1,0.0
1770975000000,GB,ALL_FEATURES,37956.0,,0,0,1,0.0
1770976800000,GB,ALL_FEATURES,37679.0,,0,0,1,0.0
1770978600000,GB,ALL_FEATURES,37284.0,,0,0,1,0.0
1770980400000,GB,ALL_FEATURES,37318.0,,0,0,1,0.0
1770982200000,GB,ALL_FEATURES,36814.0,,0,0,1,0.0
1770984000000,GB,ALL_FEATURES,37036.0,,0,0,1,0.0
1770985800000,GB,ALL_FEATURES,36631.0,,0,0,1,0.0
1770987600000,GB,ALL_FEATURES,36210.0,,0,0,1,0.0
1770989400000,GB,ALL_FEATURES,36097.0,,0,0,1,0.0
1770991200000,GB,ALL_FEATURES,35997.0,,0,0,1,0.0
1770993000000,GB,ALL_FEATURES,35735.0,,0,0,1,0.0
1770994800000,GB,ALL_FEATURES,35746.0,,0,0,1,0.0
1770996600000,GB,ALL_FEATURES,36223.0,,0,0,1,0.0
1770998400000,GB,ALL_FEATURES,37274.0,,0,0,1,0.0
1771000200000,GB,ALL_FEATURES,38367.0,,1,0,0,0.5465266752773359
1771002000000,GB,ALL_FEATURES,39688.0,,0,0,1,0.0
1771003800000,GB,ALL_FEATURES,65256.41817638861,,1,1,1,0.6354582134880982
1771005600000,GB,ALL_FEATURES,40014.0,,0,0,1,0.0
1771007400000,GB,ALL_FEATURES,39302.0,,0,0,1,0.0
1771009200000,GB,ALL_FEATURES,38902.0,,0,0,1,0.0
1771011000000,GB,ALL_FEATURES,38206.0,,0,0,1,0.0
1771012800000,GB,ALL_FEATURES,37204.0,,0,0,1,0.0
1771014600000,GB,ALL_FEATURES,35476.0,,0,0,1,0.0
1771016400000,GB,ALL_FEATURES,34097.0,,0,0,1,0.0
1771018200000,GB,ALL_FEATURES,32822.0,,0,0,1,0.0
1771020000000,GB,ALL_FEATURES,31360.0,,0,0,1,0.0
1771021800000,GB,ALL_FEATURES,29988.0,,0,0,1,0.0
1771023600000,GB,ALL_FEATURES,28756.0,,0,0,1,0.0
1771025400000,GB,ALL_FEATURES,27996.0,,0,0,1,0.0
1771027200000,GB,ALL_FEATURES,28423.0,,0,0,1,0.0
1771029000000,GB,ALL_FEATURES,28988.0,,0,0,1,0.0
1771030800000,GB,ALL_FEATURES,28566.0,,0,0,1,0.0
1771032600000,GB,ALL_FEATURES,27727.0,,0,0,1,0.0
1771034400000,GB,ALL_FEATURES,27258.0,,0,0,1,0.0
1771036200000,GB,ALL_FEATURES,26946.0,,0,0,1,0.0
1771038000000,GB,ALL_FEATURES,26559.0,,0,0,1,0.0
1771039800000,GB,ALL_FEATURES,26232.0,,0,0,1,0.0
1771041600000,GB,ALL_FEATURES,25996.0,,0,0,1,0.0
1771043400000,GB,ALL_FEATURES,25773.0,,0,0,1,0.0
1771045200000,GB,ALL_FEATURES,25459.0,,0,0,1,0.0
1771047000000,GB,ALL_FEATURES,25819.0,,0,0,1,0.0
1771048800000,GB,ALL_FEATURES,27135.0,,0,0,1,0.0
1771050600000,GB,ALL_FEATURES,28435.0,,0,0,1,0.0
1771052400000,GB,ALL_FEATURES,29596.0,,0,0,1,0.0
1771054200000,GB,ALL_FEATURES,30087.0,,0,0,1,0.0
1771056000000,GB,ALL_FEATURES,31633.0,,0,0,1,0.0
1771057800000,GB,ALL_FEATURES,31750.0,,0,0,1,0.0
1771059600000,GB,ALL_FEATURES,30961.0,,0,0,1,0.0
1771061400000,GB,ALL_FEATURES,30027.0,,0,0,1,0.0
1771063200000,GB,ALL_FEATURES,28951.0,,0,0,1,0.0
1771065000000,GB,ALL_FEATURES,28064.0,,0,0,1,0.0
1771066800000,GB,ALL_FEATURES,27528.0,,0,0,1,0.0
1771068600000,GB,ALL_FEATURES,27155.0,,0,0,1,0.0
1771070400000,GB,ALL_FEATURES,27164.0,,0,0,1,0.0
1771072200000,GB,ALL_FEATURES,27334.0,,0,0,1,0.0
1771074000000,GB,ALL_FEATURES,27618.0,,0,0,1,0.0
1771075800000,GB,ALL_FEATURES,28221.0,,0,0,1,0.0
1771077600000,GB,ALL_FEATURES,28873.0,,0,0,1,0.0
1771079400000,GB,ALL_FEATURES,29987.0,,0,0,1,0.0
1771081200000,GB,ALL_FEATURES,31250.0,,0,0,1,0.0
1771083000000,GB,ALL_FEATURES,32737.0,,0,0,1,0.0
1771084800000,GB,ALL_FEATURES,34341.0,,0,0,1,0.0
1771086600000,GB,ALL_FEATURES,35983.0,,0,0,1,0.0
1771088400000,GB,ALL_FEATURES,37787.0,,0,0,1,0.0
1771090200000,GB,ALL_FEATURES,38777.0,,0,0,1,0.0
1771092000000,GB,ALL_FEATURES,38604.0,,0,0,1,0.0
1771093800000,GB,ALL_FEATURES,38594.0,,0,0,1,0.0
1771095600000,GB,ALL_FEATURES,37638.0,,0,0,1,0.0
1771097400000,GB,ALL_FEATURES,36224.0,,0,0,1,0.0
1771099200000,GB,ALL_FEATURES,35028.0,,0,0,1,0.0
1771101000000,GB,ALL_FEATURES,33798.0,,0,0,1,0.0
1771102800000,GB,ALL_FEATURES,32203.0,,0,0,1,0.0
1771104600000,GB,ALL_FEATURES,30918.0,,0,0,1,0.0
1771106400000,GB,ALL_FEATURES,29306.0,,0,0,1,0.0
1771108200000,GB,ALL_FEATURES,27668.0,,0,0,1,0.0
1771110000000,GB,ALL_FEATURES,26100.0,,0,0,1,0.0
1771111800000,GB,ALL_FEATURES,24787.0,,0,0,1,0.0
1771113600000,GB,ALL_FEATURES,25171.0,,0,0,1,0.0
1771115400000,GB,ALL_FEATURES,25702.0,,0,0,1,0.0
1771117200000,GB,ALL_FEATURES,25173.0,,0,0,1,0.0
1771119000000,GB,ALL_FEATURES,24261.0,,0,0,1,0.0
1771120800000,GB,ALL_FEATURES,23974.0,,0,0,1,0.0
1771122600000,GB,ALL_FEATURES,23571.0,,0,0,1,0.0
1771124400000,GB,ALL_FEATURES,22737.0,,0,0,1,0.0
1771126200000,GB,ALL_FEATURES,22524.0,,0,0,1,0.0
1771128000000,GB,ALL_FEATURES,22397.0,,0,0,1,0.0
1771129800000,GB,ALL_FEATURES,22023.0,,0,0,1,0.0
1771131600000,GB,ALL_FEATURES,21880.0,,0,0,1,0.0
1771133400000,GB,ALL_FEATURES,21561.0,,0,0,1,0.0
1771135200000,GB,ALL_FEATURES,22657.0,,0,0,1,0.0
1771137000000,GB,ALL_FEATURES,23232.0,,0,0,1,0.0
1771138800000,GB,ALL_FEATURES,24671.0,,0,0,1,0.0
1771140600000,GB,ALL_FEATURES,25793.0,,0,0,1,0.0
1771142400000,GB,ALL_FEATURES,27743.0,,0,0,1,0.0
1771144200000,GB,ALL_FEATURES,29218.0,,0,0,1,0.0
1771146000000,GB,ALL_FEATURES,31502.0,,0,0,1,0.0
1771147800000,GB,ALL_FEATURES,32386.0,,0,0,1,0.0
1771149600000,GB,ALL_FEATURES,33626.0,,0,0,1,0.0
1771151400000,GB,ALL_FEATURES,34528.0,,0,0,1,0.0
1771153200000,GB,ALL_FEATURES,35466.0,,0,0,1,0.0
1771155000000,GB,ALL_FEATURES,35829.0,,0,0,1,0.0
1771156800000,GB,ALL_FEATURES,36260.0,,0,0,1,0.0
1771158600000,GB,ALL_FEATURES,36331.0,,0,0,1,0.0
1771160400000,GB,ALL_FEATURES,36240.0,,0,0,1,0.0
1771162200000,GB,ALL_FEATURES,35710.0,,0,0,1,0.0
1771164000000,GB,ALL_FEATURES,35364.0,,0,0,1,0.0
1771165800000,GB,ALL_FEATURES,34909.0,,0,0,1,0.0
1771167600000,GB,ALL_FEATURES,34975.0,,0,0,1,0.0
1771169400000,GB,ALL_FEATURES,35298.0,,0,0,1,0.0
1771171200000,GB,ALL_FEATURES,35854.0,,0,0,1,0.0
1771173000000,GB,ALL_FEATURES,36588.0,,0,0,1,0.0
1771174800000,GB,ALL_FEATURES,38032.0,,0,0,1,0.0
1771176600000,GB,ALL_FEATURES,38415.0,,0,0,1,0.0
1771178400000,GB,ALL_FEATURES,38796.0,,0,0,1,0.0
1771180200000,GB,ALL_FEATURES,68664.71813520715,,1,1,1,0.8173923597270434
1771182000000,GB,ALL_FEATURES,67620.37484617309,,1,1,1,0.8350667547605928
1771183800000,GB,ALL_FEATURES,35533.0,,0,0,1,0.0
1771185600000,GB,ALL_FEATURES,34483.0,,0,0,1,0.0
1771187400000,GB,ALL_FEATURES,33307.0,,0,0,1,0.0
1771189200000,GB,ALL_FEATURES,31985.0,,0,0,1,0.0
1771191000000,GB,ALL_FEATURES,30281.0,,0,0,1,0.0
1771192800000,GB,ALL_FEATURES,28938.0,,0,0,1,0.0
1771194600000,GB,ALL_FEATURES,27018.0,,0,0,1,0.0
1771196400000,GB,ALL_FEATURES,25385.0,,0,0,1,0.0
1771198200000,GB,ALL_FEATURES,24663.0,,0,0,1,0.0
1771200000000,GB,ALL_FEATURES,25152.0,,0,0,1,0.0
1771201800000,GB,ALL_FEATURES,26180.0,,0,0,1,0.0
1771203600000,GB,ALL_FEATURES,25911.0,,0,0,1,0.0
1771205400000,GB,ALL_FEATURES,25532.0,,0,0,1,0.0
1771207200000,GB,ALL_FEATURES,24953.0,,0,0,1,0.0
1771209000000,GB,ALL_FEATURES,24566.0,,0,0,1,0.0
1771210800000,GB,ALL_FEATURES,24205.0,,0,0,1,0.0
1771212600000,GB,ALL_FEATURES,23595.0,,0,0,1,0.0
1771214400000,GB,ALL_FEATURES,23331.0,,0,0,1,0.0
1771216200000,GB,ALL_FEATURES,23285.0,,0,0,1,0.0
1771218000000,GB,ALL_FEATURES,23331.0,,0,0,1,0.0
1771219800000,GB,ALL_FEATURES,24366.0,,0,0,1,0.0
1771221600000,GB,ALL_FEATURES,26854.0,,0,0,1,0.0
1771223400000,GB,ALL_FEATURES,29095.0,,0,0,1,0.0
1771225200000,GB,ALL_FEATURES,31671.0,,0,0,1,0.0
1771227000000,GB,ALL_FEATURES,33434.0,,0,0,1,0.0
1771228800000,GB,ALL_FEATURES,35038.0,,0,0,1,0.0
1771230600000,GB,ALL_FEATURES,35094.0,,0,0,1,0.0
1771232400000,GB,ALL_FEATURES,34363.0,,0,0,1,0.0
1771234200000,GB,ALL_FEATURES,33621.0,,0,0,1,0.0
1771236000000,GB,ALL_FEATURES,33418.0,,0,0,1,0.0
1771237800000,GB,ALL_FEATURES,33374.0,,0,0,1,0.0
1771239600000,GB,ALL_FEATURES,33519.0,,0,0,1,0.0
1771241400000,GB,ALL_FEATURES,33572.0,,0,0,1,0.0
1771243200000,GB,ALL_FEATURES,33777.0,,0,0,1,0.0
1771245000000,GB,ALL_FEATURES,34060.0,,0,0,1,0.0
1771246800000,GB,ALL_FEATURES,33620.0,,0,0,1,0.0
1771248600000,GB,ALL_FEATURES,33111.0,,0,0,1,0.0
1771250400000,GB,ALL_FEATURES,33136.0,,0,0,1,0.0
1771252200000,GB,ALL_FEATURES,33263.0,,0,0,1,0.0
1771254000000,GB,ALL_FEATURES,33861.0,,0,0,1,0.0
1771255800000,GB,ALL_FEATURES,34607.0,,0,0,1,0.0
1771257600000,GB,ALL_FEATURES,35912.0,,0,0,1,0.0
1771259400000,GB,ALL_FEATURES,36995.0,,0,0,1,0.0
1771261200000,GB,ALL_FEATURES,38614.0,,0,0,1,0.0
1771263000000,GB,ALL_FEATURES,39829.0,,0,0,1,0.0
1771264800000,GB,ALL_FEATURES,40245.0,,0,0,1,0.0
1771266600000,GB,ALL_FEATURES,39738.0,,0,0,1,0.0
1771268400000,GB,ALL_FEATURES,38844.0,,0,0,1,0.0
1771270200000,GB,ALL_FEATURES,37952.0,,0,0,1,0.0
1771272000000,GB,ALL_FEATURES,36347.0,,0,0,1,0.0
1771273800000,GB,ALL_FEATURES,35055.0,,0,0,1,0.0
1771275600000,GB,ALL_FEATURES,33643.0,,0,0,1,0.0
1771277400000,GB,ALL_FEATURES,31655.0,,0,0,1,0.0
1771279200000,GB,ALL_FEATURES,30134.0,,0,0,1,0.0
1771281000000,GB,ALL_FEATURES,27885.0,,0,0,1,0.0
1771282800000,GB,ALL_FEATURES,26338.0,,0,0,1,0.0
1771284600000,GB,ALL_FEATURES,25729.0,,0,0,1,0.0
1771286400000,GB,ALL_FEATURES,25631.0,,0,0,1,0.0
1771288200000,GB,ALL_FEATURES,26648.0,,0,0,1,0.0
1771290000000,GB,ALL_FEATURES,26429.0,,0,0,1,0.0
1771291800000,GB,ALL_FEATURES,26075.0,,0,0,1,0.0
1771293600000,GB,ALL_FEATURES,25603.0,,0,0,1,0.0
1771295400000,GB,ALL_FEATURES,25188.0,,0,0,1,0.0
1771297200000,GB,ALL_FEATURES,24770.0,,0,0,1,0.0
1771299000000,GB,ALL_FEATURES,24325.0,,0,0,1,0.0
1771300800000,GB,ALL_FEATURES,24157.0,,0,0,1,0.0
1771302600000,GB,ALL_FEATURES,24146.0,,0,0,1,0.0
1771304400000,GB,ALL_FEATURES,24718.0,,0,0,1,0.0
1771306200000,GB,ALL_FEATURES,25757.0,,0,0,1,0.0
1771308000000,GB,ALL_FEATURES,28496.0,,0,0,1,0.0
1771309800000,GB,ALL_FEATURES,31136.0,,0,0,1,0.0
1771311600000,GB,ALL_FEATURES,33143.0,,0,0,1,0.0
1771313400000,GB,ALL_FEATURES,34291.0,,0,0,1,0.0
1771315200000,GB,ALL_FEATURES,35358.0,,0,0,1,0.0
1771317000000,GB,ALL_FEATURES,35580.0,,0,0,1,0.0
1771318800000,GB,ALL_FEATURES,35638.0,,0,0,1,0.0
1771320600000,GB,ALL_FEATURES,34845.0,,0,0,1,0.0
1771322400000,GB,ALL_FEATURES,34051.0,,0,0,1,0.0
1771324200000,GB,ALL_FEATURES,33726.0,,0,0,1,0.0
1771326000000,GB,ALL_FEATURES,33457.0,,0,0,1,0.0
1771327800000,GB,ALL_FEATURES,33515.0,,0,0,1,0.0
1771329600000,GB,ALL_FEATURES,33586.0,,0,0,1,0.0
1771331400000,GB,ALL_FEATURES,33958.0,,0,0,1,0.0
1771333200000,GB,ALL_FEATURES,34640.0,,0,0,1,0.0
1771335000000,GB,ALL_FEATURES,35332.0,,0,0,1,0.0
1771336800000,GB,ALL_FEATURES,35895.0,,0,0,1,0.0
1771338600000,GB,ALL_FEATURES,36957.0,,0,0,1,0.0
1771340400000,GB,ALL_FEATURES,37775.0,,0,0,1,0.0
1771342200000,GB,ALL_FEATURES,38824.0,,0,0,1,0.0
1771344000000,GB,ALL_FEATURES,39750.0,,0,0,1,0.0
1771345800000,GB,ALL_FEATURES,40562.0,,0,0,1,0.0
1771347600000,GB,ALL_FEATURES,42007.0,,0,0,1,0.0
1771349400000,GB,ALL_FEATURES,42584.0,,0,0,1,0.0
1771351200000,GB,ALL_FEATURES,42199.0,,0,0,1,0.0
1771353000000,GB,ALL_FEATURES,41527.0,,0,0,1,0.0
1771354800000,GB,ALL_FEATURES,40961.0,,0,0,1,0.0
1771356600000,GB,ALL_FEATURES,39997.0,,0,0,1,0.0
1771358400000,GB,ALL_FEATURES,39089.0,,0,0,1,0.0
1771360200000,GB,ALL_FEATURES,38271.0,,0,0,1,0.0
1771362000000,GB,ALL_FEATURES,36215.0,,0,0,1,0.0
1771363800000,GB,ALL_FEATURES,34000.0,,0,0,1,0.0
1771365600000,GB,ALL_FEATURES,32334.0,,0,0,1,0.0
1771367400000,GB,ALL_FEATURES,30861.0,,0,0,1,0.0
1771369200000,GB,ALL_FEATURES,29036.0,,0,0,1,0.0
1771371000000,GB,ALL_FEATURES,27701.0,,0,0,1,0.0
1771372800000,GB,ALL_FEATURES,28076.0,,0,0,1,0.0
1771374600000,GB,ALL_FEATURES,28555.0,,0,0,1,0.0
1771376400000,GB,ALL_FEATURES,27988.0,,0,0,1,0.0
1771378200000,GB,ALL_FEATURES,27406.0,,0,0,1,0.0
1771380000000,GB,ALL_FEATURES,26728.0,,0,0,1,0.0
1771381800000,GB,ALL_FEATURES,26275.0,,0,0,1,0.0
1771383600000,GB,ALL_FEATURES,25562.0,,0,0,1,0.0
1771385400000,GB,ALL_FEATURES,25090.0,,0,0,1,0.0
1771387200000,GB,ALL_FEATURES,24732.0,,0,0,1,0.0
1771389000000,GB,ALL_FEATURES,24794.0,,0,0,1,0.0
1771390800000,GB,ALL_FEATURES,25366.0,,0,0,1,0.0
1771392600000,GB,ALL_FEATURES,25999.0,,0,0,1,0.0
1771394400000,GB,ALL_FEATURES,28030.0,,0,0,1,0.0
1771396200000,GB,ALL_FEATURES,30038.0,,0,0,1,0.0
1771398000000,GB,ALL_FEATURES,32124.0,,0,0,1,0.0
1771399800000,GB,ALL_FEATURES,33620.0,,0,0,1,0.0
1771401600000,GB,ALL_FEATURES,35364.0,,0,0,1,0.0
1771403400000,GB,ALL_FEATURES,36044.0,,0,0,1,0.0
1771405200000,GB,ALL_FEATURES,36741.0,,0,0,1,0.0
1771407000000,GB,ALL_FEATURES,36780.0,,0,0,1,0.0
1771408800000,GB,ALL_FEATURES,36711.0,,0,0,1,0.0
1771410600000,GB,ALL_FEATURES,36217.0,,0,0,1,0.0
1771412400000,GB,ALL_FEATURES,36081.0,,0,0,1,0.0
1771414200000,GB,ALL_FEATURES,35847.0,,0,0,1,0.0
1771416000000,GB,ALL_FEATURES,36670.0,,0,0,1,0.0
1771417800000,GB,ALL_FEATURES,37058.0,,0,0,1,0.0
1771419600000,GB,ALL_FEATURES,37285.0,,0,0,1,0.0
1771421400000,GB,ALL_FEATURES,37533.0,,0,0,1,0.0
1771423200000,GB,ALL_FEATURES,37724.0,,0,0,1,0.0
1771425000000,GB,ALL_FEATURES,37794.0,,0,0,1,0.0
1771426800000,GB,ALL_FEATURES,37709.0,,0,0,1,0.0
1771428600000,GB,ALL_FEATURES,38215.0,,0,0,1,0.0
1771430400000,GB,ALL_FEATURES,38498.0,,0,0,1,0.0
1771432200000,GB,ALL_FEATURES,39445.0,,0,0,1,0.0
1771434000000,GB,ALL_FEATURES,40207.0,,0,0,1,0.0
1771435800000,GB,ALL_FEATURES,40857.0,,0,0,1,0.0
1771437600000,GB,ALL_FEATURES,40724.0,,0,0,1,0.0
1771439400000,GB,ALL_FEATURES,39941.0,,0,0,1,0.0
1771441200000,GB,ALL_FEATURES,39585.0,,0,0,1,0.0
1771443000000,GB,ALL_FEATURES,38574.0,,0,0,1,0.0
1771444800000,GB,ALL_FEATURES,37204.0,,0,0,1,0.0
1771446600000,GB,ALL_FEATURES,35730.0,,0,0,1,0.0
1771448400000,GB,ALL_FEATURES,34076.0,,0,0,1,0.0
1771450200000,GB,ALL_FEATURES,32397.0,,0,0,1,0.0
1771452000000,GB,ALL_FEATURES,30465.0,,0,0,1,0.0
1771453800000,GB,ALL_FEATURES,28791.0,,0,0,1,0.0
1771455600000,GB,ALL_FEATURES,27705.0,,0,0,1,0.0
1771457400000,GB,ALL_FEATURES,26765.0,,0,0,1,0.0
1771459200000,GB,ALL_FEATURES,27133.0,,0,0,1,0.0
1771461000000,GB,ALL_FEATURES,27884.0,,0,0,1,0.0
1771462800000,GB,ALL_FEATURES,28096.0,,0,0,1,0.0
1771464600000,GB,ALL_FEATURES,27347.0,,0,0,1,0.0
1771466400000,GB,ALL_FEATURES,26732.0,,0,0,1,0.0
1771468200000,GB,ALL_FEATURES,26490.0,,0,0,1,0.0
1771470000000,GB,ALL_FEATURES,5518.419256381024,,1,1,1,0.7895901454081281
1771471800000,GB,ALL_FEATURES,26101.0,,0,0,1,0.0
1771473600000,GB,ALL_FEATURES,25410.0,,0,0,1,0.0
1771475400000,GB,ALL_FEATURES,4105.800503613893,,1,1,1,0.8376062768020451
1771477200000,GB,ALL_FEATURES,25510.0,,0,0,1,0.0
1771479000000,GB,ALL_FEATURES,26174.0,,0,0,1,0.0
1771480800000,GB,ALL_FEATURES,28835.0,,0,0,1,0.0
1771482600000,GB,ALL_FEATURES,30816.0,,0,0,1,0.0
1771484400000,GB,ALL_FEATURES,33278.0,,0,0,1,0.0
1771486200000,GB,ALL_FEATURES,34579.0,,0,0,1,0.0
1771488000000,GB,ALL_FEATURES,36953.0,,0,0,1,0.0
1771489800000,GB,ALL_FEATURES,37808.0,,0,0,1,0.0
1771491600000,GB,ALL_FEATURES,38743.0,,0,0,1,0.0
1771493400000,GB,ALL_FEATURES,39016.0,,0,0,1,0.0
1771495200000,GB,ALL_FEATURES,39168.0,,0,0,1,0.0
1771497000000,GB,ALL_FEATURES,39033.0,,0,0,1,0.0
1771498800000,GB,ALL_FEATURES,39347.0,,0,0,1,0.0
1771500600000,GB,ALL_FEATURES,39221.0,,0,0,1,0.0
1771502400000,GB,ALL_FEATURES,39410.0,,0,0,1,0.0
1771504200000,GB,ALL_FEATURES,39508.0,,0,0,1,0.0
1771506000000,GB,ALL_FEATURES,40382.0,,0,0,1,0.0
1771507800000,GB,ALL_FEATURES,40412.0,,1,1,1,0.8339316018562918
1771509600000,GB,ALL_FEATURES,40220.0,,0,0,1,0.0
1771511400000,GB,ALL_FEATURES,40238.0,,0,0,1,0.0
1771513200000,GB,ALL_FEATURES,40259.0,,0,0,1,0.0
1771515000000,GB,ALL_FEATURES,40629.0,,0,0,1,0.0
1771516800000,GB,ALL_FEATURES,40979.0,,0,0,1,0.0
1771518600000,GB,ALL_FEATURES,15399.509234784751,,1,1,1,0.6322329607435638
1771520400000,GB,ALL_FEATURES,42639.0,,0,0,1,0.0
1771522200000,GB,ALL_FEATURES,42824.0,,0,0,1,0.0
1771524000000,GB,ALL_FEATURES,42929.0,,0,0,1,0.0
1771525800000,GB,ALL_FEATURES,42298.0,,0,0,1,0.0
1771527600000,GB,ALL_FEATURES,41730.0,,0,0,1,0.0
1771529400000,GB,ALL_FEATURES,40155.0,,0,0,1,0.0
1771531200000,GB,ALL_FEATURES,38526.0,,0,0,1,0.0
1771533000000,GB,ALL_FEATURES,37684.0,,0,0,1,0.0
1771534800000,GB,ALL_FEATURES,36068.0,,0,0,1,0.0
1771536600000,GB,ALL_FEATURES,34351.0,,0,0,1,0.0
1771538400000,GB,ALL_FEATURES,32632.0,,0,0,1,0.0
1771540200000,GB,ALL_FEATURES,30810.0,,0,0,1,0.0
1771542000000,GB,ALL_FEATURES,29237.0,,0,0,1,0.0
1771543800000,GB,ALL_FEATURES,28216.0,,0,0,1,0.0
1771545600000,GB,ALL_FEATURES,28307.0,,0,0,1,0.0
1771547400000,GB,ALL_FEATURES,28890.0,,0,0,1,0.0
1771549200000,GB,ALL_FEATURES,28010.0,,0,0,1,0.0
1771551000000,GB,ALL_FEATURES,52044.669882657836,,1,1,1,0.9146740446861097
1771552800000,GB,ALL_FEATURES,26630.0,,0,0,1,0.0
1771554600000,GB,ALL_FEATURES,26093.0,,0,0,1,0.0
1771556400000,GB,ALL_FEATURES,25473.0,,0,0,1,0.0
1771558200000,GB,ALL_FEATURES,25345.0,,0,0,1,0.0
1771560000000,GB,ALL_FEATURES,25380.0,,0,0,1,0.0
1771561800000,GB,ALL_FEATURES,25245.0,,0,0,1,0.0
1771563600000,GB,ALL_FEATURES,25134.0,,0,0,1,0.0
1771565400000,GB,ALL_FEATURES,25700.0,,0,0,1,0.0
1771567200000,GB,ALL_FEATURES,27297.0,,0,0,1,0.0
1771569000000,GB,ALL_FEATURES,29008.0,,0,0,1,0.0
1771570800000,GB,ALL_FEATURES,30709.0,,0,0,1,0.0
1771572600000,GB,ALL_FEATURES,31861.0,,0,0,1,0.0
1771574400000,GB,ALL_FEATURES,33718.0,,0,0,1,0.0
1771576200000,GB,ALL_FEATURES,34424.0,,0,0,1,0.0
1771578000000,GB,ALL_FEATURES,34280.0,,0,0,1,0.0
1771579800000,GB,ALL_FEATURES,33943.0,,0,0,1,0.0
1771581600000,GB,ALL_FEATURES,34370.0,,0,0,1,0.0
1771583400000,GB,ALL_FEATURES,34485.0,,0,0,1,0.0
1771585200000,GB,ALL_FEATURES,34750.0,,0,0,1,0.0
1771587000000,GB,ALL_FEATURES,34796.0,,0,0,1,0.0
1771588800000,GB,ALL_FEATURES,34590.0,,0,0,1,0.0
1771590600000,GB,ALL_FEATURES,34499.0,,0,0,1,0.0
1771592400000,GB,ALL_FEATURES,34262.0,,0,0,1,0.0
1771594200000,GB,ALL_FEATURES,33833.0,,0,0,1,0.0
1771596000000,GB,ALL_FEATURES,33518.0,,0,0,1,0.0
1771597800000,GB,ALL_FEATURES,33142.0,,0,0,1,0.0
1771599600000,GB,ALL_FEATURES,33088.0,,0,0,1,0.0
1771601400000,GB,ALL_FEATURES,33459.0,,0,0,1,0.0
1771603200000,GB,ALL_FEATURES,34133.0,,0,0,1,0.0
1771605000000,GB,ALL_FEATURES,35061.0,,0,0,1,0.0
1771606800000,GB,ALL_FEATURES,36557.0,,0,0,1,0.0
1771608600000,GB,ALL_FEATURES,36910.0,,0,0,1,0.0
1771610400000,GB,ALL_FEATURES,37445.0,,0,0,1,0.0
1771612200000,GB,ALL_FEATURES,36808.0,,0,0,1,0.0
1771614000000,GB,ALL_FEATURES,36207.0,,0,0,1,0.0
1771615800000,GB,ALL_FEATURES,34648.0,,0,0,1,0.0
1771617600000,GB,ALL_FEATURES,33546.0,,0,0,1,0.0
1771619400000,GB,ALL_FEATURES,32560.0,,0,0,1,0.0
1771621200000,GB,ALL_FEATURES,31047.0,,0,0,1,0.0
1771623000000,GB,ALL_FEATURES,29861.0,,0,0,1,0.0
1771624800000,GB,ALL_FEATURES,28188.0,,0,0,1,0.0
1771626600000,GB,ALL_FEATURES,49334.978930974416,,1,1,1,0.8397590591801318
1771628400000,GB,ALL_FEATURES,25110.0,,0,0,1,0.0
1771630200000,GB,ALL_FEATURES,24725.0,,0,0,1,0.0
1771632000000,GB,ALL_FEATURES,24834.0,,0,0,1,0.0
1771633800000,GB,ALL_FEATURES,25584.0,,0,0,1,0.0
1771635600000,GB,ALL_FEATURES,25231.0,,0,0,1,0.0
1771637400000,GB,ALL_FEATURES,24696.0,,0,0,1,0.0
1771639200000,GB,ALL_FEATURES,24492.0,,0,0,1,0.0
1771641000000,GB,ALL_FEATURES,23559.0,,0,0,1,0.0
1771642800000,GB,ALL_FEATURES,22936.0,,0,0,1,0.0
1771644600000,GB,ALL_FEATURES,22308.0,,0,0,1,0.0
1771646400000,GB,ALL_FEATURES,22085.0,,0,0,1,0.0
1771648200000,GB,ALL_FEATURES,22266.0,,0,0,1,0.0
1771650000000,GB,ALL_FEATURES,22083.0,,0,0,1,0.0
1771651800000,GB,ALL_FEATURES,21518.0,,0,0,1,0.0
1771653600000,GB,ALL_FEATURES,22630.0,,0,0,1,0.0
1771655400000,GB,ALL_FEATURES,23770.0,,0,0,1,0.0
1771657200000,GB,ALL_FEATURES,25250.0,,0,0,1,0.0
1771659000000,GB,ALL_FEATURES,26045.0,,0,0,1,0.0
1771660800000,GB,ALL_FEATURES,27705.0,,0,0,1,0.0
1771662600000,GB,ALL_FEATURES,28548.0,,0,0,1,0.0
1771664400000,GB,ALL_FEATURES,29346.0,,0,0,1,0.0
1771666200000,GB,ALL_FEATURES,29337.0,,0,0,1,0.0
1771668000000,GB,ALL_FEATURES,29273.0,,1,1,1,0.7772062388333969
1771669800000,GB,ALL_FEATURES,10383.66470041109,,1,0,0,0.6418932024965137
1771671600000,GB,ALL_FEATURES,28460.0,,1,1,1,0.6519374746341768
1771673400000,GB,ALL_FEATURES,28293.0,,0,0,1,0.0
1771675200000,GB,ALL_FEATURES,28650.0,,0,0,1,0.0
1771677000000,GB,ALL_FEATURES,28944.0,,0,0,1,0.0
1771678800000,GB,ALL_FEATURES,29319.0,,0,0,1,0.0
1771680600000,GB,ALL_FEATURES,29603.0,,0,0,1,0.0
1771682400000,GB,ALL_FEATURES,29638.0,,0,0,1,0.0
1771684200000,GB,ALL_FEATURES,29812.0,,0,0,1,0.0
1771686000000,GB,ALL_FEATURES,30416.0,,0,0,1,0.0
1771687800000,GB,ALL_FEATURES,30921.0,,0,0,1,0.0
1771689600000,GB,ALL_FEATURES,31260.0,,0,0,1,0.0
1771691400000,GB,ALL_FEATURES,32365.0,,0,0,1,0.0
1771693200000,GB,ALL_FEATURES,33763.0,,0,0,1,0.0
1771695000000,GB,ALL_FEATURES,34506.0,,0,0,1,0.0
1771696800000,GB,ALL_FEATURES,34507.0,,0,0,1,0.0
1771698600000,GB,ALL_FEATURES,34073.0,,0,0,1,0.0
1771700400000,GB,ALL_FEATURES,33316.0,,0,0,1,0.0
1771702200000,GB,ALL_FEATURES,31751.0,,0,0,1,0.0
1771704000000,GB,ALL_FEATURES,30480.0,,0,0,1,0.0
1771705800000,GB,ALL_FEATURES,29043.0,,0,0,1,0.0
1771707600000,GB,ALL_FEATURES,27755.0,,0,0,1,0.0
1771709400000,GB,ALL_FEATURES,26525.0,,0,0,1,0.0
1771711200000,GB,ALL_FEATURES,24603.0,,0,0,1,0.0
1771713000000,GB,ALL_FEATURES,23714.0,,0,0,1,0.0
1771714800000,GB,ALL_FEATURES,22712.0,,0,0,1,0.0
1771716600000,GB,ALL_FEATURES,21856.0,,0,0,1,0.0
1771718400000,GB,ALL_FEATURES,22340.0,,0,0,1,0.0
1771720200000,GB,ALL_FEATURES,23380.0,,0,0,1,0.0
1771722000000,GB,ALL_FEATURES,23262.0,,0,0,1,0.0
1771723800000,GB,ALL_FEATURES,22444.0,,0,0,1,0.0
1771725600000,GB,ALL_FEATURES,21772.0,,0,0,1,0.0
1771727400000,GB,ALL_FEATURES,21127.0,,0,0,1,0.0
1771729200000,GB,ALL_FEATURES,20513.0,,0,0,1,0.0
1771731000000,GB,ALL_FEATURES,19920.0,,0,0,1,0.0
1771732800000,GB,ALL_FEATURES,19760.0,,0,0,1,0.0
1771734600000,GB,ALL_FEATURES,19845.0,,0,0,1,0.0
1771736400000,GB,ALL_FEATURES,19786.0,,0,0,1,0.0
1771738200000,GB,ALL_FEATURES,19732.0,,0,0,1,0.0
1771740000000,GB,ALL_FEATURES,20365.0,,0,0,1,0.0
1771741800000,GB,ALL_FEATURES,20742.0,,0,0,1,0.0
1771743600000,GB,ALL_FEATURES,21541.0,,0,0,1,0.0
1771745400000,GB,ALL_FEATURES,21949.0,,0,0,1,0.0
1771747200000,GB,ALL_FEATURES,22781.0,,0,0,1,0.0
1771749000000,GB,ALL_FEATURES,23466.0,,0,0,1,0.0
1771750800000,GB,ALL_FEATURES,23452.0,,0,0,1,0.0
1771752600000,GB,ALL_FEATURES,23519.0,,0,0,1,0.0
1771754400000,GB,ALL_FEATURES,24029.0,,0,0,1,0.0
1771756200000,GB,ALL_FEATURES,24001.0,,0,0,1,0.0
1771758000000,GB,ALL_FEATURES,24334.0,,0,0,1,0.0
1771759800000,GB,ALL_FEATURES,24474.0,,0,0,1,0.0
1771761600000,GB,ALL_FEATURES,24657.0,,0,0,1,0.0
1771763400000,GB,ALL_FEATURES,24512.0,,0,0,1,0.0
1771765200000,GB,ALL_FEATURES,24627.0,,0,0,1,0.0
1771767000000,GB,ALL_FEATURES,24164.0,,0,0,1,0.0
1771768800000,GB,ALL_FEATURES,23752.0,,0,0,1,0.0
1771770600000,GB,ALL_FEATURES,24127.0,,0,0,1,0.0
1771772400000,GB,ALL_FEATURES,24652.0,,0,0,1,0.0
1771774200000,GB,ALL_FEATURES,26128.0,,0,0,1,0.0
1771776000000,GB,ALL_FEATURES,28802.0,,0,0,1,0.0
1771777800000,GB,ALL_FEATURES,30628.0,,0,0,1,0.0
1771779600000,GB,ALL_FEATURES,32490.0,,0,0,1,0.0
1771781400000,GB,ALL_FEATURES,34191.0,,0,0,1,0.0
1771783200000,GB,ALL_FEATURES,34272.0,,0,0,1,0.0
1771785000000,GB,ALL_FEATURES,33653.0,,0,0,1,0.0
1771786800000,GB,ALL_FEATURES,32499.0,,0,0,1,0.0
1771788600000,GB,ALL_FEATURES,31525.0,,0,0,1,0.0
1771790400000,GB,ALL_FEATURES,30559.0,,0,0,1,0.0
1771792200000,GB,ALL_FEATURES,29480.0,,0,0,1,0.0
1771794000000,GB,ALL_FEATURES,27976.0,,0,0,1,0.0
1771795800000,GB,ALL_FEATURES,26916.0,,0,0,1,0.0
1771797600000,GB,ALL_FEATURES,24880.0,,0,0,1,0.0
1771799400000,GB,ALL_FEATURES,23720.0,,0,0,1,0.0
1771801200000,GB,ALL_FEATURES,21967.0,,0,0,1,0.0
1771803000000,GB,ALL_FEATURES,21568.0,,0,0,1,0.0
1771804800000,GB,ALL_FEATURES,22293.0,,0,0,1,0.0
1771806600000,GB,ALL_FEATURES,22673.0,,0,0,1,0.0
1771808400000,GB,ALL_FEATURES,22443.0,,0,0,1,0.0
1771810200000,GB,ALL_FEATURES,21822.0,,0,0,1,0.0
1771812000000,GB,ALL_FEATURES,21156.0,,0,0,1,0.0
1771813800000,GB,ALL_FEATURES,20823.0,,0,0,1,0.0
1771815600000,GB,ALL_FEATURES,20307.0,,0,0,1,0.0
1771817400000,GB,ALL_FEATURES,19842.0,,0,0,1,0.0
1771819200000,GB,ALL_FEATURES,19668.0,,0,0,1,0.0
1771821000000,GB,ALL_FEATURES,19721.0,,0,0,1,0.0
1771822800000,GB,ALL_FEATURES,20354.0,,0,0,1,0.0
1771824600000,GB,ALL_FEATURES,21177.0,,0,0,1,0.0
1771826400000,GB,ALL_FEATURES,23875.0,,0,0,1,0.0
1771828200000,GB,ALL_FEATURES,25720.0,,0,0,1,0.0
1771830000000,GB,ALL_FEATURES,28984.0,,0,0,1,0.0
1771831800000,GB,ALL_FEATURES,30281.0,,0,0,1,0.0
1771833600000,GB,ALL_FEATURES,31548.0,,0,0,1,0.0
1771835400000,GB,ALL_FEATURES,31168.0,,0,0,1,0.0
1771837200000,GB,ALL_FEATURES,31335.0,,1,1,1,0.8834490491781204
1771839000000,GB,ALL_FEATURES,30760.0,,0,0,1,0.0
1771840800000,GB,ALL_FEATURES,30102.0,,0,0,1,0.0
1771842600000,GB,ALL_FEATURES,29820.0,,0,0,1,0.0
1771844400000,GB,ALL_FEATURES,29679.0,,0,0,1,0.0
1771846200000,GB,ALL_FEATURES,29957.0,,0,0,1,0.0
1771848000000,GB,ALL_FEATURES,30250.0,,0,0,1,0.0
1771849800000,GB,ALL_FEATURES,30713.0,,0,0,1,0.0
1771851600000,GB,ALL_FEATURES,31269.0,,0,0,1,0.0
1771853400000,GB,ALL_FEATURES,31886.0,,0,0,1,0.0
1771855200000,GB,ALL_FEATURES,32478.0,,0,0,1,0.0
1771857000000,GB,ALL_FEATURES,32986.0,,0,0,1,0.0
1771858800000,GB,ALL_FEATURES,33907.0,,0,0,1,0.0
1771860600000,GB,ALL_FEATURES,34820.0,,0,0,1,0.0
1771862400000,GB,ALL_FEATURES,35504.0,,0,0,1,0.0
1771864200000,GB,ALL_FEATURES,36410.0,,0,0,1,0.0
1771866000000,GB,ALL_FEATURES,38224.0,,0,0,1,0.0
1771867800000,GB,ALL_FEATURES,38776.0,,0,0,1,0.0
1771869600000,GB,ALL_FEATURES,39120.0,,0,0,1,0.0
1771871400000,GB,ALL_FEATURES,38304.0,,0,0,1,0.0
1771873200000,GB,ALL_FEATURES,37388.0,,0,0,1,0.0
1771875000000,GB,ALL_FEATURES,36139.0,,0,0,1,0.0
1771876800000,GB,ALL_FEATURES,34566.0,,0,0,1,0.0
1771878600000,GB,ALL_FEATURES,33510.0,,0,0,1,0.0
1771880400000,GB,ALL_FEATURES,32234.0,,0,0,1,0.0
1771882200000,GB,ALL_FEATURES,31352.0,,0,0,1,0.0
1771884000000,GB,ALL_FEATURES,29217.0,,0,0,1,0.0
1771885800000,GB,ALL_FEATURES,27630.0,,0,0,1,0.0
1771887600000,GB,ALL_FEATURES,25825.0,,0,0,1,0.0
1771889400000,GB,ALL_FEATURES,24842.0,,0,0,1,0.0
1771891200000,GB,ALL_FEATURES,25030.0,,0,0,1,0.0
1771893000000,GB,ALL_FEATURES,41343.03953248873,,1,0,0,0.621931719595478
1771894800000,GB,ALL_FEATURES,25184.0,,0,0,1,0.0
1771896600000,GB,ALL_FEATURES,24782.0,,0,0,1,0.0
1771898400000,GB,ALL_FEATURES,24108.0,,0,0,1,0.0
1771900200000,GB,ALL_FEATURES,23527.0,,0,0,1,0.0
1771902000000,GB,ALL_FEATURES,22435.0,,0,0,1,0.0
1771903800000,GB,ALL_FEATURES,22117.0,,0,0,1,0.0
1771905600000,GB,ALL_FEATURES,21924.0,,0,0,1,0.0
1771907400000,GB,ALL_FEATURES,21842.0,,0,0,1,0.0
1771909200000,GB,ALL_FEATURES,21873.0,,0,0,1,0.0
1771911000000,GB,ALL_FEATURES,22760.0,,0,0,1,0.0
1771912800000,GB,ALL_FEATURES,25292.0,,0,0,1,0.0
1771914600000,GB,ALL_FEATURES,27444.0,,0,0,1,0.0
1771916400000,GB,ALL_FEATURES,29506.0,,0,0,1,0.0
1771918200000,GB,ALL_FEATURES,30427.0,,0,0,1,0.0
1771920000000,GB,ALL_FEATURES,31291.0,,0,0,1,0.0
1771921800000,GB,ALL_FEATURES,31004.0,,0,0,1,0.0
1771923600000,GB,ALL_FEATURES,30414.0,,0,0,1,0.0
1771925400000,GB,ALL_FEATURES,30360.0,,0,0,1,0.0
1771927200000,GB,ALL_FEATURES,29726.0,,0,0,1,0.0
1771929000000,GB,ALL_FEATURES,29278.0,,0,0,1,0.0
1771930800000,GB,ALL_FEATURES,29054.0,,0,0,1,0.0
1771932600000,GB,ALL_FEATURES,27971.0,,0,0,1,0.0
1771934400000,GB,ALL_FEATURES,27682.0,,0,0,1,0.0
1771936200000,GB,ALL_FEATURES,26503.0,,0,0,1,0.0
1771938000000,GB,ALL_FEATURES,26298.0,,0,0,1,0.0
1771939800000,GB,ALL_FEATURES,25710.0,,0,0,1,0.0
1771941600000,GB,ALL_FEATURES,25502.0,,0,0,1,0.0
1771943400000,GB,ALL_FEATURES,25558.0,,0,0,1,0.0
1771945200000,GB,ALL_FEATURES,25778.0,,0,0,1,0.0
1771947000000,GB,ALL_FEATURES,27475.0,,0,0,1,0.0
1771948800000,GB,ALL_FEATURES,29769.0,,0,0,1,0.0
1771950600000,GB,ALL_FEATURES,32224.0,,0,0,1,0.0
1771952400000,GB,ALL_FEATURES,34242.0,,0,0,1,0.0
1771954200000,GB,ALL_FEATURES,35658.0,,0,0,1,0.0
1771956000000,GB,ALL_FEATURES,36099.0,,0,0,1,0.0
1771957800000,GB,ALL_FEATURES,36183.0,,0,0,1,0.0
1771959600000,GB,ALL_FEATURES,35645.0,,0,0,1,0.0
1771961400000,GB,ALL_FEATURES,35114.0,,0,0,1,0.0
1771963200000,GB,ALL_FEATURES,33679.0,,0,0,1,0.0
1771965000000,GB,ALL_FEATURES,32597.0,,0,0,1,0.0
1771966800000,GB,ALL_FEATURES,30589.0,,0,0,1,0.0
1771968600000,GB,ALL_FEATURES,29019.0,,0,0,1,0.0
1771970400000,GB,ALL_FEATURES,27614.0,,0,0,1,0.0
1771972200000,GB,ALL_FEATURES,26276.0,,0,0,1,0.0
1771974000000,GB,ALL_FEATURES,24928.0,,0,0,1,0.0
1771975800000,GB,ALL_FEATURES,23952.0,,0,0,1,0.0
1771977600000,GB,ALL_FEATURES,24685.0,,0,0,1,0.0
1771979400000,GB,ALL_FEATURES,24532.0,,0,0,1,0.0
1771981200000,GB,ALL_FEATURES,24314.0,,0,0,1,0.0
1771983000000,GB,ALL_FEATURES,23553.0,,0,0,1,0.0
1771984800000,GB,ALL_FEATURES,23184.0,,0,0,1,0.0
1771986600000,GB,ALL_FEATURES,22810.0,,0,0,1,0.0
1771988400000,GB,ALL_FEATURES,22599.0,,0,0,1,0.0
1771990200000,GB,ALL_FEATURES,22076.0,,0,0,1,0.0
1771992000000,GB,ALL_FEATURES,21844.0,,0,0,1,0.0
1771993800000,GB,ALL_FEATURES,22118.0,,0,0,1,0.0
1771995600000,GB,ALL_FEATURES,22476.0,,0,0,1,0.0
1771997400000,GB,ALL_FEATURES,23400.0,,0,0,1,0.0
1771999200000,GB,ALL_FEATURES,25882.0,,0,0,1,0.0
1772001000000,GB,ALL_FEATURES,28092.0,,0,0,1,0.0
1772002800000,GB,ALL_FEATURES,30433.0,,0,0,1,0.0
1772004600000,GB,ALL_FEATURES,31288.0,,0,0,1,0.0
1772006400000,GB,ALL_FEATURES,31683.0,,0,0,1,0.0
1772008200000,GB,ALL_FEATURES,31227.0,,0,0,1,0.0
1772010000000,GB,ALL_FEATURES,31636.0,,0,0,1,0.0
1772011800000,GB,ALL_FEATURES,31015.0,,0,0,1,0.0
1772013600000,GB,ALL_FEATURES,29775.0,,0,0,1,0.0
1772015400000,GB,ALL_FEATURES,28868.0,,0,0,1,0.0
1772017200000,GB,ALL_FEATURES,28063.0,,0,0,1,0.0
1772019000000,GB,ALL_FEATURES,27290.0,,0,0,1,0.0
1772020800000,GB,ALL_FEATURES,27265.0,,0,0,1,0.0
1772022600000,GB,ALL_FEATURES,26879.0,,0,0,1,0.0
1772024400000,GB,ALL_FEATURES,26933.0,,0,0,1,0.0
1772026200000,GB,ALL_FEATURES,27140.0,,0,0,1,0.0
1772028000000,GB,ALL_FEATURES,27324.0,,0,0,1,0.0
1772029800000,GB,ALL_FEATURES,27895.0,,0,0,1,0.0
1772031600000,GB,ALL_FEATURES,27889.0,,0,0,1,0.0
1772033400000,GB,ALL_FEATURES,29519.0,,0,0,1,0.0
1772035200000,GB,ALL_FEATURES,30603.0,,0,0,1,0.0
1772037000000,GB,ALL_FEATURES,32545.0,,0,0,1,0.0
1772038800000,GB,ALL_FEATURES,34295.0,,0,0,1,0.0
1772040600000,GB,ALL_FEATURES,35427.0,,0,0,1,0.0
1772042400000,GB,ALL_FEATURES,36089.0,,0,0,1,0.0
1772044200000,GB,ALL_FEATURES,35637.0,,0,0,1,0.0
1772046000000,GB,ALL_FEATURES,35333.0,,0,0,1,0.0
1772047800000,GB,ALL_FEATURES,34440.0,,0,0,1,0.0
1772049600000,GB,ALL_FEATURES,33449.0,,0,0,1,0.0
1772051400000,GB,ALL_FEATURES,32276.0,,0,0,1,0.0
1772053200000,GB,ALL_FEATURES,30281.0,,0,0,1,0.0
1772055000000,GB,ALL_FEATURES,28579.0,,0,0,1,0.0
1772056800000,GB,ALL_FEATURES,26789.0,,0,0,1,0.0
1772058600000,GB,ALL_FEATURES,25390.0,,0,0,1,0.0
1772060400000,GB,ALL_FEATURES,23935.0,,0,0,1,0.0
1772062200000,GB,ALL_FEATURES,23289.0,,0,0,1,0.0
1772064000000,GB,ALL_FEATURES,23692.0,,0,0,1,0.0
1772065800000,GB,ALL_FEATURES,24160.0,,0,0,1,0.0
1772067600000,GB,ALL_FEATURES,23735.0,,0,0,1,0.0
1772069400000,GB,ALL_FEATURES,23034.0,,0,0,1,0.0
1772071200000,GB,ALL_FEATURES,22161.0,,0,0,1,0.0
1772073000000,GB,ALL_FEATURES,21481.0,,0,0,1,0.0
1772074800000,GB,ALL_FEATURES,20832.0,,0,0,1,0.0
1772076600000,GB,ALL_FEATURES,20380.0,,0,0,1,0.0
1772078400000,GB,ALL_FEATURES,19981.0,,0,0,1,0.0
1772080200000,GB,ALL_FEATURES,20121.0,,0,0,1,0.0
1772082000000,GB,ALL_FEATURES,20648.0,,0,0,1,0.0
1772083800000,GB,ALL_FEATURES,21422.0,,0,0,1,0.0
1772085600000,GB,ALL_FEATURES,24257.0,,0,0,1,0.0
1772087400000,GB,ALL_FEATURES,26279.0,,0,0,1,0.0
1772089200000,GB,ALL_FEATURES,28449.0,,0,0,1,0.0
1772091000000,GB,ALL_FEATURES,29696.0,,0,0,1,0.0
1772092800000,GB,ALL_FEATURES,30937.0,,0,0,1,0.0
1772094600000,GB,ALL_FEATURES,31372.0,,0,0,1,0.0
1772096400000,GB,ALL_FEATURES,31961.0,,0,0,1,0.0
1772098200000,GB,ALL_FEATURES,31868.0,,0,0,1,0.0
1772100000000,GB,ALL_FEATURES,31688.0,,0,0,1,0.0
1772101800000,GB,ALL_FEATURES,31255.0,,0,0,1,0.0
1772103600000,GB,ALL_FEATURES,31193.0,,0,0,1,0.0
1772105400000,GB,ALL_FEATURES,31051.0,,0,0,1,0.0
1772107200000,GB,ALL_FEATURES,30774.0,,0,0,1,0.0
1772109000000,GB,ALL_FEATURES,30804.0,,0,0,1,0.0
1772110800000,GB,ALL_FEATURES,30854.0,,0,0,1,0.0
1772112600000,GB,ALL_FEATURES,30689.0,,0,0,1,0.0
1772114400000,GB,ALL_FEATURES,30715.0,,0,0,1,0.0
1772116200000,GB,ALL_FEATURES,30917.0,,0,0,1,0.0
1772118000000,GB,ALL_FEATURES,31270.0,,0,0,1,0.0
1772119800000,GB,ALL_FEATURES,32173.0,,0,0,1,0.0
1772121600000,GB,ALL_FEATURES,32800.0,,0,0,1,0.0
1772123400000,GB,ALL_FEATURES,33691.0,,0,0,1,0.0
1772125200000,GB,ALL_FEATURES,35691.0,,0,0,1,0.0
1772127000000,GB,ALL_FEATURES,36071.0,,0,0,1,0.0
1772128800000,GB,ALL_FEATURES,36421.0,,0,0,1,0.0
1772130600000,GB,ALL_FEATURES,36105.0,,0,0,1,0.0
1772132400000,GB,ALL_FEATURES,36259.0,,0,0,1,0.0
1772134200000,GB,ALL_FEATURES,35132.0,,0,0,1,0.0
1772136000000,GB,ALL_FEATURES,34083.0,,0,0,1,0.0
1772137800000,GB,ALL_FEATURES,32673.0,,0,0,1,0.0
1772139600000,GB,ALL_FEATURES,31013.0,,0,0,1,0.0
1772141400000,GB,ALL_FEATURES,29577.0,,0,0,1,0.0
1772143200000,GB,ALL_FEATURES,28306.0,,0,0,1,0.0
1772145000000,GB,ALL_FEATURES,26723.0,,0,0,1,0.0
1772146800000,GB,ALL_FEATURES,25498.0,,0,0,1,0.0
1772148600000,GB,ALL_FEATURES,24877.0,,0,0,1,0.0
1772150400000,GB,ALL_FEATURES,25281.0,,0,0,1,0.0
1772152200000,GB,ALL_FEATURES,25934.0,,0,0,1,0.0
1772154000000,GB,ALL_FEATURES,25168.0,,0,0,1,0.0
1772155800000,GB,ALL_FEATURES,24425.0,,0,0,1,0.0
1772157600000,GB,ALL_FEATURES,24080.0,,0,0,1,0.0
1772159400000,GB,ALL_FEATURES,23330.0,,0,0,1,0.0
1772161200000,GB,ALL_FEATURES,22644.0,,0,0,1,0.0
1772163000000,GB,ALL_FEATURES,21800.0,,0,0,1,0.0
1772164800000,GB,ALL_FEATURES,21900.0,,0,0,1,0.0
1772166600000,GB,ALL_FEATURES,22168.0,,0,0,1,0.0
1772168400000,GB,ALL_FEATURES,22848.0,,0,0,1,0.0
1772170200000,GB,ALL_FEATURES,23682.0,,0,0,1,0.0
1772172000000,GB,ALL_FEATURES,26197.0,,0,0,1,0.0
1772173800000,GB,ALL_FEATURES,28798.0,,0,0,1,0.0
1772175600000,GB,ALL_FEATURES,31670.0,,0,0,1,0.0
1772177400000,GB,ALL_FEATURES,33333.0,,0,0,1,0.0
1772179200000,GB,ALL_FEATURES,34241.0,,0,0,1,0.0
1772181000000,GB,ALL_FEATURES,34268.0,,0,0,1,0.0
1772182800000,GB,ALL_FEATURES,34329.0,,0,0,1,0.0
1772184600000,GB,ALL_FEATURES,34106.0,,0,0,1,0.0
1772186400000,GB,ALL_FEATURES,33563.0,,0,0,1,0.0
1772188200000,GB,ALL_FEATURES,33220.0,,0,0,1,0.0
1772190000000,GB,ALL_FEATURES,33009.0,,0,0,1,0.0
1772191800000,GB,ALL_FEATURES,32859.0,,0,0,1,0.0
1772193600000,GB,ALL_FEATURES,32673.0,,0,0,1,0.0
1772195400000,GB,ALL_FEATURES,32419.0,,0,0,1,0.0
1772197200000,GB,ALL_FEATURES,32533.0,,0,0,1,0.0
1772199000000,GB,ALL_FEATURES,32264.0,,0,0,1,0.0
1772200800000,GB,ALL_FEATURES,32013.0,,0,0,1,0.0
1772202600000,GB,ALL_FEATURES,31806.0,,0,0,1,0.0
1772204400000,GB,ALL_FEATURES,31947.0,,0,0,1,0.0
1772206200000,GB,ALL_FEATURES,32813.0,,0,0,1,0.0
1772208000000,GB,ALL_FEATURES,33132.0,,0,0,1,0.0
1772209800000,GB,ALL_FEATURES,14427.112331499113,,1,1,1,0.5764206596741306
1772211600000,GB,ALL_FEATURES,35322.0,,0,0,1,0.0
1772213400000,GB,ALL_FEATURES,35959.0,,0,0,1,0.0
1772215200000,GB,ALL_FEATURES,37007.0,,0,0,1,0.0
1772217000000,GB,ALL_FEATURES,36537.0,,0,0,1,0.0
1772218800000,GB,ALL_FEATURES,35711.0,,0,0,1,0.0
1772220600000,GB,ALL_FEATURES,34586.0,,0,0,1,0.0
1772222400000,GB,ALL_FEATURES,59705.5564903872,,1,1,1,0.7645571725495686
1772224200000,GB,ALL_FEATURES,32955.0,,0,0,1,0.0
1772226000000,GB,ALL_FEATURES,31449.0,,0,0,1,0.0
1772227800000,GB,ALL_FEATURES,29839.0,,0,0,1,0.0
1772229600000,GB,ALL_FEATURES,28510.0,,0,0,1,0.0
1772231400000,GB,ALL_FEATURES,27052.0,,0,0,1,0.0
1772233200000,GB,ALL_FEATURES,25775.0,,0,0,1,0.0
1772235000000,GB,ALL_FEATURES,25068.0,,0,0,1,0.0
1772236800000,GB,ALL_FEATURES,25164.0,,0,0,1,0.0
1772238600000,GB,ALL_FEATURES,25420.0,,0,0,1,0.0
1772240400000,GB,ALL_FEATURES,25103.0,,0,0,1,0.0
1772242200000,GB,ALL_FEATURES,24760.0,,0,0,1,0.0
1772244000000,GB,ALL_FEATURES,24330.0,,0,0,1,0.0
1772245800000,GB,ALL_FEATURES,23739.0,,0,0,1,0.0
1772247600000,GB,ALL_FEATURES,23301.0,,0,0,1,0.0
1772249400000,GB,ALL_FEATURES,22856.0,,0,0,1,0.0
1772251200000,GB,ALL_FEATURES,22785.0,,0,0,1,0.0
1772253000000,GB,ALL_FEATURES,22613.0,,0,0,1,0.0
1772254800000,GB,ALL_FEATURES,22259.0,,0,0,1,0.0
1772256600000,GB,ALL_FEATURES,21782.0,,0,0,1,0.0
1772258400000,GB,ALL_FEATURES,23095.0,,0,0,1,0.0
1772260200000,GB,ALL_FEATURES,23541.0,,0,0,1,0.0
1772262000000,GB,ALL_FEATURES,24913.0,,0,0,1,0.0
1772263800000,GB,ALL_FEATURES,25862.0,,0,0,1,0.0
1772265600000,GB,ALL_FEATURES,26867.0,,0,0,1,0.0
1772267400000,GB,ALL_FEATURES,27678.0,,0,0,1,0.0
1772269200000,GB,ALL_FEATURES,28696.0,,0,0,1,0.0
1772271000000,GB,ALL_FEATURES,28331.0,,0,0,1,0.0
1772272800000,GB,ALL_FEATURES,27849.0,,0,0,1,0.0
1772274600000,GB,ALL_FEATURES,27495.0,,0,0,1,0.0
1772276400000,GB,ALL_FEATURES,27015.0,,0,0,1,0.0
1772278200000,GB,ALL_FEATURES,27052.0,,0,0,1,0.0
1772280000000,GB,ALL_FEATURES,26386.0,,0,0,1,0.0
1772281800000,GB,ALL_FEATURES,26246.0,,0,0,1,0.0
1772283600000,GB,ALL_FEATURES,26183.0,,0,0,1,0.0
1772285400000,GB,ALL_FEATURES,26344.0,,0,0,1,0.0
1772287200000,GB,ALL_FEATURES,26478.0,,0,0,1,0.0
1772289000000,GB,ALL_FEATURES,26911.0,,0,0,1,0.0
1772290800000,GB,ALL_FEATURES,27487.0,,0,0,1,0.0
1772292600000,GB,ALL_FEATURES,28729.0,,0,0,1,0.0
1772294400000,GB,ALL_FEATURES,29959.0,,0,0,1,0.0
1772296200000,GB,ALL_FEATURES,31210.0,,0,0,1,0.0
1772298000000,GB,ALL_FEATURES,33538.0,,0,0,1,0.0
1772299800000,GB,ALL_FEATURES,34799.0,,0,0,1,0.0
1772301600000,GB,ALL_FEATURES,35326.0,,0,0,1,0.0
1772303400000,GB,ALL_FEATURES,35424.0,,0,0,1,0.0
1772305200000,GB,ALL_FEATURES,34680.0,,0,0,1,0.0
1772307000000,GB,ALL_FEATURES,33879.0,,0,0,1,0.0
1772308800000,GB,ALL_FEATURES,33028.0,,0,0,1,0.0
1772310600000,GB,ALL_FEATURES,31783.0,,0,0,1,0.0
1772312400000,GB,ALL_FEATURES,30628.0,,0,0,1,0.0
1772314200000,GB,ALL_FEATURES,28992.0,,0,0,1,0.0
1772316000000,GB,ALL_FEATURES,27536.0,,0,0,1,0.0
1772317800000,GB,ALL_FEATURES,26411.0,,0,0,1,0.0
1772319600000,GB,ALL_FEATURES,25028.0,,0,0,1,0.0
1772321400000,GB,ALL_FEATURES,24206.0,,0,0,1,0.0
1772323200000,GB,ALL_FEATURES,24538.0,,0,0,1,0.0
1772325000000,GB,ALL_FEATURES,24950.0,,0,0,1,0.0
1772326800000,GB,ALL_FEATURES,24549.0,,0,0,1,0.0
1772328600000,GB,ALL_FEATURES,23903.0,,0,0,1,0.0
1772330400000,GB,ALL_FEATURES,22845.0,,0,0,1,0.0
1772332200000,GB,ALL_FEATURES,22507.0,,0,0,1,0.0
1772334000000,GB,ALL_FEATURES,21877.0,,0,0,1,0.0
1772335800000,GB,ALL_FEATURES,21602.0,,0,0,1,0.0
1772337600000,GB,ALL_FEATURES,21017.0,,0,0,1,0.0
1772339400000,GB,ALL_FEATURES,20946.0,,0,0,1,0.0
1772341200000,GB,ALL_FEATURES,20671.0,,0,0,1,0.0
1772343000000,GB,ALL_FEATURES,20631.0,,0,0,1,0.0
1772344800000,GB,ALL_FEATURES,21160.0,,0,0,1,0.0
1772346600000,GB,ALL_FEATURES,21717.0,,0,0,1,0.0
1772348400000,GB,ALL_FEATURES,22497.0,,0,0,1,0.0
1772350200000,GB,ALL_FEATURES,23013.0,,0,0,1,0.0
1772352000000,GB,ALL_FEATURES,39548.51956750122,,1,0,0,0.6249032239410502
1772353800000,GB,ALL_FEATURES,25034.0,,0,0,1,0.0
1772355600000,GB,ALL_FEATURES,25357.0,,0,0,1,0.0
1772357400000,GB,ALL_FEATURES,25307.0,,0,0,1,0.0
1772359200000,GB,ALL_FEATURES,25287.0,,0,0,1,0.0
1772361000000,GB,ALL_FEATURES,25047.0,,0,0,1,0.0
1772362800000,GB,ALL_FEATURES,25353.0,,0,0,1,0.0
1772364600000,GB,ALL_FEATURES,26054.0,,0,0,1,0.0
1772366400000,GB,ALL_FEATURES,26795.0,,0,0,1,0.0
1772368200000,GB,ALL_FEATURES,26988.0,,0,0,1,0.0
1772370000000,GB,ALL_FEATURES,27348.0,,0,0,1,0.0
1772371800000,GB,ALL_FEATURES,27470.0,,0,0,1,0.0
1772373600000,GB,ALL_FEATURES,27206.0,,0,0,1,0.0
1772375400000,GB,ALL_FEATURES,27439.0,,0,0,1,0.0
1772377200000,GB,ALL_FEATURES,27675.0,,0,0,1,0.0
1772379000000,GB,ALL_FEATURES,28791.0,,0,0,1,0.0
1772380800000,GB,ALL_FEATURES,30599.0,,0,0,1,0.0
1772382600000,GB,ALL_FEATURES,31616.0,,0,0,1,0.0
1772384400000,GB,ALL_FEATURES,33100.0,,0,0,1,0.0
1772386200000,GB,ALL_FEATURES,33680.0,,0,0,1,0.0
1772388000000,GB,ALL_FEATURES,34565.0,,0,0,1,0.0
1772389800000,GB,ALL_FEATURES,33917.0,,0,0,1,0.0
1772391600000,GB,ALL_FEATURES,32785.0,,0,0,1,0.0
1772393400000,GB,ALL_FEATURES,31374.0,,0,0,1,0.0
1772395200000,GB,ALL_FEATURES,29803.0,,0,0,1,0.0
1772397000000,GB,ALL_FEATURES,28700.0,,0,0,1,0.0
1772398800000,GB,ALL_FEATURES,27286.0,,0,0,1,0.0
1772400600000,GB,ALL_FEATURES,26145.0,,0,0,1,0.0
1772402400000,GB,ALL_FEATURES,24339.0,,0,0,1,0.0
1772404200000,GB,ALL_FEATURES,22847.0,,0,0,1,0.0
1772406000000,GB,ALL_FEATURES,21873.0,,0,0,1,0.0
1772407800000,GB,ALL_FEATURES,20827.0,,0,0,1,0.0
1772409600000,GB,ALL_FEATURES,21224.0,,0,0,1,0.0
1772411400000,GB,ALL_FEATURES,21874.0,,0,0,1,0.0
1772413200000,GB,ALL_FEATURES,21970.0,,0,0,1,0.0
1772415000000,GB,ALL_FEATURES,21407.0,,0,0,1,0.0
1772416800000,GB,ALL_FEATURES,20998.0,,0,0,1,0.0
1772418600000,GB,ALL_FEATURES,20653.0,,0,0,1,0.0
1772420400000,GB,ALL_FEATURES,19951.0,,0,0,1,0.0
1772422200000,GB,ALL_FEATURES,19799.0,,0,0,1,0.0
1772424000000,GB,ALL_FEATURES,19737.0,,0,0,1,0.0
1772425800000,GB,ALL_FEATURES,19975.0,,0,0,1,0.0
1772427600000,GB,ALL_FEATURES,20452.0,,0,0,1,0.0
1772429400000,GB,ALL_FEATURES,21377.0,,0,0,1,0.0
1772431200000,GB,ALL_FEATURES,24100.0,,0,0,1,0.0
1772433000000,GB,ALL_FEATURES,26072.0,,0,0,1,0.0
1772434800000,GB,ALL_FEATURES,28948.0,,0,0,1,0.0
1772436600000,GB,ALL_FEATURES,29888.0,,0,0,1,0.0
1772438400000,GB,ALL_FEATURES,30494.0,,0,0,1,0.0
1772440200000,GB,ALL_FEATURES,30556.0,,0,0,1,0.0
1772442000000,GB,ALL_FEATURES,30042.0,,0,0,1,0.0
1772443800000,GB,ALL_FEATURES,29182.0,,0,0,1,0.0
1772445600000,GB,ALL_FEATURES,28287.0,,0,0,1,0.0
1772447400000,GB,ALL_FEATURES,27680.0,,0,0,1,0.0
1772449200000,GB,ALL_FEATURES,27276.0,,0,0,1,0.0
1772451000000,GB,ALL_FEATURES,26970.0,,0,0,1,0.0
1772452800000,GB,ALL_FEATURES,27173.0,,0,0,1,0.0
1772454600000,GB,ALL_FEATURES,27009.0,,0,0,1,0.0
1772456400000,GB,ALL_FEATURES,26477.0,,0,0,1,0.0
1772458200000,GB,ALL_FEATURES,25793.0,,0,0,1,0.0
1772460000000,GB,ALL_FEATURES,25673.0,,0,0,1,0.0
1772461800000,GB,ALL_FEATURES,26181.0,,0,0,1,0.0
1772463600000,GB,ALL_FEATURES,27008.0,,0,0,1,0.0
1772465400000,GB,ALL_FEATURES,28854.0,,0,0,1,0.0
1772467200000,GB,ALL_FEATURES,31063.0,,0,0,1,0.0
1772469000000,GB,ALL_FEATURES,33223.0,,0,0,1,0.0
1772470800000,GB,ALL_FEATURES,34709.0,,0,0,1,0.0
1772472600000,GB,ALL_FEATURES,36145.0,,0,0,1,0.0
1772474400000,GB,ALL_FEATURES,36959.0,,0,0,1,0.0
1772476200000,GB,ALL_FEATURES,36712.0,,0,0,1,0.0
1772478000000,GB,ALL_FEATURES,36998.0,,0,0,1,0.0
1772479800000,GB,ALL_FEATURES,35607.0,,0,0,1,0.0
1772481600000,GB,ALL_FEATURES,34692.0,,0,0,1,0.0
1772483400000,GB,ALL_FEATURES,33445.0,,0,0,1,0.0
1772485200000,GB,ALL_FEATURES,32194.0,,0,0,1,0.0
1772487000000,GB,ALL_FEATURES,30687.0,,0,0,1,0.0
1772488800000,GB,ALL_FEATURES,28781.0,,0,0,1,0.0
1772490600000,GB,ALL_FEATURES,27080.0,,0,0,1,0.0
1772492400000,GB,ALL_FEATURES,25869.0,,0,0,1,0.0
1772494200000,GB,ALL_FEATURES,24928.0,,0,0,1,0.0
1772496000000,GB,ALL_FEATURES,25687.0,,0,0,1,0.0
1772497800000,GB,ALL_FEATURES,25924.0,,0,0,1,0.0
1772499600000,GB,ALL_FEATURES,25498.0,,0,0,1,0.0
1772501400000,GB,ALL_FEATURES,25005.0,,0,0,1,0.0
1772503200000,GB,ALL_FEATURES,24816.0,,0,0,1,0.0
1772505000000,GB,ALL_FEATURES,24282.0,,0,0,1,0.0
1772506800000,GB,ALL_FEATURES,23868.0,,0,0,1,0.0
1772508600000,GB,ALL_FEATURES,23127.0,,0,0,1,0.0
1772510400000,GB,ALL_FEATURES,23158.0,,0,0,1,0.0
1772512200000,GB,ALL_FEATURES,23393.0,,0,0,1,0.0
1772514000000,GB,ALL_FEATURES,23191.0,,0,0,1,0.0
1772515800000,GB,ALL_FEATURES,24287.0,,0,0,1,0.0
1772517600000,GB,ALL_FEATURES,26843.0,,0,0,1,0.0
1772519400000,GB,ALL_FEATURES,28770.0,,0,0,1,0.0
1772521200000,GB,ALL_FEATURES,31790.0,,0,0,1,0.0
1772523000000,GB,ALL_FEATURES,32356.0,,0,0,1,0.0
1772524800000,GB,ALL_FEATURES,33200.0,,0,0,1,0.0
1772526600000,GB,ALL_FEATURES,32695.0,,0,0,1,0.0
1772528400000,GB,ALL_FEATURES,31800.0,,0,0,1,0.0
1772530200000,GB,ALL_FEATURES,31099.0,,0,0,1,0.0
1772532000000,GB,ALL_FEATURES,30111.0,,0,0,1,0.0
1772533800000,GB,ALL_FEATURES,56455.587342938634,,1,1,1,0.9011175694685695
1772535600000,GB,ALL_FEATURES,29074.0,,0,0,1,0.0
1772537400000,GB,ALL_FEATURES,29080.0,,0,0,1,0.0
1772539200000,GB,ALL_FEATURES,28856.0,,0,0,1,0.0
1772541000000,GB,ALL_FEATURES,28629.0,,0,0,1,0.0
1772542800000,GB,ALL_FEATURES,28433.0,,0,0,1,0.0
1772544600000,GB,ALL_FEATURES,28252.0,,0,0,1,0.0
1772546400000,GB,ALL_FEATURES,28546.0,,0,0,1,0.0
1772548200000,GB,ALL_FEATURES,29031.0,,0,0,1,0.0
1772550000000,GB,ALL_FEATURES,29698.0,,0,0,1,0.0
1772551800000,GB,ALL_FEATURES,31260.0,,0,0,1,0.0
1772553600000,GB,ALL_FEATURES,32874.0,,0,0,1,0.0
1772555400000,GB,ALL_FEATURES,34510.0,,0,0,1,0.0
1772557200000,GB,ALL_FEATURES,35856.0,,0,0,1,0.0
1772559000000,GB,ALL_FEATURES,37228.0,,0,0,1,0.0
1772560800000,GB,ALL_FEATURES,38160.0,,0,0,1,0.0
1772562600000,GB,ALL_FEATURES,38033.0,,0,0,1,0.0
1772564400000,GB,ALL_FEATURES,38036.0,,0,0,1,0.0
1772566200000,GB,ALL_FEATURES,36957.0,,0,0,1,0.0
1772568000000,GB,ALL_FEATURES,35800.0,,0,0,1,0.0
1772569800000,GB,ALL_FEATURES,34265.0,,0,0,1,0.0
1772571600000,GB,ALL_FEATURES,33126.0,,0,0,1,0.0
1772573400000,GB,ALL_FEATURES,31034.0,,0,0,1,0.0
1772575200000,GB,ALL_FEATURES,29297.0,,0,0,1,0.0
1772577000000,GB,ALL_FEATURES,27676.0,,0,0,1,0.0
1772578800000,GB,ALL_FEATURES,26391.0,,0,0,1,0.0
1772580600000,GB,ALL_FEATURES,25476.0,,0,0,1,0.0
1772582400000,GB,ALL_FEATURES,25839.0,,0,0,1,0.0
1772584200000,GB,ALL_FEATURES,26335.0,,0,0,1,0.0
1772586000000,GB,ALL_FEATURES,25899.0,,0,0,1,0.0
1772587800000,GB,ALL_FEATURES,25140.0,,1,0,0,0.7535612520176346
1772589600000,GB,ALL_FEATURES,24788.0,,0,0,1,0.0
1772591400000,GB,ALL_FEATURES,24305.0,,0,0,1,0.0
1772593200000,GB,ALL_FEATURES,24211.0,,0,0,1,0.0
1772595000000,GB,ALL_FEATURES,23728.0,,0,0,1,0.0
1772596800000,GB,ALL_FEATURES,23314.0,,0,0,1,0.0
1772598600000,GB,ALL_FEATURES,23590.0,,0,0,1,0.0
1772600400000,GB,ALL_FEATURES,23661.0,,0,0,1,0.0
1772602200000,GB,ALL_FEATURES,24425.0,,0,0,1,0.0
1772604000000,GB,ALL_FEATURES,26766.0,,0,0,1,0.0
1772605800000,GB,ALL_FEATURES,29145.0,,0,0,1,0.0
1772607600000,GB,ALL_FEATURES,32096.0,,0,0,1,0.0
1772609400000,GB,ALL_FEATURES,32789.0,,0,0,1,0.0
1772611200000,GB,ALL_FEATURES,32928.0,,0,0,1,0.0
1772613000000,GB,ALL_FEATURES,32953.0,,0,0,1,0.0
1772614800000,GB,ALL_FEATURES,32663.0,,0,0,1,0.0
1772616600000,GB,ALL_FEATURES,31583.0,,0,0,1,0.0
1772618400000,GB,ALL_FEATURES,31180.0,,0,0,1,0.0
1772620200000,GB,ALL_FEATURES,30136.0,,0,0,1,0.0
1772622000000,GB,ALL_FEATURES,29216.0,,0,0,1,0.0
1772623800000,GB,ALL_FEATURES,28221.0,,0,0,1,0.0
1772625600000,GB,ALL_FEATURES,27458.0,,0,0,1,0.0
1772627400000,GB,ALL_FEATURES,26903.0,,0,0,1,0.0
1772629200000,GB,ALL_FEATURES,26459.0,,0,0,1,0.0
1772631000000,GB,ALL_FEATURES,26385.0,,0,0,1,0.0
1772632800000,GB,ALL_FEATURES,26612.0,,0,0,1,0.0
1772634600000,GB,ALL_FEATURES,26791.0,,0,0,1,0.0
1772636400000,GB,ALL_FEATURES,27420.0,,0,0,1,0.0
1772638200000,GB,ALL_FEATURES,29377.0,,0,0,1,0.0
1772640000000,GB,ALL_FEATURES,30479.0,,0,0,1,0.0
1772641800000,GB,ALL_FEATURES,58976.36970797924,,1,1,1,0.8133742184908906
1772643600000,GB,ALL_FEATURES,34520.0,,0,0,1,0.0
1772645400000,GB,ALL_FEATURES,36330.0,,0,0,1,0.0
1772647200000,GB,ALL_FEATURES,37282.0,,0,0,1,0.0
1772649000000,GB,ALL_FEATURES,37435.0,,0,0,1,0.0
1772650800000,GB,ALL_FEATURES,37587.0,,0,0,1,0.0
1772652600000,GB,ALL_FEATURES,36483.0,,0,0,1,0.0
1772654400000,GB,ALL_FEATURES,34930.0,,0,0,1,0.0
1772656200000,GB,ALL_FEATURES,33529.0,,0,0,1,0.0
1772658000000,GB,ALL_FEATURES,32237.0,,0,0,1,0.0
1772659800000,GB,ALL_FEATURES,30667.0,,0,0,1,0.0
1772661600000,GB,ALL_FEATURES,28714.0,,0,0,1,0.0
1772663400000,GB,ALL_FEATURES,27439.0,,0,0,1,0.0
1772665200000,GB,ALL_FEATURES,25728.0,,0,0,1,0.0
1772667000000,GB,ALL_FEATURES,24919.0,,0,0,1,0.0
1772668800000,GB,ALL_FEATURES,25241.0,,0,0,1,0.0
1772670600000,GB,ALL_FEATURES,25863.0,,0,0,1,0.0
1772672400000,GB,ALL_FEATURES,25394.0,,0,0,1,0.0
1772674200000,GB,ALL_FEATURES,24785.0,,0,0,1,0.0
1772676000000,GB,ALL_FEATURES,24334.0,,0,0,1,0.0
1772677800000,GB,ALL_FEATURES,23932.0,,0,0,1,0.0
1772679600000,GB,ALL_FEATURES,23083.0,,0,0,1,0.0
1772681400000,GB,ALL_FEATURES,22655.0,,0,0,1,0.0
1772683200000,GB,ALL_FEATURES,22474.0,,0,0,1,0.0
1772685000000,GB,ALL_FEATURES,22438.0,,0,0,1,0.0
1772686800000,GB,ALL_FEATURES,22410.0,,0,0,1,0.0
1772688600000,GB,ALL_FEATURES,23286.0,,0,0,1,0.0
1772690400000,GB,ALL_FEATURES,25532.0,,0,0,1,0.0
1772692200000,GB,ALL_FEATURES,27676.0,,0,0,1,0.0
1772694000000,GB,ALL_FEATURES,31123.0,,0,0,1,0.0
1772695800000,GB,ALL_FEATURES,31687.0,,0,0,1,0.0
1772697600000,GB,ALL_FEATURES,31144.0,,0,0,1,0.0
1772699400000,GB,ALL_FEATURES,30567.0,,0,0,1,0.0
1772701200000,GB,ALL_FEATURES,29528.0,,0,0,1,0.0
1772703000000,GB,ALL_FEATURES,28598.0,,0,0,1,0.0
1772704800000,GB,ALL_FEATURES,27897.0,,0,0,1,0.0
1772706600000,GB,ALL_FEATURES,27291.0,,0,0,1,0.0
1772708400000,GB,ALL_FEATURES,26496.0,,0,0,1,0.0
1772710200000,GB,ALL_FEATURES,26045.0,,0,0,1,0.0
1772712000000,GB,ALL_FEATURES,25959.0,,0,0,1,0.0
1772713800000,GB,ALL_FEATURES,25725.0,,0,0,1,0.0
1772715600000,GB,ALL_FEATURES,26045.0,,0,0,1,0.0
1772717400000,GB,ALL_FEATURES,26259.0,,0,0,1,0.0
1772719200000,GB,ALL_FEATURES,26991.0,,0,0,1,0.0
1772721000000,GB,ALL_FEATURES,27775.0,,0,0,1,0.0
1772722800000,GB,ALL_FEATURES,28757.0,,0,0,1,0.0
1772724600000,GB,ALL_FEATURES,30626.0,,0,0,1,0.0
1772726400000,GB,ALL_FEATURES,31599.0,,0,0,1,0.0
1772728200000,GB,ALL_FEATURES,33208.0,,0,0,1,0.0
1772730000000,GB,ALL_FEATURES,34994.0,,0,0,1,0.0
1772731800000,GB,ALL_FEATURES,36352.0,,0,0,1,0.0
1772733600000,GB,ALL_FEATURES,37348.0,,0,0,1,0.0
1772735400000,GB,ALL_FEATURES,37320.0,,0,0,1,0.0
1772737200000,GB,ALL_FEATURES,37477.0,,0,0,1,0.0
1772739000000,GB,ALL_FEATURES,36388.0,,0,0,1,0.0
1772740800000,GB,ALL_FEATURES,34790.0,,0,0,1,0.0
1772742600000,GB,ALL_FEATURES,33125.0,,0,0,1,0.0
1772744400000,GB,ALL_FEATURES,31511.0,,0,0,1,0.0
1772746200000,GB,ALL_FEATURES,29922.0,,0,0,1,0.0
1772748000000,GB,ALL_FEATURES,27944.0,,0,0,1,0.0
1772749800000,GB,ALL_FEATURES,26790.0,,0,0,1,0.0
1772751600000,GB,ALL_FEATURES,25418.0,,0,0,1,0.0
1772753400000,GB,ALL_FEATURES,24634.0,,0,0,1,0.0
1772755200000,GB,ALL_FEATURES,25251.0,,0,0,1,0.0
1772757000000,GB,ALL_FEATURES,25855.0,,0,0,1,0.0
1772758800000,GB,ALL_FEATURES,25484.0,,0,0,1,0.0
1772760600000,GB,ALL_FEATURES,24722.0,,0,0,1,0.0
1772762400000,GB,ALL_FEATURES,24199.0,,0,0,1,0.0
1772764200000,GB,ALL_FEATURES,23475.0,,0,0,1,0.0
1772766000000,GB,ALL_FEATURES,22613.0,,0,0,1,0.0
1772767800000,GB,ALL_FEATURES,22104.0,,0,0,1,0.0
1772769600000,GB,ALL_FEATURES,21689.0,,0,0,1,0.0
1772771400000,GB,ALL_FEATURES,21892.0,,0,0,1,0.0
1772773200000,GB,ALL_FEATURES,22388.0,,0,0,1,0.0
1772775000000,GB,ALL_FEATURES,23350.0,,0,0,1,0.0
1772776800000,GB,ALL_FEATURES,25738.0,,0,0,1,0.0
1772778600000,GB,ALL_FEATURES,28037.0,,0,0,1,0.0
1772780400000,GB,ALL_FEATURES,31037.0,,0,0,1,0.0
1772782200000,GB,ALL_FEATURES,32500.0,,0,0,1,0.0
1772784000000,GB,ALL_FEATURES,33828.0,,0,0,1,0.0
1772785800000,GB,ALL_FEATURES,34255.0,,0,0,1,0.0
1772787600000,GB,ALL_FEATURES,34778.0,,0,0,1,0.0
1772789400000,GB,ALL_FEATURES,34494.0,,0,0,1,0.0
1772791200000,GB,ALL_FEATURES,34416.0,,0,0,1,0.0
1772793000000,GB,ALL_FEATURES,34667.0,,0,0,1,0.0
1772794800000,GB,ALL_FEATURES,35112.0,,0,0,1,0.0
1772796600000,GB,ALL_FEATURES,34979.0,,0,0,1,0.0
1772798400000,GB,ALL_FEATURES,34786.0,,0,0,1,0.0
1772800200000,GB,ALL_FEATURES,34865.0,,0,0,1,0.0
1772802000000,GB,ALL_FEATURES,34703.0,,0,0,1,0.0
1772803800000,GB,ALL_FEATURES,34428.0,,0,0,1,0.0
1772805600000,GB,ALL_FEATURES,34242.0,,0,0,1,0.0
1772807400000,GB,ALL_FEATURES,33979.0,,0,0,1,0.0
1772809200000,GB,ALL_FEATURES,33451.0,,1,1,1,0.9153655094453017
1772811000000,GB,ALL_FEATURES,34020.0,,0,0,1,0.0
1772812800000,GB,ALL_FEATURES,34696.0,,0,0,1,0.0
1772814600000,GB,ALL_FEATURES,35743.0,,0,0,1,0.0
1772816400000,GB,ALL_FEATURES,36153.0,,0,0,1,0.0
1772818200000,GB,ALL_FEATURES,37295.0,,0,0,1,0.0
1772820000000,GB,ALL_FEATURES,38133.0,,0,0,1,0.0
1772821800000,GB,ALL_FEATURES,37797.0,,0,0,1,0.0
1772823600000,GB,ALL_FEATURES,37927.0,,0,0,1,0.0
1772825400000,GB,ALL_FEATURES,36804.0,,0,0,1,0.0
1772827200000,GB,ALL_FEATURES,35368.0,,0,0,1,0.0
1772829000000,GB,ALL_FEATURES,34480.0,,0,0,1,0.0
1772830800000,GB,ALL_FEATURES,32912.0,,0,0,1,0.0
1772832600000,GB,ALL_FEATURES,31164.0,,0,0,1,0.0
1772834400000,GB,ALL_FEATURES,29564.0,,0,0,1,0.0
1772836200000,GB,ALL_FEATURES,28100.0,,0,0,1,0.0
1772838000000,GB,ALL_FEATURES,26838.0,,0,0,1,0.0
1772839800000,GB,ALL_FEATURES,25926.0,,0,0,1,0.0
1772841600000,GB,ALL_FEATURES,26286.0,,0,0,1,0.0
1772843400000,GB,ALL_FEATURES,27088.0,,0,0,1,0.0
1772845200000,GB,ALL_FEATURES,26500.0,,0,0,1,0.0
1772847000000,GB,ALL_FEATURES,26197.0,,0,0,1,0.0
1772848800000,GB,ALL_FEATURES,24921.0,,0,0,1,0.0
1772850600000,GB,ALL_FEATURES,24503.0,,0,0,1,0.0
1772852400000,GB,ALL_FEATURES,23806.0,,0,0,1,0.0
1772854200000,GB,ALL_FEATURES,23244.0,,0,0,1,0.0
1772856000000,GB,ALL_FEATURES,23208.0,,0,0,1,0.0
1772857800000,GB,ALL_FEATURES,22962.0,,0,0,1,0.0
1772859600000,GB,ALL_FEATURES,22880.0,,0,0,1,0.0
1772861400000,GB,ALL_FEATURES,22798.0,,0,0,1,0.0
1772863200000,GB,ALL_FEATURES,38008.63393398715,,1,1,1,0.5897207718427017
1772865000000,GB,ALL_FEATURES,24605.0,,0,0,1,0.0
1772866800000,GB,ALL_FEATURES,26415.0,,0,0,1,0.0
1772868600000,GB,ALL_FEATURES,27212.0,,0,0,1,0.0
1772870400000,GB,ALL_FEATURES,28445.0,,0,0,1,0.0
1772872200000,GB,ALL_FEATURES,29307.0,,0,0,1,0.0
1772874000000,GB,ALL_FEATURES,30197.0,,0,0,1,0.0
1772875800000,GB,ALL_FEATURES,30571.0,,0,0,1,0.0
1772877600000,GB,ALL_FEATURES,30510.0,,0,0,1,0.0
1772879400000,GB,ALL_FEATURES,30406.0,,0,0,1,0.0
1772881200000,GB,ALL_FEATURES,30467.0,,0,0,1,0.0
1772883000000,GB,ALL_FEATURES,30422.0,,0,0,1,0.0
1772884800000,GB,ALL_FEATURES,30423.0,,0,0,1,0.0
1772886600000,GB,ALL_FEATURES,30422.0,,0,0,1,0.0
1772888400000,GB,ALL_FEATURES,30693.0,,0,0,1,0.0
1772890200000,GB,ALL_FEATURES,30635.0,,0,0,1,0.0
1772892000000,GB,ALL_FEATURES,30607.0,,0,0,1,0.0
1772893800000,GB,ALL_FEATURES,30574.0,,0,0,1,0.0
1772895600000,GB,ALL_FEATURES,30945.0,,0,0,1,0.0
1772897400000,GB,ALL_FEATURES,31585.0,,0,0,1,0.0
1772899200000,GB,ALL_FEATURES,32025.0,,0,0,1,0.0
1772901000000,GB,ALL_FEATURES,32976.0,,0,0,1,0.0
1772902800000,GB,ALL_FEATURES,59253.95964830213,,1,1,1,0.7252572324443771
1772904600000,GB,ALL_FEATURES,35128.0,,0,0,1,0.0
1772906400000,GB,ALL_FEATURES,35610.0,,0,0,1,0.0
1772908200000,GB,ALL_FEATURES,35503.0,,0,0,1,0.0
1772910000000,GB,ALL_FEATURES,34784.0,,0,0,1,0.0
1772911800000,GB,ALL_FEATURES,33720.0,,0,0,1,0.0
1772913600000,GB,ALL_FEATURES,32898.0,,0,0,1,0.0
1772915400000,GB,ALL_FEATURES,32117.0,,0,0,1,0.0
1772917200000,GB,ALL_FEATURES,30796.0,,0,0,1,0.0
1772919000000,GB,ALL_FEATURES,29691.0,,0,0,1,0.0
1772920800000,GB,ALL_FEATURES,28283.0,,0,0,1,0.0
1772922600000,GB,ALL_FEATURES,26936.0,,0,0,1,0.0
1772924400000,GB,ALL_FEATURES,26016.0,,0,0,1,0.0
1772926200000,GB,ALL_FEATURES,25542.0,,0,0,1,0.0
1772928000000,GB,ALL_FEATURES,25323.0,,0,0,1,0.0
1772929800000,GB,ALL_FEATURES,25781.0,,0,0,1,0.0
1772931600000,GB,ALL_FEATURES,25452.0,,0,0,1,0.0
1772933400000,GB,ALL_FEATURES,24803.0,,0,0,1,0.0
1772935200000,GB,ALL_FEATURES,24397.0,,0,0,1,0.0
1772937000000,GB,ALL_FEATURES,23916.0,,0,0,1,0.0
1772938800000,GB,ALL_FEATURES,23283.0,,0,0,1,0.0
1772940600000,GB,ALL_FEATURES,22954.0,,0,0,1,0.0
1772942400000,GB,ALL_FEATURES,22973.0,,0,0,1,0.0
1772944200000,GB,ALL_FEATURES,22286.0,,0,0,1,0.0
1772946000000,GB,ALL_FEATURES,21992.0,,0,0,1,0.0
1772947800000,GB,ALL_FEATURES,22038.0,,0,0,1,0.0
1772949600000,GB,ALL_FEATURES,22886.0,,1,1,1,0.615738117278013
1772951400000,GB,ALL_FEATURES,23062.0,,0,0,1,0.0
1772953200000,GB,ALL_FEATURES,24348.0,,0,0,1,0.0
1772955000000,GB,ALL_FEATURES,24887.0,,0,0,1,0.0
1772956800000,GB,ALL_FEATURES,26458.0,,0,0,1,0.0
1772958600000,GB,ALL_FEATURES,27205.0,,0,0,1,0.0
1772960400000,GB,ALL_FEATURES,28506.0,,0,0,1,0.0
1772962200000,GB,ALL_FEATURES,29038.0,,0,0,1,0.0
1772964000000,GB,ALL_FEATURES,29292.0,,0,0,1,0.0
1772965800000,GB,ALL_FEATURES,29670.0,,0,0,1,0.0
1772967600000,GB,ALL_FEATURES,30050.0,,0,0,1,0.0
1772969400000,GB,ALL_FEATURES,30394.0,,0,0,1,0.0
1772971200000,GB,ALL_FEATURES,30945.0,,0,0,1,0.0
1772973000000,GB,ALL_FEATURES,31352.0,,0,0,1,0.0
1772974800000,GB,ALL_FEATURES,31452.0,,0,0,1,0.0
1772976600000,GB,ALL_FEATURES,31514.0,,0,0,1,0.0
1772978400000,GB,ALL_FEATURES,31565.0,,0,0,1,0.0
1772980200000,GB,ALL_FEATURES,31624.0,,0,0,1,0.0
1772982000000,GB,ALL_FEATURES,32053.0,,0,0,1,0.0
1772983800000,GB,ALL_FEATURES,32882.0,,0,0,1,0.0
1772985600000,GB,ALL_FEATURES,33855.0,,0,0,1,0.0
1772987400000,GB,ALL_FEATURES,35050.0,,0,0,1,0.0
1772989200000,GB,ALL_FEATURES,36123.0,,0,0,1,0.0
1772991000000,GB,ALL_FEATURES,36590.0,,0,0,1,0.0
1772992800000,GB,ALL_FEATURES,37077.0,,0,0,1,0.0
1772994600000,GB,ALL_FEATURES,36585.0,,0,0,1,0.0
1772996400000,GB,ALL_FEATURES,35652.0,,0,0,1,0.0
1772998200000,GB,ALL_FEATURES,34649.0,,0,0,1,0.0
1773000000000,GB,ALL_FEATURES,33131.0,,0,0,1,0.0
1773001800000,GB,ALL_FEATURES,32046.0,,0,0,1,0.0
1773003600000,GB,ALL_FEATURES,31036.0,,0,0,1,0.0
1773005400000,GB,ALL_FEATURES,29576.0,,0,0,1,0.0
1773007200000,GB,ALL_FEATURES,27933.0,,0,0,1,0.0
1773009000000,GB,ALL_FEATURES,26335.0,,0,0,1,0.0
1773010800000,GB,ALL_FEATURES,25254.0,,0,0,1,0.0
1773012600000,GB,ALL_FEATURES,24393.0,,0,0,1,0.0
1773014400000,GB,ALL_FEATURES,24779.0,,0,0,1,0.0
1773016200000,GB,ALL_FEATURES,25341.0,,0,0,1,0.0
1773018000000,GB,ALL_FEATURES,24734.0,,0,0,1,0.0
1773019800000,GB,ALL_FEATURES,24180.0,,0,0,1,0.0
1773021600000,GB,ALL_FEATURES,23890.0,,0,0,1,0.0
1773023400000,GB,ALL_FEATURES,23579.0,,0,0,1,0.0
1773025200000,GB,ALL_FEATURES,23397.0,,0,0,1,0.0
1773027000000,GB,ALL_FEATURES,23328.0,,0,0,1,0.0
1773028800000,GB,ALL_FEATURES,38345.551820607616,,1,0,0,0.6441088976807279
1773030600000,GB,ALL_FEATURES,23200.0,,0,0,1,0.0
1773032400000,GB,ALL_FEATURES,22867.0,,0,0,1,0.0
1773034200000,GB,ALL_FEATURES,23975.0,,0,0,1,0.0
1773036000000,GB,ALL_FEATURES,26488.0,,0,0,1,0.0
1773037800000,GB,ALL_FEATURES,28613.0,,0,0,1,0.0
1773039600000,GB,ALL_FEATURES,31886.0,,0,0,1,0.0
1773041400000,GB,ALL_FEATURES,32966.0,,0,0,1,0.0
1773043200000,GB,ALL_FEATURES,34412.0,,0,0,1,0.0
1773045000000,GB,ALL_FEATURES,35048.0,,0,0,1,0.0
1773046800000,GB,ALL_FEATURES,35439.0,,0,0,1,0.0
1773048600000,GB,ALL_FEATURES,35523.0,,0,0,1,0.0
1773050400000,GB,ALL_FEATURES,35287.0,,0,0,1,0.0
1773052200000,GB,ALL_FEATURES,34992.0,,0,0,1,0.0
1773054000000,GB,ALL_FEATURES,34694.0,,0,0,1,0.0
1773055800000,GB,ALL_FEATURES,34462.0,,0,0,1,0.0
1773057600000,GB,ALL_FEATURES,34632.0,,0,0,1,0.0
1773059400000,GB,ALL_FEATURES,34129.0,,0,0,1,0.0
1773061200000,GB,ALL_FEATURES,33894.0,,0,0,1,0.0
1773063000000,GB,ALL_FEATURES,33384.0,,0,0,1,0.0
1773064800000,GB,ALL_FEATURES,33125.0,,0,0,1,0.0
1773066600000,GB,ALL_FEATURES,32680.0,,0,0,1,0.0
1773068400000,GB,ALL_FEATURES,32619.0,,0,0,1,0.0
1773070200000,GB,ALL_FEATURES,33500.0,,0,0,1,0.0
1773072000000,GB,ALL_FEATURES,33851.0,,0,0,1,0.0
1773073800000,GB,ALL_FEATURES,34903.0,,0,0,1,0.0
1773075600000,GB,ALL_FEATURES,36246.0,,0,0,1,0.0
1773077400000,GB,ALL_FEATURES,37494.0,,0,0,1,0.0
1773079200000,GB,ALL_FEATURES,37957.0,,0,0,1,0.0
1773081000000,GB,ALL_FEATURES,37651.0,,0,0,1,0.0
1773082800000,GB,ALL_FEATURES,37715.0,,0,0,1,0.0
1773084600000,GB,ALL_FEATURES,36917.0,,0,0,1,0.0
1773086400000,GB,ALL_FEATURES,35371.0,,0,0,1,0.0
1773088200000,GB,ALL_FEATURES,33734.0,,0,0,1,0.0
1773090000000,GB,ALL_FEATURES,32387.0,,0,0,1,0.0
1773091800000,GB,ALL_FEATURES,30416.0,,0,0,1,0.0
1773093600000,GB,ALL_FEATURES,28706.0,,0,0,1,0.0
1773095400000,GB,ALL_FEATURES,26952.0,,0,0,1,0.0
1773097200000,GB,ALL_FEATURES,25685.0,,0,0,1,0.0
1773099000000,GB,ALL_FEATURES,24544.0,,0,0,1,0.0
1773100800000,GB,ALL_FEATURES,25207.0,,0,0,1,0.0
1773102600000,GB,ALL_FEATURES,25911.0,,0,0,1,0.0
1773104400000,GB,ALL_FEATURES,25448.0,,0,0,1,0.0
1773106200000,GB,ALL_FEATURES,24692.0,,0,0,1,0.0
1773108000000,GB,ALL_FEATURES,24137.0,,0,0,1,0.0
1773109800000,GB,ALL_FEATURES,24424.0,,0,0,1,0.0
1773111600000,GB,ALL_FEATURES,23749.0,,0,0,1,0.0
1773113400000,GB,ALL_FEATURES,23093.0,,0,0,1,0.0
1773115200000,GB,ALL_FEATURES,22583.0,,0,0,1,0.0
1773117000000,GB,ALL_FEATURES,22628.0,,0,0,1,0.0
1773118800000,GB,ALL_FEATURES,22972.0,,0,0,1,0.0
1773120600000,GB,ALL_FEATURES,23895.0,,0,0,1,0.0
1773122400000,GB,ALL_FEATURES,26016.0,,0,0,1,0.0
1773124200000,GB,ALL_FEATURES,27458.0,,0,0,1,0.0
1773126000000,GB,ALL_FEATURES,29779.0,,0,0,1,0.0
1773127800000,GB,ALL_FEATURES,30612.0,,0,0,1,0.0
1773129600000,GB,ALL_FEATURES,31638.0,,0,0,1,0.0
1773131400000,GB,ALL_FEATURES,31146.0,,0,0,1,0.0
1773133200000,GB,ALL_FEATURES,30734.0,,0,0,1,0.0
1773135000000,GB,ALL_FEATURES,29451.0,,0,0,1,0.0
1773136800000,GB,ALL_FEATURES,28205.0,,0,0,1,0.0
1773138600000,GB,ALL_FEATURES,26872.0,,0,0,1,0.0
1773140400000,GB,ALL_FEATURES,26887.0,,0,0,1,0.0
1773142200000,GB,ALL_FEATURES,27061.0,,0,0,1,0.0
1773144000000,GB,ALL_FEATURES,26829.0,,0,0,1,0.0
1773145800000,GB,ALL_FEATURES,26991.0,,0,0,1,0.0
1773147600000,GB,ALL_FEATURES,27440.0,,0,0,1,0.0
1773149400000,GB,ALL_FEATURES,27501.0,,0,0,1,0.0
1773151200000,GB,ALL_FEATURES,27941.0,,1,1,1,0.8408551845132874
1773153000000,GB,ALL_FEATURES,28472.0,,0,0,1,0.0
1773154800000,GB,ALL_FEATURES,28642.0,,0,0,1,0.0
1773156600000,GB,ALL_FEATURES,29784.0,,0,0,1,0.0
1773158400000,GB,ALL_FEATURES,31032.0,,0,0,1,0.0
1773160200000,GB,ALL_FEATURES,32230.0,,0,0,1,0.0
1773162000000,GB,ALL_FEATURES,33670.0,,0,0,1,0.0
1773163800000,GB,ALL_FEATURES,34721.0,,0,0,1,0.0
1773165600000,GB,ALL_FEATURES,2297.9716818219813,,1,1,1,0.9352592849183834
1773167400000,GB,ALL_FEATURES,35395.0,,0,0,1,0.0
1773169200000,GB,ALL_FEATURES,35011.0,,0,0,1,0.0
1773171000000,GB,ALL_FEATURES,33830.0,,0,0,1,0.0
1773172800000,GB,ALL_FEATURES,62934.20182862008,,1,1,1,0.9393609389115921
1773174600000,GB,ALL_FEATURES,11808.621943687065,,1,0,0,0.6204357962236166
1773176400000,GB,ALL_FEATURES,29137.0,,0,0,1,0.0
1773178200000,GB,ALL_FEATURES,27697.0,,0,0,1,0.0
1773180000000,GB,ALL_FEATURES,25904.0,,0,0,1,0.0
1773181800000,GB,ALL_FEATURES,24371.0,,0,0,1,0.0
1773183600000,GB,ALL_FEATURES,22664.0,,0,0,1,0.0
1773185400000,GB,ALL_FEATURES,22011.0,,0,0,1,0.0
1773187200000,GB,ALL_FEATURES,22416.0,,0,0,1,0.0
1773189000000,GB,ALL_FEATURES,23267.0,,0,0,1,0.0
1773190800000,GB,ALL_FEATURES,22756.0,,0,0,1,0.0
1773192600000,GB,ALL_FEATURES,22070.0,,0,0,1,0.0
1773194400000,GB,ALL_FEATURES,21965.0,,0,0,1,0.0
1773196200000,GB,ALL_FEATURES,21619.0,,0,0,1,0.0
1773198000000,GB,ALL_FEATURES,21045.0,,0,0,1,0.0
1773199800000,GB,ALL_FEATURES,20724.0,,0,0,1,0.0
1773201600000,GB,ALL_FEATURES,20546.0,,0,0,1,0.0
1773203400000,GB,ALL_FEATURES,20433.0,,0,0,1,0.0
1773205200000,GB,ALL_FEATURES,21026.0,,0,0,1,0.0
1773207000000,GB,ALL_FEATURES,21616.0,,0,0,1,0.0
1773208800000,GB,ALL_FEATURES,23795.0,,0,0,1,0.0
1773210600000,GB,ALL_FEATURES,25661.0,,0,0,1,0.0
1773212400000,GB,ALL_FEATURES,27958.0,,0,0,1,0.0
1773214200000,GB,ALL_FEATURES,28480.0,,0,0,1,0.0
1773216000000,GB,ALL_FEATURES,28584.0,,0,0,1,0.0
1773217800000,GB,ALL_FEATURES,27672.0,,0,0,1,0.0
1773219600000,GB,ALL_FEATURES,26776.0,,0,0,1,0.0
1773221400000,GB,ALL_FEATURES,26192.0,,0,0,1,0.0
1773223200000,GB,ALL_FEATURES,25133.0,,0,0,1,0.0
1773225000000,GB,ALL_FEATURES,24729.0,,0,0,1,0.0
1773226800000,GB,ALL_FEATURES,24392.0,,0,0,1,0.0
1773228600000,GB,ALL_FEATURES,24304.0,,0,0,1,0.0
1773230400000,GB,ALL_FEATURES,23962.0,,0,0,1,0.0
1773232200000,GB,ALL_FEATURES,23400.0,,0,0,1,0.0
1773234000000,GB,ALL_FEATURES,23222.0,,0,0,1,0.0
1773235800000,GB,ALL_FEATURES,23099.0,,0,0,1,0.0
1773237600000,GB,ALL_FEATURES,23029.0,,0,0,1,0.0
1773239400000,GB,ALL_FEATURES,23341.0,,0,0,1,0.0
1773241200000,GB,ALL_FEATURES,24228.0,,0,0,1,0.0
1773243000000,GB,ALL_FEATURES,25737.0,,0,0,1,0.0
1773244800000,GB,ALL_FEATURES,28063.0,,0,0,1,0.0
1773246600000,GB,ALL_FEATURES,30150.0,,0,0,1,0.0
1773248400000,GB,ALL_FEATURES,32988.0,,0,0,1,0.0
1773250200000,GB,ALL_FEATURES,34414.0,,0,0,1,0.0
1773252000000,GB,ALL_FEATURES,35172.0,,0,0,1,0.0
1773253800000,GB,ALL_FEATURES,35358.0,,0,0,1,0.0
1773255600000,GB,ALL_FEATURES,35249.0,,0,0,1,0.0
1773257400000,GB,ALL_FEATURES,34710.0,,0,0,1,0.0
1773259200000,GB,ALL_FEATURES,33569.0,,0,0,1,0.0
1773261000000,GB,ALL_FEATURES,32565.0,,0,0,1,0.0
1773262800000,GB,ALL_FEATURES,30364.0,,0,0,1,0.0
1773264600000,GB,ALL_FEATURES,28477.0,,0,0,1,0.0
1773266400000,GB,ALL_FEATURES,26518.0,,0,0,1,0.0
1773268200000,GB,ALL_FEATURES,25116.0,,0,0,1,0.0
1773270000000,GB,ALL_FEATURES,23500.0,,0,0,1,0.0
1773271800000,GB,ALL_FEATURES,22837.0,,0,0,1,0.0
1773273600000,GB,ALL_FEATURES,23100.0,,0,0,1,0.0
1773275400000,GB,ALL_FEATURES,23667.0,,0,0,1,0.0
1773277200000,GB,ALL_FEATURES,23358.0,,0,0,1,0.0
1773279000000,GB,ALL_FEATURES,22601.0,,0,0,1,0.0
1773280800000,GB,ALL_FEATURES,21703.0,,0,0,1,0.0
1773282600000,GB,ALL_FEATURES,21293.0,,0,0,1,0.0
1773284400000,GB,ALL_FEATURES,20834.0,,0,0,1,0.0
1773286200000,GB,ALL_FEATURES,20731.0,,0,0,1,0.0
1773288000000,GB,ALL_FEATURES,20509.0,,0,0,1,0.0
1773289800000,GB,ALL_FEATURES,20499.0,,0,0,1,0.0
1773291600000,GB,ALL_FEATURES,20516.0,,0,0,1,0.0
1773293400000,GB,ALL_FEATURES,21204.0,,0,0,1,0.0
1773295200000,GB,ALL_FEATURES,23736.0,,0,0,1,0.0
1773297000000,GB,ALL_FEATURES,25609.0,,0,0,1,0.0
1773298800000,GB,ALL_FEATURES,28481.0,,0,0,1,0.0
1773300600000,GB,ALL_FEATURES,28842.0,,0,0,1,0.0
1773302400000,GB,ALL_FEATURES,30302.0,,0,0,1,0.0
1773304200000,GB,ALL_FEATURES,30286.0,,0,0,1,0.0
1773306000000,GB,ALL_FEATURES,30353.0,,0,0,1,0.0
1773307800000,GB,ALL_FEATURES,30964.0,,0,0,1,0.0
1773309600000,GB,ALL_FEATURES,30701.0,,0,0,1,0.0
1773311400000,GB,ALL_FEATURES,30468.0,,0,0,1,0.0
1773313200000,GB,ALL_FEATURES,30740.0,,0,0,1,0.0
1773315000000,GB,ALL_FEATURES,31301.0,,0,0,1,0.0
1773316800000,GB,ALL_FEATURES,31623.0,,0,0,1,0.0
1773318600000,GB,ALL_FEATURES,31689.0,,0,0,1,0.0
1773320400000,GB,ALL_FEATURES,31616.0,,0,0,1,0.0
1773322200000,GB,ALL_FEATURES,31701.0,,0,0,1,0.0
1773324000000,GB,ALL_FEATURES,31957.0,,0,0,1,0.0
1773325800000,GB,ALL_FEATURES,31930.0,,0,0,1,0.0
1773327600000,GB,ALL_FEATURES,32147.0,,0,0,1,0.0
1773329400000,GB,ALL_FEATURES,32772.0,,0,0,1,0.0
1773331200000,GB,ALL_FEATURES,33367.0,,0,0,1,0.0
1773333000000,GB,ALL_FEATURES,34015.0,,0,0,1,0.0
1773334800000,GB,ALL_FEATURES,35379.0,,0,0,1,0.0
1773336600000,GB,ALL_FEATURES,36242.0,,0,0,1,0.0
1773338400000,GB,ALL_FEATURES,36557.0,,0,0,1,0.0
1773340200000,GB,ALL_FEATURES,36866.0,,0,0,1,0.0
1773342000000,GB,ALL_FEATURES,35792.0,,0,0,1,0.0
1773343800000,GB,ALL_FEATURES,34386.0,,0,0,1,0.0
1773345600000,GB,ALL_FEATURES,33247.0,,0,0,1,0.0
1773347400000,GB,ALL_FEATURES,32245.0,,0,0,1,0.0
1773349200000,GB,ALL_FEATURES,30648.0,,0,0,1,0.0
1773351000000,GB,ALL_FEATURES,29241.0,,0,0,1,0.0
1773352800000,GB,ALL_FEATURES,27324.0,,0,0,1,0.0
1773354600000,GB,ALL_FEATURES,26360.0,,0,0,1,0.0
1773356400000,GB,ALL_FEATURES,23976.0,,0,0,1,0.0
1773358200000,GB,ALL_FEATURES,23778.0,,0,0,1,0.0
1773360000000,GB,ALL_FEATURES,24076.0,,0,0,1,0.0
1773361800000,GB,ALL_FEATURES,24318.0,,0,0,1,0.0
1773363600000,GB,ALL_FEATURES,24052.0,,0,0,1,0.0
1773365400000,GB,ALL_FEATURES,23048.0,,0,0,1,0.0
1773367200000,GB,ALL_FEATURES,22673.0,,0,0,1,0.0
1773369000000,GB,ALL_FEATURES,22201.0,,0,0,1,0.0
1773370800000,GB,ALL_FEATURES,22151.0,,0,0,1,0.0
1773372600000,GB,ALL_FEATURES,21907.0,,0,0,1,0.0
1773374400000,GB,ALL_FEATURES,21529.0,,0,0,1,0.0
1773376200000,GB,ALL_FEATURES,21433.0,,0,0,1,0.0
1773378000000,GB,ALL_FEATURES,21599.0,,0,0,1,0.0
1773379800000,GB,ALL_FEATURES,22400.0,,0,0,1,0.0
1773381600000,GB,ALL_FEATURES,24806.0,,0,0,1,0.0
1773383400000,GB,ALL_FEATURES,26759.0,,0,0,1,0.0
1773385200000,GB,ALL_FEATURES,29357.0,,0,0,1,0.0
1773387000000,GB,ALL_FEATURES,29983.0,,0,0,1,0.0
1773388800000,GB,ALL_FEATURES,30205.0,,0,0,1,0.0
1773390600000,GB,ALL_FEATURES,30221.0,,0,0,1,0.0
1773392400000,GB,ALL_FEATURES,29963.0,,0,0,1,0.0
1773394200000,GB,ALL_FEATURES,29329.0,,0,0,1,0.0
1773396000000,GB,ALL_FEATURES,28579.0,,0,0,1,0.0
1773397800000,GB,ALL_FEATURES,27981.0,,0,0,1,0.0
1773399600000,GB,ALL_FEATURES,27695.0,,0,0,1,0.0
1773401400000,GB,ALL_FEATURES,27496.0,,0,0,1,0.0
1773403200000,GB,ALL_FEATURES,27576.0,,0,0,1,0.0
1773405000000,GB,ALL_FEATURES,27203.0,,1,1,1,0.7758402105631956
1773406800000,GB,ALL_FEATURES,27162.0,,0,0,1,0.0
1773408600000,GB,ALL_FEATURES,27318.0,,0,0,1,0.0
1773410400000,GB,ALL_FEATURES,27197.0,,0,0,1,0.0
1773412200000,GB,ALL_FEATURES,27597.0,,0,0,1,0.0
1773414000000,GB,ALL_FEATURES,27506.0,,0,0,1,0.0
1773415800000,GB,ALL_FEATURES,29033.0,,0,0,1,0.0
1773417600000,GB,ALL_FEATURES,30628.0,,0,0,1,0.0
1773419400000,GB,ALL_FEATURES,32309.0,,0,0,1,0.0
1773421200000,GB,ALL_FEATURES,34326.0,,0,0,1,0.0
1773423000000,GB,ALL_FEATURES,35409.0,,0,0,1,0.0
1773424800000,GB,ALL_FEATURES,36649.0,,0,0,1,0.0
1773426600000,GB,ALL_FEATURES,36863.0,,0,0,1,0.0
1773428400000,GB,ALL_FEATURES,36663.0,,0,0,1,0.0
1773430200000,GB,ALL_FEATURES,35994.0,,0,0,1,0.0
1773432000000,GB,ALL_FEATURES,34966.0,,0,0,1,0.0
1773433800000,GB,ALL_FEATURES,33684.0,,0,0,1,0.0
1773435600000,GB,ALL_FEATURES,32468.0,,0,0,1,0.0
1773437400000,GB,ALL_FEATURES,31434.0,,0,0,1,0.0
1773439200000,GB,ALL_FEATURES,30143.0,,0,0,1,0.0
1773441000000,GB,ALL_FEATURES,28465.0,,0,0,1,0.0
1773442800000,GB,ALL_FEATURES,27199.0,,0,0,1,0.0
1773444600000,GB,ALL_FEATURES,26443.0,,0,0,1,0.0
1773446400000,GB,ALL_FEATURES,26719.0,,0,0,1,0.0
1773448200000,GB,ALL_FEATURES,27316.0,,0,0,1,0.0
1773450000000,GB,ALL_FEATURES,26690.0,,0,0,1,0.0
1773451800000,GB,ALL_FEATURES,26178.0,,0,0,1,0.0
1773453600000,GB,ALL_FEATURES,25634.0,,0,0,1,0.0
1773455400000,GB,ALL_FEATURES,25163.0,,0,0,1,0.0
1773457200000,GB,ALL_FEATURES,24334.0,,0,0,1,0.0
1773459000000,GB,ALL_FEATURES,24070.0,,0,0,1,0.0
1773460800000,GB,ALL_FEATURES,23874.0,,0,0,1,0.0
1773462600000,GB,ALL_FEATURES,23881.0,,0,0,1,0.0
1773464400000,GB,ALL_FEATURES,23660.0,,0,0,1,0.0
1773466200000,GB,ALL_FEATURES,23850.0,,0,0,1,0.0
1773468000000,GB,ALL_FEATURES,24657.0,,0,0,1,0.0
1773469800000,GB,ALL_FEATURES,25225.0,,0,0,1,0.0
1773471600000,GB,ALL_FEATURES,25920.0,,0,0,1,0.0
1773473400000,GB,ALL_FEATURES,25734.0,,0,0,1,0.0
1773475200000,GB,ALL_FEATURES,25420.0,,0,0,1,0.0
1773477000000,GB,ALL_FEATURES,24765.0,,0,0,1,0.0
1773478800000,GB,ALL_FEATURES,23811.0,,0,0,1,0.0
1773480600000,GB,ALL_FEATURES,22765.0,,0,0,1,0.0
1773482400000,GB,ALL_FEATURES,22084.0,,0,0,1,0.0
1773484200000,GB,ALL_FEATURES,21266.0,,0,0,1,0.0
1773486000000,GB,ALL_FEATURES,35216.164521905994,,1,0,0,0.718196941935304
1773487800000,GB,ALL_FEATURES,20483.0,,0,0,1,0.0
1773489600000,GB,ALL_FEATURES,20442.0,,0,0,1,0.0
1773491400000,GB,ALL_FEATURES,20521.0,,0,0,1,0.0
1773493200000,GB,ALL_FEATURES,20518.0,,0,0,1,0.0
1773495000000,GB,ALL_FEATURES,21216.0,,0,0,1,0.0
1773496800000,GB,ALL_FEATURES,21717.0,,0,0,1,0.0
1773498600000,GB,ALL_FEATURES,22128.0,,0,0,1,0.0
1773500400000,GB,ALL_FEATURES,23016.0,,0,0,1,0.0
1773502200000,GB,ALL_FEATURES,24241.0,,0,0,1,0.0
1773504000000,GB,ALL_FEATURES,26153.0,,0,0,1,0.0
1773505800000,GB,ALL_FEATURES,28699.0,,0,0,1,0.0
1773507600000,GB,ALL_FEATURES,31280.0,,0,0,1,0.0
1773509400000,GB,ALL_FEATURES,32897.0,,0,0,1,0.0
1773511200000,GB,ALL_FEATURES,34466.0,,0,0,1,0.0
1773513000000,GB,ALL_FEATURES,34745.0,,0,0,1,0.0
1773514800000,GB,ALL_FEATURES,34902.0,,0,0,1,0.0
1773516600000,GB,ALL_FEATURES,34088.0,,0,0,1,0.0
1773518400000,GB,ALL_FEATURES,33267.0,,0,0,1,0.0
1773520200000,GB,ALL_FEATURES,32383.0,,0,0,1,0.0
1773522000000,GB,ALL_FEATURES,31220.0,,0,0,1,0.0
1773523800000,GB,ALL_FEATURES,30217.0,,0,0,1,0.0
1773525600000,GB,ALL_FEATURES,28328.0,,0,0,1,0.0
1773527400000,GB,ALL_FEATURES,27458.0,,0,0,1,0.0
1773529200000,GB,ALL_FEATURES,25826.0,,0,0,1,0.0
1773531000000,GB,ALL_FEATURES,24754.0,,0,0,1,0.0
1773532800000,GB,ALL_FEATURES,24962.0,,0,0,1,0.0
1773534600000,GB,ALL_FEATURES,25675.0,,0,0,1,0.0
1773536400000,GB,ALL_FEATURES,25245.0,,0,0,1,0.0
1773538200000,GB,ALL_FEATURES,24573.0,,0,0,1,0.0
1773540000000,GB,ALL_FEATURES,23803.0,,0,0,1,0.0
1773541800000,GB,ALL_FEATURES,23077.0,,0,0,1,0.0
1773543600000,GB,ALL_FEATURES,22224.0,,0,0,1,0.0
1773545400000,GB,ALL_FEATURES,21619.0,,0,0,1,0.0
1773547200000,GB,ALL_FEATURES,20606.0,,0,0,1,0.0
1773549000000,GB,ALL_FEATURES,20623.0,,0,0,1,0.0
1773550800000,GB,ALL_FEATURES,19524.0,,0,0,1,0.0
1773552600000,GB,ALL_FEATURES,19488.0,,0,0,1,0.0
1773554400000,GB,ALL_FEATURES,19622.0,,0,0,1,0.0
1773556200000,GB,ALL_FEATURES,20098.0,,0,0,1,0.0
1773558000000,GB,ALL_FEATURES,20499.0,,0,0,1,0.0
1773559800000,GB,ALL_FEATURES,20403.0,,0,0,1,0.0
1773561600000,GB,ALL_FEATURES,20458.0,,0,0,1,0.0
1773563400000,GB,ALL_FEATURES,20611.0,,0,0,1,0.0
1773565200000,GB,ALL_FEATURES,20912.0,,0,0,1,0.0
1773567000000,GB,ALL_FEATURES,20938.0,,0,0,1,0.0
1773568800000,GB,ALL_FEATURES,20972.0,,0,0,1,0.0
1773570600000,GB,ALL_FEATURES,20762.0,,0,0,1,0.0
1773572400000,GB,ALL_FEATURES,21204.0,,0,0,1,0.0
1773574200000,GB,ALL_FEATURES,21883.0,,0,0,1,0.0
1773576000000,GB,ALL_FEATURES,22986.0,,0,0,1,0.0
1773577800000,GB,ALL_FEATURES,23916.0,,0,0,1,0.0
1773579600000,GB,ALL_FEATURES,25112.0,,0,0,1,0.0
1773581400000,GB,ALL_FEATURES,25787.0,,0,0,1,0.0
1773583200000,GB,ALL_FEATURES,26462.0,,0,0,1,0.0
1773585000000,GB,ALL_FEATURES,26559.0,,0,0,1,0.0
1773586800000,GB,ALL_FEATURES,26870.0,,0,0,1,0.0
1773588600000,GB,ALL_FEATURES,27917.0,,0,0,1,0.0
1773590400000,GB,ALL_FEATURES,28975.0,,0,0,1,0.0
1773592200000,GB,ALL_FEATURES,29842.0,,0,0,1,0.0
1773594000000,GB,ALL_FEATURES,31177.0,,0,0,1,0.0
1773595800000,GB,ALL_FEATURES,32043.0,,0,0,1,0.0
1773597600000,GB,ALL_FEATURES,32673.0,,0,0,1,0.0
1773599400000,GB,ALL_FEATURES,33083.0,,0,0,1,0.0
1773601200000,GB,ALL_FEATURES,33187.0,,0,0,1,0.0
1773603000000,GB,ALL_FEATURES,32362.0,,0,0,1,0.0
1773604800000,GB,ALL_FEATURES,31303.0,,0,0,1,0.0
1773606600000,GB,ALL_FEATURES,30469.0,,0,0,1,0.0
1773608400000,GB,ALL_FEATURES,28997.0,,0,0,1,0.0
1773610200000,GB,ALL_FEATURES,28279.0,,0,0,1,0.0
1773612000000,GB,ALL_FEATURES,26173.0,,0,0,1,0.0
1773613800000,GB,ALL_FEATURES,25107.0,,0,0,1,0.0
1773615600000,GB,ALL_FEATURES,24085.0,,0,0,1,0.0
1773617400000,GB,ALL_FEATURES,23478.0,,0,0,1,0.0
1773619200000,GB,ALL_FEATURES,23685.0,,0,0,1,0.0
1773621000000,GB,ALL_FEATURES,24232.0,,0,0,1,0.0
1773622800000,GB,ALL_FEATURES,24006.0,,0,0,1,0.0
1773624600000,GB,ALL_FEATURES,23137.0,,0,0,1,0.0
1773626400000,GB,ALL_FEATURES,22681.0,,0,0,1,0.0
1773628200000,GB,ALL_FEATURES,22749.0,,0,0,1,0.0
1773630000000,GB,ALL_FEATURES,22201.0,,0,0,1,0.0
1773631800000,GB,ALL_FEATURES,21931.0,,0,0,1,0.0
1773633600000,GB,ALL_FEATURES,21441.0,,0,0,1,0.0
1773635400000,GB,ALL_FEATURES,21405.0,,0,0,1,0.0
1773637200000,GB,ALL_FEATURES,22046.0,,0,0,1,0.0
1773639000000,GB,ALL_FEATURES,22905.0,,0,0,1,0.0
1773640800000,GB,ALL_FEATURES,25757.0,,0,0,1,0.0
1773642600000,GB,ALL_FEATURES,27523.0,,0,0,1,0.0
1773644400000,GB,ALL_FEATURES,30084.0,,0,0,1,0.0
1773646200000,GB,ALL_FEATURES,31249.0,,0,0,1,0.0
1773648000000,GB,ALL_FEATURES,32243.0,,0,0,1,0.0
1773649800000,GB,ALL_FEATURES,32137.0,,0,0,1,0.0
1773651600000,GB,ALL_FEATURES,31777.0,,0,0,1,0.0
1773653400000,GB,ALL_FEATURES,31150.0,,0,0,1,0.0
1773655200000,GB,ALL_FEATURES,31085.0,,0,0,1,0.0
1773657000000,GB,ALL_FEATURES,30853.0,,0,0,1,0.0
1773658800000,GB,ALL_FEATURES,30700.0,,0,0,1,0.0
1773660600000,GB,ALL_FEATURES,30754.0,,0,0,1,0.0
1773662400000,GB,ALL_FEATURES,31017.0,,0,0,1,0.0
1773664200000,GB,ALL_FEATURES,31557.0,,0,0,1,0.0
1773666000000,GB,ALL_FEATURES,31796.0,,0,0,1,0.0
1773667800000,GB,ALL_FEATURES,32360.0,,0,0,1,0.0
1773669600000,GB,ALL_FEATURES,32649.0,,0,0,1,0.0
1773671400000,GB,ALL_FEATURES,32826.0,,0,0,1,0.0
1773673200000,GB,ALL_FEATURES,33291.0,,0,0,1,0.0
1773675000000,GB,ALL_FEATURES,34203.0,,0,0,1,0.0
1773676800000,GB,ALL_FEATURES,34608.0,,0,0,1,0.0
1773678600000,GB,ALL_FEATURES,35647.0,,0,0,1,0.0
1773680400000,GB,ALL_FEATURES,35968.0,,0,0,1,0.0
1773682200000,GB,ALL_FEATURES,37088.0,,0,0,1,0.0
1773684000000,GB,ALL_FEATURES,37132.0,,0,0,1,0.0
1773685800000,GB,ALL_FEATURES,35817.0,,0,0,1,0.0
1773687600000,GB,ALL_FEATURES,36396.0,,0,0,1,0.0
1773689400000,GB,ALL_FEATURES,35619.0,,0,0,1,0.0
1773691200000,GB,ALL_FEATURES,34079.0,,0,0,1,0.0
1773693000000,GB,ALL_FEATURES,33089.0,,0,0,1,0.0
1773694800000,GB,ALL_FEATURES,31283.0,,0,0,1,0.0
1773696600000,GB,ALL_FEATURES,29608.0,,0,0,1,0.0
1773698400000,GB,ALL_FEATURES,27594.0,,0,0,1,0.0
1773700200000,GB,ALL_FEATURES,26100.0,,0,0,1,0.0
1773702000000,GB,ALL_FEATURES,24262.0,,0,0,1,0.0
1773703800000,GB,ALL_FEATURES,23545.0,,0,0,1,0.0
1773705600000,GB,ALL_FEATURES,23846.0,,0,0,1,0.0
1773707400000,GB,ALL_FEATURES,24049.0,,0,0,1,0.0
1773709200000,GB,ALL_FEATURES,23576.0,,0,0,1,0.0
1773711000000,GB,ALL_FEATURES,22978.0,,0,0,1,0.0
1773712800000,GB,ALL_FEATURES,22941.0,,0,0,1,0.0
1773714600000,GB,ALL_FEATURES,22620.0,,0,0,1,0.0
1773716400000,GB,ALL_FEATURES,21912.0,,0,0,1,0.0
1773718200000,GB,ALL_FEATURES,21728.0,,0,0,1,0.0
1773720000000,GB,ALL_FEATURES,21395.0,,0,0,1,0.0
1773721800000,GB,ALL_FEATURES,21485.0,,0,0,1,0.0
1773723600000,GB,ALL_FEATURES,21516.0,,0,0,1,0.0
1773725400000,GB,ALL_FEATURES,22457.0,,0,0,1,0.0
1773727200000,GB,ALL_FEATURES,23895.0,,0,0,1,0.0
1773729000000,GB,ALL_FEATURES,25783.0,,0,0,1,0.0
1773730800000,GB,ALL_FEATURES,28616.0,,0,0,1,0.0
1773732600000,GB,ALL_FEATURES,29594.0,,0,0,1,0.0
1773734400000,GB,ALL_FEATURES,30440.0,,0,0,1,0.0
1773736200000,GB,ALL_FEATURES,29711.0,,0,0,1,0.0
1773738000000,GB,ALL_FEATURES,28799.0,,0,0,1,0.0
1773739800000,GB,ALL_FEATURES,27457.0,,0,0,1,0.0
1773741600000,GB,ALL_FEATURES,25798.0,,0,0,1,0.0
1773743400000,GB,ALL_FEATURES,24969.0,,0,0,1,0.0
1773745200000,GB,ALL_FEATURES,23742.0,,0,0,1,0.0
1773747000000,GB,ALL_FEATURES,23049.0,,0,0,1,0.0
1773748800000,GB,ALL_FEATURES,22085.0,,0,0,1,0.0
1773750600000,GB,ALL_FEATURES,21663.0,,0,0,1,0.0
1773752400000,GB,ALL_FEATURES,20803.0,,0,0,1,0.0
1773754200000,GB,ALL_FEATURES,20702.0,,0,0,1,0.0
1773756000000,GB,ALL_FEATURES,21040.0,,1,1,1,0.7583136258574671
1773757800000,GB,ALL_FEATURES,21653.0,,0,0,1,0.0
1773759600000,GB,ALL_FEATURES,22465.0,,0,0,1,0.0
1773761400000,GB,ALL_FEATURES,24328.0,,0,0,1,0.0
1773763200000,GB,ALL_FEATURES,26745.0,,0,0,1,0.0
1773765000000,GB,ALL_FEATURES,28636.0,,0,0,1,0.0
1773766800000,GB,ALL_FEATURES,30148.0,,0,0,1,0.0
1773768600000,GB,ALL_FEATURES,32925.0,,0,0,1,0.0
1773770400000,GB,ALL_FEATURES,33448.0,,0,0,1,0.0
1773772200000,GB,ALL_FEATURES,34656.0,,0,0,1,0.0
1773774000000,GB,ALL_FEATURES,35357.0,,0,0,1,0.0
1773775800000,GB,ALL_FEATURES,34496.0,,0,0,1,0.0
1773777600000,GB,ALL_FEATURES,33354.0,,0,0,1,0.0
1773779400000,GB,ALL_FEATURES,32225.0,,0,0,1,0.0
1773781200000,GB,ALL_FEATURES,31029.0,,0,0,1,0.0
1773783000000,GB,ALL_FEATURES,29601.0,,0,0,1,0.0
1773784800000,GB,ALL_FEATURES,28226.0,,0,0,1,0.0
1773786600000,GB,ALL_FEATURES,26460.0,,0,0,1,0.0
1773788400000,GB,ALL_FEATURES,25404.0,,0,0,1,0.0
1773790200000,GB,ALL_FEATURES,24708.0,,0,0,1,0.0
1773792000000,GB,ALL_FEATURES,43587.76851763447,,1,1,1,0.7346984724652551
1773793800000,GB,ALL_FEATURES,25360.0,,0,0,1,0.0
1773795600000,GB,ALL_FEATURES,25336.0,,0,0,1,0.0
1773797400000,GB,ALL_FEATURES,24752.0,,0,0,1,0.0
1773799200000,GB,ALL_FEATURES,24530.0,,0,0,1,0.0
1773801000000,GB,ALL_FEATURES,23853.0,,0,0,1,0.0
1773802800000,GB,ALL_FEATURES,36961.10027326413,,1,0,0,0.5570435703624623
1773804600000,GB,ALL_FEATURES,23230.0,,0,0,1,0.0
1773806400000,GB,ALL_FEATURES,23119.0,,0,0,1,0.0
1773808200000,GB,ALL_FEATURES,23287.0,,0,0,1,0.0
1773810000000,GB,ALL_FEATURES,23874.0,,0,0,1,0.0
1773811800000,GB,ALL_FEATURES,24603.0,,0,0,1,0.0
1773813600000,GB,ALL_FEATURES,26603.0,,0,0,1,0.0
1773815400000,GB,ALL_FEATURES,28645.0,,0,0,1,0.0
1773817200000,GB,ALL_FEATURES,29785.0,,0,0,1,0.0
1773819000000,GB,ALL_FEATURES,29824.0,,0,0,1,0.0
1773820800000,GB,ALL_FEATURES,29259.0,,0,0,1,0.0
1773822600000,GB,ALL_FEATURES,27892.0,,0,0,1,0.0
1773824400000,GB,ALL_FEATURES,26965.0,,0,0,1,0.0
1773826200000,GB,ALL_FEATURES,25712.0,,0,0,1,0.0
1773828000000,GB,ALL_FEATURES,24336.0,,0,0,1,0.0
1773829800000,GB,ALL_FEATURES,23526.0,,0,0,1,0.0
1773831600000,GB,ALL_FEATURES,22994.0,,0,0,1,0.0
1773833400000,GB,ALL_FEATURES,22744.0,,0,0,1,0.0
1773835200000,GB,ALL_FEATURES,22474.0,,0,0,1,0.0
1773837000000,GB,ALL_FEATURES,22459.0,,0,0,1,0.0
1773838800000,GB,ALL_FEATURES,21960.0,,0,0,1,0.0
1773840600000,GB,ALL_FEATURES,22247.0,,0,0,1,0.0
1773842400000,GB,ALL_FEATURES,22475.0,,0,0,1,0.0
1773844200000,GB,ALL_FEATURES,22874.0,,0,0,1,0.0
1773846000000,GB,ALL_FEATURES,23878.0,,0,0,1,0.0
1773847800000,GB,ALL_FEATURES,25996.0,,0,0,1,0.0
1773849600000,GB,ALL_FEATURES,27150.0,,0,0,1,0.0
1773851400000,GB,ALL_FEATURES,29235.0,,0,0,1,0.0
1773853200000,GB,ALL_FEATURES,31143.0,,0,0,1,0.0
1773855000000,GB,ALL_FEATURES,32866.0,,0,0,1,0.0
1773856800000,GB,ALL_FEATURES,35215.0,,0,0,1,0.0
1773858600000,GB,ALL_FEATURES,35971.0,,0,0,1,0.0
1773860400000,GB,ALL_FEATURES,36051.0,,0,0,1,0.0
1773862200000,GB,ALL_FEATURES,35748.0,,0,0,1,0.0
1773864000000,GB,ALL_FEATURES,34498.0,,0,0,1,0.0
1773865800000,GB,ALL_FEATURES,33456.0,,0,0,1,0.0
1773867600000,GB,ALL_FEATURES,31697.0,,0,0,1,0.0
1773869400000,GB,ALL_FEATURES,30005.0,,0,0,1,0.0
1773871200000,GB,ALL_FEATURES,28483.0,,0,0,1,0.0
1773873000000,GB,ALL_FEATURES,26637.0,,0,0,1,0.0
1773874800000,GB,ALL_FEATURES,26178.0,,0,0,1,0.0
1773876600000,GB,ALL_FEATURES,25645.0,,0,0,1,0.0
1773878400000,GB,ALL_FEATURES,25520.0,,0,0,1,0.0
1773880200000,GB,ALL_FEATURES,25857.0,,0,0,1,0.0
1773882000000,GB,ALL_FEATURES,25396.0,,0,0,1,0.0
1773883800000,GB,ALL_FEATURES,24782.0,,0,0,1,0.0
1773885600000,GB,ALL_FEATURES,24297.0,,0,0,1,0.0
1773887400000,GB,ALL_FEATURES,23710.0,,0,0,1,0.0
1773889200000,GB,ALL_FEATURES,23224.0,,0,0,1,0.0
1773891000000,GB,ALL_FEATURES,22957.0,,0,0,1,0.0
1773892800000,GB,ALL_FEATURES,22564.0,,0,0,1,0.0
1773894600000,GB,ALL_FEATURES,22410.0,,0,0,1,0.0
1773896400000,GB,ALL_FEATURES,23339.0,,0,0,1,0.0
1773898200000,GB,ALL_FEATURES,24220.0,,0,0,1,0.0
1773900000000,GB,ALL_FEATURES,26276.0,,0,0,1,0.0
1773901800000,GB,ALL_FEATURES,27676.0,,0,0,1,0.0
1773903600000,GB,ALL_FEATURES,30166.0,,0,0,1,0.0
1773905400000,GB,ALL_FEATURES,29852.0,,0,0,1,0.0
1773907200000,GB,ALL_FEATURES,29342.0,,0,0,1,0.0
1773909000000,GB,ALL_FEATURES,27962.0,,0,0,1,0.0
1773910800000,GB,ALL_FEATURES,26514.0,,0,0,1,0.0
1773912600000,GB,ALL_FEATURES,25045.0,,0,0,1,0.0
1773914400000,GB,ALL_FEATURES,23819.0,,0,0,1,0.0
1773916200000,GB,ALL_FEATURES,22595.0,,0,0,1,0.0
1773918000000,GB,ALL_FEATURES,22200.0,,0,0,1,0.0
1773919800000,GB,ALL_FEATURES,21478.0,,0,0,1,0.0
1773921600000,GB,ALL_FEATURES,21153.0,,0,0,1,0.0
1773923400000,GB,ALL_FEATURES,20936.0,,0,0,1,0.0
1773925200000,GB,ALL_FEATURES,20976.0,,0,0,1,0.0
1773927000000,GB,ALL_FEATURES,21276.0,,0,0,1,0.0
1773928800000,GB,ALL_FEATURES,21857.0,,0,0,1,0.0
1773930600000,GB,ALL_FEATURES,22726.0,,0,0,1,0.0
1773932400000,GB,ALL_FEATURES,23786.0,,0,0,1,0.0
1773934200000,GB,ALL_FEATURES,25779.0,,0,0,1,0.0
1773936000000,GB,ALL_FEATURES,27725.0,,0,0,1,0.0
1773937800000,GB,ALL_FEATURES,30188.0,,0,0,1,0.0
1773939600000,GB,ALL_FEATURES,31594.0,,0,0,1,0.0
1773941400000,GB,ALL_FEATURES,32988.0,,0,0,1,0.0
1773943200000,GB,ALL_FEATURES,34554.0,,0,0,1,0.0
1773945000000,GB,ALL_FEATURES,35004.0,,0,0,1,0.0
1773946800000,GB,ALL_FEATURES,36229.0,,0,0,1,0.0
1773948600000,GB,ALL_FEATURES,35752.0,,0,0,1,0.0
1773950400000,GB,ALL_FEATURES,33979.0,,0,0,1,0.0
1773952200000,GB,ALL_FEATURES,32869.0,,0,0,1,0.0
1773954000000,GB,ALL_FEATURES,31343.0,,0,0,1,0.0
1773955800000,GB,ALL_FEATURES,29952.0,,0,0,1,0.0
1773957600000,GB,ALL_FEATURES,28458.0,,0,0,1,0.0
1773959400000,GB,ALL_FEATURES,27058.0,,0,0,1,0.0
1773961200000,GB,ALL_FEATURES,26065.0,,0,0,1,0.0
1773963000000,GB,ALL_FEATURES,24984.0,,0,0,1,0.0
1773964800000,GB,ALL_FEATURES,25382.0,,0,0,1,0.0
1773966600000,GB,ALL_FEATURES,25813.0,,0,0,1,0.0
1773968400000,GB,ALL_FEATURES,25640.0,,0,0,1,0.0
1773970200000,GB,ALL_FEATURES,24945.0,,0,0,1,0.0
1773972000000,GB,ALL_FEATURES,24379.0,,0,0,1,0.0
1773973800000,GB,ALL_FEATURES,23897.0,,0,0,1,0.0
1773975600000,GB,ALL_FEATURES,23668.0,,0,0,1,0.0
1773977400000,GB,ALL_FEATURES,23095.0,,0,0,1,0.0
1773979200000,GB,ALL_FEATURES,22730.0,,0,0,1,0.0
1773981000000,GB,ALL_FEATURES,22759.0,,0,0,1,0.0
1773982800000,GB,ALL_FEATURES,22543.0,,0,0,1,0.0
1773984600000,GB,ALL_FEATURES,23455.0,,0,0,1,0.0
1773986400000,GB,ALL_FEATURES,25961.0,,0,0,1,0.0
1773988200000,GB,ALL_FEATURES,27558.0,,0,0,1,0.0
1773990000000,GB,ALL_FEATURES,30336.0,,0,0,1,0.0
1773991800000,GB,ALL_FEATURES,30900.0,,0,0,1,0.0
1773993600000,GB,ALL_FEATURES,31224.0,,0,0,1,0.0
1773995400000,GB,ALL_FEATURES,31097.0,,0,0,1,0.0
1773997200000,GB,ALL_FEATURES,30445.0,,0,0,1,0.0
1773999000000,GB,ALL_FEATURES,29279.0,,0,0,1,0.0
1774000800000,GB,ALL_FEATURES,27955.0,,0,0,1,0.0
1774002600000,GB,ALL_FEATURES,26862.0,,0,0,1,0.0
1774004400000,GB,ALL_FEATURES,26089.0,,0,0,1,0.0
1774006200000,GB,ALL_FEATURES,25223.0,,0,0,1,0.0
1774008000000,GB,ALL_FEATURES,24588.0,,0,0,1,0.0
1774009800000,GB,ALL_FEATURES,24423.0,,0,0,1,0.0
1774011600000,GB,ALL_FEATURES,23835.0,,0,0,1,0.0
1774013400000,GB,ALL_FEATURES,23700.0,,0,0,1,0.0
1774015200000,GB,ALL_FEATURES,24099.0,,0,0,1,0.0
1774017000000,GB,ALL_FEATURES,24246.0,,0,0,1,0.0
1774018800000,GB,ALL_FEATURES,24868.0,,0,0,1,0.0
1774020600000,GB,ALL_FEATURES,26056.0,,0,0,1,0.0
1774022400000,GB,ALL_FEATURES,27541.0,,0,0,1,0.0
1774024200000,GB,ALL_FEATURES,29546.0,,0,0,1,0.0
1774026000000,GB,ALL_FEATURES,31156.0,,0,0,1,0.0
1774027800000,GB,ALL_FEATURES,32647.0,,0,0,1,0.0
1774029600000,GB,ALL_FEATURES,34094.0,,0,0,1,0.0
1774031400000,GB,ALL_FEATURES,34534.0,,0,0,1,0.0
1774033200000,GB,ALL_FEATURES,34683.0,,0,0,1,0.0
1774035000000,GB,ALL_FEATURES,34077.0,,0,0,1,0.0
1774036800000,GB,ALL_FEATURES,32920.0,,0,0,1,0.0
1774038600000,GB,ALL_FEATURES,31958.0,,0,0,1,0.0
1774040400000,GB,ALL_FEATURES,30486.0,,0,0,1,0.0
1774042200000,GB,ALL_FEATURES,29048.0,,0,0,1,0.0
1774044000000,GB,ALL_FEATURES,27691.0,,0,0,1,0.0
1774045800000,GB,ALL_FEATURES,26398.0,,0,0,1,0.0
1774047600000,GB,ALL_FEATURES,25435.0,,0,0,1,0.0
1774049400000,GB,ALL_FEATURES,24546.0,,0,0,1,0.0
1774051200000,GB,ALL_FEATURES,25024.0,,0,0,1,0.0
1774053000000,GB,ALL_FEATURES,24957.0,,0,0,1,0.0
1774054800000,GB,ALL_FEATURES,24834.0,,0,0,1,0.0
1774056600000,GB,ALL_FEATURES,24264.0,,0,0,1,0.0
1774058400000,GB,ALL_FEATURES,23807.0,,0,0,1,0.0
1774060200000,GB,ALL_FEATURES,23498.0,,0,0,1,0.0
1774062000000,GB,ALL_FEATURES,23301.0,,0,0,1,0.0
1774063800000,GB,ALL_FEATURES,22739.0,,0,0,1,0.0
1774065600000,GB,ALL_FEATURES,22481.0,,0,0,1,0.0
1774067400000,GB,ALL_FEATURES,22448.0,,0,0,1,0.0
1774069200000,GB,ALL_FEATURES,22269.0,,0,0,1,0.0
1774071000000,GB,ALL_FEATURES,22375.0,,0,0,1,0.0
1774072800000,GB,ALL_FEATURES,23604.0,,0,0,1,0.0
1774074600000,GB,ALL_FEATURES,24150.0,,0,0,1,0.0
1774076400000,GB,ALL_FEATURES,24803.0,,0,0,1,0.0
1774078200000,GB,ALL_FEATURES,25013.0,,0,0,1,0.0
1774080000000,GB,ALL_FEATURES,25128.0,,0,0,1,0.0
1774081800000,GB,ALL_FEATURES,24799.0,,0,0,1,0.0
1774083600000,GB,ALL_FEATURES,24046.0,,0,0,1,0.0
1774085400000,GB,ALL_FEATURES,22949.0,,0,0,1,0.0
1774087200000,GB,ALL_FEATURES,21594.0,,0,0,1,0.0
1774089000000,GB,ALL_FEATURES,20549.0,,0,0,1,0.0
1774090800000,GB,ALL_FEATURES,19959.0,,0,0,1,0.0
1774092600000,GB,ALL_FEATURES,19192.0,,0,0,1,0.0
1774094400000,GB,ALL_FEATURES,18707.0,,0,0,1,0.0
1774096200000,GB,ALL_FEATURES,18464.0,,0,0,1,0.0
1774098000000,GB,ALL_FEATURES,18147.0,,0,0,1,0.0
1774099800000,GB,ALL_FEATURES,18330.0,,0,0,1,0.0
1774101600000,GB,ALL_FEATURES,18373.0,,0,0,1,0.0
1774103400000,GB,ALL_FEATURES,18873.0,,0,0,1,0.0
1774105200000,GB,ALL_FEATURES,19863.0,,0,0,1,0.0
1774107000000,GB,ALL_FEATURES,21298.0,,0,0,1,0.0
1774108800000,GB,ALL_FEATURES,23277.0,,0,0,1,0.0
1774110600000,GB,ALL_FEATURES,25525.0,,0,0,1,0.0
1774112400000,GB,ALL_FEATURES,28255.0,,0,0,1,0.0
1774114200000,GB,ALL_FEATURES,30129.0,,0,0,1,0.0
1774116000000,GB,ALL_FEATURES,31638.0,,0,0,1,0.0
1774117800000,GB,ALL_FEATURES,32410.0,,0,0,1,0.0
1774119600000,GB,ALL_FEATURES,32537.0,,0,0,1,0.0
1774121400000,GB,ALL_FEATURES,31746.0,,0,0,1,0.0
1774123200000,GB,ALL_FEATURES,30760.0,,0,0,1,0.0
1774125000000,GB,ALL_FEATURES,30278.0,,0,0,1,0.0
1774126800000,GB,ALL_FEATURES,29661.0,,0,0,1,0.0
1774128600000,GB,ALL_FEATURES,28231.0,,0,0,1,0.0
1774130400000,GB,ALL_FEATURES,26717.0,,0,0,1,0.0
1774132200000,GB,ALL_FEATURES,25394.0,,0,0,1,0.0
1774134000000,GB,ALL_FEATURES,24593.0,,0,0,1,0.0
1774135800000,GB,ALL_FEATURES,23859.0,,0,0,1,0.0
1774137600000,GB,ALL_FEATURES,24292.0,,0,0,1,0.0
1774139400000,GB,ALL_FEATURES,24526.0,,0,0,1,0.0
1774141200000,GB,ALL_FEATURES,23944.0,,0,0,1,0.0
1774143000000,GB,ALL_FEATURES,23553.0,,0,0,1,0.0
1774144800000,GB,ALL_FEATURES,22708.0,,0,0,1,0.0
1774146600000,GB,ALL_FEATURES,22137.0,,0,0,1,0.0
1774148400000,GB,ALL_FEATURES,21641.0,,0,0,1,0.0
1774150200000,GB,ALL_FEATURES,21373.0,,0,0,1,0.0
1774152000000,GB,ALL_FEATURES,21077.0,,0,0,1,0.0
1774153800000,GB,ALL_FEATURES,20823.0,,0,0,1,0.0
1774155600000,GB,ALL_FEATURES,20842.0,,0,0,1,0.0
1774157400000,GB,ALL_FEATURES,20665.0,,0,0,1,0.0
1774159200000,GB,ALL_FEATURES,21369.0,,0,0,1,0.0
1774161000000,GB,ALL_FEATURES,21633.0,,0,0,1,0.0
1774162800000,GB,ALL_FEATURES,22033.0,,0,0,1,0.0
1774164600000,GB,ALL_FEATURES,22000.0,,0,0,1,0.0
1774166400000,GB,ALL_FEATURES,22413.0,,0,0,1,0.0
1774168200000,GB,ALL_FEATURES,22385.0,,0,0,1,0.0
1774170000000,GB,ALL_FEATURES,22191.0,,0,0,1,0.0
1774171800000,GB,ALL_FEATURES,21516.0,,0,0,1,0.0
1774173600000,GB,ALL_FEATURES,21076.0,,0,0,1,0.0
1774175400000,GB,ALL_FEATURES,20679.0,,0,0,1,0.0
1774177200000,GB,ALL_FEATURES,20724.0,,0,0,1,0.0
1774179000000,GB,ALL_FEATURES,20538.0,,0,0,1,0.0
1774180800000,GB,ALL_FEATURES,20937.0,,0,0,1,0.0
1774182600000,GB,ALL_FEATURES,21431.0,,0,0,1,0.0
1774184400000,GB,ALL_FEATURES,21870.0,,0,0,1,0.0
1774186200000,GB,ALL_FEATURES,22393.0,,0,0,1,0.0
1774188000000,GB,ALL_FEATURES,23268.0,,0,0,1,0.0
1774189800000,GB,ALL_FEATURES,24198.0,,0,0,1,0.0
1774191600000,GB,ALL_FEATURES,25519.0,,0,0,1,0.0
1774193400000,GB,ALL_FEATURES,10139.007101912706,,1,1,1,0.6243281669601428
1774195200000,GB,ALL_FEATURES,28740.0,,0,0,1,0.0
1774197000000,GB,ALL_FEATURES,30558.0,,0,0,1,0.0
1774198800000,GB,ALL_FEATURES,31894.0,,0,0,1,0.0
1774200600000,GB,ALL_FEATURES,32759.0,,0,0,1,0.0
1774202400000,GB,ALL_FEATURES,33367.0,,0,0,1,0.0
1774204200000,GB,ALL_FEATURES,33583.0,,0,0,1,0.0
1774206000000,GB,ALL_FEATURES,33227.0,,0,0,1,0.0
1774207800000,GB,ALL_FEATURES,32458.0,,0,0,1,0.0
1774209600000,GB,ALL_FEATURES,31653.0,,0,0,1,0.0
1774211400000,GB,ALL_FEATURES,30760.0,,0,0,1,0.0
1774213200000,GB,ALL_FEATURES,29647.0,,0,0,1,0.0
1774215000000,GB,ALL_FEATURES,28385.0,,0,0,1,0.0
1774216800000,GB,ALL_FEATURES,26688.0,,0,0,1,0.0
1774218600000,GB,ALL_FEATURES,24983.0,,0,0,1,0.0
1774220400000,GB,ALL_FEATURES,23966.0,,0,0,1,0.0
1774222200000,GB,ALL_FEATURES,23495.0,,0,0,1,0.0
1774224000000,GB,ALL_FEATURES,23641.0,,0,0,1,0.0
1774225800000,GB,ALL_FEATURES,24441.0,,0,0,1,0.0
1774227600000,GB,ALL_FEATURES,24483.0,,0,0,1,0.0
1774229400000,GB,ALL_FEATURES,23977.0,,0,0,1,0.0
1774231200000,GB,ALL_FEATURES,23253.0,,0,0,1,0.0
1774233000000,GB,ALL_FEATURES,22839.0,,0,0,1,0.0
1774234800000,GB,ALL_FEATURES,22393.0,,0,0,1,0.0
1774236600000,GB,ALL_FEATURES,22235.0,,0,0,1,0.0
1774238400000,GB,ALL_FEATURES,22073.0,,0,0,1,0.0
1774240200000,GB,ALL_FEATURES,22302.0,,0,0,1,0.0
1774242000000,GB,ALL_FEATURES,22761.0,,0,0,1,0.0
1774243800000,GB,ALL_FEATURES,23745.0,,0,0,1,0.0
1774245600000,GB,ALL_FEATURES,26014.0,,0,0,1,0.0
1774247400000,GB,ALL_FEATURES,27472.0,,0,0,1,0.0
1774249200000,GB,ALL_FEATURES,30430.0,,0,0,1,0.0
1774251000000,GB,ALL_FEATURES,31246.0,,0,0,1,0.0
1774252800000,GB,ALL_FEATURES,31701.0,,0,0,1,0.0
1774254600000,GB,ALL_FEATURES,31300.0,,0,0,1,0.0
1774256400000,GB,ALL_FEATURES,9040.344967881809,,1,1,1,0.7096124576679362
1774258200000,GB,ALL_FEATURES,30255.0,,0,0,1,0.0
1774260000000,GB,ALL_FEATURES,29232.0,,0,0,1,0.0
1774261800000,GB,ALL_FEATURES,28438.0,,0,0,1,0.0
1774263600000,GB,ALL_FEATURES,27612.0,,0,0,1,0.0
1774265400000,GB,ALL_FEATURES,26890.0,,0,0,1,0.0
1774267200000,GB,ALL_FEATURES,26896.0,,0,0,1,0.0
1774269000000,GB,ALL_FEATURES,26738.0,,0,0,1,0.0
1774270800000,GB,ALL_FEATURES,27121.0,,0,0,1,0.0
1774272600000,GB,ALL_FEATURES,27358.0,,0,0,1,0.0
1774274400000,GB,ALL_FEATURES,27746.0,,0,0,1,0.0
1774276200000,GB,ALL_FEATURES,28023.0,,0,0,1,0.0
1774278000000,GB,ALL_FEATURES,28091.0,,0,0,1,0.0
1774279800000,GB,ALL_FEATURES,29531.0,,0,0,1,0.0
1774281600000,GB,ALL_FEATURES,30777.0,,0,0,1,0.0
1774283400000,GB,ALL_FEATURES,32022.0,,0,0,1,0.0
1774285200000,GB,ALL_FEATURES,33235.0,,0,0,1,0.0
1774287000000,GB,ALL_FEATURES,34303.0,,0,0,1,0.0
1774288800000,GB,ALL_FEATURES,34386.0,,0,0,1,0.0
1774290600000,GB,ALL_FEATURES,34957.0,,0,0,1,0.0
1774292400000,GB,ALL_FEATURES,35207.0,,0,0,1,0.0
1774294200000,GB,ALL_FEATURES,33720.0,,0,0,1,0.0
1774296000000,GB,ALL_FEATURES,32567.0,,0,0,1,0.0
1774297800000,GB,ALL_FEATURES,31102.0,,0,0,1,0.0
1774299600000,GB,ALL_FEATURES,29506.0,,0,0,1,0.0
1774301400000,GB,ALL_FEATURES,27831.0,,0,0,1,0.0
1774303200000,GB,ALL_FEATURES,25724.0,,0,0,1,0.0
1774305000000,GB,ALL_FEATURES,24206.0,,0,0,1,0.0
1774306800000,GB,ALL_FEATURES,23109.0,,0,0,1,0.0
1774308600000,GB,ALL_FEATURES,22377.0,,0,0,1,0.0
1774310400000,GB,ALL_FEATURES,22366.0,,0,0,1,0.0
1774312200000,GB,ALL_FEATURES,22827.0,,0,0,1,0.0
1774314000000,GB,ALL_FEATURES,22358.0,,0,0,1,0.0
1774315800000,GB,ALL_FEATURES,21650.0,,0,0,1,0.0
1774317600000,GB,ALL_FEATURES,21152.0,,0,0,1,0.0
1774319400000,GB,ALL_FEATURES,20923.0,,0,0,1,0.0
1774321200000,GB,ALL_FEATURES,20350.0,,0,0,1,0.0
1774323000000,GB,ALL_FEATURES,19367.0,,0,0,1,0.0
1774324800000,GB,ALL_FEATURES,19114.0,,0,0,1,0.0
1774326600000,GB,ALL_FEATURES,19202.0,,0,0,1,0.0
1774328400000,GB,ALL_FEATURES,19711.0,,0,0,1,0.0
1774330200000,GB,ALL_FEATURES,20437.0,,0,0,1,0.0
1774332000000,GB,ALL_FEATURES,23042.0,,0,0,1,0.0
1774333800000,GB,ALL_FEATURES,24907.0,,0,0,1,0.0
1774335600000,GB,ALL_FEATURES,12300.990816897416,,1,0,0,0.5559369402946674
1774337400000,GB,ALL_FEATURES,28470.0,,0,0,1,0.0
1774339200000,GB,ALL_FEATURES,29523.0,,0,0,1,0.0
1774341000000,GB,ALL_FEATURES,29402.0,,0,0,1,0.0
1774342800000,GB,ALL_FEATURES,29789.0,,0,0,1,0.0
1774344600000,GB,ALL_FEATURES,29682.0,,1,1,1,0.520914429084429
1774346400000,GB,ALL_FEATURES,29416.0,,0,0,1,0.0
1774348200000,GB,ALL_FEATURES,29396.0,,0,0,1,0.0
1774350000000,GB,ALL_FEATURES,29360.0,,0,0,1,0.0
1774351800000,GB,ALL_FEATURES,29533.0,,0,0,1,0.0
1774353600000,GB,ALL_FEATURES,29389.0,,0,0,1,0.0
1774355400000,GB,ALL_FEATURES,29125.0,,0,0,1,0.0
1774357200000,GB,ALL_FEATURES,28874.0,,0,0,1,0.0
1774359000000,GB,ALL_FEATURES,29040.0,,0,0,1,0.0
1774360800000,GB,ALL_FEATURES,28810.0,,0,0,1,0.0
1774362600000,GB,ALL_FEATURES,28822.0,,0,0,1,0.0
1774364400000,GB,ALL_FEATURES,29349.0,,0,0,1,0.0
1774366200000,GB,ALL_FEATURES,30377.0,,0,0,1,0.0
1774368000000,GB,ALL_FEATURES,31583.0,,0,0,1,0.0
1774369800000,GB,ALL_FEATURES,33138.0,,0,0,1,0.0
1774371600000,GB,ALL_FEATURES,34242.0,,0,0,1,0.0
1774373400000,GB,ALL_FEATURES,35035.0,,0,0,1,0.0
1774375200000,GB,ALL_FEATURES,35544.0,,0,0,1,0.0
1774377000000,GB,ALL_FEATURES,35539.0,,0,0,1,0.0
1774378800000,GB,ALL_FEATURES,35408.0,,0,0,1,0.0
1774380600000,GB,ALL_FEATURES,34473.0,,0,0,1,0.0
1774382400000,GB,ALL_FEATURES,32655.0,,0,0,1,0.0
1774384200000,GB,ALL_FEATURES,31668.0,,0,0,1,0.0
1774386000000,GB,ALL_FEATURES,48400.954437535875,,1,0,0,0.6112168587728322
1774387800000,GB,ALL_FEATURES,28243.0,,0,0,1,0.0
1774389600000,GB,ALL_FEATURES,26358.0,,0,0,1,0.0
1774391400000,GB,ALL_FEATURES,24994.0,,0,0,1,0.0
1774393200000,GB,ALL_FEATURES,23157.0,,0,0,1,0.0
1774395000000,GB,ALL_FEATURES,22861.0,,0,0,1,0.0
1774396800000,GB,ALL_FEATURES,23377.0,,0,0,1,0.0
1774398600000,GB,ALL_FEATURES,23779.0,,0,0,1,0.0
1774400400000,GB,ALL_FEATURES,22984.0,,0,0,1,0.0
1774402200000,GB,ALL_FEATURES,22749.0,,0,0,1,0.0
1774404000000,GB,ALL_FEATURES,22523.0,,0,0,1,0.0
1774405800000,GB,ALL_FEATURES,21925.0,,0,0,1,0.0
1774407600000,GB,ALL_FEATURES,21550.0,,0,0,1,0.0
1774409400000,GB,ALL_FEATURES,20949.0,,0,0,1,0.0
1774411200000,GB,ALL_FEATURES,20690.0,,0,0,1,0.0
1774413000000,GB,ALL_FEATURES,20716.0,,0,0,1,0.0
1774414800000,GB,ALL_FEATURES,21550.0,,0,0,1,0.0
1774416600000,GB,ALL_FEATURES,22304.0,,0,0,1,0.0
1774418400000,GB,ALL_FEATURES,24906.0,,0,0,1,0.0
1774420200000,GB,ALL_FEATURES,26895.0,,0,0,1,0.0
1774422000000,GB,ALL_FEATURES,28709.0,,0,0,1,0.0
1774423800000,GB,ALL_FEATURES,29199.0,,0,0,1,0.0
1774425600000,GB,ALL_FEATURES,29095.0,,0,0,1,0.0
1774427400000,GB,ALL_FEATURES,28576.0,,0,0,1,0.0
1774429200000,GB,ALL_FEATURES,27988.0,,0,0,1,0.0
1774431000000,GB,ALL_FEATURES,27119.0,,0,0,1,0.0
1774432800000,GB,ALL_FEATURES,26137.0,,0,0,1,0.0
1774434600000,GB,ALL_FEATURES,25257.0,,0,0,1,0.0
1774436400000,GB,ALL_FEATURES,24954.0,,0,0,1,0.0
1774438200000,GB,ALL_FEATURES,24722.0,,0,0,1,0.0
1774440000000,GB,ALL_FEATURES,24851.0,,0,0,1,0.0
1774441800000,GB,ALL_FEATURES,24758.0,,0,0,1,0.0
1774443600000,GB,ALL_FEATURES,24992.0,,0,0,1,0.0
1774445400000,GB,ALL_FEATURES,25042.0,,0,0,1,0.0
1774447200000,GB,ALL_FEATURES,25221.0,,0,0,1,0.0
1774449000000,GB,ALL_FEATURES,25831.0,,0,0,1,0.0
1774450800000,GB,ALL_FEATURES,26322.0,,0,0,1,0.0
1774452600000,GB,ALL_FEATURES,27499.0,,0,0,1,0.0
1774454400000,GB,ALL_FEATURES,29394.0,,0,0,1,0.0
1774456200000,GB,ALL_FEATURES,31042.0,,0,0,1,0.0
1774458000000,GB,ALL_FEATURES,32863.0,,0,0,1,0.0
1774459800000,GB,ALL_FEATURES,34667.0,,0,0,1,0.0
1774461600000,GB,ALL_FEATURES,35930.0,,0,0,1,0.0
1774463400000,GB,ALL_FEATURES,36697.0,,0,0,1,0.0
1774465200000,GB,ALL_FEATURES,37149.0,,0,0,1,0.0
1774467000000,GB,ALL_FEATURES,36642.0,,0,0,1,0.0
1774468800000,GB,ALL_FEATURES,35740.0,,0,0,1,0.0
1774470600000,GB,ALL_FEATURES,34710.0,,0,0,1,0.0
1774472400000,GB,ALL_FEATURES,33103.0,,0,0,1,0.0
1774474200000,GB,ALL_FEATURES,31583.0,,0,0,1,0.0
1774476000000,GB,ALL_FEATURES,29822.0,,0,0,1,0.0
1774477800000,GB,ALL_FEATURES,28354.0,,0,0,1,0.0
1774479600000,GB,ALL_FEATURES,26465.0,,0,0,1,0.0
1774481400000,GB,ALL_FEATURES,25901.0,,0,0,1,0.0
1774483200000,GB,ALL_FEATURES,26461.0,,0,0,1,0.0
1774485000000,GB,ALL_FEATURES,26972.0,,0,0,1,0.0
1774486800000,GB,ALL_FEATURES,26875.0,,0,0,1,0.0
1774488600000,GB,ALL_FEATURES,26402.0,,0,0,1,0.0
1774490400000,GB,ALL_FEATURES,25758.0,,0,0,1,0.0
1774492200000,GB,ALL_FEATURES,25386.0,,0,0,1,0.0
1774494000000,GB,ALL_FEATURES,24822.0,,0,0,1,0.0
1774495800000,GB,ALL_FEATURES,24152.0,,0,0,1,0.0
1774497600000,GB,ALL_FEATURES,24139.0,,0,0,1,0.0
1774499400000,GB,ALL_FEATURES,24325.0,,0,0,1,0.0
1774501200000,GB,ALL_FEATURES,24639.0,,0,0,1,0.0
1774503000000,GB,ALL_FEATURES,25240.0,,0,0,1,0.0
1774504800000,GB,ALL_FEATURES,27926.0,,0,0,1,0.0
1774506600000,GB,ALL_FEATURES,29171.0,,0,0,1,0.0
1774508400000,GB,ALL_FEATURES,31048.0,,0,0,1,0.0
1774510200000,GB,ALL_FEATURES,30972.0,,0,0,1,0.0
1774512000000,GB,ALL_FEATURES,30743.0,,0,0,1,0.0
1774513800000,GB,ALL_FEATURES,29493.0,,0,0,1,0.0
1774515600000,GB,ALL_FEATURES,28576.0,,0,0,1,0.0
1774517400000,GB,ALL_FEATURES,27652.0,,0,0,1,0.0
1774519200000,GB,ALL_FEATURES,26655.0,,0,0,1,0.0
1774521000000,GB,ALL_FEATURES,25980.0,,0,0,1,0.0
1774522800000,GB,ALL_FEATURES,25349.0,,0,0,1,0.0
1774524600000,GB,ALL_FEATURES,25380.0,,0,0,1,0.0
1774526400000,GB,ALL_FEATURES,25157.0,,0,0,1,0.0
1774528200000,GB,ALL_FEATURES,25120.0,,0,0,1,0.0
1774530000000,GB,ALL_FEATURES,24921.0,,0,0,1,0.0
1774531800000,GB,ALL_FEATURES,24923.0,,0,0,1,0.0
1774533600000,GB,ALL_FEATURES,25567.0,,0,0,1,0.0
1774535400000,GB,ALL_FEATURES,26021.0,,0,0,1,0.0
1774537200000,GB,ALL_FEATURES,27159.0,,0,0,1,0.0
1774539000000,GB,ALL_FEATURES,28989.0,,0,0,1,0.0
1774540800000,GB,ALL_FEATURES,31050.0,,0,0,1,0.0
1774542600000,GB,ALL_FEATURES,33181.0,,0,0,1,0.0
1774544400000,GB,ALL_FEATURES,34619.0,,0,0,1,0.0
1774546200000,GB,ALL_FEATURES,35941.0,,0,0,1,0.0
1774548000000,GB,ALL_FEATURES,36322.0,,0,0,1,0.0
1774549800000,GB,ALL_FEATURES,36789.0,,0,0,1,0.0
1774551600000,GB,ALL_FEATURES,38057.0,,0,0,1,0.0
1774553400000,GB,ALL_FEATURES,36860.0,,0,0,1,0.0
1774555200000,GB,ALL_FEATURES,35423.0,,0,0,1,0.0
1774557000000,GB,ALL_FEATURES,34432.0,,0,0,1,0.0
1774558800000,GB,ALL_FEATURES,32733.0,,0,0,1,0.0
1774560600000,GB,ALL_FEATURES,31376.0,,0,0,1,0.0
1774562400000,GB,ALL_FEATURES,29125.0,,0,0,1,0.0
1774564200000,GB,ALL_FEATURES,27699.0,,0,0,1,0.0
1774566000000,GB,ALL_FEATURES,25726.0,,0,0,1,0.0
1774567800000,GB,ALL_FEATURES,25296.0,,0,0,1,0.0
1774569600000,GB,ALL_FEATURES,25640.0,,0,0,1,0.0
1774571400000,GB,ALL_FEATURES,25874.0,,0,0,1,0.0
1774573200000,GB,ALL_FEATURES,25298.0,,0,0,1,0.0
1774575000000,GB,ALL_FEATURES,24451.0,,0,0,1,0.0
1774576800000,GB,ALL_FEATURES,23749.0,,0,0,1,0.0
1774578600000,GB,ALL_FEATURES,23100.0,,0,0,1,0.0
1774580400000,GB,ALL_FEATURES,22933.0,,0,0,1,0.0
1774582200000,GB,ALL_FEATURES,22527.0,,0,0,1,0.0
1774584000000,GB,ALL_FEATURES,22243.0,,0,0,1,0.0
1774585800000,GB,ALL_FEATURES,22170.0,,0,0,1,0.0
1774587600000,GB,ALL_FEATURES,22476.0,,0,0,1,0.0
1774589400000,GB,ALL_FEATURES,23378.0,,0,0,1,0.0
1774591200000,GB,ALL_FEATURES,25471.0,,0,0,1,0.0
1774593000000,GB,ALL_FEATURES,27014.0,,0,0,1,0.0
1774594800000,GB,ALL_FEATURES,29772.0,,0,0,1,0.0
1774596600000,GB,ALL_FEATURES,30507.0,,0,0,1,0.0
1774598400000,GB,ALL_FEATURES,31982.0,,0,0,1,0.0
1774600200000,GB,ALL_FEATURES,31832.0,,0,0,1,0.0
1774602000000,GB,ALL_FEATURES,32110.0,,0,0,1,0.0
1774603800000,GB,ALL_FEATURES,31545.0,,0,0,1,0.0
1774605600000,GB,ALL_FEATURES,31239.0,,0,0,1,0.0
1774607400000,GB,ALL_FEATURES,30969.0,,0,0,1,0.0
1774609200000,GB,ALL_FEATURES,30962.0,,0,0,1,0.0
1774611000000,GB,ALL_FEATURES,30694.0,,0,0,1,0.0
1774612800000,GB,ALL_FEATURES,30464.0,,0,0,1,0.0
1774614600000,GB,ALL_FEATURES,30503.0,,0,0,1,0.0
1774616400000,GB,ALL_FEATURES,30425.0,,0,0,1,0.0
1774618200000,GB,ALL_FEATURES,30100.0,,0,0,1,0.0
1774620000000,GB,ALL_FEATURES,30062.0,,0,0,1,0.0
1774621800000,GB,ALL_FEATURES,29615.0,,0,0,1,0.0
1774623600000,GB,ALL_FEATURES,29226.0,,0,0,1,0.0
1774625400000,GB,ALL_FEATURES,29705.0,,0,0,1,0.0
1774627200000,GB,ALL_FEATURES,30494.0,,0,0,1,0.0
1774629000000,GB,ALL_FEATURES,31563.0,,0,0,1,0.0
1774630800000,GB,ALL_FEATURES,32419.0,,0,0,1,0.0
1774632600000,GB,ALL_FEATURES,32927.0,,0,0,1,0.0
1774634400000,GB,ALL_FEATURES,33512.0,,0,0,1,0.0
1774636200000,GB,ALL_FEATURES,34429.0,,0,0,1,0.0
1774638000000,GB,ALL_FEATURES,35347.0,,0,0,1,0.0
1774639800000,GB,ALL_FEATURES,34332.0,,0,0,1,0.0
1774641600000,GB,ALL_FEATURES,33076.0,,0,0,1,0.0
1774643400000,GB,ALL_FEATURES,31928.0,,0,0,1,0.0
1774645200000,GB,ALL_FEATURES,30285.0,,0,0,1,0.0
1774647000000,GB,ALL_FEATURES,28969.0,,0,0,1,0.0
1774648800000,GB,ALL_FEATURES,27548.0,,0,0,1,0.0
1774650600000,GB,ALL_FEATURES,26175.0,,0,0,1,0.0
1774652400000,GB,ALL_FEATURES,24401.0,,0,0,1,0.0
1774654200000,GB,ALL_FEATURES,23767.0,,0,0,1,0.0
1774656000000,GB,ALL_FEATURES,23972.0,,0,0,1,0.0
1774657800000,GB,ALL_FEATURES,24708.0,,0,0,1,0.0
1774659600000,GB,ALL_FEATURES,24245.0,,0,0,1,0.0
1774661400000,GB,ALL_FEATURES,23554.0,,0,0,1,0.0
1774663200000,GB,ALL_FEATURES,22684.0,,0,0,1,0.0
1774665000000,GB,ALL_FEATURES,22050.0,,0,0,1,0.0
1774666800000,GB,ALL_FEATURES,21639.0,,0,0,1,0.0
1774668600000,GB,ALL_FEATURES,21111.0,,0,0,1,0.0
1774670400000,GB,ALL_FEATURES,20812.0,,0,0,1,0.0
1774672200000,GB,ALL_FEATURES,20726.0,,0,0,1,0.0
1774674000000,GB,ALL_FEATURES,20542.0,,0,0,1,0.0
1774675800000,GB,ALL_FEATURES,20460.0,,0,0,1,0.0
1774677600000,GB,ALL_FEATURES,21039.0,,0,0,1,0.0
1774679400000,GB,ALL_FEATURES,21310.0,,0,0,1,0.0
1774681200000,GB,ALL_FEATURES,21631.0,,0,0,1,0.0
1774683000000,GB,ALL_FEATURES,20735.0,,0,0,1,0.0
1774684800000,GB,ALL_FEATURES,20454.0,,0,0,1,0.0
1774686600000,GB,ALL_FEATURES,20068.0,,0,0,1,0.0
1774688400000,GB,ALL_FEATURES,19500.0,,0,0,1,0.0
1774690200000,GB,ALL_FEATURES,19263.0,,0,0,1,0.0
1774692000000,GB,ALL_FEATURES,19051.0,,0,0,1,0.0
1774693800000,GB,ALL_FEATURES,18906.0,,0,0,1,0.0
1774695600000,GB,ALL_FEATURES,19134.0,,0,0,1,0.0
1774697400000,GB,ALL_FEATURES,18990.0,,0,0,1,0.0
1774699200000,GB,ALL_FEATURES,19185.0,,0,0,1,0.0
1774701000000,GB,ALL_FEATURES,18944.0,,0,0,1,0.0
1774702800000,GB,ALL_FEATURES,19029.0,,0,0,1,0.0
1774704600000,GB,ALL_FEATURES,18850.0,,0,0,1,0.0
1774706400000,GB,ALL_FEATURES,18834.0,,0,0,1,0.0
1774708200000,GB,ALL_FEATURES,18865.0,,0,0,1,0.0
1774710000000,GB,ALL_FEATURES,19527.0,,0,0,1,0.0
1774711800000,GB,ALL_FEATURES,20999.0,,0,0,1,0.0
1774713600000,GB,ALL_FEATURES,22742.0,,0,0,1,0.0
1774715400000,GB,ALL_FEATURES,24644.0,,0,0,1,0.0
1774717200000,GB,ALL_FEATURES,27794.0,,0,0,1,0.0
1774719000000,GB,ALL_FEATURES,28745.0,,0,0,1,0.0
1774720800000,GB,ALL_FEATURES,31175.0,,0,0,1,0.0
1774722600000,GB,ALL_FEATURES,31497.0,,0,0,1,0.0
1774724400000,GB,ALL_FEATURES,31819.0,,0,0,1,0.0
1774726200000,GB,ALL_FEATURES,31983.0,,0,0,1,0.0
1774728000000,GB,ALL_FEATURES,31483.0,,0,0,1,0.0
1774729800000,GB,ALL_FEATURES,30142.0,,0,0,1,0.0
1774731600000,GB,ALL_FEATURES,29286.0,,0,0,1,0.0
1774733400000,GB,ALL_FEATURES,28550.0,,0,0,1,0.0
1774735200000,GB,ALL_FEATURES,27610.0,,0,0,1,0.0
1774737000000,GB,ALL_FEATURES,26711.0,,0,0,1,0.0
1774738800000,GB,ALL_FEATURES,25392.0,,0,0,1,0.0
1774740600000,GB,ALL_FEATURES,25001.0,,0,0,1,0.0
1774742400000,GB,ALL_FEATURES,24820.0,,0,0,1,0.0
1774744200000,GB,ALL_FEATURES,24893.0,,0,0,1,0.0
1774746000000,GB,ALL_FEATURES,24165.0,,0,0,1,0.0
1774747800000,GB,ALL_FEATURES,23599.0,,0,0,1,0.0
1774749600000,GB,ALL_FEATURES,22930.0,,0,0,1,0.0
1774751400000,GB,ALL_FEATURES,23028.0,,0,0,1,0.0
1774753200000,GB,ALL_FEATURES,22035.0,,0,0,1,0.0
1774755000000,GB,ALL_FEATURES,21648.0,,0,0,1,0.0
1774756800000,GB,ALL_FEATURES,21226.0,,0,0,1,0.0
1774758600000,GB,ALL_FEATURES,21037.0,,0,0,1,0.0
1774760400000,GB,ALL_FEATURES,20919.0,,0,0,1,0.0
1774762200000,GB,ALL_FEATURES,21162.0,,0,0,1,0.0
1774764000000,GB,ALL_FEATURES,21525.0,,0,0,1,0.0
1774765800000,GB,ALL_FEATURES,21601.0,,0,0,1,0.0
1774767600000,GB,ALL_FEATURES,22645.0,,0,0,1,0.0
1774769400000,GB,ALL_FEATURES,23259.0,,0,0,1,0.0
1774771200000,GB,ALL_FEATURES,23932.0,,0,0,1,0.0
1774773000000,GB,ALL_FEATURES,24028.0,,0,0,1,0.0
1774774800000,GB,ALL_FEATURES,24643.0,,0,0,1,0.0
1774776600000,GB,ALL_FEATURES,24840.0,,0,0,1,0.0
1774778400000,GB,ALL_FEATURES,25863.0,,0,0,1,0.0
1774780200000,GB,ALL_FEATURES,26275.0,,0,0,1,0.0
1774782000000,GB,ALL_FEATURES,26551.0,,0,0,1,0.0
1774783800000,GB,ALL_FEATURES,27416.0,,0,0,1,0.0
1774785600000,GB,ALL_FEATURES,27940.0,,0,0,1,0.0
1774787400000,GB,ALL_FEATURES,28298.0,,0,0,1,0.0
1774789200000,GB,ALL_FEATURES,28710.0,,0,0,1,0.0
1774791000000,GB,ALL_FEATURES,28441.0,,0,0,1,0.0
1774792800000,GB,ALL_FEATURES,28660.0,,0,0,1,0.0
1774794600000,GB,ALL_FEATURES,28641.0,,0,0,1,0.0
1774796400000,GB,ALL_FEATURES,28455.0,,0,0,1,0.0
1774798200000,GB,ALL_FEATURES,29227.0,,0,0,1,0.0
1774800000000,GB,ALL_FEATURES,29624.0,,0,0,1,0.0
1774801800000,GB,ALL_FEATURES,30388.0,,0,0,1,0.0
1774803600000,GB,ALL_FEATURES,30927.0,,0,0,1,0.0
1774805400000,GB,ALL_FEATURES,30792.0,,0,0,1,0.0
1774807200000,GB,ALL_FEATURES,31351.0,,0,0,1,0.0
1774809000000,GB,ALL_FEATURES,31289.0,,0,0,1,0.0
1774810800000,GB,ALL_FEATURES,31071.0,,0,0,1,0.0
1774812600000,GB,ALL_FEATURES,29860.0,,0,0,1,0.0
1774814400000,GB,ALL_FEATURES,28687.0,,0,0,1,0.0
1774816200000,GB,ALL_FEATURES,27224.0,,0,0,1,0.0
1774818000000,GB,ALL_FEATURES,26285.0,,0,0,1,0.0
1774819800000,GB,ALL_FEATURES,25151.0,,0,0,1,0.0
1774821600000,GB,ALL_FEATURES,23227.0,,0,0,1,0.0
1774823400000,GB,ALL_FEATURES,22491.0,,0,0,1,0.0
1774828800000,GB,ALL_FEATURES,22165.0,,0,0,1,0.0
1774830600000,GB,ALL_FEATURES,21933.0,,0,0,1,0.0
1774832400000,GB,ALL_FEATURES,22173.0,,0,0,1,0.0
1774834200000,GB,ALL_FEATURES,22544.0,,0,0,1,0.0
1774836000000,GB,ALL_FEATURES,22212.0,,0,0,1,0.0
1774837800000,GB,ALL_FEATURES,21955.0,,0,0,1,0.0
1774839600000,GB,ALL_FEATURES,21698.0,,0,0,1,0.0
1774841400000,GB,ALL_FEATURES,21193.0,,0,0,1,0.0
1774843200000,GB,ALL_FEATURES,21157.0,,0,0,1,0.0
1774845000000,GB,ALL_FEATURES,20732.0,,0,0,1,0.0
1774846800000,GB,ALL_FEATURES,20935.0,,0,0,1,0.0
1774848600000,GB,ALL_FEATURES,21818.0,,0,0,1,0.0
1774850400000,GB,ALL_FEATURES,24037.0,,0,0,1,0.0
1774852200000,GB,ALL_FEATURES,25503.0,,0,0,1,0.0
1774854000000,GB,ALL_FEATURES,27579.0,,0,0,1,0.0
1774855800000,GB,ALL_FEATURES,28760.0,,0,0,1,0.0
1774857600000,GB,ALL_FEATURES,30300.0,,0,0,1,0.0
1774859400000,GB,ALL_FEATURES,29696.0,,0,0,1,0.0
1774861200000,GB,ALL_FEATURES,29016.0,,0,0,1,0.0
1774863000000,GB,ALL_FEATURES,28316.0,,0,0,1,0.0
1774864800000,GB,ALL_FEATURES,27397.0,,0,0,1,0.0
1774866600000,GB,ALL_FEATURES,26462.0,,0,0,1,0.0
1774868400000,GB,ALL_FEATURES,26127.0,,0,0,1,0.0
1774870200000,GB,ALL_FEATURES,25860.0,,0,0,1,0.0
1774872000000,GB,ALL_FEATURES,25575.0,,0,0,1,0.0
1774873800000,GB,ALL_FEATURES,25186.0,,0,0,1,0.0
1774875600000,GB,ALL_FEATURES,25029.0,,0,0,1,0.0
1774877400000,GB,ALL_FEATURES,24572.0,,0,0,1,0.0
1774879200000,GB,ALL_FEATURES,24094.0,,0,0,1,0.0
1774881000000,GB,ALL_FEATURES,23991.0,,0,0,1,0.0
1774882800000,GB,ALL_FEATURES,24453.0,,0,0,1,0.0
1774884600000,GB,ALL_FEATURES,25297.0,,0,0,1,0.0
1774886400000,GB,ALL_FEATURES,26628.0,,0,0,1,0.0
1774888200000,GB,ALL_FEATURES,27901.0,,0,0,1,0.0
1774890000000,GB,ALL_FEATURES,29043.0,,0,0,1,0.0
1774891800000,GB,ALL_FEATURES,30723.0,,0,0,1,0.0
1774893600000,GB,ALL_FEATURES,32042.0,,0,0,1,0.0
1774895400000,GB,ALL_FEATURES,32703.0,,0,0,1,0.0
1774897200000,GB,ALL_FEATURES,33831.0,,0,0,1,0.0
1774899000000,GB,ALL_FEATURES,33781.0,,0,0,1,0.0
1774900800000,GB,ALL_FEATURES,33823.0,,0,0,1,0.0
1774902600000,GB,ALL_FEATURES,32791.0,,0,0,1,0.0
1774904400000,GB,ALL_FEATURES,31362.0,,0,0,1,0.0
1774906200000,GB,ALL_FEATURES,30570.0,,0,0,1,0.0
1774908000000,GB,ALL_FEATURES,29408.0,,0,0,1,0.0
1774909800000,GB,ALL_FEATURES,28270.0,,0,0,1,0.0
1774911600000,GB,ALL_FEATURES,26588.0,,0,0,1,0.0
1774913400000,GB,ALL_FEATURES,25525.0,,0,0,1,0.0
1774915200000,GB,ALL_FEATURES,24870.0,,0,0,1,0.0
1774917000000,GB,ALL_FEATURES,24659.0,,0,0,1,0.0
1774918800000,GB,ALL_FEATURES,25145.0,,0,0,1,0.0
1774920600000,GB,ALL_FEATURES,25159.0,,0,0,1,0.0
1774922400000,GB,ALL_FEATURES,25063.0,,0,0,1,0.0
1774924200000,GB,ALL_FEATURES,24452.0,,0,0,1,0.0
1774926000000,GB,ALL_FEATURES,23595.0,,0,0,1,0.0
1774927800000,GB,ALL_FEATURES,22885.0,,0,0,1,0.0
1774929600000,GB,ALL_FEATURES,22452.0,,0,0,1,0.0
1774931400000,GB,ALL_FEATURES,22255.0,,0,0,1,0.0
1774933200000,GB,ALL_FEATURES,22160.0,,0,0,1,0.0
1774935000000,GB,ALL_FEATURES,35794.953610960845,,1,0,0,0.56071304168131
1774936800000,GB,ALL_FEATURES,25092.0,,0,0,1,0.0
1774938600000,GB,ALL_FEATURES,26842.0,,0,0,1,0.0
1774940400000,GB,ALL_FEATURES,29452.0,,0,0,1,0.0
1774942200000,GB,ALL_FEATURES,30586.0,,0,0,1,0.0
1774944000000,GB,ALL_FEATURES,32482.0,,0,0,1,0.0
1774945800000,GB,ALL_FEATURES,32214.0,,0,0,1,0.0
1774947600000,GB,ALL_FEATURES,32407.0,,0,0,1,0.0
1774949400000,GB,ALL_FEATURES,31818.0,,0,0,1,0.0
1774951200000,GB,ALL_FEATURES,31113.0,,0,0,1,0.0
1774953000000,GB,ALL_FEATURES,30093.0,,0,0,1,0.0
1774954800000,GB,ALL_FEATURES,29531.0,,0,0,1,0.0
1774956600000,GB,ALL_FEATURES,28413.0,,0,0,1,0.0
1774958400000,GB,ALL_FEATURES,27471.0,,0,0,1,0.0
1774960200000,GB,ALL_FEATURES,26356.0,,0,0,1,0.0
1774962000000,GB,ALL_FEATURES,25379.0,,0,0,1,0.0
1774963800000,GB,ALL_FEATURES,24699.0,,0,0,1,0.0
1774965600000,GB,ALL_FEATURES,24273.0,,0,0,1,0.0
1774967400000,GB,ALL_FEATURES,24279.0,,0,0,1,0.0
1774969200000,GB,ALL_FEATURES,24441.0,,0,0,1,0.0
1774971000000,GB,ALL_FEATURES,25220.0,,0,0,1,0.0
1774972800000,GB,ALL_FEATURES,26573.0,,0,0,1,0.0
1774974600000,GB,ALL_FEATURES,27701.0,,0,0,1,0.0
1774976400000,GB,ALL_FEATURES,29348.0,,0,0,1,0.0
1774978200000,GB,ALL_FEATURES,30705.0,,0,0,1,0.0
1774980000000,GB,ALL_FEATURES,30612.0,,0,0,1,0.0
1774981800000,GB,ALL_FEATURES,31630.0,,0,0,1,0.0
1774983600000,GB,ALL_FEATURES,32371.0,,0,0,1,0.0
1774985400000,GB,ALL_FEATURES,32322.0,,0,0,1,0.0
1774987200000,GB,ALL_FEATURES,32696.0,,0,0,1,0.0
1774989000000,GB,ALL_FEATURES,31723.0,,0,0,1,0.0
1774990800000,GB,ALL_FEATURES,30568.0,,0,0,1,0.0
1774992600000,GB,ALL_FEATURES,29969.0,,0,0,1,0.0
1774994400000,GB,ALL_FEATURES,28611.0,,0,0,1,0.0
1774996200000,GB,ALL_FEATURES,27012.0,,0,0,1,0.0
1774998000000,GB,ALL_FEATURES,25494.0,,0,0,1,0.0
1774999800000,GB,ALL_FEATURES,24738.0,,0,0,1,0.0
1775001600000,GB,ALL_FEATURES,23920.0,,0,0,1,0.0
1775003400000,GB,ALL_FEATURES,23673.0,,0,0,1,0.0
1775005200000,GB,ALL_FEATURES,24019.0,,0,0,1,0.0
1775007000000,GB,ALL_FEATURES,24010.0,,0,0,1,0.0
1775008800000,GB,ALL_FEATURES,23696.0,,0,0,1,0.0
1775010600000,GB,ALL_FEATURES,23151.0,,0,0,1,0.0
1775012400000,GB,ALL_FEATURES,22857.0,,0,0,1,0.0
1775014200000,GB,ALL_FEATURES,22543.0,,0,0,1,0.0
1775016000000,GB,ALL_FEATURES,22247.0,,0,0,1,0.0
1775017800000,GB,ALL_FEATURES,22071.0,,0,0,1,0.0
1775019600000,GB,ALL_FEATURES,22175.0,,0,0,1,0.0
1775021400000,GB,ALL_FEATURES,22858.0,,0,0,1,0.0
1775023200000,GB,ALL_FEATURES,24768.0,,0,0,1,0.0
1775025000000,GB,ALL_FEATURES,50125.37344529957,,1,0,0,0.9080116267100442
1775026800000,GB,ALL_FEATURES,28251.0,,0,0,1,0.0
1775028600000,GB,ALL_FEATURES,29297.0,,0,0,1,0.0
1775030400000,GB,ALL_FEATURES,31475.0,,0,0,1,0.0
1775032200000,GB,ALL_FEATURES,31633.0,,0,0,1,0.0
1775034000000,GB,ALL_FEATURES,32186.0,,0,0,1,0.0
1775035800000,GB,ALL_FEATURES,31740.0,,0,0,1,0.0
1775037600000,GB,ALL_FEATURES,31433.0,,0,0,1,0.0
1775039400000,GB,ALL_FEATURES,31020.0,,0,0,1,0.0
1775041200000,GB,ALL_FEATURES,30523.0,,0,0,1,0.0
1775043000000,GB,ALL_FEATURES,30029.0,,0,0,1,0.0
1775044800000,GB,ALL_FEATURES,29947.0,,0,0,1,0.0
1775046600000,GB,ALL_FEATURES,29498.0,,0,0,1,0.0
1775048400000,GB,ALL_FEATURES,29210.0,,0,0,1,0.0
1775050200000,GB,ALL_FEATURES,28722.0,,0,0,1,0.0
1775052000000,GB,ALL_FEATURES,28509.0,,0,0,1,0.0
1775053800000,GB,ALL_FEATURES,28472.0,,0,0,1,0.0
1775055600000,GB,ALL_FEATURES,28852.0,,0,0,1,0.0
1775057400000,GB,ALL_FEATURES,29639.0,,0,0,1,0.0
1775059200000,GB,ALL_FEATURES,29631.0,,0,0,1,0.0
1775061000000,GB,ALL_FEATURES,30659.0,,0,0,1,0.0
1775062800000,GB,ALL_FEATURES,31752.0,,0,0,1,0.0
1775064600000,GB,ALL_FEATURES,32803.0,,0,0,1,0.0
1775066400000,GB,ALL_FEATURES,32181.0,,0,0,1,0.0
1775068200000,GB,ALL_FEATURES,32636.0,,0,0,1,0.0
1775070000000,GB,ALL_FEATURES,33214.0,,0,0,1,0.0
1775071800000,GB,ALL_FEATURES,32685.0,,0,0,1,0.0
1775073600000,GB,ALL_FEATURES,32527.0,,0,0,1,0.0
1775075400000,GB,ALL_FEATURES,31861.0,,0,0,1,0.0
1775077200000,GB,ALL_FEATURES,30814.0,,0,0,1,0.0
1775079000000,GB,ALL_FEATURES,29497.0,,0,0,1,0.0
1775080800000,GB,ALL_FEATURES,28204.0,,0,0,1,0.0
1775082600000,GB,ALL_FEATURES,26789.0,,0,0,1,0.0
1775084400000,GB,ALL_FEATURES,25466.0,,0,0,1,0.0
1775086200000,GB,ALL_FEATURES,24066.0,,0,0,1,0.0
1775088000000,GB,ALL_FEATURES,23961.0,,0,0,1,0.0
1775089800000,GB,ALL_FEATURES,23624.0,,0,0,1,0.0
1775091600000,GB,ALL_FEATURES,23709.0,,0,0,1,0.0
1775093400000,GB,ALL_FEATURES,24178.0,,0,0,1,0.0
1775095200000,GB,ALL_FEATURES,23829.0,,0,0,1,0.0
1775097000000,GB,ALL_FEATURES,23485.0,,0,0,1,0.0
1775098800000,GB,ALL_FEATURES,23546.0,,0,0,1,0.0
1775100600000,GB,ALL_FEATURES,22980.0,,0,0,1,0.0
1775102400000,GB,ALL_FEATURES,22339.0,,0,0,1,0.0
1775104200000,GB,ALL_FEATURES,22221.0,,0,0,1,0.0
1775106000000,GB,ALL_FEATURES,22269.0,,0,0,1,0.0
1775107800000,GB,ALL_FEATURES,23121.0,,0,0,1,0.0
1775109600000,GB,ALL_FEATURES,25482.0,,0,0,1,0.0
1775111400000,GB,ALL_FEATURES,26853.0,,0,0,1,0.0
1775113200000,GB,ALL_FEATURES,29525.0,,0,0,1,0.0
1775115000000,GB,ALL_FEATURES,30165.0,,0,0,1,0.0
1775116800000,GB,ALL_FEATURES,31370.0,,0,0,1,0.0
1775118600000,GB,ALL_FEATURES,30738.0,,0,0,1,0.0
1775120400000,GB,ALL_FEATURES,30007.0,,0,0,1,0.0
1775122200000,GB,ALL_FEATURES,29198.0,,0,0,1,0.0
1775124000000,GB,ALL_FEATURES,28163.0,,0,0,1,0.0
1775125800000,GB,ALL_FEATURES,27264.0,,0,0,1,0.0
1775127600000,GB,ALL_FEATURES,26455.0,,0,0,1,0.0
1775129400000,GB,ALL_FEATURES,25823.0,,0,0,1,0.0
1775131200000,GB,ALL_FEATURES,25161.0,,0,0,1,0.0
1775133000000,GB,ALL_FEATURES,24051.0,,0,0,1,0.0
1775134800000,GB,ALL_FEATURES,23178.0,,0,0,1,0.0
1775136600000,GB,ALL_FEATURES,22438.0,,0,0,1,0.0
1775138400000,GB,ALL_FEATURES,21997.0,,0,0,1,0.0
1775140200000,GB,ALL_FEATURES,21327.0,,0,0,1,0.0
1775142000000,GB,ALL_FEATURES,21361.0,,0,0,1,0.0
1775143800000,GB,ALL_FEATURES,22020.0,,0,0,1,0.0
1775145600000,GB,ALL_FEATURES,22938.0,,0,0,1,0.0
1775147400000,GB,ALL_FEATURES,24803.0,,0,0,1,0.0
1775149200000,GB,ALL_FEATURES,26776.0,,0,0,1,0.0
1775151000000,GB,ALL_FEATURES,28529.0,,0,0,1,0.0
1775152800000,GB,ALL_FEATURES,29386.0,,0,0,1,0.0
1775154600000,GB,ALL_FEATURES,30364.0,,0,0,1,0.0
1775156400000,GB,ALL_FEATURES,31374.0,,0,0,1,0.0
1775158200000,GB,ALL_FEATURES,32131.0,,0,0,1,0.0
1775160000000,GB,ALL_FEATURES,31877.0,,0,0,1,0.0
1775161800000,GB,ALL_FEATURES,31231.0,,0,0,1,0.0
1775163600000,GB,ALL_FEATURES,29885.0,,0,0,1,0.0
1775165400000,GB,ALL_FEATURES,28329.0,,0,0,1,0.0
1775167200000,GB,ALL_FEATURES,26514.0,,0,0,1,0.0
1775169000000,GB,ALL_FEATURES,25568.0,,0,0,1,0.0
1775170800000,GB,ALL_FEATURES,23724.0,,0,0,1,0.0
1775172600000,GB,ALL_FEATURES,22819.0,,0,0,1,0.0
1775174400000,GB,ALL_FEATURES,22290.0,,0,0,1,0.0
1775176200000,GB,ALL_FEATURES,21989.0,,0,0,1,0.0
1775178000000,GB,ALL_FEATURES,21930.0,,0,0,1,0.0
1775179800000,GB,ALL_FEATURES,21773.0,,0,0,1,0.0
1775181600000,GB,ALL_FEATURES,21409.0,,0,0,1,0.0
1775183400000,GB,ALL_FEATURES,20611.0,,0,0,1,0.0
1775185200000,GB,ALL_FEATURES,20107.0,,0,0,1,0.0
1775187000000,GB,ALL_FEATURES,19525.0,,0,0,1,0.0
1775188800000,GB,ALL_FEATURES,19470.0,,0,0,1,0.0
1775190600000,GB,ALL_FEATURES,18952.0,,0,0,1,0.0
1775192400000,GB,ALL_FEATURES,18831.0,,0,0,1,0.0
1775194200000,GB,ALL_FEATURES,18690.0,,0,0,1,0.0
1775196000000,GB,ALL_FEATURES,19910.0,,0,0,1,0.0
1775197800000,GB,ALL_FEATURES,20278.0,,0,0,1,0.0
1775199600000,GB,ALL_FEATURES,21757.0,,0,0,1,0.0
1775201400000,GB,ALL_FEATURES,22441.0,,0,0,1,0.0
1775203200000,GB,ALL_FEATURES,24223.0,,0,0,1,0.0
1775205000000,GB,ALL_FEATURES,24528.0,,0,0,1,0.0
1775206800000,GB,ALL_FEATURES,25604.0,,0,0,1,0.0
1775208600000,GB,ALL_FEATURES,25613.0,,0,0,1,0.0
1775210400000,GB,ALL_FEATURES,25585.0,,0,0,1,0.0
1775212200000,GB,ALL_FEATURES,25530.0,,0,0,1,0.0
1775214000000,GB,ALL_FEATURES,25354.0,,0,0,1,0.0
1775215800000,GB,ALL_FEATURES,25136.0,,0,0,1,0.0
1775217600000,GB,ALL_FEATURES,25013.0,,0,0,1,0.0
1775219400000,GB,ALL_FEATURES,24648.0,,0,0,1,0.0
1775221200000,GB,ALL_FEATURES,24563.0,,0,0,1,0.0
1775223000000,GB,ALL_FEATURES,24206.0,,0,0,1,0.0
1775224800000,GB,ALL_FEATURES,23939.0,,0,0,1,0.0
1775226600000,GB,ALL_FEATURES,23619.0,,0,0,1,0.0
1775228400000,GB,ALL_FEATURES,23085.0,,0,0,1,0.0
1775230200000,GB,ALL_FEATURES,22702.0,,0,0,1,0.0
1775232000000,GB,ALL_FEATURES,22690.0,,0,0,1,0.0
1775233800000,GB,ALL_FEATURES,23520.0,,0,0,1,0.0
1775235600000,GB,ALL_FEATURES,24919.0,,0,0,1,0.0
1775237400000,GB,ALL_FEATURES,25934.0,,0,0,1,0.0
1775239200000,GB,ALL_FEATURES,26700.0,,0,0,1,0.0
1775241000000,GB,ALL_FEATURES,26858.0,,0,0,1,0.0
1775242800000,GB,ALL_FEATURES,28283.0,,0,0,1,0.0
1775244600000,GB,ALL_FEATURES,28333.0,,0,0,1,0.0
1775246400000,GB,ALL_FEATURES,28483.0,,0,0,1,0.0
1775248200000,GB,ALL_FEATURES,27988.0,,0,0,1,0.0
1775250000000,GB,ALL_FEATURES,27317.0,,0,0,1,0.0
1775251800000,GB,ALL_FEATURES,26959.0,,0,0,1,0.0
1775253600000,GB,ALL_FEATURES,25480.0,,0,0,1,0.0
1775255400000,GB,ALL_FEATURES,24555.0,,0,0,1,0.0
1775257200000,GB,ALL_FEATURES,23114.0,,0,0,1,0.0
1775259000000,GB,ALL_FEATURES,22664.0,,0,0,1,0.0
1775260800000,GB,ALL_FEATURES,22649.0,,0,0,1,0.0
1775262600000,GB,ALL_FEATURES,22554.0,,0,0,1,0.0
1775264400000,GB,ALL_FEATURES,22605.0,,0,0,1,0.0
1775266200000,GB,ALL_FEATURES,22800.0,,0,0,1,0.0
1775268000000,GB,ALL_FEATURES,22208.0,,0,0,1,0.0
1775269800000,GB,ALL_FEATURES,21513.0,,0,0,1,0.0
1775271600000,GB,ALL_FEATURES,21224.0,,0,0,1,0.0
1775273400000,GB,ALL_FEATURES,20733.0,,0,0,1,0.0
1775275200000,GB,ALL_FEATURES,20325.0,,0,0,1,0.0
1775277000000,GB,ALL_FEATURES,19940.0,,0,0,1,0.0
1775278800000,GB,ALL_FEATURES,20140.0,,0,0,1,0.0
1775280600000,GB,ALL_FEATURES,20344.0,,0,0,1,0.0
1775282400000,GB,ALL_FEATURES,21261.0,,0,0,1,0.0
1775284200000,GB,ALL_FEATURES,21970.0,,0,0,1,0.0
1775286000000,GB,ALL_FEATURES,22843.0,,0,0,1,0.0
1775287800000,GB,ALL_FEATURES,23662.0,,0,0,1,0.0
1775289600000,GB,ALL_FEATURES,24618.0,,0,0,1,0.0
1775291400000,GB,ALL_FEATURES,24984.0,,0,0,1,0.0
1775293200000,GB,ALL_FEATURES,25463.0,,0,0,1,0.0
1775295000000,GB,ALL_FEATURES,25049.0,,0,0,1,0.0
1775296800000,GB,ALL_FEATURES,24957.0,,0,0,1,0.0
1775298600000,GB,ALL_FEATURES,24722.0,,0,0,1,0.0
1775300400000,GB,ALL_FEATURES,23997.0,,0,0,1,0.0
1775302200000,GB,ALL_FEATURES,23535.0,,0,0,1,0.0
1775304000000,GB,ALL_FEATURES,23062.0,,0,0,1,0.0
1775305800000,GB,ALL_FEATURES,22458.0,,0,0,1,0.0
1775307600000,GB,ALL_FEATURES,22202.0,,0,0,1,0.0
1775309400000,GB,ALL_FEATURES,21937.0,,0,0,1,0.0
1775311200000,GB,ALL_FEATURES,21247.0,,0,0,1,0.0
1775313000000,GB,ALL_FEATURES,21277.0,,0,0,1,0.0
1775314800000,GB,ALL_FEATURES,21039.0,,0,0,1,0.0
1775316600000,GB,ALL_FEATURES,21674.0,,0,0,1,0.0
1775318400000,GB,ALL_FEATURES,22186.0,,0,0,1,0.0
1775320200000,GB,ALL_FEATURES,23685.0,,0,0,1,0.0
1775322000000,GB,ALL_FEATURES,25202.0,,0,0,1,0.0
1775323800000,GB,ALL_FEATURES,26199.0,,0,0,1,0.0
1775325600000,GB,ALL_FEATURES,26874.0,,0,0,1,0.0
1775327400000,GB,ALL_FEATURES,26934.0,,0,0,1,0.0
1775329200000,GB,ALL_FEATURES,27277.0,,0,0,1,0.0
1775331000000,GB,ALL_FEATURES,27134.0,,0,0,1,0.0
1775332800000,GB,ALL_FEATURES,27355.0,,0,0,1,0.0
1775334600000,GB,ALL_FEATURES,26372.0,,0,0,1,0.0
1775336400000,GB,ALL_FEATURES,25458.0,,0,0,1,0.0
1775338200000,GB,ALL_FEATURES,24681.0,,0,0,1,0.0
1775340000000,GB,ALL_FEATURES,23863.0,,0,0,1,0.0
1775341800000,GB,ALL_FEATURES,22672.0,,0,0,1,0.0
1775343600000,GB,ALL_FEATURES,21315.0,,0,0,1,0.0
1775345400000,GB,ALL_FEATURES,20092.0,,0,0,1,0.0
1775347200000,GB,ALL_FEATURES,19855.0,,0,0,1,0.0
1775349000000,GB,ALL_FEATURES,19699.0,,0,0,1,0.0
1775350800000,GB,ALL_FEATURES,19569.0,,0,0,1,0.0
1775352600000,GB,ALL_FEATURES,19961.0,,0,0,1,0.0
1775354400000,GB,ALL_FEATURES,19419.0,,0,0,1,0.0
1775356200000,GB,ALL_FEATURES,18839.0,,0,0,1,0.0
1775358000000,GB,ALL_FEATURES,18364.0,,0,0,1,0.0
1775359800000,GB,ALL_FEATURES,17817.0,,0,0,1,0.0
1775361600000,GB,ALL_FEATURES,17670.0,,0,0,1,0.0
1775363400000,GB,ALL_FEATURES,17316.0,,0,0,1,0.0
1775365200000,GB,ALL_FEATURES,17151.0,,0,0,1,0.0
1775367000000,GB,ALL_FEATURES,17247.0,,0,0,1,0.0
1775368800000,GB,ALL_FEATURES,18090.0,,0,0,1,0.0
1775370600000,GB,ALL_FEATURES,18412.0,,0,0,1,0.0
1775372400000,GB,ALL_FEATURES,19288.0,,0,0,1,0.0
1775374200000,GB,ALL_FEATURES,19625.0,,0,0,1,0.0
1775376000000,GB,ALL_FEATURES,19921.0,,0,0,1,0.0
1775377800000,GB,ALL_FEATURES,19287.0,,0,0,1,0.0
1775379600000,GB,ALL_FEATURES,19737.0,,0,0,1,0.0
1775381400000,GB,ALL_FEATURES,19175.0,,0,0,1,0.0
1775383200000,GB,ALL_FEATURES,18923.0,,0,0,1,0.0
1775385000000,GB,ALL_FEATURES,18334.0,,0,0,1,0.0
1775386800000,GB,ALL_FEATURES,17930.0,,0,0,1,0.0
1775388600000,GB,ALL_FEATURES,17530.0,,0,0,1,0.0
1775390400000,GB,ALL_FEATURES,17344.0,,0,0,1,0.0
1775392200000,GB,ALL_FEATURES,17552.0,,0,0,1,0.0
1775394000000,GB,ALL_FEATURES,17214.0,,0,0,1,0.0
1775395800000,GB,ALL_FEATURES,16672.0,,0,0,1,0.0
1775397600000,GB,ALL_FEATURES,16411.0,,0,0,1,0.0
1775399400000,GB,ALL_FEATURES,16303.0,,0,0,1,0.0
1775401200000,GB,ALL_FEATURES,16484.0,,0,0,1,0.0
1775403000000,GB,ALL_FEATURES,16639.0,,0,0,1,0.0
1775404800000,GB,ALL_FEATURES,17271.0,,0,0,1,0.0
1775406600000,GB,ALL_FEATURES,18944.0,,0,0,1,0.0
1775408400000,GB,ALL_FEATURES,20712.0,,0,0,1,0.0
1775410200000,GB,ALL_FEATURES,22048.0,,0,0,1,0.0
1775412000000,GB,ALL_FEATURES,23934.0,,0,0,1,0.0
1775413800000,GB,ALL_FEATURES,24945.0,,0,0,1,0.0
1775415600000,GB,ALL_FEATURES,26530.0,,0,0,1,0.0
1775417400000,GB,ALL_FEATURES,27439.0,,0,0,1,0.0
1775419200000,GB,ALL_FEATURES,28267.0,,0,0,1,0.0
1775421000000,GB,ALL_FEATURES,28126.0,,0,0,1,0.0
1775422800000,GB,ALL_FEATURES,27546.0,,0,0,1,0.0
1775424600000,GB,ALL_FEATURES,26980.0,,0,0,1,0.0
1775426400000,GB,ALL_FEATURES,26143.0,,0,0,1,0.0
1775428200000,GB,ALL_FEATURES,24935.0,,0,0,1,0.0
1775430000000,GB,ALL_FEATURES,23821.0,,0,0,1,0.0
1775431800000,GB,ALL_FEATURES,23021.0,,0,0,1,0.0
1775433600000,GB,ALL_FEATURES,23333.0,,0,0,1,0.0
1775435400000,GB,ALL_FEATURES,22903.0,,0,0,1,0.0
1775437200000,GB,ALL_FEATURES,22551.0,,0,0,1,0.0
1775439000000,GB,ALL_FEATURES,22977.0,,0,0,1,0.0
1775440800000,GB,ALL_FEATURES,22509.0,,0,0,1,0.0
1775442600000,GB,ALL_FEATURES,21994.0,,0,0,1,0.0
1775444400000,GB,ALL_FEATURES,21815.0,,0,0,1,0.0
1775446200000,GB,ALL_FEATURES,21627.0,,0,0,1,0.0
1775448000000,GB,ALL_FEATURES,21388.0,,0,0,1,0.0
1775449800000,GB,ALL_FEATURES,21211.0,,1,0,0,0.9267239752845523
1775451600000,GB,ALL_FEATURES,21660.0,,0,0,1,0.0
1775453400000,GB,ALL_FEATURES,21633.0,,0,0,1,0.0
1775455200000,GB,ALL_FEATURES,22648.0,,0,0,1,0.0
1775457000000,GB,ALL_FEATURES,23318.0,,0,0,1,0.0
1775458800000,GB,ALL_FEATURES,24156.0,,0,0,1,0.0
1775460600000,GB,ALL_FEATURES,24779.0,,0,0,1,0.0
1775462400000,GB,ALL_FEATURES,24927.0,,0,0,1,0.0
1775464200000,GB,ALL_FEATURES,24205.0,,0,0,1,0.0
1775466000000,GB,ALL_FEATURES,23530.0,,0,0,1,0.0
1775467800000,GB,ALL_FEATURES,22134.0,,0,0,1,0.0
1775469600000,GB,ALL_FEATURES,20715.0,,0,0,1,0.0
1775471400000,GB,ALL_FEATURES,19012.0,,0,0,1,0.0
1775473200000,GB,ALL_FEATURES,17864.0,,0,0,1,0.0
1775475000000,GB,ALL_FEATURES,16753.0,,0,0,1,0.0
1775476800000,GB,ALL_FEATURES,16161.0,,0,0,1,0.0
1775478600000,GB,ALL_FEATURES,15757.0,,0,0,1,0.0
1775480400000,GB,ALL_FEATURES,5698.645992036556,,1,0,0,0.6300781569596523
1775482200000,GB,ALL_FEATURES,14977.0,,0,1,0,0.0
1775484000000,GB,ALL_FEATURES,14801.0,,0,1,0,0.0
1775485800000,GB,ALL_FEATURES,14989.0,,0,1,0,0.0
1775487600000,GB,ALL_FEATURES,15123.0,,0,0,1,0.0
1775489400000,GB,ALL_FEATURES,16264.0,,0,0,1,0.0
1775491200000,GB,ALL_FEATURES,17738.0,,0,0,1,0.0
1775493000000,GB,ALL_FEATURES,19781.0,,0,0,1,0.0
1775494800000,GB,ALL_FEATURES,22445.0,,0,0,1,0.0
1775496600000,GB,ALL_FEATURES,24673.0,,0,0,1,0.0
1775498400000,GB,ALL_FEATURES,26035.0,,0,0,1,0.0
1775500200000,GB,ALL_FEATURES,27122.0,,0,0,1,0.0
1775502000000,GB,ALL_FEATURES,28246.0,,0,0,1,0.0
1775503800000,GB,ALL_FEATURES,29202.0,,0,0,1,0.0
1775505600000,GB,ALL_FEATURES,29666.0,,0,0,1,0.0
1775507400000,GB,ALL_FEATURES,29112.0,,0,0,1,0.0
1775509200000,GB,ALL_FEATURES,28303.0,,0,0,1,0.0
1775511000000,GB,ALL_FEATURES,27073.0,,0,0,1,0.0
1775512800000,GB,ALL_FEATURES,25629.0,,0,0,1,0.0
1775514600000,GB,ALL_FEATURES,24196.0,,0,0,1,0.0
1775516400000,GB,ALL_FEATURES,22817.0,,0,0,1,0.0
1775518200000,GB,ALL_FEATURES,21908.0,,0,0,1,0.0
1775520000000,GB,ALL_FEATURES,21752.0,,0,0,1,0.0
1775521800000,GB,ALL_FEATURES,22015.0,,0,0,1,0.0
1775523600000,GB,ALL_FEATURES,21881.0,,0,0,1,0.0
1775525400000,GB,ALL_FEATURES,22420.0,,0,0,1,0.0
1775527200000,GB,ALL_FEATURES,21772.0,,0,0,1,0.0
1775529000000,GB,ALL_FEATURES,20959.0,,0,0,1,0.0
1775530800000,GB,ALL_FEATURES,20388.0,,0,0,1,0.0
1775532600000,GB,ALL_FEATURES,20015.0,,0,0,1,0.0
1775534400000,GB,ALL_FEATURES,19921.0,,0,0,1,0.0
1775536200000,GB,ALL_FEATURES,19951.0,,0,0,1,0.0
1775538000000,GB,ALL_FEATURES,20313.0,,0,0,1,0.0
1775539800000,GB,ALL_FEATURES,21210.0,,0,0,1,0.0
1775541600000,GB,ALL_FEATURES,22914.0,,0,0,1,0.0
1775543400000,GB,ALL_FEATURES,24475.0,,0,0,1,0.0
1775545200000,GB,ALL_FEATURES,26637.0,,0,0,1,0.0
1775547000000,GB,ALL_FEATURES,26845.0,,0,0,1,0.0
1775548800000,GB,ALL_FEATURES,27470.0,,0,0,1,0.0
1775550600000,GB,ALL_FEATURES,26569.0,,0,0,1,0.0
1775552400000,GB,ALL_FEATURES,25469.0,,0,0,1,0.0
1775554200000,GB,ALL_FEATURES,23922.0,,0,0,1,0.0
1775556000000,GB,ALL_FEATURES,22113.0,,0,0,1,0.0
1775557800000,GB,ALL_FEATURES,20608.0,,0,0,1,0.0
1775559600000,GB,ALL_FEATURES,18974.0,,0,0,1,0.0
1775561400000,GB,ALL_FEATURES,18164.0,,0,0,1,0.0
1775563200000,GB,ALL_FEATURES,17596.0,,0,0,1,0.0
1775565000000,GB,ALL_FEATURES,17399.0,,0,0,1,0.0
1775566800000,GB,ALL_FEATURES,16900.0,,0,0,1,0.0
1775568600000,GB,ALL_FEATURES,16775.0,,0,0,1,0.0
1775570400000,GB,ALL_FEATURES,16377.0,,0,0,1,0.0
1775572200000,GB,ALL_FEATURES,16377.0,,0,0,1,0.0
1775574000000,GB,ALL_FEATURES,16796.0,,0,0,1,0.0
1775575800000,GB,ALL_FEATURES,17680.0,,0,0,1,0.0
1775577600000,GB,ALL_FEATURES,19504.0,,0,0,1,0.0
1775579400000,GB,ALL_FEATURES,21352.0,,0,0,1,0.0
1775581200000,GB,ALL_FEATURES,23710.0,,0,0,1,0.0
1775583000000,GB,ALL_FEATURES,25640.0,,0,0,1,0.0
1775584800000,GB,ALL_FEATURES,27396.0,,0,0,1,0.0
1775586600000,GB,ALL_FEATURES,28367.0,,0,0,1,0.0
1775588400000,GB,ALL_FEATURES,29280.0,,0,0,1,0.0
1775590200000,GB,ALL_FEATURES,29447.0,,0,0,1,0.0
1775592000000,GB,ALL_FEATURES,30174.0,,0,0,1,0.0
1775593800000,GB,ALL_FEATURES,29555.0,,0,0,1,0.0
1775595600000,GB,ALL_FEATURES,28857.0,,0,0,1,0.0
1775597400000,GB,ALL_FEATURES,27441.0,,0,0,1,0.0
1775599200000,GB,ALL_FEATURES,25829.0,,0,0,1,0.0
1775601000000,GB,ALL_FEATURES,24849.0,,0,0,1,0.0
1775602800000,GB,ALL_FEATURES,23211.0,,0,0,1,0.0
1775604600000,GB,ALL_FEATURES,22874.0,,0,0,1,0.0
1775606400000,GB,ALL_FEATURES,22559.0,,0,0,1,0.0
1775608200000,GB,ALL_FEATURES,22784.0,,0,0,1,0.0
1775610000000,GB,ALL_FEATURES,3222.3605041645687,,1,1,1,0.8600373320520971
1775611800000,GB,ALL_FEATURES,22893.0,,0,0,1,0.0
1775613600000,GB,ALL_FEATURES,22906.0,,0,0,1,0.0
1775615400000,GB,ALL_FEATURES,37663.414420693836,,1,0,0,0.7127519063526073
1775617200000,GB,ALL_FEATURES,21502.0,,0,0,1,0.0
1775619000000,GB,ALL_FEATURES,20993.0,,0,0,1,0.0
1775620800000,GB,ALL_FEATURES,20768.0,,0,0,1,0.0
1775622600000,GB,ALL_FEATURES,20799.0,,0,0,1,0.0
1775624400000,GB,ALL_FEATURES,21119.0,,0,0,1,0.0
1775626200000,GB,ALL_FEATURES,22063.0,,0,0,1,0.0
1775628000000,GB,ALL_FEATURES,23662.0,,0,0,1,0.0
1775629800000,GB,ALL_FEATURES,24819.0,,0,0,1,0.0
1775631600000,GB,ALL_FEATURES,27007.0,,0,0,1,0.0
1775633400000,GB,ALL_FEATURES,27529.0,,0,0,1,0.0
1775635200000,GB,ALL_FEATURES,27957.0,,0,0,1,0.0
1775637000000,GB,ALL_FEATURES,26827.0,,0,0,1,0.0
1775638800000,GB,ALL_FEATURES,25687.0,,0,0,1,0.0
1775640600000,GB,ALL_FEATURES,24541.0,,0,0,1,0.0
1775642400000,GB,ALL_FEATURES,23019.0,,0,0,1,0.0
1775644200000,GB,ALL_FEATURES,21748.0,,0,0,1,0.0
1775646000000,GB,ALL_FEATURES,20986.0,,0,0,1,0.0
1775647800000,GB,ALL_FEATURES,20392.0,,0,0,1,0.0
1775649600000,GB,ALL_FEATURES,20167.0,,0,0,1,0.0
1775651400000,GB,ALL_FEATURES,19692.0,,0,0,1,0.0
1775653200000,GB,ALL_FEATURES,19096.0,,0,0,1,0.0
1775655000000,GB,ALL_FEATURES,18761.0,,0,0,1,0.0
1775656800000,GB,ALL_FEATURES,18572.0,,0,0,1,0.0
1775658600000,GB,ALL_FEATURES,18614.0,,0,0,1,0.0
1775660400000,GB,ALL_FEATURES,19422.0,,0,0,1,0.0
1775662200000,GB,ALL_FEATURES,20335.0,,0,0,1,0.0
1775664000000,GB,ALL_FEATURES,21438.0,,0,0,1,0.0
1775665800000,GB,ALL_FEATURES,23270.0,,0,0,1,0.0
1775667600000,GB,ALL_FEATURES,25219.0,,0,0,1,0.0
1775669400000,GB,ALL_FEATURES,27107.0,,0,0,1,0.0
1775671200000,GB,ALL_FEATURES,28265.0,,0,0,1,0.0
1775673000000,GB,ALL_FEATURES,29348.0,,0,0,1,0.0
1775674800000,GB,ALL_FEATURES,30064.0,,0,0,1,0.0
1775676600000,GB,ALL_FEATURES,31227.0,,0,0,1,0.0
1775678400000,GB,ALL_FEATURES,31510.0,,0,0,1,0.0
1775680200000,GB,ALL_FEATURES,30591.0,,0,0,1,0.0
1775682000000,GB,ALL_FEATURES,29546.0,,0,0,1,0.0
1775683800000,GB,ALL_FEATURES,28252.0,,0,0,1,0.0
1775685600000,GB,ALL_FEATURES,26494.0,,0,0,1,0.0
1775687400000,GB,ALL_FEATURES,24985.0,,0,0,1,0.0
1775689200000,GB,ALL_FEATURES,23940.0,,0,0,1,0.0
1775691000000,GB,ALL_FEATURES,23014.0,,0,0,1,0.0
1775692800000,GB,ALL_FEATURES,22864.0,,0,0,1,0.0
1775694600000,GB,ALL_FEATURES,22565.0,,0,0,1,0.0
1775696400000,GB,ALL_FEATURES,22445.0,,0,0,1,0.0
1775698200000,GB,ALL_FEATURES,22594.0,,0,0,1,0.0
1775700000000,GB,ALL_FEATURES,21960.0,,0,0,1,0.0
1775701800000,GB,ALL_FEATURES,21318.0,,0,0,1,0.0
1775703600000,GB,ALL_FEATURES,20918.0,,0,0,1,0.0
1775705400000,GB,ALL_FEATURES,20310.0,,0,0,1,0.0
1775707200000,GB,ALL_FEATURES,20036.0,,0,0,1,0.0
1775709000000,GB,ALL_FEATURES,19827.0,,0,0,1,0.0
1775710800000,GB,ALL_FEATURES,19991.0,,0,0,1,0.0
1775712600000,GB,ALL_FEATURES,20791.0,,0,0,1,0.0
1775714400000,GB,ALL_FEATURES,9205.369444546866,,1,1,1,0.5869067741632172
1775716200000,GB,ALL_FEATURES,23929.0,,0,0,1,0.0
1775718000000,GB,ALL_FEATURES,25776.0,,0,0,1,0.0
1775719800000,GB,ALL_FEATURES,26468.0,,0,0,1,0.0
1775721600000,GB,ALL_FEATURES,27316.0,,0,0,1,0.0
1775723400000,GB,ALL_FEATURES,27136.0,,0,0,1,0.0
1775725200000,GB,ALL_FEATURES,26772.0,,0,0,1,0.0
1775727000000,GB,ALL_FEATURES,26468.0,,0,0,1,0.0
1775728800000,GB,ALL_FEATURES,26167.0,,0,0,1,0.0
1775730600000,GB,ALL_FEATURES,25814.0,,0,0,1,0.0
1775732400000,GB,ALL_FEATURES,25562.0,,0,0,1,0.0
1775734200000,GB,ALL_FEATURES,25567.0,,0,0,1,0.0
1775736000000,GB,ALL_FEATURES,25645.0,,0,0,1,0.0
1775737800000,GB,ALL_FEATURES,25411.0,,0,0,1,0.0
1775739600000,GB,ALL_FEATURES,25231.0,,0,0,1,0.0
1775741400000,GB,ALL_FEATURES,24933.0,,0,0,1,0.0
1775743200000,GB,ALL_FEATURES,25058.0,,0,0,1,0.0
1775745000000,GB,ALL_FEATURES,25045.0,,0,0,1,0.0
1775746800000,GB,ALL_FEATURES,24804.0,,0,0,1,0.0
1775748600000,GB,ALL_FEATURES,25081.0,,0,0,1,0.0
1775750400000,GB,ALL_FEATURES,25051.0,,0,0,1,0.0
1775752200000,GB,ALL_FEATURES,25363.0,,0,0,1,0.0
1775754000000,GB,ALL_FEATURES,25927.0,,0,0,1,0.0
1775755800000,GB,ALL_FEATURES,26452.0,,0,0,1,0.0
1775757600000,GB,ALL_FEATURES,27045.0,,0,0,1,0.0
1775759400000,GB,ALL_FEATURES,27530.0,,0,0,1,0.0
1775761200000,GB,ALL_FEATURES,28730.0,,0,0,1,0.0
1775763000000,GB,ALL_FEATURES,28973.0,,0,0,1,0.0
1775764800000,GB,ALL_FEATURES,29605.0,,0,0,1,0.0
1775766600000,GB,ALL_FEATURES,29137.0,,0,0,1,0.0
1775768400000,GB,ALL_FEATURES,28184.0,,0,0,1,0.0
1775770200000,GB,ALL_FEATURES,27052.0,,0,0,1,0.0
1775772000000,GB,ALL_FEATURES,25637.0,,0,0,1,0.0
1775773800000,GB,ALL_FEATURES,24390.0,,0,0,1,0.0
1775775600000,GB,ALL_FEATURES,22930.0,,0,0,1,0.0
1775777400000,GB,ALL_FEATURES,22108.0,,0,0,1,0.0
1775779200000,GB,ALL_FEATURES,22127.0,,0,0,1,0.0
1775781000000,GB,ALL_FEATURES,21998.0,,0,0,1,0.0
1775782800000,GB,ALL_FEATURES,22096.0,,0,0,1,0.0
1775784600000,GB,ALL_FEATURES,21822.0,,0,0,1,0.0
1775786400000,GB,ALL_FEATURES,38884.53346358566,,1,0,0,0.7881234923013734
1775788200000,GB,ALL_FEATURES,21052.0,,0,0,1,0.0
1775790000000,GB,ALL_FEATURES,20706.0,,0,0,1,0.0
1775791800000,GB,ALL_FEATURES,20425.0,,0,0,1,0.0
1775793600000,GB,ALL_FEATURES,20417.0,,0,0,1,0.0
1775795400000,GB,ALL_FEATURES,20458.0,,0,0,1,0.0
1775797200000,GB,ALL_FEATURES,20872.0,,0,0,1,0.0
1775799000000,GB,ALL_FEATURES,21753.0,,0,0,1,0.0
1775800800000,GB,ALL_FEATURES,23694.0,,0,0,1,0.0
1775802600000,GB,ALL_FEATURES,25450.0,,0,0,1,0.0
1775804400000,GB,ALL_FEATURES,27838.0,,0,0,1,0.0
1775806200000,GB,ALL_FEATURES,28665.0,,0,0,1,0.0
1775808000000,GB,ALL_FEATURES,29392.0,,0,0,1,0.0
1775809800000,GB,ALL_FEATURES,28917.0,,0,0,1,0.0
1775811600000,GB,ALL_FEATURES,28149.0,,0,0,1,0.0
1775813400000,GB,ALL_FEATURES,27070.0,,0,0,1,0.0
1775815200000,GB,ALL_FEATURES,26235.0,,0,0,1,0.0
1775817000000,GB,ALL_FEATURES,25478.0,,0,0,1,0.0
1775818800000,GB,ALL_FEATURES,24861.0,,0,0,1,0.0
1775820600000,GB,ALL_FEATURES,23816.0,,0,0,1,0.0
1775822400000,GB,ALL_FEATURES,23061.0,,0,0,1,0.0
1775824200000,GB,ALL_FEATURES,22108.0,,0,0,1,0.0
1775826000000,GB,ALL_FEATURES,21209.0,,0,0,1,0.0
1775827800000,GB,ALL_FEATURES,20575.0,,0,0,1,0.0
1775829600000,GB,ALL_FEATURES,20700.0,,0,0,1,0.0
1775831400000,GB,ALL_FEATURES,21391.0,,0,0,1,0.0
1775833200000,GB,ALL_FEATURES,21779.0,,0,0,1,0.0
1775835000000,GB,ALL_FEATURES,22948.0,,0,0,1,0.0
1775836800000,GB,ALL_FEATURES,24054.0,,0,0,1,0.0
1775838600000,GB,ALL_FEATURES,25865.0,,0,0,1,0.0
1775840400000,GB,ALL_FEATURES,26659.0,,0,0,1,0.0
1775842200000,GB,ALL_FEATURES,27365.0,,0,0,1,0.0
1775844000000,GB,ALL_FEATURES,27904.0,,0,0,1,0.0
1775845800000,GB,ALL_FEATURES,28359.0,,0,0,1,0.0
1775847600000,GB,ALL_FEATURES,28914.0,,0,0,1,0.0
1775849400000,GB,ALL_FEATURES,54783.06211040902,,1,1,1,0.8799952680305085
1775851200000,GB,ALL_FEATURES,28962.0,,0,0,1,0.0
1775853000000,GB,ALL_FEATURES,28584.0,,0,0,1,0.0
1775854800000,GB,ALL_FEATURES,27993.0,,0,0,1,0.0
1775856600000,GB,ALL_FEATURES,26319.0,,0,0,1,0.0
1775858400000,GB,ALL_FEATURES,24911.0,,0,0,1,0.0
1775860200000,GB,ALL_FEATURES,23913.0,,0,0,1,0.0
1775862000000,GB,ALL_FEATURES,22258.0,,0,0,1,0.0
1775863800000,GB,ALL_FEATURES,21217.0,,0,0,1,0.0
1775865600000,GB,ALL_FEATURES,20955.0,,0,0,1,0.0
1775867400000,GB,ALL_FEATURES,20504.0,,0,0,1,0.0
1775869200000,GB,ALL_FEATURES,20432.0,,0,0,1,0.0
1775871000000,GB,ALL_FEATURES,20716.0,,0,0,1,0.0
1775872800000,GB,ALL_FEATURES,20263.0,,0,0,1,0.0
1775874600000,GB,ALL_FEATURES,19490.0,,0,0,1,0.0
1775876400000,GB,ALL_FEATURES,18854.0,,0,0,1,0.0
1775878200000,GB,ALL_FEATURES,18618.0,,0,0,1,0.0
1775880000000,GB,ALL_FEATURES,18388.0,,0,0,1,0.0
1775881800000,GB,ALL_FEATURES,18015.0,,0,0,1,0.0
1775883600000,GB,ALL_FEATURES,18324.0,,0,0,1,0.0
1775885400000,GB,ALL_FEATURES,18352.0,,0,0,1,0.0
1775887200000,GB,ALL_FEATURES,19379.0,,0,0,1,0.0
1775889000000,GB,ALL_FEATURES,20034.0,,0,0,1,0.0
1775890800000,GB,ALL_FEATURES,21002.0,,0,0,1,0.0
1775892600000,GB,ALL_FEATURES,22209.0,,0,0,1,0.0
1775894400000,GB,ALL_FEATURES,24172.0,,0,0,1,0.0
1775896200000,GB,ALL_FEATURES,24510.0,,0,0,1,0.0
1775898000000,GB,ALL_FEATURES,25279.0,,0,0,1,0.0
1775899800000,GB,ALL_FEATURES,24845.0,,0,0,1,0.0
1775901600000,GB,ALL_FEATURES,24452.0,,0,0,1,0.0
1775903400000,GB,ALL_FEATURES,23637.0,,0,0,1,0.0
1775905200000,GB,ALL_FEATURES,22636.0,,0,0,1,0.0
1775907000000,GB,ALL_FEATURES,21881.0,,0,0,1,0.0
1775908800000,GB,ALL_FEATURES,20787.0,,0,0,1,0.0
1775910600000,GB,ALL_FEATURES,19549.0,,0,0,1,0.0
1775912400000,GB,ALL_FEATURES,18198.0,,0,0,1,0.0
1775914200000,GB,ALL_FEATURES,17569.0,,0,0,1,0.0
1775916000000,GB,ALL_FEATURES,16551.0,,0,0,1,0.0
1775917800000,GB,ALL_FEATURES,16051.0,,0,0,1,0.0
1775919600000,GB,ALL_FEATURES,16121.0,,0,0,1,0.0
1775921400000,GB,ALL_FEATURES,16843.0,,0,0,1,0.0
1775923200000,GB,ALL_FEATURES,17654.0,,0,0,1,0.0
1775925000000,GB,ALL_FEATURES,19052.0,,0,0,1,0.0
1775926800000,GB,ALL_FEATURES,21478.0,,0,0,1,0.0
1775928600000,GB,ALL_FEATURES,23112.0,,0,0,1,0.0
1775930400000,GB,ALL_FEATURES,24821.0,,0,0,1,0.0
1775932200000,GB,ALL_FEATURES,26500.0,,0,0,1,0.0
1775934000000,GB,ALL_FEATURES,27492.0,,0,0,1,0.0
1775935800000,GB,ALL_FEATURES,27871.0,,0,0,1,0.0
1775937600000,GB,ALL_FEATURES,11900.913955414731,,1,0,0,0.5764196342748173
1775939400000,GB,ALL_FEATURES,27652.0,,0,0,1,0.0
1775941200000,GB,ALL_FEATURES,26416.0,,0,0,1,0.0
1775943000000,GB,ALL_FEATURES,25460.0,,0,0,1,0.0
1775944800000,GB,ALL_FEATURES,23909.0,,0,0,1,0.0
1775946600000,GB,ALL_FEATURES,22594.0,,0,0,1,0.0
1775948400000,GB,ALL_FEATURES,21138.0,,0,0,1,0.0
1775950200000,GB,ALL_FEATURES,20558.0,,0,0,1,0.0
1775952000000,GB,ALL_FEATURES,20244.0,,0,0,1,0.0
1775953800000,GB,ALL_FEATURES,20128.0,,0,0,1,0.0
1775955600000,GB,ALL_FEATURES,19833.0,,0,0,1,0.0
1775957400000,GB,ALL_FEATURES,20024.0,,0,0,1,0.0
1775959200000,GB,ALL_FEATURES,19630.0,,0,0,1,0.0
1775961000000,GB,ALL_FEATURES,18821.0,,0,0,1,0.0
1775962800000,GB,ALL_FEATURES,18228.0,,0,0,1,0.0
1775964600000,GB,ALL_FEATURES,18013.0,,0,0,1,0.0
1775966400000,GB,ALL_FEATURES,17764.0,,0,0,1,0.0
1775968200000,GB,ALL_FEATURES,17296.0,,0,0,1,0.0
1775970000000,GB,ALL_FEATURES,17039.0,,0,0,1,0.0
1775971800000,GB,ALL_FEATURES,16972.0,,0,0,1,0.0
1775973600000,GB,ALL_FEATURES,17584.0,,0,0,1,0.0
1775975400000,GB,ALL_FEATURES,17950.0,,0,0,1,0.0
1775977200000,GB,ALL_FEATURES,18498.0,,0,0,1,0.0
1775979000000,GB,ALL_FEATURES,18618.0,,0,0,1,0.0
1775980800000,GB,ALL_FEATURES,19137.0,,0,0,1,0.0
1775982600000,GB,ALL_FEATURES,18636.0,,0,0,1,0.0
1775984400000,GB,ALL_FEATURES,18559.0,,0,0,1,0.0
1775986200000,GB,ALL_FEATURES,18699.0,,0,0,1,0.0
1775988000000,GB,ALL_FEATURES,18729.0,,0,0,1,0.0
1775989800000,GB,ALL_FEATURES,18596.0,,0,0,1,0.0
1775991600000,GB,ALL_FEATURES,19269.0,,0,0,1,0.0
1775993400000,GB,ALL_FEATURES,19026.0,,0,0,1,0.0
1775995200000,GB,ALL_FEATURES,19405.0,,0,0,1,0.0
1775997000000,GB,ALL_FEATURES,19245.0,,0,0,1,0.0
1775998800000,GB,ALL_FEATURES,18938.0,,0,0,1,0.0
1776000600000,GB,ALL_FEATURES,18859.0,,0,0,1,0.0
1776002400000,GB,ALL_FEATURES,18975.0,,0,0,1,0.0
1776004200000,GB,ALL_FEATURES,19317.0,,0,0,1,0.0
1776006000000,GB,ALL_FEATURES,19659.0,,0,0,1,0.0
1776007800000,GB,ALL_FEATURES,20086.0,,0,0,1,0.0
1776009600000,GB,ALL_FEATURES,21555.0,,0,0,1,0.0
1776011400000,GB,ALL_FEATURES,22707.0,,0,0,1,0.0
1776013200000,GB,ALL_FEATURES,24274.0,,0,0,1,0.0
1776015000000,GB,ALL_FEATURES,25669.0,,0,0,1,0.0
1776016800000,GB,ALL_FEATURES,26791.0,,0,0,1,0.0
1776018600000,GB,ALL_FEATURES,27324.0,,0,0,1,0.0
1776020400000,GB,ALL_FEATURES,28357.0,,0,0,1,0.0
1776022200000,GB,ALL_FEATURES,28446.0,,0,0,1,0.0
1776024000000,GB,ALL_FEATURES,28956.0,,0,0,1,0.0
1776025800000,GB,ALL_FEATURES,29040.0,,0,0,1,0.0
1776027600000,GB,ALL_FEATURES,28392.0,,0,0,1,0.0
1776029400000,GB,ALL_FEATURES,27735.0,,0,0,1,0.0
1776031200000,GB,ALL_FEATURES,26206.0,,0,0,1,0.0
1776033000000,GB,ALL_FEATURES,25115.0,,0,0,1,0.0
1776034800000,GB,ALL_FEATURES,23764.0,,0,0,1,0.0
1776036600000,GB,ALL_FEATURES,22968.0,,0,0,1,0.0
1776038400000,GB,ALL_FEATURES,22774.0,,0,0,1,0.0
1776040200000,GB,ALL_FEATURES,22694.0,,0,0,1,0.0
1776042000000,GB,ALL_FEATURES,22834.0,,0,0,1,0.0
1776043800000,GB,ALL_FEATURES,22882.0,,0,0,1,0.0
1776045600000,GB,ALL_FEATURES,22823.0,,0,0,1,0.0
1776047400000,GB,ALL_FEATURES,22134.0,,0,0,1,0.0
1776049200000,GB,ALL_FEATURES,22162.0,,0,0,1,0.0
1776051000000,GB,ALL_FEATURES,21969.0,,0,0,1,0.0
1776052800000,GB,ALL_FEATURES,21879.0,,0,0,1,0.0
1776054600000,GB,ALL_FEATURES,21883.0,,0,0,1,0.0
1776056400000,GB,ALL_FEATURES,22263.0,,0,0,1,0.0
1776058200000,GB,ALL_FEATURES,23237.0,,0,0,1,0.0
1776060000000,GB,ALL_FEATURES,25311.0,,0,0,1,0.0
1776061800000,GB,ALL_FEATURES,27121.0,,0,0,1,0.0
1776063600000,GB,ALL_FEATURES,28489.0,,0,0,1,0.0
1776065400000,GB,ALL_FEATURES,28692.0,,0,0,1,0.0
1776067200000,GB,ALL_FEATURES,29154.0,,0,0,1,0.0
1776069000000,GB,ALL_FEATURES,28201.0,,0,0,1,0.0
1776070800000,GB,ALL_FEATURES,28035.0,,0,0,1,0.0
1776072600000,GB,ALL_FEATURES,27071.0,,0,0,1,0.0
1776074400000,GB,ALL_FEATURES,25459.0,,0,0,1,0.0
1776076200000,GB,ALL_FEATURES,25131.0,,0,0,1,0.0
1776078000000,GB,ALL_FEATURES,25316.0,,0,0,1,0.0
1776079800000,GB,ALL_FEATURES,25062.0,,0,0,1,0.0
1776081600000,GB,ALL_FEATURES,25154.0,,0,0,1,0.0
1776083400000,GB,ALL_FEATURES,24799.0,,0,0,1,0.0
1776085200000,GB,ALL_FEATURES,24538.0,,0,0,1,0.0
1776087000000,GB,ALL_FEATURES,24496.0,,1,0,0,0.7514251914597567
1776088800000,GB,ALL_FEATURES,23912.0,,0,0,1,0.0
1776090600000,GB,ALL_FEATURES,24170.0,,0,0,1,0.0
1776092400000,GB,ALL_FEATURES,24223.0,,0,0,1,0.0
1776094200000,GB,ALL_FEATURES,24771.0,,0,0,1,0.0
1776096000000,GB,ALL_FEATURES,26047.0,,0,0,1,0.0
1776097800000,GB,ALL_FEATURES,27123.0,,0,0,1,0.0
1776099600000,GB,ALL_FEATURES,28157.0,,0,0,1,0.0
1776101400000,GB,ALL_FEATURES,29531.0,,0,0,1,0.0
1776103200000,GB,ALL_FEATURES,30750.0,,0,0,1,0.0
1776105000000,GB,ALL_FEATURES,31404.0,,0,0,1,0.0
1776106800000,GB,ALL_FEATURES,32693.0,,0,0,1,0.0
1776108600000,GB,ALL_FEATURES,32798.0,,0,0,1,0.0
1776110400000,GB,ALL_FEATURES,32882.0,,0,0,1,0.0
1776112200000,GB,ALL_FEATURES,32533.0,,0,0,1,0.0
1776114000000,GB,ALL_FEATURES,31605.0,,0,0,1,0.0
1776115800000,GB,ALL_FEATURES,30859.0,,0,0,1,0.0
1776117600000,GB,ALL_FEATURES,28836.0,,0,0,1,0.0
1776119400000,GB,ALL_FEATURES,26940.0,,0,0,1,0.0
1776121200000,GB,ALL_FEATURES,25384.0,,0,0,1,0.0
1776123000000,GB,ALL_FEATURES,24927.0,,0,0,1,0.0
1776124800000,GB,ALL_FEATURES,24463.0,,0,0,1,0.0
1776126600000,GB,ALL_FEATURES,24161.0,,0,0,1,0.0
1776128400000,GB,ALL_FEATURES,23944.0,,0,0,1,0.0
1776130200000,GB,ALL_FEATURES,24361.0,,0,0,1,0.0
1776132000000,GB,ALL_FEATURES,24171.0,,0,0,1,0.0
1776133800000,GB,ALL_FEATURES,23916.0,,0,0,1,0.0
1776135600000,GB,ALL_FEATURES,22650.0,,0,0,1,0.0
1776137400000,GB,ALL_FEATURES,22636.0,,0,0,1,0.0
1776139200000,GB,ALL_FEATURES,22461.0,,0,0,1,0.0
1776141000000,GB,ALL_FEATURES,22597.0,,0,0,1,0.0
1776142800000,GB,ALL_FEATURES,22346.0,,0,0,1,0.0
1776144600000,GB,ALL_FEATURES,23000.0,,0,0,1,0.0
1776146400000,GB,ALL_FEATURES,24814.0,,0,0,1,0.0
1776148200000,GB,ALL_FEATURES,26459.0,,0,0,1,0.0
1776150000000,GB,ALL_FEATURES,28143.0,,0,0,1,0.0
1776151800000,GB,ALL_FEATURES,28650.0,,0,0,1,0.0
1776153600000,GB,ALL_FEATURES,29580.0,,0,0,1,0.0
1776155400000,GB,ALL_FEATURES,29211.0,,0,0,1,0.0
1776157200000,GB,ALL_FEATURES,28861.0,,0,0,1,0.0
1776159000000,GB,ALL_FEATURES,27664.0,,0,0,1,0.0
1776160800000,GB,ALL_FEATURES,26509.0,,0,0,1,0.0
1776162600000,GB,ALL_FEATURES,25754.0,,0,0,1,0.0
1776164400000,GB,ALL_FEATURES,24973.0,,0,0,1,0.0
1776166200000,GB,ALL_FEATURES,24808.0,,0,0,1,0.0
1776168000000,GB,ALL_FEATURES,25035.0,,0,0,1,0.0
1776169800000,GB,ALL_FEATURES,24745.0,,0,0,1,0.0
1776171600000,GB,ALL_FEATURES,24868.0,,0,0,1,0.0
1776173400000,GB,ALL_FEATURES,25070.0,,0,0,1,0.0
1776175200000,GB,ALL_FEATURES,24946.0,,0,0,1,0.0
1776177000000,GB,ALL_FEATURES,25183.0,,0,0,1,0.0
1776178800000,GB,ALL_FEATURES,25493.0,,0,0,1,0.0
1776180600000,GB,ALL_FEATURES,26679.0,,0,0,1,0.0
1776182400000,GB,ALL_FEATURES,27425.0,,0,0,1,0.0
1776184200000,GB,ALL_FEATURES,28766.0,,0,0,1,0.0
1776186000000,GB,ALL_FEATURES,30084.0,,0,0,1,0.0
1776187800000,GB,ALL_FEATURES,31340.0,,0,0,1,0.0
1776189600000,GB,ALL_FEATURES,32381.0,,0,0,1,0.0
1776191400000,GB,ALL_FEATURES,32355.0,,0,0,1,0.0
1776193200000,GB,ALL_FEATURES,32512.0,,0,0,1,0.0
1776195000000,GB,ALL_FEATURES,32344.0,,0,0,1,0.0
1776196800000,GB,ALL_FEATURES,31571.0,,0,0,1,0.0
1776198600000,GB,ALL_FEATURES,31152.0,,0,0,1,0.0
1776200400000,GB,ALL_FEATURES,30119.0,,0,0,1,0.0
1776202200000,GB,ALL_FEATURES,28430.0,,0,0,1,0.0
1776204000000,GB,ALL_FEATURES,26857.0,,0,0,1,0.0
1776205800000,GB,ALL_FEATURES,25193.0,,0,0,1,0.0
1776207600000,GB,ALL_FEATURES,23482.0,,0,0,1,0.0
1776209400000,GB,ALL_FEATURES,22665.0,,0,0,1,0.0
1776211200000,GB,ALL_FEATURES,22261.0,,0,0,1,0.0
1776213000000,GB,ALL_FEATURES,22291.0,,0,0,1,0.0
1776214800000,GB,ALL_FEATURES,22061.0,,0,0,1,0.0
1776216600000,GB,ALL_FEATURES,21926.0,,0,0,1,0.0
1776218400000,GB,ALL_FEATURES,21651.0,,0,0,1,0.0
1776220200000,GB,ALL_FEATURES,21018.0,,0,0,1,0.0
1776222000000,GB,ALL_FEATURES,20575.0,,0,0,1,0.0
1776223800000,GB,ALL_FEATURES,20237.0,,0,0,1,0.0
1776225600000,GB,ALL_FEATURES,19844.0,,0,0,1,0.0
1776227400000,GB,ALL_FEATURES,19807.0,,0,0,1,0.0
1776229200000,GB,ALL_FEATURES,20215.0,,0,0,1,0.0
1776231000000,GB,ALL_FEATURES,20722.0,,0,0,1,0.0
1776232800000,GB,ALL_FEATURES,22676.0,,0,0,1,0.0
1776234600000,GB,ALL_FEATURES,24160.0,,0,0,1,0.0
1776236400000,GB,ALL_FEATURES,26069.0,,0,0,1,0.0
1776238200000,GB,ALL_FEATURES,27267.0,,0,0,1,0.0
1776240000000,GB,ALL_FEATURES,29246.0,,0,0,1,0.0
1776241800000,GB,ALL_FEATURES,28850.0,,0,0,1,0.0
1776243600000,GB,ALL_FEATURES,29087.0,,0,0,1,0.0
1776245400000,GB,ALL_FEATURES,28029.0,,0,0,1,0.0
1776247200000,GB,ALL_FEATURES,27098.0,,0,0,1,0.0
1776249000000,GB,ALL_FEATURES,26499.0,,0,0,1,0.0
1776250800000,GB,ALL_FEATURES,26118.0,,0,0,1,0.0
1776252600000,GB,ALL_FEATURES,25495.0,,0,0,1,0.0
1776254400000,GB,ALL_FEATURES,25733.0,,0,0,1,0.0
1776256200000,GB,ALL_FEATURES,25793.0,,0,0,1,0.0
1776258000000,GB,ALL_FEATURES,25605.0,,0,0,1,0.0
1776259800000,GB,ALL_FEATURES,25426.0,,0,0,1,0.0
1776261600000,GB,ALL_FEATURES,25482.0,,0,0,1,0.0
1776263400000,GB,ALL_FEATURES,8207.90079930388,,1,1,1,0.6821107358906321
1776265200000,GB,ALL_FEATURES,25615.0,,0,0,1,0.0
1776267000000,GB,ALL_FEATURES,25914.0,,0,0,1,0.0
1776268800000,GB,ALL_FEATURES,25886.0,,0,0,1,0.0
1776270600000,GB,ALL_FEATURES,26809.0,,0,0,1,0.0
1776272400000,GB,ALL_FEATURES,26906.0,,0,0,1,0.0
1776274200000,GB,ALL_FEATURES,28041.0,,0,0,1,0.0
1776276000000,GB,ALL_FEATURES,28193.0,,0,0,1,0.0
1776277800000,GB,ALL_FEATURES,28889.0,,0,0,1,0.0
1776279600000,GB,ALL_FEATURES,29871.0,,0,0,1,0.0
1776281400000,GB,ALL_FEATURES,54860.06776655126,,1,1,1,0.8386589726363665
1776283200000,GB,ALL_FEATURES,29715.0,,0,0,1,0.0
1776285000000,GB,ALL_FEATURES,29448.0,,0,0,1,0.0
1776286800000,GB,ALL_FEATURES,29038.0,,0,0,1,0.0
1776288600000,GB,ALL_FEATURES,27525.0,,0,0,1,0.0
1776290400000,GB,ALL_FEATURES,25986.0,,0,0,1,0.0
1776292200000,GB,ALL_FEATURES,24446.0,,0,0,1,0.0
1776294000000,GB,ALL_FEATURES,22570.0,,0,0,1,0.0
1776295800000,GB,ALL_FEATURES,21779.0,,0,0,1,0.0
1776297600000,GB,ALL_FEATURES,21446.0,,0,0,1,0.0
1776299400000,GB,ALL_FEATURES,21343.0,,0,0,1,0.0
1776301200000,GB,ALL_FEATURES,21076.0,,0,0,1,0.0
1776303000000,GB,ALL_FEATURES,21185.0,,0,0,1,0.0
1776304800000,GB,ALL_FEATURES,20923.0,,0,0,1,0.0
1776306600000,GB,ALL_FEATURES,20174.0,,0,0,1,0.0
1776308400000,GB,ALL_FEATURES,20111.0,,0,0,1,0.0
1776310200000,GB,ALL_FEATURES,19820.0,,0,0,1,0.0
1776312000000,GB,ALL_FEATURES,19362.0,,0,0,1,0.0
1776313800000,GB,ALL_FEATURES,19271.0,,0,0,1,0.0
1776315600000,GB,ALL_FEATURES,19590.0,,0,0,1,0.0
1776317400000,GB,ALL_FEATURES,20224.0,,0,0,1,0.0
1776319200000,GB,ALL_FEATURES,22151.0,,0,0,1,0.0
1776321000000,GB,ALL_FEATURES,23591.0,,0,0,1,0.0
1776322800000,GB,ALL_FEATURES,25816.0,,0,0,1,0.0
1776324600000,GB,ALL_FEATURES,26648.0,,0,0,1,0.0
1776326400000,GB,ALL_FEATURES,27405.0,,0,0,1,0.0
1776328200000,GB,ALL_FEATURES,26623.0,,0,0,1,0.0
1776330000000,GB,ALL_FEATURES,26112.0,,0,0,1,0.0
1776331800000,GB,ALL_FEATURES,25133.0,,0,0,1,0.0
1776333600000,GB,ALL_FEATURES,24076.0,,0,0,1,0.0
1776335400000,GB,ALL_FEATURES,23529.0,,0,0,1,0.0
1776337200000,GB,ALL_FEATURES,23356.0,,0,0,1,0.0
1776339000000,GB,ALL_FEATURES,22879.0,,0,0,1,0.0
1776340800000,GB,ALL_FEATURES,22691.0,,0,0,1,0.0
1776342600000,GB,ALL_FEATURES,22479.0,,0,0,1,0.0
1776344400000,GB,ALL_FEATURES,22435.0,,0,0,1,0.0
1776346200000,GB,ALL_FEATURES,22338.0,,0,0,1,0.0
1776348000000,GB,ALL_FEATURES,22032.0,,0,0,1,0.0
1776349800000,GB,ALL_FEATURES,21955.0,,0,0,1,0.0
1776351600000,GB,ALL_FEATURES,22152.0,,0,0,1,0.0
1776353400000,GB,ALL_FEATURES,23503.0,,0,0,1,0.0
1776355200000,GB,ALL_FEATURES,24645.0,,0,0,1,0.0
1776357000000,GB,ALL_FEATURES,26622.0,,0,0,1,0.0
1776358800000,GB,ALL_FEATURES,27934.0,,0,0,1,0.0
1776360600000,GB,ALL_FEATURES,29393.0,,0,0,1,0.0
1776362400000,GB,ALL_FEATURES,30340.0,,0,0,1,0.0
1776364200000,GB,ALL_FEATURES,30670.0,,0,0,1,0.0
1776366000000,GB,ALL_FEATURES,31597.0,,0,0,1,0.0
1776367800000,GB,ALL_FEATURES,31462.0,,0,0,1,0.0
1776369600000,GB,ALL_FEATURES,31044.0,,0,0,1,0.0
1776371400000,GB,ALL_FEATURES,30368.0,,0,0,1,0.0
1776373200000,GB,ALL_FEATURES,29558.0,,0,0,1,0.0
1776375000000,GB,ALL_FEATURES,28486.0,,0,0,1,0.0
1776376800000,GB,ALL_FEATURES,27125.0,,0,0,1,0.0
1776378600000,GB,ALL_FEATURES,25754.0,,0,0,1,0.0
1776380400000,GB,ALL_FEATURES,24024.0,,0,0,1,0.0
1776382200000,GB,ALL_FEATURES,23006.0,,0,0,1,0.0
1776384000000,GB,ALL_FEATURES,23060.0,,0,0,1,0.0
1776385800000,GB,ALL_FEATURES,22821.0,,0,0,1,0.0
1776387600000,GB,ALL_FEATURES,22728.0,,0,0,1,0.0
1776389400000,GB,ALL_FEATURES,22622.0,,0,0,1,0.0
1776391200000,GB,ALL_FEATURES,22039.0,,0,0,1,0.0
1776393000000,GB,ALL_FEATURES,21400.0,,0,0,1,0.0
1776394800000,GB,ALL_FEATURES,20414.0,,0,0,1,0.0
1776396600000,GB,ALL_FEATURES,20045.0,,0,0,1,0.0
1776398400000,GB,ALL_FEATURES,19378.0,,0,0,1,0.0
1776400200000,GB,ALL_FEATURES,19437.0,,0,0,1,0.0
1776402000000,GB,ALL_FEATURES,19895.0,,0,0,1,0.0
1776403800000,GB,ALL_FEATURES,20340.0,,0,0,1,0.0
1776405600000,GB,ALL_FEATURES,21913.0,,0,0,1,0.0
1776407400000,GB,ALL_FEATURES,23184.0,,0,0,1,0.0
1776409200000,GB,ALL_FEATURES,25794.0,,0,0,1,0.0
1776411000000,GB,ALL_FEATURES,26635.0,,0,0,1,0.0
1776412800000,GB,ALL_FEATURES,28030.0,,0,0,1,0.0
1776414600000,GB,ALL_FEATURES,27877.0,,0,0,1,0.0
1776416400000,GB,ALL_FEATURES,27804.0,,0,0,1,0.0
1776418200000,GB,ALL_FEATURES,27132.0,,0,0,1,0.0
1776420000000,GB,ALL_FEATURES,26342.0,,0,0,1,0.0
1776421800000,GB,ALL_FEATURES,25576.0,,0,0,1,0.0
1776423600000,GB,ALL_FEATURES,24968.0,,0,0,1,0.0
1776425400000,GB,ALL_FEATURES,24942.0,,0,0,1,0.0
1776427200000,GB,ALL_FEATURES,24626.0,,0,0,1,0.0
1776429000000,GB,ALL_FEATURES,24593.0,,0,0,1,0.0
1776430800000,GB,ALL_FEATURES,24273.0,,0,0,1,0.0
1776432600000,GB,ALL_FEATURES,24355.0,,0,0,1,0.0
1776434400000,GB,ALL_FEATURES,23785.0,,0,0,1,0.0
1776436200000,GB,ALL_FEATURES,23712.0,,0,0,1,0.0
1776438000000,GB,ALL_FEATURES,23169.0,,0,0,1,0.0
1776439800000,GB,ALL_FEATURES,23487.0,,0,0,1,0.0
1776441600000,GB,ALL_FEATURES,23549.0,,0,0,1,0.0
1776443400000,GB,ALL_FEATURES,24424.0,,0,0,1,0.0
1776445200000,GB,ALL_FEATURES,25228.0,,0,0,1,0.0
1776447000000,GB,ALL_FEATURES,26254.0,,0,0,1,0.0
1776448800000,GB,ALL_FEATURES,27021.0,,0,0,1,0.0
1776450600000,GB,ALL_FEATURES,3028.0299670873783,,1,1,1,0.8888959430877164
1776452400000,GB,ALL_FEATURES,27585.0,,0,0,1,0.0
1776454200000,GB,ALL_FEATURES,27976.0,,0,0,1,0.0
1776456000000,GB,ALL_FEATURES,28227.0,,0,0,1,0.0
1776457800000,GB,ALL_FEATURES,28232.0,,0,0,1,0.0
1776459600000,GB,ALL_FEATURES,28556.0,,0,0,1,0.0
1776461400000,GB,ALL_FEATURES,27312.0,,0,0,1,0.0
1776463200000,GB,ALL_FEATURES,25901.0,,0,0,1,0.0
1776465000000,GB,ALL_FEATURES,24797.0,,0,0,1,0.0
1776466800000,GB,ALL_FEATURES,23352.0,,0,0,1,0.0
1776468600000,GB,ALL_FEATURES,22517.0,,0,0,1,0.0
1776470400000,GB,ALL_FEATURES,22181.0,,0,0,1,0.0
1776472200000,GB,ALL_FEATURES,21944.0,,0,0,1,0.0
1776474000000,GB,ALL_FEATURES,22063.0,,0,0,1,0.0
1776475800000,GB,ALL_FEATURES,22288.0,,1,1,1,0.6736018826542245
1776477600000,GB,ALL_FEATURES,21562.0,,0,0,1,0.0
1776479400000,GB,ALL_FEATURES,20868.0,,0,0,1,0.0
1776481200000,GB,ALL_FEATURES,20659.0,,0,0,1,0.0
1776483000000,GB,ALL_FEATURES,19893.0,,0,0,1,0.0
1776484800000,GB,ALL_FEATURES,19573.0,,0,0,1,0.0
1776486600000,GB,ALL_FEATURES,19375.0,,0,0,1,0.0
1776488400000,GB,ALL_FEATURES,19392.0,,0,0,1,0.0
1776490200000,GB,ALL_FEATURES,19359.0,,0,0,1,0.0
1776492000000,GB,ALL_FEATURES,20286.0,,0,0,1,0.0
1776493800000,GB,ALL_FEATURES,20721.0,,0,0,1,0.0
1776495600000,GB,ALL_FEATURES,21521.0,,0,0,1,0.0
1776497400000,GB,ALL_FEATURES,21386.0,,0,0,1,0.0
1776499200000,GB,ALL_FEATURES,21569.0,,0,0,1,0.0
1776501000000,GB,ALL_FEATURES,20723.0,,0,0,1,0.0
1776502800000,GB,ALL_FEATURES,20282.0,,0,0,1,0.0
1776504600000,GB,ALL_FEATURES,19433.0,,0,0,1,0.0
1776506400000,GB,ALL_FEATURES,18803.0,,0,0,1,0.0
1776508200000,GB,ALL_FEATURES,18429.0,,0,0,1,0.0
1776510000000,GB,ALL_FEATURES,17642.0,,0,0,1,0.0
1776511800000,GB,ALL_FEATURES,17433.0,,0,0,1,0.0
1776513600000,GB,ALL_FEATURES,17534.0,,0,0,1,0.0
1776515400000,GB,ALL_FEATURES,17505.0,,0,0,1,0.0
1776517200000,GB,ALL_FEATURES,17248.0,,0,0,1,0.0
1776519000000,GB,ALL_FEATURES,16835.0,,0,0,1,0.0
1776520800000,GB,ALL_FEATURES,16776.0,,0,0,1,0.0
1776522600000,GB,ALL_FEATURES,16646.0,,0,0,1,0.0
1776524400000,GB,ALL_FEATURES,16719.0,,0,0,1,0.0
1776526200000,GB,ALL_FEATURES,17387.0,,0,0,1,0.0
1776528000000,GB,ALL_FEATURES,18588.0,,0,0,1,0.0
1776529800000,GB,ALL_FEATURES,19957.0,,0,0,1,0.0
1776531600000,GB,ALL_FEATURES,21639.0,,0,0,1,0.0
1776533400000,GB,ALL_FEATURES,23154.0,,0,0,1,0.0
1776535200000,GB,ALL_FEATURES,24808.0,,0,0,1,0.0
1776537000000,GB,ALL_FEATURES,26025.0,,0,0,1,0.0
1776538800000,GB,ALL_FEATURES,26791.0,,0,0,1,0.0
1776540600000,GB,ALL_FEATURES,27381.0,,0,0,1,0.0
1776542400000,GB,ALL_FEATURES,28042.0,,0,0,1,0.0
1776544200000,GB,ALL_FEATURES,27999.0,,0,0,1,0.0
1776546000000,GB,ALL_FEATURES,27327.0,,0,0,1,0.0
1776547800000,GB,ALL_FEATURES,26445.0,,0,0,1,0.0
1776549600000,GB,ALL_FEATURES,25434.0,,0,0,1,0.0
1776551400000,GB,ALL_FEATURES,24312.0,,0,0,1,0.0
1776553200000,GB,ALL_FEATURES,22702.0,,0,0,1,0.0
1776555000000,GB,ALL_FEATURES,22281.0,,0,0,1,0.0
1776556800000,GB,ALL_FEATURES,33535.869874128904,,1,0,0,0.5512938233938803
1776558600000,GB,ALL_FEATURES,21460.0,,0,0,1,0.0
1776560400000,GB,ALL_FEATURES,21290.0,,0,0,1,0.0
1776562200000,GB,ALL_FEATURES,21474.0,,0,0,1,0.0
1776564000000,GB,ALL_FEATURES,21278.0,,0,0,1,0.0
1776565800000,GB,ALL_FEATURES,20715.0,,0,0,1,0.0
1776567600000,GB,ALL_FEATURES,20394.0,,0,0,1,0.0
1776569400000,GB,ALL_FEATURES,20089.0,,0,0,1,0.0
1776571200000,GB,ALL_FEATURES,19771.0,,0,0,1,0.0
1776573000000,GB,ALL_FEATURES,19391.0,,0,0,1,0.0
1776574800000,GB,ALL_FEATURES,19374.0,,0,0,1,0.0
1776576600000,GB,ALL_FEATURES,19366.0,,0,0,1,0.0
1776578400000,GB,ALL_FEATURES,20252.0,,0,0,1,0.0
1776580200000,GB,ALL_FEATURES,20199.0,,0,0,1,0.0
1776582000000,GB,ALL_FEATURES,20639.0,,0,0,1,0.0
1776583800000,GB,ALL_FEATURES,20441.0,,0,0,1,0.0
1776585600000,GB,ALL_FEATURES,20340.0,,0,0,1,0.0
1776587400000,GB,ALL_FEATURES,19614.0,,0,0,1,0.0
1776589200000,GB,ALL_FEATURES,18996.0,,0,0,1,0.0
1776591000000,GB,ALL_FEATURES,18578.0,,0,0,1,0.0
1776592800000,GB,ALL_FEATURES,17287.0,,0,0,1,0.0
1776594600000,GB,ALL_FEATURES,17452.0,,0,0,1,0.0
1776596400000,GB,ALL_FEATURES,17863.0,,0,0,1,0.0
1776598200000,GB,ALL_FEATURES,17149.0,,0,0,1,0.0
1776600000000,GB,ALL_FEATURES,18145.0,,0,0,1,0.0
1776601800000,GB,ALL_FEATURES,18474.0,,0,0,1,0.0
1776603600000,GB,ALL_FEATURES,18552.0,,0,0,1,0.0
1776605400000,GB,ALL_FEATURES,18418.0,,0,0,1,0.0
1776607200000,GB,ALL_FEATURES,18783.0,,0,0,1,0.0
1776609000000,GB,ALL_FEATURES,19093.0,,0,0,1,0.0
1776610800000,GB,ALL_FEATURES,19665.0,,0,0,1,0.0
1776612600000,GB,ALL_FEATURES,20907.0,,0,0,1,0.0
1776614400000,GB,ALL_FEATURES,22528.0,,0,0,1,0.0
1776616200000,GB,ALL_FEATURES,23968.0,,0,0,1,0.0
1776618000000,GB,ALL_FEATURES,25813.0,,0,0,1,0.0
1776619800000,GB,ALL_FEATURES,27285.0,,0,0,1,0.0
1776621600000,GB,ALL_FEATURES,28001.0,,0,0,1,0.0
1776623400000,GB,ALL_FEATURES,28212.0,,0,0,1,0.0
1776625200000,GB,ALL_FEATURES,28963.0,,0,0,1,0.0
1776627000000,GB,ALL_FEATURES,29541.0,,0,0,1,0.0
1776628800000,GB,ALL_FEATURES,29260.0,,0,0,1,0.0
1776630600000,GB,ALL_FEATURES,29284.0,,0,0,1,0.0
1776632400000,GB,ALL_FEATURES,28777.0,,0,0,1,0.0
1776634200000,GB,ALL_FEATURES,27674.0,,0,0,1,0.0
1776636000000,GB,ALL_FEATURES,26218.0,,0,0,1,0.0
1776637800000,GB,ALL_FEATURES,24987.0,,0,0,1,0.0
1776639600000,GB,ALL_FEATURES,23642.0,,0,0,1,0.0
1776641400000,GB,ALL_FEATURES,22934.0,,0,0,1,0.0
1776643200000,GB,ALL_FEATURES,22987.0,,0,0,1,0.0
1776645000000,GB,ALL_FEATURES,22788.0,,0,0,1,0.0
1776646800000,GB,ALL_FEATURES,22526.0,,0,0,1,0.0
1776648600000,GB,ALL_FEATURES,22768.0,,0,0,1,0.0
1776650400000,GB,ALL_FEATURES,22672.0,,0,0,1,0.0
1776652200000,GB,ALL_FEATURES,22270.0,,0,0,1,0.0
1776654000000,GB,ALL_FEATURES,21713.0,,0,0,1,0.0
1776655800000,GB,ALL_FEATURES,21382.0,,0,0,1,0.0
1776657600000,GB,ALL_FEATURES,21198.0,,0,0,1,0.0
1776659400000,GB,ALL_FEATURES,21157.0,,0,0,1,0.0
1776661200000,GB,ALL_FEATURES,21717.0,,0,0,1,0.0
1776663000000,GB,ALL_FEATURES,22499.0,,0,0,1,0.0
1776664800000,GB,ALL_FEATURES,24552.0,,0,0,1,0.0
1776666600000,GB,ALL_FEATURES,25898.0,,0,0,1,0.0
1776668400000,GB,ALL_FEATURES,27581.0,,0,0,1,0.0
1776670200000,GB,ALL_FEATURES,28011.0,,0,0,1,0.0
1776672000000,GB,ALL_FEATURES,28136.0,,0,0,1,0.0
1776673800000,GB,ALL_FEATURES,27216.0,,0,0,1,0.0
1776675600000,GB,ALL_FEATURES,26475.0,,0,0,1,0.0
1776677400000,GB,ALL_FEATURES,25193.0,,0,0,1,0.0
1776679200000,GB,ALL_FEATURES,24100.0,,0,0,1,0.0
1776681000000,GB,ALL_FEATURES,23185.0,,0,0,1,0.0
1776682800000,GB,ALL_FEATURES,22979.0,,0,0,1,0.0
1776684600000,GB,ALL_FEATURES,23060.0,,0,0,1,0.0
1776686400000,GB,ALL_FEATURES,23177.0,,0,0,1,0.0
1776688200000,GB,ALL_FEATURES,23473.0,,0,0,1,0.0
1776690000000,GB,ALL_FEATURES,23791.0,,0,0,1,0.0
1776691800000,GB,ALL_FEATURES,23847.0,,0,0,1,0.0
1776693600000,GB,ALL_FEATURES,47168.207206141335,,1,1,1,0.9713381203720204
1776695400000,GB,ALL_FEATURES,24241.0,,0,0,1,0.0
1776697200000,GB,ALL_FEATURES,24113.0,,0,0,1,0.0
1776699000000,GB,ALL_FEATURES,24938.0,,0,0,1,0.0
1776700800000,GB,ALL_FEATURES,26040.0,,0,0,1,0.0
1776702600000,GB,ALL_FEATURES,27008.0,,0,0,1,0.0
1776704400000,GB,ALL_FEATURES,28216.0,,0,0,1,0.0
1776706200000,GB,ALL_FEATURES,29378.0,,0,0,1,0.0
1776708000000,GB,ALL_FEATURES,29659.0,,0,0,1,0.0
1776709800000,GB,ALL_FEATURES,30891.0,,0,0,1,0.0
1776711600000,GB,ALL_FEATURES,31206.0,,0,0,1,0.0
1776713400000,GB,ALL_FEATURES,31349.0,,0,0,1,0.0
1776715200000,GB,ALL_FEATURES,31116.0,,0,0,1,0.0
1776717000000,GB,ALL_FEATURES,30911.0,,0,0,1,0.0
1776718800000,GB,ALL_FEATURES,29989.0,,0,0,1,0.0
1776720600000,GB,ALL_FEATURES,28871.0,,0,0,1,0.0
1776722400000,GB,ALL_FEATURES,27232.0,,0,0,1,0.0
1776724200000,GB,ALL_FEATURES,25411.0,,0,0,1,0.0
1776726000000,GB,ALL_FEATURES,24438.0,,0,0,1,0.0
1776727800000,GB,ALL_FEATURES,23740.0,,0,0,1,0.0
1776729600000,GB,ALL_FEATURES,23032.0,,0,0,1,0.0
1776731400000,GB,ALL_FEATURES,23243.0,,0,0,1,0.0
1776733200000,GB,ALL_FEATURES,23073.0,,0,0,1,0.0
1776735000000,GB,ALL_FEATURES,23349.0,,0,0,1,0.0
1776736800000,GB,ALL_FEATURES,22424.0,,0,0,1,0.0
1776738600000,GB,ALL_FEATURES,22061.0,,0,0,1,0.0
1776740400000,GB,ALL_FEATURES,21621.0,,0,0,1,0.0
1776742200000,GB,ALL_FEATURES,21069.0,,0,0,1,0.0
1776744000000,GB,ALL_FEATURES,20705.0,,0,0,1,0.0
1776745800000,GB,ALL_FEATURES,20389.0,,0,0,1,0.0
1776747600000,GB,ALL_FEATURES,20564.0,,0,0,1,0.0
1776749400000,GB,ALL_FEATURES,21379.0,,0,0,1,0.0
1776751200000,GB,ALL_FEATURES,23628.0,,0,0,1,0.0
1776753000000,GB,ALL_FEATURES,25040.0,,0,0,1,0.0
1776754800000,GB,ALL_FEATURES,27380.0,,0,0,1,0.0
1776756600000,GB,ALL_FEATURES,28015.0,,0,0,1,0.0
1776758400000,GB,ALL_FEATURES,27970.0,,0,0,1,0.0
1776760200000,GB,ALL_FEATURES,26978.0,,0,0,1,0.0
1776762000000,GB,ALL_FEATURES,26122.0,,0,0,1,0.0
1776763800000,GB,ALL_FEATURES,25165.0,,0,0,1,0.0
1776765600000,GB,ALL_FEATURES,24160.0,,0,0,1,0.0
1776767400000,GB,ALL_FEATURES,23377.0,,0,0,1,0.0
1776769200000,GB,ALL_FEATURES,21989.0,,0,0,1,0.0
1776771000000,GB,ALL_FEATURES,21113.0,,0,0,1,0.0
1776772800000,GB,ALL_FEATURES,20973.0,,0,0,1,0.0
1776774600000,GB,ALL_FEATURES,20381.0,,0,0,1,0.0
1776776400000,GB,ALL_FEATURES,19587.0,,0,0,1,0.0
1776778200000,GB,ALL_FEATURES,19466.0,,0,0,1,0.0
1776780000000,GB,ALL_FEATURES,19203.0,,0,0,1,0.0
1776781800000,GB,ALL_FEATURES,18783.0,,0,0,1,0.0
1776783600000,GB,ALL_FEATURES,18327.0,,0,0,1,0.0
1776785400000,GB,ALL_FEATURES,19089.0,,0,0,1,0.0
1776787200000,GB,ALL_FEATURES,20257.0,,0,0,1,0.0
1776789000000,GB,ALL_FEATURES,21814.0,,0,0,1,0.0
1776790800000,GB,ALL_FEATURES,23575.0,,0,0,1,0.0
1776792600000,GB,ALL_FEATURES,24764.0,,0,0,1,0.0
1776794400000,GB,ALL_FEATURES,26602.0,,0,0,1,0.0
1776796200000,GB,ALL_FEATURES,27716.0,,0,0,1,0.0
1776798000000,GB,ALL_FEATURES,28723.0,,0,0,1,0.0
1776799800000,GB,ALL_FEATURES,29779.0,,0,0,1,0.0
1776801600000,GB,ALL_FEATURES,30065.0,,0,0,1,0.0
1776803400000,GB,ALL_FEATURES,30355.0,,0,0,1,0.0
1776805200000,GB,ALL_FEATURES,29501.0,,0,0,1,0.0
1776807000000,GB,ALL_FEATURES,27841.0,,0,0,1,0.0
1776808800000,GB,ALL_FEATURES,27158.0,,0,0,1,0.0
1776810600000,GB,ALL_FEATURES,25409.0,,0,0,1,0.0
1776812400000,GB,ALL_FEATURES,24192.0,,0,0,1,0.0
1776814200000,GB,ALL_FEATURES,23037.0,,0,0,1,0.0
1776816000000,GB,ALL_FEATURES,22696.0,,0,0,1,0.0
1776817800000,GB,ALL_FEATURES,22278.0,,0,0,1,0.0
1776819600000,GB,ALL_FEATURES,22255.0,,0,0,1,0.0
1776821400000,GB,ALL_FEATURES,22230.0,,0,0,1,0.0
1776823200000,GB,ALL_FEATURES,22055.0,,0,0,1,0.0
1776825000000,GB,ALL_FEATURES,21502.0,,0,0,1,0.0
1776826800000,GB,ALL_FEATURES,21226.0,,0,0,1,0.0
1776828600000,GB,ALL_FEATURES,20993.0,,0,0,1,0.0
1776830400000,GB,ALL_FEATURES,20565.0,,0,0,1,0.0
1776832200000,GB,ALL_FEATURES,20464.0,,0,0,1,0.0
1776834000000,GB,ALL_FEATURES,20676.0,,0,0,1,0.0
1776835800000,GB,ALL_FEATURES,21543.0,,0,0,1,0.0
1776837600000,GB,ALL_FEATURES,23536.0,,0,0,1,0.0
1776839400000,GB,ALL_FEATURES,24962.0,,0,0,1,0.0
1776841200000,GB,ALL_FEATURES,27234.0,,0,0,1,0.0
1776843000000,GB,ALL_FEATURES,27245.0,,1,0,0,0.5557760867979382
1776844800000,GB,ALL_FEATURES,26730.0,,0,0,1,0.0
1776846600000,GB,ALL_FEATURES,25331.0,,0,0,1,0.0
1776848400000,GB,ALL_FEATURES,23965.0,,0,0,1,0.0
1776850200000,GB,ALL_FEATURES,22503.0,,0,0,1,0.0
1776852000000,GB,ALL_FEATURES,20838.0,,0,0,1,0.0
1776853800000,GB,ALL_FEATURES,19749.0,,0,0,1,0.0
1776855600000,GB,ALL_FEATURES,18724.0,,0,0,1,0.0
1776857400000,GB,ALL_FEATURES,18265.0,,0,0,1,0.0
1776859200000,GB,ALL_FEATURES,18260.0,,0,0,1,0.0
1776861000000,GB,ALL_FEATURES,18071.0,,0,0,1,0.0
1776862800000,GB,ALL_FEATURES,17692.0,,0,0,1,0.0
1776864600000,GB,ALL_FEATURES,17056.0,,0,0,1,0.0
1776866400000,GB,ALL_FEATURES,16750.0,,0,0,1,0.0
1776868200000,GB,ALL_FEATURES,16717.0,,0,0,1,0.0
1776870000000,GB,ALL_FEATURES,16685.0,,0,0,1,0.0
1776871800000,GB,ALL_FEATURES,17802.0,,0,0,1,0.0
1776873600000,GB,ALL_FEATURES,19490.0,,0,0,1,0.0
1776875400000,GB,ALL_FEATURES,21085.0,,0,0,1,0.0
1776877200000,GB,ALL_FEATURES,23662.0,,0,0,1,0.0
1776879000000,GB,ALL_FEATURES,25329.0,,0,0,1,0.0
1776880800000,GB,ALL_FEATURES,26957.0,,0,0,1,0.0
1776882600000,GB,ALL_FEATURES,28228.0,,0,0,1,0.0
1776884400000,GB,ALL_FEATURES,28897.0,,0,0,1,0.0
1776886200000,GB,ALL_FEATURES,29507.0,,0,0,1,0.0
1776888000000,GB,ALL_FEATURES,30361.0,,0,0,1,0.0
1776889800000,GB,ALL_FEATURES,30136.0,,0,0,1,0.0
1776891600000,GB,ALL_FEATURES,29524.0,,0,0,1,0.0
1776893400000,GB,ALL_FEATURES,28653.0,,0,0,1,0.0
1776895200000,GB,ALL_FEATURES,26730.0,,0,0,1,0.0
1776897000000,GB,ALL_FEATURES,25319.0,,0,0,1,0.0
1776898800000,GB,ALL_FEATURES,24184.0,,0,0,1,0.0
1776900600000,GB,ALL_FEATURES,23313.0,,0,0,1,0.0
1776902400000,GB,ALL_FEATURES,23059.0,,0,0,1,0.0
1776904200000,GB,ALL_FEATURES,22783.0,,0,0,1,0.0
1776906000000,GB,ALL_FEATURES,22797.0,,0,0,1,0.0
1776907800000,GB,ALL_FEATURES,22839.0,,0,0,1,0.0
1776909600000,GB,ALL_FEATURES,22494.0,,0,0,1,0.0
1776911400000,GB,ALL_FEATURES,21844.0,,0,0,1,0.0
1776913200000,GB,ALL_FEATURES,21564.0,,0,0,1,0.0
1776915000000,GB,ALL_FEATURES,21195.0,,0,0,1,0.0
1776916800000,GB,ALL_FEATURES,20719.0,,0,0,1,0.0
1776918600000,GB,ALL_FEATURES,20844.0,,0,0,1,0.0
1776920400000,GB,ALL_FEATURES,21347.0,,0,0,1,0.0
1776922200000,GB,ALL_FEATURES,22056.0,,0,0,1,0.0
1776924000000,GB,ALL_FEATURES,24307.0,,0,0,1,0.0
1776925800000,GB,ALL_FEATURES,25276.0,,0,0,1,0.0
1776927600000,GB,ALL_FEATURES,27294.0,,0,0,1,0.0
1776929400000,GB,ALL_FEATURES,28400.0,,0,0,1,0.0
1776931200000,GB,ALL_FEATURES,27879.0,,0,0,1,0.0
1776933000000,GB,ALL_FEATURES,26592.0,,0,0,1,0.0
1776934800000,GB,ALL_FEATURES,25390.0,,0,0,1,0.0
1776936600000,GB,ALL_FEATURES,8679.557753138482,,1,0,0,0.6392386319822735
1776938400000,GB,ALL_FEATURES,22310.0,,0,0,1,0.0
1776940200000,GB,ALL_FEATURES,20684.0,,0,0,1,0.0
1776942000000,GB,ALL_FEATURES,19222.0,,0,0,1,0.0
1776943800000,GB,ALL_FEATURES,18600.0,,0,0,1,0.0
1776945600000,GB,ALL_FEATURES,18057.0,,0,0,1,0.0
1776947400000,GB,ALL_FEATURES,3005.044011276788,,1,1,1,0.8294913747573316
1776949200000,GB,ALL_FEATURES,17089.0,,0,0,1,0.0
1776951000000,GB,ALL_FEATURES,16823.0,,0,0,1,0.0
1776952800000,GB,ALL_FEATURES,16713.0,,0,0,1,0.0
1776954600000,GB,ALL_FEATURES,16668.0,,0,0,1,0.0
1776956400000,GB,ALL_FEATURES,16976.0,,0,0,1,0.0
1776958200000,GB,ALL_FEATURES,17951.0,,0,0,1,0.0
1776960000000,GB,ALL_FEATURES,19107.0,,0,0,1,0.0
1776961800000,GB,ALL_FEATURES,20950.0,,0,0,1,0.0
1776963600000,GB,ALL_FEATURES,22747.0,,0,0,1,0.0
1776965400000,GB,ALL_FEATURES,24683.0,,0,0,1,0.0
1776967200000,GB,ALL_FEATURES,26763.0,,0,0,1,0.0
1776969000000,GB,ALL_FEATURES,27843.0,,0,0,1,0.0
1776970800000,GB,ALL_FEATURES,29129.0,,0,0,1,0.0
1776972600000,GB,ALL_FEATURES,29245.0,,0,0,1,0.0
1776974400000,GB,ALL_FEATURES,29333.0,,0,0,1,0.0
1776976200000,GB,ALL_FEATURES,29539.0,,0,0,1,0.0
1776978000000,GB,ALL_FEATURES,29214.0,,0,0,1,0.0
1776979800000,GB,ALL_FEATURES,28072.0,,0,0,1,0.0
1776981600000,GB,ALL_FEATURES,26946.0,,0,0,1,0.0
1776983400000,GB,ALL_FEATURES,25689.0,,0,0,1,0.0
1776985200000,GB,ALL_FEATURES,24954.0,,0,0,1,0.0
1776987000000,GB,ALL_FEATURES,24193.0,,0,0,1,0.0
1776988800000,GB,ALL_FEATURES,23485.0,,0,0,1,0.0
1776990600000,GB,ALL_FEATURES,22990.0,,0,0,1,0.0
1776992400000,GB,ALL_FEATURES,23490.0,,0,0,1,0.0
1776994200000,GB,ALL_FEATURES,23404.0,,0,0,1,0.0
1776996000000,GB,ALL_FEATURES,22989.0,,0,0,1,0.0
1776997800000,GB,ALL_FEATURES,22516.0,,0,0,1,0.0
1776999600000,GB,ALL_FEATURES,22104.0,,0,0,1,0.0
1777001400000,GB,ALL_FEATURES,21810.0,,0,0,1,0.0
1777003200000,GB,ALL_FEATURES,35797.718223220116,,1,0,0,0.6426246144734602
1777005000000,GB,ALL_FEATURES,21659.0,,0,0,1,0.0
1777006800000,GB,ALL_FEATURES,21933.0,,0,0,1,0.0
1777008600000,GB,ALL_FEATURES,22456.0,,0,0,1,0.0
1777010400000,GB,ALL_FEATURES,24238.0,,1,1,1,0.9256712726720607
1777012200000,GB,ALL_FEATURES,25753.0,,0,0,1,0.0
1777014000000,GB,ALL_FEATURES,27981.0,,0,0,1,0.0
1777015800000,GB,ALL_FEATURES,28259.0,,0,0,1,0.0
1777017600000,GB,ALL_FEATURES,27548.0,,0,0,1,0.0
1777019400000,GB,ALL_FEATURES,26220.0,,0,0,1,0.0
1777021200000,GB,ALL_FEATURES,25154.0,,0,0,1,0.0
1777023000000,GB,ALL_FEATURES,23140.0,,0,0,1,0.0
1777024800000,GB,ALL_FEATURES,21432.0,,0,0,1,0.0
1777026600000,GB,ALL_FEATURES,20124.0,,0,0,1,0.0
1777028400000,GB,ALL_FEATURES,18976.0,,0,0,1,0.0
1777030200000,GB,ALL_FEATURES,17796.0,,0,0,1,0.0
1777032000000,GB,ALL_FEATURES,17705.0,,0,0,1,0.0
1777033800000,GB,ALL_FEATURES,17291.0,,0,0,1,0.0
1777035600000,GB,ALL_FEATURES,16898.0,,0,0,1,0.0
1777037400000,GB,ALL_FEATURES,16482.0,,0,0,1,0.0
1777039200000,GB,ALL_FEATURES,16048.0,,0,0,1,0.0
1777041000000,GB,ALL_FEATURES,16139.0,,0,0,1,0.0
1777042800000,GB,ALL_FEATURES,16222.0,,0,0,1,0.0
1777044600000,GB,ALL_FEATURES,17389.0,,0,0,1,0.0
1777046400000,GB,ALL_FEATURES,17859.0,,0,0,1,0.0
1777048200000,GB,ALL_FEATURES,20056.0,,0,0,1,0.0
1777050000000,GB,ALL_FEATURES,22129.0,,0,0,1,0.0
1777051800000,GB,ALL_FEATURES,24001.0,,0,0,1,0.0
1777053600000,GB,ALL_FEATURES,41747.22152921587,,1,0,0,0.6408781357289471
1777055400000,GB,ALL_FEATURES,26694.0,,0,0,1,0.0
1777057200000,GB,ALL_FEATURES,27865.0,,0,0,1,0.0
1777059000000,GB,ALL_FEATURES,28536.0,,0,0,1,0.0
1777060800000,GB,ALL_FEATURES,28287.0,,0,0,1,0.0
1777062600000,GB,ALL_FEATURES,28911.0,,0,0,1,0.0
1777064400000,GB,ALL_FEATURES,28690.0,,0,0,1,0.0
1777066200000,GB,ALL_FEATURES,27724.0,,0,0,1,0.0
1777068000000,GB,ALL_FEATURES,26861.0,,0,0,1,0.0
1777069800000,GB,ALL_FEATURES,25450.0,,0,0,1,0.0
1777071600000,GB,ALL_FEATURES,24141.0,,0,0,1,0.0
1777073400000,GB,ALL_FEATURES,23523.0,,0,0,1,0.0
1777075200000,GB,ALL_FEATURES,23208.0,,0,0,1,0.0
1777077000000,GB,ALL_FEATURES,22894.0,,0,0,1,0.0
1777078800000,GB,ALL_FEATURES,22489.0,,0,0,1,0.0
1777080600000,GB,ALL_FEATURES,22598.0,,0,0,1,0.0
1777082400000,GB,ALL_FEATURES,22294.0,,0,0,1,0.0
1777084200000,GB,ALL_FEATURES,21777.0,,0,0,1,0.0
1777086000000,GB,ALL_FEATURES,21612.0,,0,0,1,0.0
1777087800000,GB,ALL_FEATURES,21247.0,,0,0,1,0.0
1777089600000,GB,ALL_FEATURES,20843.0,,0,0,1,0.0
1777091400000,GB,ALL_FEATURES,20747.0,,0,0,1,0.0
1777093200000,GB,ALL_FEATURES,20759.0,,0,0,1,0.0
1777095000000,GB,ALL_FEATURES,20628.0,,0,0,1,0.0
1777096800000,GB,ALL_FEATURES,21289.0,,0,0,1,0.0
1777098600000,GB,ALL_FEATURES,21431.0,,0,0,1,0.0
1777100400000,GB,ALL_FEATURES,22195.0,,0,0,1,0.0
1777102200000,GB,ALL_FEATURES,22100.0,,0,0,1,0.0
1777104000000,GB,ALL_FEATURES,22106.0,,0,0,1,0.0
1777105800000,GB,ALL_FEATURES,21389.0,,0,0,1,0.0
1777107600000,GB,ALL_FEATURES,20156.0,,0,0,1,0.0
1777109400000,GB,ALL_FEATURES,19253.0,,0,0,1,0.0
1777111200000,GB,ALL_FEATURES,18252.0,,0,0,1,0.0
1777113000000,GB,ALL_FEATURES,17107.0,,0,0,1,0.0
1777114800000,GB,ALL_FEATURES,16328.0,,0,0,1,0.0
1777116600000,GB,ALL_FEATURES,15787.0,,0,0,1,0.0
1777118400000,GB,ALL_FEATURES,15387.0,,0,0,1,0.0
1777120200000,GB,ALL_FEATURES,14885.0,,0,1,0,0.0
1777122000000,GB,ALL_FEATURES,14466.0,,0,1,0,0.0
1777123800000,GB,ALL_FEATURES,14267.0,,0,1,0,0.0
1777125600000,GB,ALL_FEATURES,13933.0,,0,1,0,0.0
1777127400000,GB,ALL_FEATURES,14274.0,,0,1,0,0.0
1777129200000,GB,ALL_FEATURES,14278.0,,1,1,1,0.9881030164654814
1777131000000,GB,ALL_FEATURES,15380.0,,0,0,1,0.0
1777132800000,GB,ALL_FEATURES,16591.0,,0,0,1,0.0
1777134600000,GB,ALL_FEATURES,18311.0,,0,0,1,0.0
1777136400000,GB,ALL_FEATURES,20549.0,,0,0,1,0.0
1777138200000,GB,ALL_FEATURES,22183.0,,0,0,1,0.0
1777140000000,GB,ALL_FEATURES,24121.0,,0,0,1,0.0
1777141800000,GB,ALL_FEATURES,25221.0,,0,0,1,0.0
1777143600000,GB,ALL_FEATURES,26401.0,,0,0,1,0.0
1777145400000,GB,ALL_FEATURES,26578.0,,0,0,1,0.0
1777147200000,GB,ALL_FEATURES,26951.0,,0,0,1,0.0
1777149000000,GB,ALL_FEATURES,27242.0,,0,0,1,0.0
1777150800000,GB,ALL_FEATURES,27034.0,,0,0,1,0.0
1777152600000,GB,ALL_FEATURES,26554.0,,0,0,1,0.0
1777154400000,GB,ALL_FEATURES,25244.0,,0,0,1,0.0
1777156200000,GB,ALL_FEATURES,46278.15718270853,,1,1,1,0.910268190485781
1777158000000,GB,ALL_FEATURES,23492.0,,0,0,1,0.0
1777159800000,GB,ALL_FEATURES,22695.0,,0,0,1,0.0
1777161600000,GB,ALL_FEATURES,21995.0,,0,0,1,0.0
1777163400000,GB,ALL_FEATURES,21640.0,,0,0,1,0.0
1777165200000,GB,ALL_FEATURES,21436.0,,0,0,1,0.0
1777167000000,GB,ALL_FEATURES,21294.0,,0,0,1,0.0
1777168800000,GB,ALL_FEATURES,20995.0,,0,0,1,0.0
1777170600000,GB,ALL_FEATURES,20949.0,,0,0,1,0.0
1777172400000,GB,ALL_FEATURES,20195.0,,0,0,1,0.0
1777174200000,GB,ALL_FEATURES,20126.0,,0,0,1,0.0
1777176000000,GB,ALL_FEATURES,19786.0,,0,0,1,0.0
1777177800000,GB,ALL_FEATURES,19448.0,,0,0,1,0.0
1777179600000,GB,ALL_FEATURES,19211.0,,0,0,1,0.0
1777181400000,GB,ALL_FEATURES,18865.0,,0,0,1,0.0
1777183200000,GB,ALL_FEATURES,18910.0,,0,0,1,0.0
1777185000000,GB,ALL_FEATURES,19313.0,,0,0,1,0.0
1777186800000,GB,ALL_FEATURES,19945.0,,0,0,1,0.0
1777188600000,GB,ALL_FEATURES,19754.0,,0,0,1,0.0
1777190400000,GB,ALL_FEATURES,19887.0,,0,0,1,0.0
1777192200000,GB,ALL_FEATURES,19465.0,,0,0,1,0.0
1777194000000,GB,ALL_FEATURES,19241.0,,0,0,1,0.0
1777195800000,GB,ALL_FEATURES,18478.0,,0,0,1,0.0
1777197600000,GB,ALL_FEATURES,17805.0,,0,0,1,0.0
1777199400000,GB,ALL_FEATURES,17078.0,,0,0,1,0.0
1777201200000,GB,ALL_FEATURES,16601.0,,0,0,1,0.0
1777203000000,GB,ALL_FEATURES,16404.0,,0,0,1,0.0
1777204800000,GB,ALL_FEATURES,16454.0,,0,0,1,0.0
1777206600000,GB,ALL_FEATURES,16176.0,,0,0,1,0.0
1777208400000,GB,ALL_FEATURES,16313.0,,0,0,1,0.0
1777210200000,GB,ALL_FEATURES,16257.0,,0,0,1,0.0
1777212000000,GB,ALL_FEATURES,16878.0,,0,0,1,0.0
1777213800000,GB,ALL_FEATURES,17181.0,,0,0,1,0.0
1777215600000,GB,ALL_FEATURES,17800.0,,0,0,1,0.0
1777217400000,GB,ALL_FEATURES,19118.0,,0,0,1,0.0
1777219200000,GB,ALL_FEATURES,20505.0,,0,0,1,0.0
1777221000000,GB,ALL_FEATURES,22871.0,,0,0,1,0.0
1777222800000,GB,ALL_FEATURES,25184.0,,0,0,1,0.0
1777224600000,GB,ALL_FEATURES,26817.0,,0,0,1,0.0
1777226400000,GB,ALL_FEATURES,27411.0,,0,0,1,0.0
1777228200000,GB,ALL_FEATURES,27930.0,,0,0,1,0.0
1777230000000,GB,ALL_FEATURES,28320.0,,0,0,1,0.0
1777231800000,GB,ALL_FEATURES,28309.0,,0,0,1,0.0
1777233600000,GB,ALL_FEATURES,29032.0,,0,0,1,0.0
1777235400000,GB,ALL_FEATURES,28762.0,,0,0,1,0.0
1777237200000,GB,ALL_FEATURES,28431.0,,0,0,1,0.0
1777239000000,GB,ALL_FEATURES,27431.0,,1,1,1,0.8063261613808814
1777240800000,GB,ALL_FEATURES,25796.0,,0,0,1,0.0
1777242600000,GB,ALL_FEATURES,24632.0,,0,0,1,0.0
1777244400000,GB,ALL_FEATURES,23263.0,,0,0,1,0.0
1777246200000,GB,ALL_FEATURES,22006.0,,0,0,1,0.0
1777248000000,GB,ALL_FEATURES,22075.0,,0,0,1,0.0
1777249800000,GB,ALL_FEATURES,21838.0,,0,0,1,0.0
1777251600000,GB,ALL_FEATURES,22215.0,,0,0,1,0.0
1777253400000,GB,ALL_FEATURES,22245.0,,0,0,1,0.0
1777255200000,GB,ALL_FEATURES,22037.0,,0,0,1,0.0
1777257000000,GB,ALL_FEATURES,21966.0,,0,0,1,0.0
1777258800000,GB,ALL_FEATURES,20851.0,,0,0,1,0.0
1777260600000,GB,ALL_FEATURES,20994.0,,0,0,1,0.0
1777262400000,GB,ALL_FEATURES,20336.0,,0,0,1,0.0
1777264200000,GB,ALL_FEATURES,20589.0,,0,0,1,0.0
1777266000000,GB,ALL_FEATURES,20263.0,,0,0,1,0.0
1777267800000,GB,ALL_FEATURES,21063.0,,0,0,1,0.0
1777269600000,GB,ALL_FEATURES,23404.0,,0,0,1,0.0
1777271400000,GB,ALL_FEATURES,24579.0,,0,0,1,0.0
1777273200000,GB,ALL_FEATURES,26998.0,,0,0,1,0.0
1777275000000,GB,ALL_FEATURES,27445.0,,0,0,1,0.0
1777276800000,GB,ALL_FEATURES,27370.0,,0,0,1,0.0
1777278600000,GB,ALL_FEATURES,25798.0,,0,0,1,0.0
1777280400000,GB,ALL_FEATURES,24690.0,,0,0,1,0.0
1777282200000,GB,ALL_FEATURES,23210.0,,0,0,1,0.0
1777284000000,GB,ALL_FEATURES,21950.0,,0,0,1,0.0
1777285800000,GB,ALL_FEATURES,21311.0,,0,0,1,0.0
1777287600000,GB,ALL_FEATURES,20672.0,,0,0,1,0.0
1777289400000,GB,ALL_FEATURES,19926.0,,0,0,1,0.0
1777291200000,GB,ALL_FEATURES,19654.0,,0,0,1,0.0
1777293000000,GB,ALL_FEATURES,19525.0,,0,0,1,0.0
1777294800000,GB,ALL_FEATURES,19629.0,,0,0,1,0.0
1777296600000,GB,ALL_FEATURES,19366.0,,0,0,1,0.0
1777298400000,GB,ALL_FEATURES,19709.0,,0,0,1,0.0
1777300200000,GB,ALL_FEATURES,19727.0,,0,0,1,0.0
1777302000000,GB,ALL_FEATURES,20632.0,,0,0,1,0.0
1777303800000,GB,ALL_FEATURES,21982.0,,0,0,1,0.0
1777305600000,GB,ALL_FEATURES,23615.0,,0,0,1,0.0
1777307400000,GB,ALL_FEATURES,24954.0,,0,0,1,0.0
1777309200000,GB,ALL_FEATURES,26460.0,,0,0,1,0.0
1777311000000,GB,ALL_FEATURES,28031.0,,0,0,1,0.0
1777312800000,GB,ALL_FEATURES,28249.0,,0,0,1,0.0
1777314600000,GB,ALL_FEATURES,28567.0,,0,0,1,0.0
1777316400000,GB,ALL_FEATURES,29317.0,,0,0,1,0.0
1777318200000,GB,ALL_FEATURES,29484.0,,0,0,1,0.0
1777320000000,GB,ALL_FEATURES,30254.0,,0,0,1,0.0
1777321800000,GB,ALL_FEATURES,29862.0,,0,0,1,0.0
1777323600000,GB,ALL_FEATURES,29540.0,,0,0,1,0.0
1777325400000,GB,ALL_FEATURES,28302.0,,1,0,0,0.6261357658911904
1777327200000,GB,ALL_FEATURES,26899.0,,0,0,1,0.0
1777329000000,GB,ALL_FEATURES,24785.0,,0,0,1,0.0
1777330800000,GB,ALL_FEATURES,23175.0,,0,0,1,0.0
1777332600000,GB,ALL_FEATURES,22822.0,,0,0,1,0.0
1777334400000,GB,ALL_FEATURES,22594.0,,0,0,1,0.0
1777336200000,GB,ALL_FEATURES,22192.0,,0,0,1,0.0
1777338000000,GB,ALL_FEATURES,22025.0,,0,0,1,0.0
1777339800000,GB,ALL_FEATURES,21563.0,,0,0,1,0.0
1777341600000,GB,ALL_FEATURES,21542.0,,0,0,1,0.0
1777343400000,GB,ALL_FEATURES,20416.0,,0,0,1,0.0
1777345200000,GB,ALL_FEATURES,20295.0,,0,0,1,0.0
1777347000000,GB,ALL_FEATURES,19723.0,,0,0,1,0.0
1777348800000,GB,ALL_FEATURES,19510.0,,0,0,1,0.0
1777350600000,GB,ALL_FEATURES,19472.0,,0,0,1,0.0
1777352400000,GB,ALL_FEATURES,19894.0,,0,0,1,0.0
1777354200000,GB,ALL_FEATURES,20426.0,,0,0,1,0.0
1777356000000,GB,ALL_FEATURES,22686.0,,0,0,1,0.0
1777357800000,GB,ALL_FEATURES,24768.0,,0,0,1,0.0
1777359600000,GB,ALL_FEATURES,27382.0,,0,0,1,0.0
1777361400000,GB,ALL_FEATURES,28727.0,,0,0,1,0.0
1777363200000,GB,ALL_FEATURES,29004.0,,0,0,1,0.0
1777365000000,GB,ALL_FEATURES,28974.0,,0,0,1,0.0
1777366800000,GB,ALL_FEATURES,29448.0,,0,0,1,0.0
1777368600000,GB,ALL_FEATURES,29193.0,,0,0,1,0.0
1777370400000,GB,ALL_FEATURES,28906.0,,0,0,1,0.0
1777372200000,GB,ALL_FEATURES,28419.0,,0,0,1,0.0
1777374000000,GB,ALL_FEATURES,27491.0,,0,0,1,0.0
1777375800000,GB,ALL_FEATURES,26758.0,,0,0,1,0.0
1777377600000,GB,ALL_FEATURES,26102.0,,0,0,1,0.0
1777379400000,GB,ALL_FEATURES,25184.0,,0,0,1,0.0
1777381200000,GB,ALL_FEATURES,24338.0,,0,0,1,0.0
1777383000000,GB,ALL_FEATURES,23506.0,,0,0,1,0.0
1777384800000,GB,ALL_FEATURES,22665.0,,0,0,1,0.0
1777386600000,GB,ALL_FEATURES,21491.0,,0,0,1,0.0
1777388400000,GB,ALL_FEATURES,21004.0,,0,0,1,0.0
1777390200000,GB,ALL_FEATURES,21271.0,,0,0,1,0.0
1777392000000,GB,ALL_FEATURES,22006.0,,0,0,1,0.0
1777393800000,GB,ALL_FEATURES,23240.0,,0,0,1,0.0
1777395600000,GB,ALL_FEATURES,24767.0,,0,0,1,0.0
1777397400000,GB,ALL_FEATURES,25885.0,,0,0,1,0.0
1777399200000,GB,ALL_FEATURES,26637.0,,0,0,1,0.0
1777401000000,GB,ALL_FEATURES,27790.0,,0,0,1,0.0
1777402800000,GB,ALL_FEATURES,29257.0,,0,0,1,0.0
1777404600000,GB,ALL_FEATURES,29406.0,,0,0,1,0.0
1777406400000,GB,ALL_FEATURES,29665.0,,0,0,1,0.0
1777408200000,GB,ALL_FEATURES,29959.0,,0,0,1,0.0
1777410000000,GB,ALL_FEATURES,29648.0,,0,0,1,0.0
1777411800000,GB,ALL_FEATURES,28246.0,,0,0,1,0.0
1777413600000,GB,ALL_FEATURES,27053.0,,0,0,1,0.0
1777415400000,GB,ALL_FEATURES,25497.0,,0,0,1,0.0
1777417200000,GB,ALL_FEATURES,23848.0,,0,0,1,0.0
1777419000000,GB,ALL_FEATURES,23131.0,,0,0,1,0.0
1777420800000,GB,ALL_FEATURES,22709.0,,0,0,1,0.0
1777422600000,GB,ALL_FEATURES,22455.0,,0,0,1,0.0
1777424400000,GB,ALL_FEATURES,22140.0,,0,0,1,0.0
1777426200000,GB,ALL_FEATURES,22161.0,,0,0,1,0.0
1777428000000,GB,ALL_FEATURES,21748.0,,0,0,1,0.0
1777429800000,GB,ALL_FEATURES,21360.0,,0,0,1,0.0
1777431600000,GB,ALL_FEATURES,20758.0,,0,0,1,0.0
1777433400000,GB,ALL_FEATURES,20364.0,,0,0,1,0.0
1777435200000,GB,ALL_FEATURES,20039.0,,0,0,1,0.0
1777437000000,GB,ALL_FEATURES,19949.0,,0,0,1,0.0
1777438800000,GB,ALL_FEATURES,20168.0,,0,0,1,0.0
1777440600000,GB,ALL_FEATURES,20667.0,,0,0,1,0.0
1777442400000,GB,ALL_FEATURES,23039.0,,0,0,1,0.0
1777444200000,GB,ALL_FEATURES,24486.0,,0,0,1,0.0
1777446000000,GB,ALL_FEATURES,26007.0,,0,0,1,0.0
1777447800000,GB,ALL_FEATURES,25826.0,,0,0,1,0.0
1777449600000,GB,ALL_FEATURES,25046.0,,0,0,1,0.0
1777451400000,GB,ALL_FEATURES,24025.0,,0,0,1,0.0
1777453200000,GB,ALL_FEATURES,22789.0,,0,0,1,0.0
1777455000000,GB,ALL_FEATURES,21061.0,,0,0,1,0.0
1777456800000,GB,ALL_FEATURES,6770.388454975532,,1,0,0,0.6531030150650442
1777458600000,GB,ALL_FEATURES,18456.0,,0,0,1,0.0
1777460400000,GB,ALL_FEATURES,17450.0,,0,0,1,0.0
1777462200000,GB,ALL_FEATURES,16787.0,,0,0,1,0.0
1777464000000,GB,ALL_FEATURES,16950.0,,0,0,1,0.0
1777465800000,GB,ALL_FEATURES,16549.0,,0,0,1,0.0
1777467600000,GB,ALL_FEATURES,15883.0,,0,0,1,0.0
1777469400000,GB,ALL_FEATURES,15649.0,,0,0,1,0.0
1777471200000,GB,ALL_FEATURES,15745.0,,0,0,1,0.0
1777473000000,GB,ALL_FEATURES,16415.0,,0,0,1,0.0
1777474800000,GB,ALL_FEATURES,16513.0,,0,0,1,0.0
1777476600000,GB,ALL_FEATURES,17896.0,,0,0,1,0.0
1777478400000,GB,ALL_FEATURES,18923.0,,0,0,1,0.0
1777480200000,GB,ALL_FEATURES,20695.0,,0,0,1,0.0
1777482000000,GB,ALL_FEATURES,22130.0,,0,0,1,0.0
1777483800000,GB,ALL_FEATURES,23569.0,,0,0,1,0.0
1777485600000,GB,ALL_FEATURES,25070.0,,0,0,1,0.0
1777487400000,GB,ALL_FEATURES,26520.0,,0,0,1,0.0
1777489200000,GB,ALL_FEATURES,26914.0,,0,0,1,0.0
1777491000000,GB,ALL_FEATURES,27520.0,,0,0,1,0.0
1777492800000,GB,ALL_FEATURES,28235.0,,0,0,1,0.0
1777494600000,GB,ALL_FEATURES,28295.0,,0,0,1,0.0
1777496400000,GB,ALL_FEATURES,28130.0,,0,0,1,0.0
1777498200000,GB,ALL_FEATURES,27015.0,,0,0,1,0.0
1777500000000,GB,ALL_FEATURES,25558.0,,0,0,1,0.0
1777501800000,GB,ALL_FEATURES,24058.0,,0,0,1,0.0
1777503600000,GB,ALL_FEATURES,23040.0,,0,0,1,0.0
1777505400000,GB,ALL_FEATURES,22160.0,,0,0,1,0.0
1777507200000,GB,ALL_FEATURES,21815.0,,0,0,1,0.0
1777509000000,GB,ALL_FEATURES,21621.0,,0,0,1,0.0
1777510800000,GB,ALL_FEATURES,21283.0,,0,0,1,0.0
1777512600000,GB,ALL_FEATURES,21184.0,,0,0,1,0.0
1777514400000,GB,ALL_FEATURES,20679.0,,0,0,1,0.0
1777516200000,GB,ALL_FEATURES,20707.0,,0,0,1,0.0
1777518000000,GB,ALL_FEATURES,19832.0,,0,0,1,0.0
1777519800000,GB,ALL_FEATURES,19796.0,,0,0,1,0.0
1777521600000,GB,ALL_FEATURES,19843.0,,0,0,1,0.0
1777523400000,GB,ALL_FEATURES,19576.0,,0,0,1,0.0
1777525200000,GB,ALL_FEATURES,19570.0,,0,0,1,0.0
1777527000000,GB,ALL_FEATURES,20312.0,,0,0,1,0.0
1777528800000,GB,ALL_FEATURES,22415.0,,0,0,1,0.0
1777530600000,GB,ALL_FEATURES,22931.0,,0,0,1,0.0
1777532400000,GB,ALL_FEATURES,25004.0,,0,0,1,0.0
1777534200000,GB,ALL_FEATURES,25184.0,,0,0,1,0.0
1777536000000,GB,ALL_FEATURES,25097.0,,0,0,1,0.0
1777537800000,GB,ALL_FEATURES,23799.0,,0,0,1,0.0
1777539600000,GB,ALL_FEATURES,22706.0,,0,0,1,0.0
1777541400000,GB,ALL_FEATURES,21204.0,,0,0,1,0.0
1777543200000,GB,ALL_FEATURES,19685.0,,0,0,1,0.0
1777545000000,GB,ALL_FEATURES,18900.0,,0,0,1,0.0
1777546800000,GB,ALL_FEATURES,17990.0,,0,0,1,0.0
1777548600000,GB,ALL_FEATURES,17171.0,,0,0,1,0.0
1777550400000,GB,ALL_FEATURES,17117.0,,0,0,1,0.0
1777552200000,GB,ALL_FEATURES,6126.233130208948,,1,0,0,0.6323230626450037
1777554000000,GB,ALL_FEATURES,16238.0,,0,0,1,0.0
1777555800000,GB,ALL_FEATURES,15879.0,,0,0,1,0.0
1777557600000,GB,ALL_FEATURES,16022.0,,0,0,1,0.0
1777559400000,GB,ALL_FEATURES,16011.0,,0,0,1,0.0
1777561200000,GB,ALL_FEATURES,16153.0,,0,0,1,0.0
1777563000000,GB,ALL_FEATURES,16925.0,,0,0,1,0.0
1777564800000,GB,ALL_FEATURES,18328.0,,0,0,1,0.0
1777566600000,GB,ALL_FEATURES,19941.0,,0,0,1,0.0
1777568400000,GB,ALL_FEATURES,21606.0,,0,0,1,0.0
1777570200000,GB,ALL_FEATURES,22809.0,,0,0,1,0.0
1777572000000,GB,ALL_FEATURES,24119.0,,0,0,1,0.0
1777573800000,GB,ALL_FEATURES,26043.0,,0,0,1,0.0
1777575600000,GB,ALL_FEATURES,26857.0,,0,0,1,0.0
1777577400000,GB,ALL_FEATURES,27370.0,,0,0,1,0.0
1777579200000,GB,ALL_FEATURES,28299.0,,0,0,1,0.0
1777581000000,GB,ALL_FEATURES,28314.0,,0,0,1,0.0
1777582800000,GB,ALL_FEATURES,28499.0,,0,0,1,0.0
1777584600000,GB,ALL_FEATURES,27094.0,,0,0,1,0.0
1777586400000,GB,ALL_FEATURES,25584.0,,0,0,1,0.0
1777588200000,GB,ALL_FEATURES,24674.0,,0,0,1,0.0
1777590000000,GB,ALL_FEATURES,23167.0,,0,0,1,0.0
1777591800000,GB,ALL_FEATURES,22798.0,,0,0,1,0.0
1777593600000,GB,ALL_FEATURES,23265.0,,0,0,1,0.0
1777595400000,GB,ALL_FEATURES,21949.0,,0,0,1,0.0
1777597200000,GB,ALL_FEATURES,22144.0,,0,0,1,0.0
1777599000000,GB,ALL_FEATURES,22517.0,,0,0,1,0.0
1777600800000,GB,ALL_FEATURES,21963.0,,0,0,1,0.0
1777602600000,GB,ALL_FEATURES,21316.0,,0,0,1,0.0
1777604400000,GB,ALL_FEATURES,20891.0,,0,0,1,0.0
1777606200000,GB,ALL_FEATURES,20797.0,,0,0,1,0.0
1777608000000,GB,ALL_FEATURES,20607.0,,0,0,1,0.0
1777609800000,GB,ALL_FEATURES,20399.0,,0,0,1,0.0
1777611600000,GB,ALL_FEATURES,20902.0,,0,0,1,0.0
1777613400000,GB,ALL_FEATURES,21267.0,,0,0,1,0.0
1777615200000,GB,ALL_FEATURES,23263.0,,0,0,1,0.0
1777617000000,GB,ALL_FEATURES,23767.0,,0,0,1,0.0
1777618800000,GB,ALL_FEATURES,25310.0,,0,0,1,0.0
1777620600000,GB,ALL_FEATURES,26387.0,,0,0,1,0.0
1777622400000,GB,ALL_FEATURES,25862.0,,0,0,1,0.0
1777624200000,GB,ALL_FEATURES,25046.0,,0,0,1,0.0
1777626000000,GB,ALL_FEATURES,24583.0,,0,0,1,0.0
1777627800000,GB,ALL_FEATURES,23410.0,,0,0,1,0.0
1777629600000,GB,ALL_FEATURES,22499.0,,0,0,1,0.0
1777631400000,GB,ALL_FEATURES,22015.0,,0,0,1,0.0
1777633200000,GB,ALL_FEATURES,21686.0,,0,0,1,0.0
1777635000000,GB,ALL_FEATURES,21241.0,,0,0,1,0.0
1777636800000,GB,ALL_FEATURES,20922.0,,0,0,1,0.0
1777638600000,GB,ALL_FEATURES,20463.0,,0,0,1,0.0
1777640400000,GB,ALL_FEATURES,20264.0,,0,0,1,0.0
1777642200000,GB,ALL_FEATURES,19883.0,,0,0,1,0.0
1777644000000,GB,ALL_FEATURES,19701.0,,0,0,1,0.0
1777645800000,GB,ALL_FEATURES,19820.0,,0,0,1,0.0
1777647600000,GB,ALL_FEATURES,20432.0,,0,0,1,0.0
1777649400000,GB,ALL_FEATURES,21049.0,,0,0,1,0.0
1777651200000,GB,ALL_FEATURES,21651.0,,0,0,1,0.0
1777653000000,GB,ALL_FEATURES,23437.0,,1,1,1,0.657258578585084
1777654800000,GB,ALL_FEATURES,24663.0,,0,0,1,0.0
1777656600000,GB,ALL_FEATURES,26096.0,,0,0,1,0.0
1777658400000,GB,ALL_FEATURES,26634.0,,0,0,1,0.0
1777660200000,GB,ALL_FEATURES,27223.0,,0,0,1,0.0
1777662000000,GB,ALL_FEATURES,27845.0,,0,0,1,0.0
1777663800000,GB,ALL_FEATURES,27768.0,,0,0,1,0.0
1777665600000,GB,ALL_FEATURES,27783.0,,0,0,1,0.0
1777667400000,GB,ALL_FEATURES,27463.0,,0,0,1,0.0
1777669200000,GB,ALL_FEATURES,47418.541877329575,,1,1,1,0.7066237853996608
1777671000000,GB,ALL_FEATURES,27061.0,,0,0,1,0.0
1777672800000,GB,ALL_FEATURES,25984.0,,0,0,1,0.0
1777674600000,GB,ALL_FEATURES,25020.0,,0,0,1,0.0
1777676400000,GB,ALL_FEATURES,23979.0,,0,0,1,0.0
1777678200000,GB,ALL_FEATURES,22898.0,,0,0,1,0.0
1777680000000,GB,ALL_FEATURES,22804.0,,0,0,1,0.0
1777681800000,GB,ALL_FEATURES,22351.0,,0,0,1,0.0
1777683600000,GB,ALL_FEATURES,21587.0,,0,0,1,0.0
1777685400000,GB,ALL_FEATURES,21950.0,,0,0,1,0.0
1777687200000,GB,ALL_FEATURES,21238.0,,0,0,1,0.0
1777689000000,GB,ALL_FEATURES,20820.0,,0,0,1,0.0
1777690800000,GB,ALL_FEATURES,20376.0,,0,0,1,0.0
1777692600000,GB,ALL_FEATURES,19910.0,,0,0,1,0.0
1777694400000,GB,ALL_FEATURES,19561.0,,0,0,1,0.0
1777696200000,GB,ALL_FEATURES,19371.0,,0,0,1,0.0
1777698000000,GB,ALL_FEATURES,19228.0,,0,0,1,0.0
1777699800000,GB,ALL_FEATURES,19229.0,,0,0,1,0.0
1777701600000,GB,ALL_FEATURES,19676.0,,0,0,1,0.0
1777703400000,GB,ALL_FEATURES,19904.0,,0,0,1,0.0
1777705200000,GB,ALL_FEATURES,20476.0,,0,0,1,0.0
1777707000000,GB,ALL_FEATURES,20804.0,,0,0,1,0.0
1777708800000,GB,ALL_FEATURES,21098.0,,0,0,1,0.0
1777710600000,GB,ALL_FEATURES,20728.0,,0,0,1,0.0
1777712400000,GB,ALL_FEATURES,20659.0,,0,0,1,0.0
1777714200000,GB,ALL_FEATURES,19877.0,,0,0,1,0.0
1777716000000,GB,ALL_FEATURES,18821.0,,0,0,1,0.0
1777717800000,GB,ALL_FEATURES,18168.0,,0,0,1,0.0
1777719600000,GB,ALL_FEATURES,17697.0,,0,0,1,0.0
1777721400000,GB,ALL_FEATURES,32829.461510791254,,1,0,0,0.8735069058261289
1777723200000,GB,ALL_FEATURES,17288.0,,0,0,1,0.0
1777725000000,GB,ALL_FEATURES,16906.0,,0,0,1,0.0
1777726800000,GB,ALL_FEATURES,16705.0,,0,0,1,0.0
1777728600000,GB,ALL_FEATURES,16843.0,,0,0,1,0.0
1777730400000,GB,ALL_FEATURES,17354.0,,0,0,1,0.0
1777732200000,GB,ALL_FEATURES,18188.0,,0,0,1,0.0
1777734000000,GB,ALL_FEATURES,19366.0,,0,0,1,0.0
1777735800000,GB,ALL_FEATURES,20550.0,,0,0,1,0.0
1777737600000,GB,ALL_FEATURES,22150.0,,0,0,1,0.0
1777739400000,GB,ALL_FEATURES,24192.0,,0,0,1,0.0
1777741200000,GB,ALL_FEATURES,25488.0,,0,0,1,0.0
1777743000000,GB,ALL_FEATURES,27212.0,,0,0,1,0.0
1777744800000,GB,ALL_FEATURES,27345.0,,0,0,1,0.0
1777746600000,GB,ALL_FEATURES,27186.0,,0,0,1,0.0
1777748400000,GB,ALL_FEATURES,26395.0,,0,0,1,0.0
1777750200000,GB,ALL_FEATURES,26523.0,,0,0,1,0.0
1777752000000,GB,ALL_FEATURES,26763.0,,0,0,1,0.0
1777753800000,GB,ALL_FEATURES,26713.0,,0,0,1,0.0
1777755600000,GB,ALL_FEATURES,26838.0,,0,0,1,0.0
1777757400000,GB,ALL_FEATURES,26096.0,,0,0,1,0.0
1777759200000,GB,ALL_FEATURES,25614.0,,0,0,1,0.0
1777761000000,GB,ALL_FEATURES,23890.0,,0,0,1,0.0
1777762800000,GB,ALL_FEATURES,22934.0,,0,0,1,0.0
1777764600000,GB,ALL_FEATURES,22534.0,,0,0,1,0.0
1777766400000,GB,ALL_FEATURES,22174.0,,0,0,1,0.0
1777768200000,GB,ALL_FEATURES,21615.0,,0,0,1,0.0
1777770000000,GB,ALL_FEATURES,21180.0,,0,0,1,0.0
1777771800000,GB,ALL_FEATURES,21321.0,,0,0,1,0.0
1777773600000,GB,ALL_FEATURES,21000.0,,0,0,1,0.0
1777775400000,GB,ALL_FEATURES,19999.0,,0,0,1,0.0
1777777200000,GB,ALL_FEATURES,19073.0,,0,0,1,0.0
1777779000000,GB,ALL_FEATURES,19004.0,,0,0,1,0.0
1777780800000,GB,ALL_FEATURES,18515.0,,0,0,1,0.0
1777782600000,GB,ALL_FEATURES,18333.0,,0,0,1,0.0
1777784400000,GB,ALL_FEATURES,18121.0,,0,0,1,0.0
1777786200000,GB,ALL_FEATURES,17897.0,,0,0,1,0.0
1777788000000,GB,ALL_FEATURES,18390.0,,0,0,1,0.0
1777789800000,GB,ALL_FEATURES,18628.0,,0,0,1,0.0
1777791600000,GB,ALL_FEATURES,19632.0,,0,0,1,0.0
1777793400000,GB,ALL_FEATURES,19992.0,,0,0,1,0.0
1777795200000,GB,ALL_FEATURES,21005.0,,0,0,1,0.0
1777797000000,GB,ALL_FEATURES,21230.0,,0,0,1,0.0
1777798800000,GB,ALL_FEATURES,22021.0,,0,0,1,0.0
1777800600000,GB,ALL_FEATURES,22085.0,,0,0,1,0.0
1777802400000,GB,ALL_FEATURES,22277.0,,0,0,1,0.0
1777804200000,GB,ALL_FEATURES,22136.0,,0,0,1,0.0
1777806000000,GB,ALL_FEATURES,22162.0,,0,0,1,0.0
1777807800000,GB,ALL_FEATURES,22333.0,,0,0,1,0.0
1777809600000,GB,ALL_FEATURES,22348.0,,0,0,1,0.0
1777811400000,GB,ALL_FEATURES,22252.0,,0,0,1,0.0
1777813200000,GB,ALL_FEATURES,22218.0,,0,0,1,0.0
1777815000000,GB,ALL_FEATURES,22045.0,,0,0,1,0.0
1777816800000,GB,ALL_FEATURES,22004.0,,0,0,1,0.0
1777818600000,GB,ALL_FEATURES,22095.0,,0,0,1,0.0
1777820400000,GB,ALL_FEATURES,22518.0,,0,0,1,0.0
1777822200000,GB,ALL_FEATURES,22955.0,,0,0,1,0.0
1777824000000,GB,ALL_FEATURES,23752.0,,0,0,1,0.0
1777825800000,GB,ALL_FEATURES,24847.0,,0,0,1,0.0
1777827600000,GB,ALL_FEATURES,25622.0,,0,0,1,0.0
1777829400000,GB,ALL_FEATURES,26566.0,,0,0,1,0.0
1777831200000,GB,ALL_FEATURES,26638.0,,0,0,1,0.0
1777833000000,GB,ALL_FEATURES,27175.0,,0,0,1,0.0
1777834800000,GB,ALL_FEATURES,27458.0,,0,0,1,0.0
1777836600000,GB,ALL_FEATURES,27237.0,,0,0,1,0.0
1777838400000,GB,ALL_FEATURES,27386.0,,0,0,1,0.0
1777840200000,GB,ALL_FEATURES,27050.0,,0,0,1,0.0
1777842000000,GB,ALL_FEATURES,26782.0,,0,0,1,0.0
1777843800000,GB,ALL_FEATURES,26298.0,,0,0,1,0.0
1777845600000,GB,ALL_FEATURES,25192.0,,0,0,1,0.0
1777847400000,GB,ALL_FEATURES,23885.0,,0,0,1,0.0
1777849200000,GB,ALL_FEATURES,22667.0,,0,0,1,0.0
1777851000000,GB,ALL_FEATURES,22191.0,,0,0,1,0.0
1777852800000,GB,ALL_FEATURES,21645.0,,0,0,1,0.0
1777854600000,GB,ALL_FEATURES,21653.0,,0,0,1,0.0
1777856400000,GB,ALL_FEATURES,21527.0,,0,0,1,0.0
1777858200000,GB,ALL_FEATURES,21539.0,,0,0,1,0.0
1777860000000,GB,ALL_FEATURES,20969.0,,0,0,1,0.0
1777861800000,GB,ALL_FEATURES,20544.0,,0,0,1,0.0
1777863600000,GB,ALL_FEATURES,19996.0,,0,0,1,0.0
1777865400000,GB,ALL_FEATURES,19645.0,,0,0,1,0.0
1777867200000,GB,ALL_FEATURES,19313.0,,0,0,1,0.0
1777869000000,GB,ALL_FEATURES,19170.0,,1,0,0,0.9037484988833218
1777870800000,GB,ALL_FEATURES,19036.0,,0,0,1,0.0
1777872600000,GB,ALL_FEATURES,19033.0,,0,0,1,0.0
1777874400000,GB,ALL_FEATURES,19787.0,,0,0,1,0.0
1777876200000,GB,ALL_FEATURES,20420.0,,0,0,1,0.0
1777878000000,GB,ALL_FEATURES,21466.0,,0,0,1,0.0
1777879800000,GB,ALL_FEATURES,21847.0,,0,0,1,0.0
1777881600000,GB,ALL_FEATURES,23331.0,,0,0,1,0.0
1777883400000,GB,ALL_FEATURES,23363.0,,0,0,1,0.0
1777885200000,GB,ALL_FEATURES,24505.0,,0,0,1,0.0
1777887000000,GB,ALL_FEATURES,24201.0,,0,0,1,0.0
1777888800000,GB,ALL_FEATURES,24278.0,,0,0,1,0.0
1777890600000,GB,ALL_FEATURES,24147.0,,0,0,1,0.0
1777892400000,GB,ALL_FEATURES,24007.0,,0,0,1,0.0
1777894200000,GB,ALL_FEATURES,23531.0,,0,0,1,0.0
1777896000000,GB,ALL_FEATURES,23224.0,,0,0,1,0.0
1777897800000,GB,ALL_FEATURES,23423.0,,0,0,1,0.0
1777899600000,GB,ALL_FEATURES,22812.0,,0,0,1,0.0
1777901400000,GB,ALL_FEATURES,22556.0,,0,0,1,0.0
1777903200000,GB,ALL_FEATURES,22518.0,,0,0,1,0.0
1777905000000,GB,ALL_FEATURES,22256.0,,0,0,1,0.0
1777906800000,GB,ALL_FEATURES,22364.0,,0,0,1,0.0
1777908600000,GB,ALL_FEATURES,23133.0,,0,0,1,0.0
1777910400000,GB,ALL_FEATURES,23814.0,,0,0,1,0.0
1777912200000,GB,ALL_FEATURES,24998.0,,0,0,1,0.0
1777914000000,GB,ALL_FEATURES,26366.0,,0,0,1,0.0
1777915800000,GB,ALL_FEATURES,7984.918092423347,,1,0,0,0.703207028976236
1777917600000,GB,ALL_FEATURES,27199.0,,0,0,1,0.0
1777919400000,GB,ALL_FEATURES,27526.0,,0,0,1,0.0
1777921200000,GB,ALL_FEATURES,28050.0,,0,0,1,0.0
1777923000000,GB,ALL_FEATURES,54671.273324370035,,1,1,1,0.9512214327552744
1777924800000,GB,ALL_FEATURES,27804.0,,0,0,1,0.0
1777926600000,GB,ALL_FEATURES,27746.0,,0,0,1,0.0
1777928400000,GB,ALL_FEATURES,28053.0,,0,0,1,0.0
1777930200000,GB,ALL_FEATURES,27056.0,,0,0,1,0.0
1777932000000,GB,ALL_FEATURES,26152.0,,0,0,1,0.0
1777933800000,GB,ALL_FEATURES,23997.0,,0,0,1,0.0
1777935600000,GB,ALL_FEATURES,23121.0,,0,0,1,0.0
1777937400000,GB,ALL_FEATURES,22387.0,,0,0,1,0.0
1777939200000,GB,ALL_FEATURES,22143.0,,0,0,1,0.0
1777941000000,GB,ALL_FEATURES,21796.0,,0,0,1,0.0
1777942800000,GB,ALL_FEATURES,21854.0,,0,0,1,0.0
1777944600000,GB,ALL_FEATURES,21556.0,,0,0,1,0.0
1777946400000,GB,ALL_FEATURES,21106.0,,0,0,1,0.0
1777948200000,GB,ALL_FEATURES,20730.0,,0,0,1,0.0
1777950000000,GB,ALL_FEATURES,20491.0,,0,0,1,0.0
1777951800000,GB,ALL_FEATURES,20068.0,,0,0,1,0.0
1777953600000,GB,ALL_FEATURES,19976.0,,0,0,1,0.0
1777955400000,GB,ALL_FEATURES,19482.0,,0,0,1,0.0
1777957200000,GB,ALL_FEATURES,20201.0,,0,0,1,0.0
1777959000000,GB,ALL_FEATURES,20320.0,,0,0,1,0.0
1777960800000,GB,ALL_FEATURES,22542.0,,0,0,1,0.0
1777962600000,GB,ALL_FEATURES,47073.56863216377,,1,0,0,0.9645091658527571
1777964400000,GB,ALL_FEATURES,25286.0,,0,0,1,0.0
1777966200000,GB,ALL_FEATURES,26279.0,,0,0,1,0.0
1777968000000,GB,ALL_FEATURES,26976.0,,0,0,1,0.0
1777969800000,GB,ALL_FEATURES,26228.0,,0,0,1,0.0
1777971600000,GB,ALL_FEATURES,25376.0,,0,0,1,0.0
1777973400000,GB,ALL_FEATURES,24389.0,,0,0,1,0.0
1777975200000,GB,ALL_FEATURES,23823.0,,0,0,1,0.0
1777977000000,GB,ALL_FEATURES,23261.0,,0,0,1,0.0
1777978800000,GB,ALL_FEATURES,23210.0,,0,0,1,0.0
1777980600000,GB,ALL_FEATURES,23024.0,,0,0,1,0.0
1777982400000,GB,ALL_FEATURES,23271.0,,0,0,1,0.0
1777984200000,GB,ALL_FEATURES,23304.0,,0,0,1,0.0
1777986000000,GB,ALL_FEATURES,23549.0,,0,0,1,0.0
1777987800000,GB,ALL_FEATURES,23604.0,,0,0,1,0.0
1777989600000,GB,ALL_FEATURES,23387.0,,0,0,1,0.0
1777991400000,GB,ALL_FEATURES,23407.0,,0,0,1,0.0
1777993200000,GB,ALL_FEATURES,23835.0,,0,0,1,0.0
1777995000000,GB,ALL_FEATURES,24507.0,,0,0,1,0.0
1777996800000,GB,ALL_FEATURES,24400.0,,0,0,1,0.0
1777998600000,GB,ALL_FEATURES,26366.0,,0,0,1,0.0
1778000400000,GB,ALL_FEATURES,27011.0,,0,0,1,0.0
1778002200000,GB,ALL_FEATURES,28137.0,,0,0,1,0.0
1778004000000,GB,ALL_FEATURES,28861.0,,0,0,1,0.0
1778005800000,GB,ALL_FEATURES,29211.0,,0,0,1,0.0
1778007600000,GB,ALL_FEATURES,29413.0,,0,0,1,0.0
1778009400000,GB,ALL_FEATURES,29487.0,,0,0,1,0.0
1778011200000,GB,ALL_FEATURES,30245.0,,0,0,1,0.0
1778013000000,GB,ALL_FEATURES,30141.0,,0,0,1,0.0
1778014800000,GB,ALL_FEATURES,29760.0,,0,0,1,0.0
1778016600000,GB,ALL_FEATURES,28587.0,,0,0,1,0.0
1778018400000,GB,ALL_FEATURES,26964.0,,0,0,1,0.0
1778020200000,GB,ALL_FEATURES,25314.0,,0,0,1,0.0
1778022000000,GB,ALL_FEATURES,23974.0,,0,0,1,0.0
1778023800000,GB,ALL_FEATURES,23159.0,,0,0,1,0.0
1778025600000,GB,ALL_FEATURES,23186.0,,0,0,1,0.0
1778027400000,GB,ALL_FEATURES,22733.0,,0,0,1,0.0
1778029200000,GB,ALL_FEATURES,22544.0,,0,0,1,0.0
1778031000000,GB,ALL_FEATURES,22781.0,,0,0,1,0.0
1778032800000,GB,ALL_FEATURES,22336.0,,0,0,1,0.0
1778034600000,GB,ALL_FEATURES,21743.0,,0,0,1,0.0
1778036400000,GB,ALL_FEATURES,21718.0,,0,0,1,0.0
1778038200000,GB,ALL_FEATURES,20775.0,,0,0,1,0.0
1778040000000,GB,ALL_FEATURES,20690.0,,0,0,1,0.0
1778041800000,GB,ALL_FEATURES,21114.0,,0,0,1,0.0
1778043600000,GB,ALL_FEATURES,20817.0,,0,0,1,0.0
1778045400000,GB,ALL_FEATURES,21326.0,,0,0,1,0.0
1778047200000,GB,ALL_FEATURES,23146.0,,0,0,1,0.0
1778049000000,GB,ALL_FEATURES,24556.0,,0,0,1,0.0
1778050800000,GB,ALL_FEATURES,26998.0,,0,0,1,0.0
1778052600000,GB,ALL_FEATURES,27535.0,,0,0,1,0.0
1778054400000,GB,ALL_FEATURES,27842.0,,0,0,1,0.0
1778056200000,GB,ALL_FEATURES,27365.0,,0,0,1,0.0
1778058000000,GB,ALL_FEATURES,26838.0,,0,0,1,0.0
1778059800000,GB,ALL_FEATURES,25645.0,,0,0,1,0.0
1778061600000,GB,ALL_FEATURES,24864.0,,0,0,1,0.0
1778063400000,GB,ALL_FEATURES,24358.0,,0,0,1,0.0
1778065200000,GB,ALL_FEATURES,23813.0,,0,0,1,0.0
1778067000000,GB,ALL_FEATURES,23674.0,,0,0,1,0.0
1778068800000,GB,ALL_FEATURES,23531.0,,0,0,1,0.0
1778070600000,GB,ALL_FEATURES,23384.0,,0,0,1,0.0
1778072400000,GB,ALL_FEATURES,23335.0,,0,0,1,0.0
1778074200000,GB,ALL_FEATURES,23632.0,,0,0,1,0.0
1778076000000,GB,ALL_FEATURES,23831.0,,0,0,1,0.0
1778077800000,GB,ALL_FEATURES,24034.0,,0,0,1,0.0
1778079600000,GB,ALL_FEATURES,24983.0,,0,0,1,0.0
1778081400000,GB,ALL_FEATURES,25668.0,,0,0,1,0.0
1778083200000,GB,ALL_FEATURES,26690.0,,0,0,1,0.0
1778085000000,GB,ALL_FEATURES,27900.0,,0,0,1,0.0
1778086800000,GB,ALL_FEATURES,29018.0,,0,0,1,0.0
1778088600000,GB,ALL_FEATURES,29920.0,,0,0,1,0.0
1778090400000,GB,ALL_FEATURES,29932.0,,0,0,1,0.0
1778092200000,GB,ALL_FEATURES,30753.0,,0,0,1,0.0
1778094000000,GB,ALL_FEATURES,31232.0,,0,0,1,0.0
1778095800000,GB,ALL_FEATURES,31021.0,,0,0,1,0.0
1778097600000,GB,ALL_FEATURES,30774.0,,0,0,1,0.0
1778099400000,GB,ALL_FEATURES,30169.0,,0,0,1,0.0
1778101200000,GB,ALL_FEATURES,30721.0,,0,0,1,0.0
1778103000000,GB,ALL_FEATURES,29139.0,,0,0,1,0.0
1778104800000,GB,ALL_FEATURES,27705.0,,0,0,1,0.0
1778106600000,GB,ALL_FEATURES,26487.0,,0,0,1,0.0
1778108400000,GB,ALL_FEATURES,25152.0,,0,0,1,0.0
1778110200000,GB,ALL_FEATURES,23910.0,,0,0,1,0.0
1778112000000,GB,ALL_FEATURES,23657.0,,0,0,1,0.0
1778113800000,GB,ALL_FEATURES,22941.0,,0,0,1,0.0
1778115600000,GB,ALL_FEATURES,22872.0,,0,0,1,0.0
1778117400000,GB,ALL_FEATURES,23020.0,,0,0,1,0.0
1778119200000,GB,ALL_FEATURES,22697.0,,0,0,1,0.0
1778121000000,GB,ALL_FEATURES,22068.0,,0,0,1,0.0
1778122800000,GB,ALL_FEATURES,21881.0,,0,0,1,0.0
1778124600000,GB,ALL_FEATURES,21318.0,,0,0,1,0.0
1778126400000,GB,ALL_FEATURES,21070.0,,0,0,1,0.0
1778128200000,GB,ALL_FEATURES,21087.0,,0,0,1,0.0
1778130000000,GB,ALL_FEATURES,20888.0,,0,0,1,0.0
1778131800000,GB,ALL_FEATURES,3461.494601175731,,1,0,0,0.8363978352785835
1778133600000,GB,ALL_FEATURES,22843.0,,0,0,1,0.0
1778135400000,GB,ALL_FEATURES,24501.0,,0,0,1,0.0
1778137200000,GB,ALL_FEATURES,26742.0,,0,0,1,0.0
1778139000000,GB,ALL_FEATURES,27441.0,,0,0,1,0.0
1778140800000,GB,ALL_FEATURES,27743.0,,0,0,1,0.0
1778142600000,GB,ALL_FEATURES,27433.0,,0,0,1,0.0
1778144400000,GB,ALL_FEATURES,26996.0,,0,0,1,0.0
1778146200000,GB,ALL_FEATURES,25966.0,,0,0,1,0.0
1778148000000,GB,ALL_FEATURES,25374.0,,0,0,1,0.0
1778149800000,GB,ALL_FEATURES,24705.0,,0,0,1,0.0
1778151600000,GB,ALL_FEATURES,24639.0,,0,0,1,0.0
1778153400000,GB,ALL_FEATURES,24736.0,,0,0,1,0.0
1778155200000,GB,ALL_FEATURES,24811.0,,0,0,1,0.0
1778157000000,GB,ALL_FEATURES,24722.0,,0,0,1,0.0
1778158800000,GB,ALL_FEATURES,24493.0,,0,0,1,0.0
1778160600000,GB,ALL_FEATURES,6599.0969769666335,,1,0,0,0.7282309127350863
1778162400000,GB,ALL_FEATURES,23877.0,,0,0,1,0.0
1778164200000,GB,ALL_FEATURES,24379.0,,0,0,1,0.0
1778166000000,GB,ALL_FEATURES,24682.0,,0,0,1,0.0
1778167800000,GB,ALL_FEATURES,25277.0,,0,0,1,0.0
1778169600000,GB,ALL_FEATURES,25835.0,,0,0,1,0.0
1778171400000,GB,ALL_FEATURES,26791.0,,0,0,1,0.0
1778173200000,GB,ALL_FEATURES,27659.0,,0,0,1,0.0
1778175000000,GB,ALL_FEATURES,28511.0,,0,0,1,0.0
1778176800000,GB,ALL_FEATURES,28991.0,,0,0,1,0.0
1778178600000,GB,ALL_FEATURES,29202.0,,0,0,1,0.0
1778180400000,GB,ALL_FEATURES,29662.0,,0,0,1,0.0
1778182200000,GB,ALL_FEATURES,30309.0,,0,0,1,0.0
1778184000000,GB,ALL_FEATURES,29817.0,,0,0,1,0.0
1778185800000,GB,ALL_FEATURES,29926.0,,0,0,1,0.0
1778187600000,GB,ALL_FEATURES,29558.0,,0,0,1,0.0
1778189400000,GB,ALL_FEATURES,28604.0,,0,0,1,0.0
1778191200000,GB,ALL_FEATURES,27075.0,,0,0,1,0.0
1778193000000,GB,ALL_FEATURES,25639.0,,0,0,1,0.0
1778194800000,GB,ALL_FEATURES,24139.0,,0,0,1,0.0
1778196600000,GB,ALL_FEATURES,23465.0,,0,0,1,0.0
1778198400000,GB,ALL_FEATURES,23085.0,,0,0,1,0.0
1778200200000,GB,ALL_FEATURES,22890.0,,0,0,1,0.0
1778202000000,GB,ALL_FEATURES,22750.0,,0,0,1,0.0
1778203800000,GB,ALL_FEATURES,22736.0,,0,0,1,0.0
1778205600000,GB,ALL_FEATURES,22260.0,,0,0,1,0.0
1778207400000,GB,ALL_FEATURES,21530.0,,0,0,1,0.0
1778209200000,GB,ALL_FEATURES,21324.0,,0,0,1,0.0
1778211000000,GB,ALL_FEATURES,20725.0,,0,0,1,0.0
1778212800000,GB,ALL_FEATURES,20821.0,,0,0,1,0.0
1778214600000,GB,ALL_FEATURES,20937.0,,0,0,1,0.0
1778216400000,GB,ALL_FEATURES,20877.0,,0,0,1,0.0
1778218200000,GB,ALL_FEATURES,21342.0,,0,0,1,0.0
1778220000000,GB,ALL_FEATURES,23101.0,,0,0,1,0.0
1778221800000,GB,ALL_FEATURES,24441.0,,0,0,1,0.0
1778223600000,GB,ALL_FEATURES,26435.0,,0,0,1,0.0
1778225400000,GB,ALL_FEATURES,27442.0,,0,0,1,0.0
1778227200000,GB,ALL_FEATURES,27883.0,,0,0,1,0.0
1778229000000,GB,ALL_FEATURES,27028.0,,0,0,1,0.0
1778230800000,GB,ALL_FEATURES,27077.0,,0,0,1,0.0
1778232600000,GB,ALL_FEATURES,25472.0,,0,0,1,0.0
1778234400000,GB,ALL_FEATURES,24440.0,,0,0,1,0.0
1778236200000,GB,ALL_FEATURES,23839.0,,0,0,1,0.0
1778238000000,GB,ALL_FEATURES,23135.0,,0,0,1,0.0
1778239800000,GB,ALL_FEATURES,22929.0,,0,0,1,0.0
1778241600000,GB,ALL_FEATURES,22615.0,,0,0,1,0.0
1778243400000,GB,ALL_FEATURES,22158.0,,0,0,1,0.0
1778245200000,GB,ALL_FEATURES,21675.0,,0,0,1,0.0
1778247000000,GB,ALL_FEATURES,21136.0,,0,0,1,0.0
1778248800000,GB,ALL_FEATURES,20879.0,,0,0,1,0.0
1778250600000,GB,ALL_FEATURES,20941.0,,0,0,1,0.0
1778252400000,GB,ALL_FEATURES,21221.0,,0,0,1,0.0
1778254200000,GB,ALL_FEATURES,22277.0,,0,0,1,0.0
1778256000000,GB,ALL_FEATURES,23065.0,,0,0,1,0.0
1778257800000,GB,ALL_FEATURES,24486.0,,0,0,1,0.0
1778259600000,GB,ALL_FEATURES,26023.0,,0,0,1,0.0
1778261400000,GB,ALL_FEATURES,27214.0,,0,0,1,0.0
1778263200000,GB,ALL_FEATURES,27820.0,,0,0,1,0.0
1778265000000,GB,ALL_FEATURES,28354.0,,0,0,1,0.0
1778266800000,GB,ALL_FEATURES,28447.0,,0,0,1,0.0
1778268600000,GB,ALL_FEATURES,28709.0,,0,0,1,0.0
1778270400000,GB,ALL_FEATURES,29044.0,,0,0,1,0.0
1778272200000,GB,ALL_FEATURES,28696.0,,0,0,1,0.0
1778274000000,GB,ALL_FEATURES,27893.0,,0,0,1,0.0
1778275800000,GB,ALL_FEATURES,26990.0,,0,0,1,0.0
1778277600000,GB,ALL_FEATURES,26205.0,,0,0,1,0.0
1778279400000,GB,ALL_FEATURES,25101.0,,0,0,1,0.0
1778281200000,GB,ALL_FEATURES,24158.0,,0,0,1,0.0
1778283000000,GB,ALL_FEATURES,23914.0,,0,0,1,0.0
1778284800000,GB,ALL_FEATURES,23066.0,,0,0,1,0.0
1778286600000,GB,ALL_FEATURES,22942.0,,0,0,1,0.0
1778288400000,GB,ALL_FEATURES,22689.0,,0,0,1,0.0
1778290200000,GB,ALL_FEATURES,22329.0,,0,0,1,0.0
1778292000000,GB,ALL_FEATURES,21807.0,,0,0,1,0.0
1778293800000,GB,ALL_FEATURES,21117.0,,0,0,1,0.0
1778295600000,GB,ALL_FEATURES,20521.0,,0,0,1,0.0
1778297400000,GB,ALL_FEATURES,20445.0,,0,0,1,0.0
1778299200000,GB,ALL_FEATURES,19999.0,,0,0,1,0.0
1778301000000,GB,ALL_FEATURES,19726.0,,0,0,1,0.0
1778302800000,GB,ALL_FEATURES,19687.0,,0,0,1,0.0
1778304600000,GB,ALL_FEATURES,19394.0,,0,0,1,0.0
1778306400000,GB,ALL_FEATURES,19951.0,,0,0,1,0.0
1778308200000,GB,ALL_FEATURES,20492.0,,0,0,1,0.0
1778310000000,GB,ALL_FEATURES,21084.0,,0,0,1,0.0
1778311800000,GB,ALL_FEATURES,20542.0,,0,0,1,0.0
1778313600000,GB,ALL_FEATURES,20873.0,,0,0,1,0.0
1778315400000,GB,ALL_FEATURES,20371.0,,0,0,1,0.0
1778317200000,GB,ALL_FEATURES,20248.0,,0,0,1,0.0
1778319000000,GB,ALL_FEATURES,19656.0,,0,0,1,0.0
1778320800000,GB,ALL_FEATURES,19178.0,,0,0,1,0.0
1778322600000,GB,ALL_FEATURES,18397.0,,0,0,1,0.0
1778324400000,GB,ALL_FEATURES,17860.0,,0,0,1,0.0
1778326200000,GB,ALL_FEATURES,33435.83970599278,,1,0,0,0.9111654590450291
1778328000000,GB,ALL_FEATURES,17308.0,,0,0,1,0.0
1778329800000,GB,ALL_FEATURES,17167.0,,0,0,1,0.0
1778331600000,GB,ALL_FEATURES,16400.0,,0,0,1,0.0
1778333400000,GB,ALL_FEATURES,16496.0,,1,1,1,0.866897652006696
1778335200000,GB,ALL_FEATURES,15864.0,,0,0,1,0.0
1778337000000,GB,ALL_FEATURES,16741.0,,0,0,1,0.0
1778338800000,GB,ALL_FEATURES,17099.0,,0,0,1,0.0
1778340600000,GB,ALL_FEATURES,17825.0,,0,0,1,0.0
1778342400000,GB,ALL_FEATURES,19163.0,,0,0,1,0.0
1778344200000,GB,ALL_FEATURES,20766.0,,0,0,1,0.0
1778346000000,GB,ALL_FEATURES,22104.0,,0,0,1,0.0
1778347800000,GB,ALL_FEATURES,23625.0,,0,0,1,0.0
1778349600000,GB,ALL_FEATURES,24437.0,,0,0,1,0.0
1778351400000,GB,ALL_FEATURES,25291.0,,0,0,1,0.0
1778353200000,GB,ALL_FEATURES,25114.0,,0,0,1,0.0
1778355000000,GB,ALL_FEATURES,25117.0,,0,0,1,0.0
1778356800000,GB,ALL_FEATURES,25059.0,,0,0,1,0.0
1778358600000,GB,ALL_FEATURES,24991.0,,0,0,1,0.0
1778360400000,GB,ALL_FEATURES,25240.0,,0,0,1,0.0
1778362200000,GB,ALL_FEATURES,24382.0,,0,0,1,0.0
1778364000000,GB,ALL_FEATURES,23550.0,,0,0,1,0.0
1778365800000,GB,ALL_FEATURES,22899.0,,0,0,1,0.0
1778367600000,GB,ALL_FEATURES,21398.0,,0,0,1,0.0
1778369400000,GB,ALL_FEATURES,21090.0,,0,0,1,0.0
1778371200000,GB,ALL_FEATURES,20819.0,,0,0,1,0.0
1778373000000,GB,ALL_FEATURES,20306.0,,0,0,1,0.0
1778374800000,GB,ALL_FEATURES,19872.0,,0,0,1,0.0
1778376600000,GB,ALL_FEATURES,19963.0,,0,0,1,0.0
1778378400000,GB,ALL_FEATURES,19503.0,,0,0,1,0.0
1778380200000,GB,ALL_FEATURES,18989.0,,0,0,1,0.0
1778382000000,GB,ALL_FEATURES,18618.0,,0,0,1,0.0
1778383800000,GB,ALL_FEATURES,18250.0,,0,0,1,0.0
1778385600000,GB,ALL_FEATURES,17835.0,,0,0,1,0.0
1778387400000,GB,ALL_FEATURES,17770.0,,0,0,1,0.0
1778389200000,GB,ALL_FEATURES,17210.0,,0,0,1,0.0
1778391000000,GB,ALL_FEATURES,17006.0,,0,0,1,0.0
1778392800000,GB,ALL_FEATURES,17160.0,,0,0,1,0.0
1778394600000,GB,ALL_FEATURES,17102.0,,0,0,1,0.0
1778396400000,GB,ALL_FEATURES,18030.0,,0,0,1,0.0
1778398200000,GB,ALL_FEATURES,18203.0,,0,0,1,0.0
1778400000000,GB,ALL_FEATURES,18607.0,,0,0,1,0.0
1778401800000,GB,ALL_FEATURES,18828.0,,0,0,1,0.0
1778403600000,GB,ALL_FEATURES,18971.0,,0,0,1,0.0
1778405400000,GB,ALL_FEATURES,19325.0,,0,0,1,0.0
1778407200000,GB,ALL_FEATURES,18935.0,,0,0,1,0.0
1778409000000,GB,ALL_FEATURES,18755.0,,0,0,1,0.0
1778410800000,GB,ALL_FEATURES,18687.0,,0,0,1,0.0
1778412600000,GB,ALL_FEATURES,18619.0,,0,0,1,0.0
1778414400000,GB,ALL_FEATURES,18972.0,,0,0,1,0.0
1778416200000,GB,ALL_FEATURES,18969.0,,0,0,1,0.0
1778418000000,GB,ALL_FEATURES,18836.0,,0,0,1,0.0
1778419800000,GB,ALL_FEATURES,18654.0,,0,0,1,0.0
1778421600000,GB,ALL_FEATURES,18681.0,,0,0,1,0.0
1778423400000,GB,ALL_FEATURES,18956.0,,0,0,1,0.0
1778425200000,GB,ALL_FEATURES,18856.0,,0,0,1,0.0
1778427000000,GB,ALL_FEATURES,19254.0,,0,0,1,0.0
1778428800000,GB,ALL_FEATURES,20190.0,,0,0,1,0.0
1778430600000,GB,ALL_FEATURES,21431.0,,0,0,1,0.0
1778432400000,GB,ALL_FEATURES,22260.0,,0,0,1,0.0
1778434200000,GB,ALL_FEATURES,23778.0,,1,0,0,0.5592257811057308
1778436000000,GB,ALL_FEATURES,24473.0,,0,0,1,0.0
1778437800000,GB,ALL_FEATURES,24836.0,,0,0,1,0.0
1778439600000,GB,ALL_FEATURES,25752.0,,0,0,1,0.0
1778441400000,GB,ALL_FEATURES,26331.0,,0,0,1,0.0
1778443200000,GB,ALL_FEATURES,26386.0,,0,0,1,0.0
1778445000000,GB,ALL_FEATURES,26558.0,,0,0,1,0.0
1778446800000,GB,ALL_FEATURES,26497.0,,0,0,1,0.0
1778448600000,GB,ALL_FEATURES,25887.0,,0,0,1,0.0
1778450400000,GB,ALL_FEATURES,24473.0,,0,0,1,0.0
1778452200000,GB,ALL_FEATURES,23272.0,,0,0,1,0.0
1778454000000,GB,ALL_FEATURES,21219.0,,0,0,1,0.0
1778455800000,GB,ALL_FEATURES,20854.0,,0,0,1,0.0
1778457600000,GB,ALL_FEATURES,20960.0,,0,0,1,0.0
1778459400000,GB,ALL_FEATURES,20962.0,,0,0,1,0.0
1778461200000,GB,ALL_FEATURES,20499.0,,0,0,1,0.0
1778463000000,GB,ALL_FEATURES,20675.0,,0,0,1,0.0
1778464800000,GB,ALL_FEATURES,20949.0,,0,0,1,0.0
1778466600000,GB,ALL_FEATURES,19941.0,,0,0,1,0.0
1778468400000,GB,ALL_FEATURES,19599.0,,0,0,1,0.0
1778470200000,GB,ALL_FEATURES,19275.0,,0,0,1,0.0
1778472000000,GB,ALL_FEATURES,18402.0,,0,0,1,0.0
1778473800000,GB,ALL_FEATURES,18925.0,,0,0,1,0.0
1778475600000,GB,ALL_FEATURES,19370.0,,0,0,1,0.0
1778477400000,GB,ALL_FEATURES,19863.0,,0,0,1,0.0
1778479200000,GB,ALL_FEATURES,21602.0,,0,0,1,0.0
1778481000000,GB,ALL_FEATURES,23013.0,,0,0,1,0.0
1778482800000,GB,ALL_FEATURES,24853.0,,0,0,1,0.0
1778484600000,GB,ALL_FEATURES,25268.0,,0,0,1,0.0
1778486400000,GB,ALL_FEATURES,25790.0,,0,0,1,0.0
1778488200000,GB,ALL_FEATURES,26059.0,,0,0,1,0.0
1778490000000,GB,ALL_FEATURES,26384.0,,0,0,1,0.0
1778491800000,GB,ALL_FEATURES,25855.0,,0,0,1,0.0
1778493600000,GB,ALL_FEATURES,26048.0,,0,0,1,0.0
1778495400000,GB,ALL_FEATURES,25923.0,,1,1,1,0.8436924600356214
1778497200000,GB,ALL_FEATURES,25770.0,,0,0,1,0.0
1778499000000,GB,ALL_FEATURES,25620.0,,0,0,1,0.0
1778500800000,GB,ALL_FEATURES,25365.0,,0,0,1,0.0
1778502600000,GB,ALL_FEATURES,24838.0,,0,0,1,0.0
1778504400000,GB,ALL_FEATURES,24507.0,,0,0,1,0.0
1778506200000,GB,ALL_FEATURES,24141.0,,0,0,1,0.0
1778508000000,GB,ALL_FEATURES,37311.905327180866,,1,0,0,0.5573881512305229
1778509800000,GB,ALL_FEATURES,23755.0,,0,0,1,0.0
1778511600000,GB,ALL_FEATURES,23529.0,,0,0,1,0.0
1778513400000,GB,ALL_FEATURES,23960.0,,0,0,1,0.0
1778515200000,GB,ALL_FEATURES,24788.0,,0,0,1,0.0
1778517000000,GB,ALL_FEATURES,25387.0,,0,0,1,0.0
1778518800000,GB,ALL_FEATURES,26807.0,,0,0,1,0.0
1778520600000,GB,ALL_FEATURES,27608.0,,0,0,1,0.0
1778522400000,GB,ALL_FEATURES,28482.0,,0,0,1,0.0
1778524200000,GB,ALL_FEATURES,29202.0,,0,0,1,0.0
1778526000000,GB,ALL_FEATURES,29762.0,,0,0,1,0.0
1778527800000,GB,ALL_FEATURES,29845.0,,0,0,1,0.0
1778529600000,GB,ALL_FEATURES,30048.0,,0,0,1,0.0
1778531400000,GB,ALL_FEATURES,29880.0,,0,0,1,0.0
1778533200000,GB,ALL_FEATURES,29730.0,,0,0,1,0.0
1778535000000,GB,ALL_FEATURES,29101.0,,0,0,1,0.0
1778536800000,GB,ALL_FEATURES,27832.0,,0,0,1,0.0
1778538600000,GB,ALL_FEATURES,26091.0,,0,0,1,0.0
1778540400000,GB,ALL_FEATURES,24647.0,,0,0,1,0.0
1778542200000,GB,ALL_FEATURES,23823.0,,0,0,1,0.0
1778544000000,GB,ALL_FEATURES,23472.0,,0,0,1,0.0
1778545800000,GB,ALL_FEATURES,23323.0,,0,0,1,0.0
1778547600000,GB,ALL_FEATURES,23510.0,,0,0,1,0.0
1778549400000,GB,ALL_FEATURES,23161.0,,0,0,1,0.0
1778551200000,GB,ALL_FEATURES,22193.0,,0,0,1,0.0
1778553000000,GB,ALL_FEATURES,22401.0,,0,0,1,0.0
1778554800000,GB,ALL_FEATURES,21845.0,,0,0,1,0.0
1778556600000,GB,ALL_FEATURES,21609.0,,0,0,1,0.0
1778558400000,GB,ALL_FEATURES,21244.0,,0,0,1,0.0
1778560200000,GB,ALL_FEATURES,20670.0,,0,0,1,0.0
1778562000000,GB,ALL_FEATURES,20303.0,,0,0,1,0.0
1778563800000,GB,ALL_FEATURES,20839.0,,0,0,1,0.0
1778565600000,GB,ALL_FEATURES,22707.0,,0,0,1,0.0
1778567400000,GB,ALL_FEATURES,23784.0,,0,0,1,0.0
1778569200000,GB,ALL_FEATURES,25608.0,,0,0,1,0.0
1778571000000,GB,ALL_FEATURES,26111.0,,0,0,1,0.0
1778572800000,GB,ALL_FEATURES,26032.0,,0,0,1,0.0
1778574600000,GB,ALL_FEATURES,25299.0,,0,0,1,0.0
1778576400000,GB,ALL_FEATURES,24673.0,,0,0,1,0.0
1778578200000,GB,ALL_FEATURES,23295.0,,0,0,1,0.0
1778580000000,GB,ALL_FEATURES,22449.0,,0,0,1,0.0
1778581800000,GB,ALL_FEATURES,22283.0,,0,0,1,0.0
1778583600000,GB,ALL_FEATURES,22005.0,,0,0,1,0.0
1778585400000,GB,ALL_FEATURES,21329.0,,0,0,1,0.0
1778587200000,GB,ALL_FEATURES,21988.0,,0,0,1,0.0
1778589000000,GB,ALL_FEATURES,21632.0,,0,0,1,0.0
1778590800000,GB,ALL_FEATURES,21764.0,,0,0,1,0.0
1778592600000,GB,ALL_FEATURES,21734.0,,0,0,1,0.0
1778594400000,GB,ALL_FEATURES,21510.0,,0,0,1,0.0
1778596200000,GB,ALL_FEATURES,21118.0,,0,0,1,0.0
1778598000000,GB,ALL_FEATURES,20913.0,,0,0,1,0.0
1778599800000,GB,ALL_FEATURES,20972.0,,0,0,1,0.0
1778601600000,GB,ALL_FEATURES,21505.0,,0,0,1,0.0
1778603400000,GB,ALL_FEATURES,22845.0,,0,0,1,0.0
1778605200000,GB,ALL_FEATURES,23375.0,,0,0,1,0.0
1778607000000,GB,ALL_FEATURES,24125.0,,0,0,1,0.0
1778608800000,GB,ALL_FEATURES,24815.0,,0,0,1,0.0
1778610600000,GB,ALL_FEATURES,26049.0,,0,0,1,0.0
1778612400000,GB,ALL_FEATURES,27250.0,,0,0,1,0.0
1778614200000,GB,ALL_FEATURES,27649.0,,0,0,1,0.0
1778616000000,GB,ALL_FEATURES,28028.0,,0,0,1,0.0
1778617800000,GB,ALL_FEATURES,27735.0,,0,0,1,0.0
1778619600000,GB,ALL_FEATURES,28303.0,,0,0,1,0.0
1778621400000,GB,ALL_FEATURES,27997.0,,0,0,1,0.0
1778623200000,GB,ALL_FEATURES,27306.0,,0,0,1,0.0
1778625000000,GB,ALL_FEATURES,25693.0,,0,0,1,0.0
1778626800000,GB,ALL_FEATURES,24096.0,,0,0,1,0.0
1778628600000,GB,ALL_FEATURES,22610.0,,0,0,1,0.0
1778630400000,GB,ALL_FEATURES,22646.0,,0,0,1,0.0
1778632200000,GB,ALL_FEATURES,22427.0,,0,0,1,0.0
1778634000000,GB,ALL_FEATURES,21962.0,,0,0,1,0.0
1778635800000,GB,ALL_FEATURES,21917.0,,0,0,1,0.0
1778637600000,GB,ALL_FEATURES,21707.0,,0,0,1,0.0
1778639400000,GB,ALL_FEATURES,21045.0,,0,0,1,0.0
1778641200000,GB,ALL_FEATURES,20572.0,,0,0,1,0.0
1778643000000,GB,ALL_FEATURES,20191.0,,0,0,1,0.0
1778644800000,GB,ALL_FEATURES,19412.0,,0,0,1,0.0
1778646600000,GB,ALL_FEATURES,19298.0,,0,0,1,0.0
1778648400000,GB,ALL_FEATURES,19031.0,,0,0,1,0.0
1778650200000,GB,ALL_FEATURES,19951.0,,0,0,1,0.0
1778652000000,GB,ALL_FEATURES,21833.0,,0,0,1,0.0
1778653800000,GB,ALL_FEATURES,23079.0,,0,0,1,0.0
1778655600000,GB,ALL_FEATURES,24702.0,,0,0,1,0.0
1778657400000,GB,ALL_FEATURES,24988.0,,0,0,1,0.0
1778659200000,GB,ALL_FEATURES,25427.0,,0,0,1,0.0
1778661000000,GB,ALL_FEATURES,25665.0,,0,0,1,0.0
1778662800000,GB,ALL_FEATURES,25400.0,,0,0,1,0.0
1778664600000,GB,ALL_FEATURES,25035.0,,0,0,1,0.0
1778666400000,GB,ALL_FEATURES,24342.0,,0,0,1,0.0
1778668200000,GB,ALL_FEATURES,24198.0,,0,0,1,0.0
1778670000000,GB,ALL_FEATURES,23134.0,,0,0,1,0.0
1778671800000,GB,ALL_FEATURES,22959.0,,0,0,1,0.0
1778673600000,GB,ALL_FEATURES,23162.0,,0,0,1,0.0
1778675400000,GB,ALL_FEATURES,22857.0,,0,0,1,0.0
1778677200000,GB,ALL_FEATURES,23151.0,,0,0,1,0.0
1778679000000,GB,ALL_FEATURES,22854.0,,0,0,1,0.0
1778680800000,GB,ALL_FEATURES,22114.0,,0,0,1,0.0
1778682600000,GB,ALL_FEATURES,22388.0,,0,0,1,0.0
1778684400000,GB,ALL_FEATURES,22378.0,,0,0,1,0.0
1778686200000,GB,ALL_FEATURES,22931.0,,0,0,1,0.0
1778688000000,GB,ALL_FEATURES,24194.0,,0,0,1,0.0
1778689800000,GB,ALL_FEATURES,24895.0,,0,0,1,0.0
1778691600000,GB,ALL_FEATURES,26509.0,,0,0,1,0.0
1778693400000,GB,ALL_FEATURES,27747.0,,0,0,1,0.0
1778695200000,GB,ALL_FEATURES,28566.0,,0,0,1,0.0
1778697000000,GB,ALL_FEATURES,28862.0,,0,0,1,0.0
1778698800000,GB,ALL_FEATURES,28858.0,,0,0,1,0.0
1778700600000,GB,ALL_FEATURES,29210.0,,0,0,1,0.0
1778702400000,GB,ALL_FEATURES,29655.0,,0,0,1,0.0
1778704200000,GB,ALL_FEATURES,29451.0,,0,0,1,0.0
1778706000000,GB,ALL_FEATURES,30060.0,,0,0,1,0.0
1778707800000,GB,ALL_FEATURES,28941.0,,0,0,1,0.0
1778709600000,GB,ALL_FEATURES,27259.0,,0,0,1,0.0
1778711400000,GB,ALL_FEATURES,26015.0,,0,0,1,0.0
1778713200000,GB,ALL_FEATURES,24029.0,,0,0,1,0.0
1778715000000,GB,ALL_FEATURES,23361.0,,0,0,1,0.0
1778716800000,GB,ALL_FEATURES,23492.0,,0,0,1,0.0
1778718600000,GB,ALL_FEATURES,22810.0,,0,0,1,0.0
1778720400000,GB,ALL_FEATURES,22388.0,,0,0,1,0.0
1778722200000,GB,ALL_FEATURES,22362.0,,0,0,1,0.0
1778724000000,GB,ALL_FEATURES,21318.0,,0,0,1,0.0
1778725800000,GB,ALL_FEATURES,21571.0,,0,0,1,0.0
1778727600000,GB,ALL_FEATURES,20781.0,,0,0,1,0.0
1778729400000,GB,ALL_FEATURES,20763.0,,0,0,1,0.0
1778731200000,GB,ALL_FEATURES,20430.0,,0,0,1,0.0
1778733000000,GB,ALL_FEATURES,20622.0,,0,0,1,0.0
1778734800000,GB,ALL_FEATURES,20898.0,,0,0,1,0.0
1778736600000,GB,ALL_FEATURES,21321.0,,0,0,1,0.0
1778738400000,GB,ALL_FEATURES,23282.0,,0,0,1,0.0
1778740200000,GB,ALL_FEATURES,24889.0,,0,0,1,0.0
1778742000000,GB,ALL_FEATURES,26280.0,,0,0,1,0.0
1778743800000,GB,ALL_FEATURES,26626.0,,0,0,1,0.0
1778745600000,GB,ALL_FEATURES,26482.0,,0,0,1,0.0
1778747400000,GB,ALL_FEATURES,26069.0,,0,0,1,0.0
1778749200000,GB,ALL_FEATURES,26039.0,,0,0,1,0.0
1778751000000,GB,ALL_FEATURES,25684.0,,0,0,1,0.0
1778752800000,GB,ALL_FEATURES,25012.0,,0,0,1,0.0
1778754600000,GB,ALL_FEATURES,24146.0,,0,0,1,0.0
1778756400000,GB,ALL_FEATURES,23710.0,,0,0,1,0.0
1778758200000,GB,ALL_FEATURES,23737.0,,0,0,1,0.0
1778760000000,GB,ALL_FEATURES,23671.0,,0,0,1,0.0
1778761800000,GB,ALL_FEATURES,23115.0,,0,0,1,0.0
1778763600000,GB,ALL_FEATURES,22808.0,,1,1,1,0.9975746783304473
1778765400000,GB,ALL_FEATURES,22722.0,,0,0,1,0.0
1778767200000,GB,ALL_FEATURES,22677.0,,0,0,1,0.0
1778769000000,GB,ALL_FEATURES,22800.0,,0,0,1,0.0
1778770800000,GB,ALL_FEATURES,22298.0,,0,0,1,0.0
1778772600000,GB,ALL_FEATURES,23225.0,,0,0,1,0.0
1778774400000,GB,ALL_FEATURES,23969.0,,0,0,1,0.0
1778776200000,GB,ALL_FEATURES,24965.0,,0,0,1,0.0
1778778000000,GB,ALL_FEATURES,25922.0,,0,0,1,0.0
1778779800000,GB,ALL_FEATURES,26999.0,,0,0,1,0.0
1778781600000,GB,ALL_FEATURES,28232.0,,0,0,1,0.0
1778783400000,GB,ALL_FEATURES,29283.0,,0,0,1,0.0
1778785200000,GB,ALL_FEATURES,29745.0,,0,0,1,0.0
1778787000000,GB,ALL_FEATURES,29609.0,,0,0,1,0.0
1778788800000,GB,ALL_FEATURES,29032.0,,0,0,1,0.0
1778790600000,GB,ALL_FEATURES,29234.0,,0,0,1,0.0
1778792400000,GB,ALL_FEATURES,29295.0,,0,0,1,0.0
1778794200000,GB,ALL_FEATURES,28353.0,,0,0,1,0.0
1778796000000,GB,ALL_FEATURES,27083.0,,0,0,1,0.0
1778797800000,GB,ALL_FEATURES,25642.0,,0,0,1,0.0
1778799600000,GB,ALL_FEATURES,24026.0,,0,0,1,0.0
1778801400000,GB,ALL_FEATURES,23298.0,,0,0,1,0.0
1778803200000,GB,ALL_FEATURES,23051.0,,0,0,1,0.0
1778805000000,GB,ALL_FEATURES,22757.0,,0,0,1,0.0
1778806800000,GB,ALL_FEATURES,22596.0,,0,0,1,0.0
1778808600000,GB,ALL_FEATURES,22101.0,,0,0,1,0.0
1778810400000,GB,ALL_FEATURES,21723.0,,0,0,1,0.0
1778812200000,GB,ALL_FEATURES,21410.0,,0,0,1,0.0
1778814000000,GB,ALL_FEATURES,20686.0,,0,0,1,0.0
1778815800000,GB,ALL_FEATURES,20446.0,,0,0,1,0.0
1778817600000,GB,ALL_FEATURES,20240.0,,0,0,1,0.0
1778819400000,GB,ALL_FEATURES,20152.0,,0,0,1,0.0
1778821200000,GB,ALL_FEATURES,20084.0,,0,0,1,0.0
1778823000000,GB,ALL_FEATURES,20438.0,,0,0,1,0.0
1778824800000,GB,ALL_FEATURES,22639.0,,0,0,1,0.0
1778826600000,GB,ALL_FEATURES,23895.0,,0,0,1,0.0
1778828400000,GB,ALL_FEATURES,25873.0,,0,0,1,0.0
1778830200000,GB,ALL_FEATURES,26294.0,,0,0,1,0.0
1778832000000,GB,ALL_FEATURES,12326.686423613704,,1,0,0,0.5252941647624406
1778833800000,GB,ALL_FEATURES,25066.0,,0,0,1,0.0
1778835600000,GB,ALL_FEATURES,24395.0,,0,0,1,0.0
1778837400000,GB,ALL_FEATURES,23640.0,,0,0,1,0.0
1778839200000,GB,ALL_FEATURES,23548.0,,0,0,1,0.0
1778841000000,GB,ALL_FEATURES,23361.0,,0,0,1,0.0
1778842800000,GB,ALL_FEATURES,23260.0,,0,0,1,0.0
1778844600000,GB,ALL_FEATURES,22980.0,,0,0,1,0.0
1778846400000,GB,ALL_FEATURES,23233.0,,0,0,1,0.0
1778848200000,GB,ALL_FEATURES,22655.0,,0,0,1,0.0
1778850000000,GB,ALL_FEATURES,22326.0,,0,0,1,0.0
1778851800000,GB,ALL_FEATURES,22007.0,,0,0,1,0.0
1778853600000,GB,ALL_FEATURES,21573.0,,0,0,1,0.0
1778855400000,GB,ALL_FEATURES,21479.0,,0,0,1,0.0
1778857200000,GB,ALL_FEATURES,21743.0,,0,0,1,0.0
1778859000000,GB,ALL_FEATURES,22549.0,,0,0,1,0.0
1778860800000,GB,ALL_FEATURES,23202.0,,0,0,1,0.0
1778862600000,GB,ALL_FEATURES,24251.0,,0,0,1,0.0
1778864400000,GB,ALL_FEATURES,25715.0,,0,0,1,0.0
1778866200000,GB,ALL_FEATURES,26741.0,,0,0,1,0.0
1778868000000,GB,ALL_FEATURES,27710.0,,0,0,1,0.0
1778869800000,GB,ALL_FEATURES,28554.0,,0,0,1,0.0
1778871600000,GB,ALL_FEATURES,29550.0,,0,0,1,0.0
1778873400000,GB,ALL_FEATURES,29834.0,,0,0,1,0.0
1778875200000,GB,ALL_FEATURES,29484.0,,0,0,1,0.0
1778877000000,GB,ALL_FEATURES,29357.0,,0,0,1,0.0
1778878800000,GB,ALL_FEATURES,29220.0,,0,0,1,0.0
1778880600000,GB,ALL_FEATURES,28452.0,,0,0,1,0.0
1778882400000,GB,ALL_FEATURES,27487.0,,0,0,1,0.0
1778884200000,GB,ALL_FEATURES,26095.0,,0,0,1,0.0
1778886000000,GB,ALL_FEATURES,24556.0,,0,0,1,0.0
1778887800000,GB,ALL_FEATURES,23269.0,,0,0,1,0.0
1778889600000,GB,ALL_FEATURES,23177.0,,0,0,1,0.0
1778891400000,GB,ALL_FEATURES,22775.0,,0,0,1,0.0
1778893200000,GB,ALL_FEATURES,22559.0,,0,0,1,0.0
1778895000000,GB,ALL_FEATURES,22630.0,,0,0,1,0.0
1778896800000,GB,ALL_FEATURES,22222.0,,0,0,1,0.0
1778898600000,GB,ALL_FEATURES,21770.0,,0,0,1,0.0
1778900400000,GB,ALL_FEATURES,21517.0,,0,0,1,0.0
1778902200000,GB,ALL_FEATURES,21122.0,,0,0,1,0.0
1778904000000,GB,ALL_FEATURES,34088.00632795284,,1,0,0,0.6255606260349471
1778905800000,GB,ALL_FEATURES,20391.0,,0,0,1,0.0
1778907600000,GB,ALL_FEATURES,19971.0,,0,0,1,0.0
1778909400000,GB,ALL_FEATURES,19854.0,,0,0,1,0.0
1778911200000,GB,ALL_FEATURES,21086.0,,0,0,1,0.0
1778913000000,GB,ALL_FEATURES,21168.0,,0,0,1,0.0
1778914800000,GB,ALL_FEATURES,21776.0,,0,0,1,0.0
1778916600000,GB,ALL_FEATURES,21413.0,,0,0,1,0.0
1778918400000,GB,ALL_FEATURES,21458.0,,0,0,1,0.0
1778920200000,GB,ALL_FEATURES,21298.0,,0,0,1,0.0
1778922000000,GB,ALL_FEATURES,21145.0,,0,0,1,0.0
1778923800000,GB,ALL_FEATURES,20782.0,,0,0,1,0.0
1778925600000,GB,ALL_FEATURES,21100.0,,0,0,1,0.0
1778927400000,GB,ALL_FEATURES,21398.0,,0,0,1,0.0
1778929200000,GB,ALL_FEATURES,21823.0,,0,0,1,0.0
1778931000000,GB,ALL_FEATURES,22066.0,,0,0,1,0.0
1778932800000,GB,ALL_FEATURES,22435.0,,0,0,1,0.0
1778934600000,GB,ALL_FEATURES,22210.0,,0,0,1,0.0
1778936400000,GB,ALL_FEATURES,22521.0,,0,0,1,0.0
1778938200000,GB,ALL_FEATURES,22274.0,,0,0,1,0.0
1778940000000,GB,ALL_FEATURES,22297.0,,0,0,1,0.0
1778941800000,GB,ALL_FEATURES,22496.0,,0,0,1,0.0
1778943600000,GB,ALL_FEATURES,22862.0,,0,0,1,0.0
1778945400000,GB,ALL_FEATURES,23513.0,,0,0,1,0.0
1778947200000,GB,ALL_FEATURES,24207.0,,0,0,1,0.0
1778949000000,GB,ALL_FEATURES,25210.0,,0,0,1,0.0
1778950800000,GB,ALL_FEATURES,26382.0,,0,0,1,0.0
1778952600000,GB,ALL_FEATURES,26801.0,,0,0,1,0.0
1778954400000,GB,ALL_FEATURES,27836.0,,0,0,1,0.0
1778956200000,GB,ALL_FEATURES,27958.0,,0,0,1,0.0
1778958000000,GB,ALL_FEATURES,27900.0,,0,0,1,0.0
1778959800000,GB,ALL_FEATURES,27504.0,,0,0,1,0.0
1778961600000,GB,ALL_FEATURES,26927.0,,0,0,1,0.0
1778963400000,GB,ALL_FEATURES,27127.0,,0,0,1,0.0
1778965200000,GB,ALL_FEATURES,26943.0,,0,0,1,0.0
1778967000000,GB,ALL_FEATURES,26185.0,,0,0,1,0.0
1778968800000,GB,ALL_FEATURES,25001.0,,0,0,1,0.0
1778970600000,GB,ALL_FEATURES,23554.0,,0,0,1,0.0
1778972400000,GB,ALL_FEATURES,44797.06475619016,,1,1,1,0.9869185113186445
1778974200000,GB,ALL_FEATURES,21849.0,,0,0,1,0.0
1778976000000,GB,ALL_FEATURES,21459.0,,0,0,1,0.0
1778977800000,GB,ALL_FEATURES,21138.0,,0,0,1,0.0
1778979600000,GB,ALL_FEATURES,20942.0,,0,0,1,0.0
1778981400000,GB,ALL_FEATURES,20847.0,,0,0,1,0.0
1778983200000,GB,ALL_FEATURES,20586.0,,0,0,1,0.0
1778985000000,GB,ALL_FEATURES,19734.0,,0,0,1,0.0
1778986800000,GB,ALL_FEATURES,19259.0,,0,0,1,0.0
1778988600000,GB,ALL_FEATURES,18616.0,,0,0,1,0.0
1778990400000,GB,ALL_FEATURES,18610.0,,0,0,1,0.0
1778992200000,GB,ALL_FEATURES,18161.0,,0,0,1,0.0
1778994000000,GB,ALL_FEATURES,17659.0,,0,0,1,0.0
1778995800000,GB,ALL_FEATURES,17480.0,,0,0,1,0.0
1778997600000,GB,ALL_FEATURES,17608.0,,0,0,1,0.0
1778999400000,GB,ALL_FEATURES,17873.0,,0,0,1,0.0
1779001200000,GB,ALL_FEATURES,17834.0,,0,0,1,0.0
1779003000000,GB,ALL_FEATURES,17692.0,,0,0,1,0.0
1779004800000,GB,ALL_FEATURES,17982.0,,0,0,1,0.0
1779006600000,GB,ALL_FEATURES,17933.0,,0,0,1,0.0
1779008400000,GB,ALL_FEATURES,18377.0,,0,0,1,0.0
1779010200000,GB,ALL_FEATURES,18150.0,,0,0,1,0.0
1779012000000,GB,ALL_FEATURES,18678.0,,0,0,1,0.0
1779013800000,GB,ALL_FEATURES,18642.0,,0,0,1,0.0
1779015600000,GB,ALL_FEATURES,28116.032104307094,,1,0,0,0.5191285986766314
1779017400000,GB,ALL_FEATURES,18397.0,,0,0,1,0.0
1779019200000,GB,ALL_FEATURES,18638.0,,0,0,1,0.0
1779021000000,GB,ALL_FEATURES,18594.0,,0,0,1,0.0
1779022800000,GB,ALL_FEATURES,18209.0,,0,0,1,0.0
1779024600000,GB,ALL_FEATURES,18115.0,,0,0,1,0.0
1779026400000,GB,ALL_FEATURES,17842.0,,0,0,1,0.0
1779028200000,GB,ALL_FEATURES,18074.0,,0,0,1,0.0
1779030000000,GB,ALL_FEATURES,18630.0,,0,0,1,0.0
1779031800000,GB,ALL_FEATURES,19553.0,,0,0,1,0.0
1779033600000,GB,ALL_FEATURES,20895.0,,0,0,1,0.0
1779035400000,GB,ALL_FEATURES,22269.0,,0,0,1,0.0
1779037200000,GB,ALL_FEATURES,24183.0,,0,0,1,0.0
1779039000000,GB,ALL_FEATURES,25030.0,,0,0,1,0.0
1779040800000,GB,ALL_FEATURES,26577.0,,0,0,1,0.0
1779042600000,GB,ALL_FEATURES,27183.0,,0,0,1,0.0
1779044400000,GB,ALL_FEATURES,27062.0,,0,0,1,0.0
1779046200000,GB,ALL_FEATURES,27659.0,,0,0,1,0.0
1779048000000,GB,ALL_FEATURES,27516.0,,0,0,1,0.0
1779049800000,GB,ALL_FEATURES,27242.0,,0,0,1,0.0
1779051600000,GB,ALL_FEATURES,26992.0,,0,0,1,0.0
1779053400000,GB,ALL_FEATURES,26109.0,,0,0,1,0.0
1779055200000,GB,ALL_FEATURES,25440.0,,0,0,1,0.0
1779057000000,GB,ALL_FEATURES,24166.0,,0,0,1,0.0
1779058800000,GB,ALL_FEATURES,22656.0,,0,0,1,0.0
1779060600000,GB,ALL_FEATURES,22081.0,,0,0,1,0.0
1779062400000,GB,ALL_FEATURES,21602.0,,0,0,1,0.0
1779064200000,GB,ALL_FEATURES,21456.0,,0,0,1,0.0
1779066000000,GB,ALL_FEATURES,21528.0,,0,0,1,0.0
1779067800000,GB,ALL_FEATURES,21555.0,,0,0,1,0.0
1779069600000,GB,ALL_FEATURES,21448.0,,0,0,1,0.0
1779071400000,GB,ALL_FEATURES,20842.0,,0,0,1,0.0
1779073200000,GB,ALL_FEATURES,20880.0,,0,0,1,0.0
1779075000000,GB,ALL_FEATURES,20507.0,,0,0,1,0.0
1779076800000,GB,ALL_FEATURES,20154.0,,0,0,1,0.0
1779078600000,GB,ALL_FEATURES,19633.0,,0,0,1,0.0
1779080400000,GB,ALL_FEATURES,20275.0,,0,0,1,0.0
1779082200000,GB,ALL_FEATURES,20404.0,,0,0,1,0.0
1779084000000,GB,ALL_FEATURES,22106.0,,0,0,1,0.0
1779085800000,GB,ALL_FEATURES,23724.0,,0,0,1,0.0
1779087600000,GB,ALL_FEATURES,26267.0,,0,0,1,0.0
1779089400000,GB,ALL_FEATURES,26684.0,,0,0,1,0.0
1779091200000,GB,ALL_FEATURES,26614.0,,0,0,1,0.0
1779093000000,GB,ALL_FEATURES,26490.0,,0,0,1,0.0
1779094800000,GB,ALL_FEATURES,26330.0,,0,0,1,0.0
1779096600000,GB,ALL_FEATURES,25901.0,,0,0,1,0.0
1779098400000,GB,ALL_FEATURES,26228.0,,0,0,1,0.0
1779100200000,GB,ALL_FEATURES,26643.0,,0,0,1,0.0
1779102000000,GB,ALL_FEATURES,26293.0,,0,0,1,0.0
1779103800000,GB,ALL_FEATURES,25959.0,,0,0,1,0.0
1779105600000,GB,ALL_FEATURES,25679.0,,0,0,1,0.0
1779107400000,GB,ALL_FEATURES,25964.0,,0,0,1,0.0
1779109200000,GB,ALL_FEATURES,25689.0,,0,0,1,0.0
1779111000000,GB,ALL_FEATURES,24623.0,,0,0,1,0.0
1779112800000,GB,ALL_FEATURES,24294.0,,0,0,1,0.0
1779114600000,GB,ALL_FEATURES,24142.0,,0,0,1,0.0
1779116400000,GB,ALL_FEATURES,24348.0,,0,0,1,0.0
1779118200000,GB,ALL_FEATURES,25043.0,,0,0,1,0.0
1779120000000,GB,ALL_FEATURES,26170.0,,0,0,1,0.0
1779121800000,GB,ALL_FEATURES,27292.0,,0,0,1,0.0
1779123600000,GB,ALL_FEATURES,27907.0,,0,0,1,0.0
1779125400000,GB,ALL_FEATURES,29113.0,,0,0,1,0.0
1779127200000,GB,ALL_FEATURES,28903.0,,0,0,1,0.0
1779129000000,GB,ALL_FEATURES,29435.0,,0,0,1,0.0
1779130800000,GB,ALL_FEATURES,30364.0,,0,0,1,0.0
1779132600000,GB,ALL_FEATURES,29885.0,,0,0,1,0.0
1779134400000,GB,ALL_FEATURES,29259.0,,0,0,1,0.0
1779136200000,GB,ALL_FEATURES,28965.0,,0,0,1,0.0
1779138000000,GB,ALL_FEATURES,28380.0,,0,0,1,0.0
1779139800000,GB,ALL_FEATURES,27013.0,,0,0,1,0.0
1779141600000,GB,ALL_FEATURES,25588.0,,0,0,1,0.0
1779143400000,GB,ALL_FEATURES,24000.0,,0,0,1,0.0
1779145200000,GB,ALL_FEATURES,22447.0,,0,0,1,0.0
1779147000000,GB,ALL_FEATURES,21856.0,,0,0,1,0.0
1779148800000,GB,ALL_FEATURES,21091.0,,0,0,1,0.0
1779150600000,GB,ALL_FEATURES,20865.0,,0,0,1,0.0
1779152400000,GB,ALL_FEATURES,20320.0,,0,0,1,0.0
1779154200000,GB,ALL_FEATURES,20451.0,,0,0,1,0.0
1779156000000,GB,ALL_FEATURES,19911.0,,0,0,1,0.0
1779157800000,GB,ALL_FEATURES,19243.0,,0,0,1,0.0
1779159600000,GB,ALL_FEATURES,18495.0,,0,0,1,0.0
1779161400000,GB,ALL_FEATURES,18362.0,,0,0,1,0.0
1779163200000,GB,ALL_FEATURES,18495.0,,0,0,1,0.0
1779165000000,GB,ALL_FEATURES,18477.0,,0,0,1,0.0
1779166800000,GB,ALL_FEATURES,18118.0,,0,0,1,0.0
1779168600000,GB,ALL_FEATURES,18849.0,,0,0,1,0.0
1779170400000,GB,ALL_FEATURES,20420.0,,0,0,1,0.0
1779172200000,GB,ALL_FEATURES,22061.0,,0,0,1,0.0
1779174000000,GB,ALL_FEATURES,24711.0,,0,0,1,0.0
1779175800000,GB,ALL_FEATURES,25537.0,,0,0,1,0.0
1779177600000,GB,ALL_FEATURES,26745.0,,0,0,1,0.0
1779179400000,GB,ALL_FEATURES,26647.0,,0,0,1,0.0
1779181200000,GB,ALL_FEATURES,26991.0,,0,0,1,0.0
1779183000000,GB,ALL_FEATURES,26734.0,,0,0,1,0.0
1779184800000,GB,ALL_FEATURES,26212.0,,0,0,1,0.0
1779186600000,GB,ALL_FEATURES,25910.0,,0,0,1,0.0
1779188400000,GB,ALL_FEATURES,25622.0,,0,0,1,0.0
1779190200000,GB,ALL_FEATURES,24989.0,,0,0,1,0.0
1779192000000,GB,ALL_FEATURES,24936.0,,0,0,1,0.0
1779193800000,GB,ALL_FEATURES,24864.0,,0,0,1,0.0
1779195600000,GB,ALL_FEATURES,24557.0,,0,0,1,0.0
1779197400000,GB,ALL_FEATURES,23985.0,,0,0,1,0.0
1779199200000,GB,ALL_FEATURES,23601.0,,0,0,1,0.0
1779201000000,GB,ALL_FEATURES,23808.0,,0,0,1,0.0
1779202800000,GB,ALL_FEATURES,23379.0,,0,0,1,0.0
1779204600000,GB,ALL_FEATURES,24497.0,,0,0,1,0.0
1779206400000,GB,ALL_FEATURES,24734.0,,0,0,1,0.0
1779208200000,GB,ALL_FEATURES,25371.0,,0,0,1,0.0
1779210000000,GB,ALL_FEATURES,26915.0,,0,0,1,0.0
1779211800000,GB,ALL_FEATURES,28059.0,,0,0,1,0.0
1779213600000,GB,ALL_FEATURES,28499.0,,0,0,1,0.0
1779215400000,GB,ALL_FEATURES,28366.0,,0,0,1,0.0
1779217200000,GB,ALL_FEATURES,28800.0,,0,0,1,0.0
1779219000000,GB,ALL_FEATURES,28525.0,,0,0,1,0.0
1779220800000,GB,ALL_FEATURES,28101.0,,0,0,1,0.0
1779222600000,GB,ALL_FEATURES,27931.0,,0,0,1,0.0
1779224400000,GB,ALL_FEATURES,27957.0,,0,0,1,0.0
1779226200000,GB,ALL_FEATURES,26799.0,,0,0,1,0.0
1779228000000,GB,ALL_FEATURES,25479.0,,0,0,1,0.0
1779229800000,GB,ALL_FEATURES,23955.0,,0,0,1,0.0
1779231600000,GB,ALL_FEATURES,22503.0,,0,0,1,0.0
1779233400000,GB,ALL_FEATURES,21775.0,,0,0,1,0.0
1779235200000,GB,ALL_FEATURES,21470.0,,0,0,1,0.0
1779237000000,GB,ALL_FEATURES,21052.0,,0,0,1,0.0
1779238800000,GB,ALL_FEATURES,21175.0,,0,0,1,0.0
1779240600000,GB,ALL_FEATURES,21202.0,,0,0,1,0.0
1779242400000,GB,ALL_FEATURES,21188.0,,0,0,1,0.0
1779244200000,GB,ALL_FEATURES,20574.0,,0,0,1,0.0
1779246000000,GB,ALL_FEATURES,20122.0,,0,0,1,0.0
1779247800000,GB,ALL_FEATURES,19632.0,,0,0,1,0.0
1779249600000,GB,ALL_FEATURES,19256.0,,0,0,1,0.0
1779251400000,GB,ALL_FEATURES,18978.0,,0,0,1,0.0
1779253200000,GB,ALL_FEATURES,19380.0,,0,0,1,0.0
1779255000000,GB,ALL_FEATURES,19520.0,,0,0,1,0.0
1779256800000,GB,ALL_FEATURES,21384.0,,0,0,1,0.0
1779258600000,GB,ALL_FEATURES,22952.0,,0,0,1,0.0
1779260400000,GB,ALL_FEATURES,24855.0,,0,0,1,0.0
1779262200000,GB,ALL_FEATURES,25332.0,,0,0,1,0.0
1779264000000,GB,ALL_FEATURES,25907.0,,0,0,1,0.0
1779265800000,GB,ALL_FEATURES,25593.0,,0,0,1,0.0
1779267600000,GB,ALL_FEATURES,25750.0,,0,0,1,0.0
1779269400000,GB,ALL_FEATURES,25157.0,,0,0,1,0.0
1779271200000,GB,ALL_FEATURES,24129.0,,0,0,1,0.0
1779273000000,GB,ALL_FEATURES,23877.0,,0,0,1,0.0
1779274800000,GB,ALL_FEATURES,23780.0,,0,0,1,0.0
1779276600000,GB,ALL_FEATURES,24012.0,,0,0,1,0.0
1779278400000,GB,ALL_FEATURES,24361.0,,0,0,1,0.0
1779280200000,GB,ALL_FEATURES,24622.0,,0,0,1,0.0
1779282000000,GB,ALL_FEATURES,24004.0,,0,0,1,0.0
1779283800000,GB,ALL_FEATURES,23190.0,,0,0,1,0.0
1779285600000,GB,ALL_FEATURES,22712.0,,0,0,1,0.0
1779287400000,GB,ALL_FEATURES,22726.0,,0,0,1,0.0
1779289200000,GB,ALL_FEATURES,22499.0,,0,0,1,0.0
1779291000000,GB,ALL_FEATURES,22893.0,,0,0,1,0.0
1779292800000,GB,ALL_FEATURES,23253.0,,0,0,1,0.0
1779294600000,GB,ALL_FEATURES,24314.0,,0,0,1,0.0
1779296400000,GB,ALL_FEATURES,25276.0,,0,0,1,0.0
1779298200000,GB,ALL_FEATURES,26017.0,,0,0,1,0.0
1779300000000,GB,ALL_FEATURES,26502.0,,0,0,1,0.0
1779301800000,GB,ALL_FEATURES,27049.0,,0,0,1,0.0
1779303600000,GB,ALL_FEATURES,27891.0,,0,0,1,0.0
1779305400000,GB,ALL_FEATURES,28252.0,,0,0,1,0.0
1779307200000,GB,ALL_FEATURES,28121.0,,0,0,1,0.0
1779309000000,GB,ALL_FEATURES,27227.0,,0,0,1,0.0
1779310800000,GB,ALL_FEATURES,27660.0,,0,0,1,0.0
1779312600000,GB,ALL_FEATURES,26473.0,,0,0,1,0.0
1779314400000,GB,ALL_FEATURES,25302.0,,0,0,1,0.0
1779316200000,GB,ALL_FEATURES,23993.0,,0,0,1,0.0
1779318000000,GB,ALL_FEATURES,23094.0,,0,0,1,0.0
1779319800000,GB,ALL_FEATURES,22747.0,,0,0,1,0.0
1779321600000,GB,ALL_FEATURES,22489.0,,0,0,1,0.0
1779323400000,GB,ALL_FEATURES,21741.0,,0,0,1,0.0
1779325200000,GB,ALL_FEATURES,21902.0,,0,0,1,0.0
1779327000000,GB,ALL_FEATURES,21933.0,,0,0,1,0.0
1779328800000,GB,ALL_FEATURES,21407.0,,0,0,1,0.0
1779330600000,GB,ALL_FEATURES,20714.0,,0,0,1,0.0
1779332400000,GB,ALL_FEATURES,20054.0,,0,0,1,0.0
1779334200000,GB,ALL_FEATURES,19587.0,,0,0,1,0.0
1779336000000,GB,ALL_FEATURES,19412.0,,0,0,1,0.0
1779337800000,GB,ALL_FEATURES,19205.0,,0,0,1,0.0
1779339600000,GB,ALL_FEATURES,19114.0,,0,0,1,0.0
1779341400000,GB,ALL_FEATURES,19529.0,,0,0,1,0.0
1779343200000,GB,ALL_FEATURES,21338.0,,0,0,1,0.0
1779345000000,GB,ALL_FEATURES,22999.0,,0,0,1,0.0
1779346800000,GB,ALL_FEATURES,25796.0,,0,0,1,0.0
1779348600000,GB,ALL_FEATURES,26438.0,,0,0,1,0.0
1779350400000,GB,ALL_FEATURES,26497.0,,0,0,1,0.0
1779352200000,GB,ALL_FEATURES,26243.0,,0,0,1,0.0
1779354000000,GB,ALL_FEATURES,26277.0,,0,0,1,0.0
1779355800000,GB,ALL_FEATURES,25932.0,,0,0,1,0.0
1779357600000,GB,ALL_FEATURES,25225.0,,0,0,1,0.0
1779359400000,GB,ALL_FEATURES,24221.0,,0,0,1,0.0
1779361200000,GB,ALL_FEATURES,23320.0,,0,0,1,0.0
1779363000000,GB,ALL_FEATURES,22691.0,,0,0,1,0.0
1779364800000,GB,ALL_FEATURES,22058.0,,0,0,1,0.0
1779366600000,GB,ALL_FEATURES,21200.0,,0,0,1,0.0
1779368400000,GB,ALL_FEATURES,20739.0,,0,0,1,0.0
1779370200000,GB,ALL_FEATURES,20459.0,,0,0,1,0.0
1779372000000,GB,ALL_FEATURES,20297.0,,0,0,1,0.0
1779373800000,GB,ALL_FEATURES,20145.0,,0,0,1,0.0
1779375600000,GB,ALL_FEATURES,20258.0,,0,0,1,0.0
1779377400000,GB,ALL_FEATURES,21301.0,,0,0,1,0.0
1779379200000,GB,ALL_FEATURES,22410.0,,0,0,1,0.0
1779381000000,GB,ALL_FEATURES,23430.0,,0,0,1,0.0
1779382800000,GB,ALL_FEATURES,24424.0,,0,0,1,0.0
1779384600000,GB,ALL_FEATURES,25697.0,,0,0,1,0.0
1779386400000,GB,ALL_FEATURES,26833.0,,0,0,1,0.0
1779388200000,GB,ALL_FEATURES,27509.0,,0,0,1,0.0
1779390000000,GB,ALL_FEATURES,28058.0,,0,0,1,0.0
1779391800000,GB,ALL_FEATURES,28251.0,,0,0,1,0.0
1779393600000,GB,ALL_FEATURES,28203.0,,0,0,1,0.0
1779395400000,GB,ALL_FEATURES,27769.0,,0,0,1,0.0
1779397200000,GB,ALL_FEATURES,27744.0,,0,0,1,0.0
1779399000000,GB,ALL_FEATURES,27281.0,,0,0,1,0.0
1779400800000,GB,ALL_FEATURES,26226.0,,0,0,1,0.0
1779402600000,GB,ALL_FEATURES,24860.0,,0,0,1,0.0
1779404400000,GB,ALL_FEATURES,23500.0,,0,0,1,0.0
1779406200000,GB,ALL_FEATURES,22736.0,,0,0,1,0.0
1779408000000,GB,ALL_FEATURES,21939.0,,0,0,1,0.0
1779409800000,GB,ALL_FEATURES,21573.0,,0,0,1,0.0
1779411600000,GB,ALL_FEATURES,21166.0,,0,0,1,0.0
1779413400000,GB,ALL_FEATURES,21314.0,,0,0,1,0.0
1779415200000,GB,ALL_FEATURES,21199.0,,0,0,1,0.0
1779417000000,GB,ALL_FEATURES,20687.0,,0,0,1,0.0
1779418800000,GB,ALL_FEATURES,20337.0,,0,0,1,0.0
1779420600000,GB,ALL_FEATURES,20070.0,,0,0,1,0.0
1779422400000,GB,ALL_FEATURES,19527.0,,0,0,1,0.0
1779424200000,GB,ALL_FEATURES,19140.0,,0,0,1,0.0
1779426000000,GB,ALL_FEATURES,19392.0,,0,0,1,0.0
1779427800000,GB,ALL_FEATURES,19747.0,,0,0,1,0.0
1779429600000,GB,ALL_FEATURES,21588.0,,0,0,1,0.0
1779431400000,GB,ALL_FEATURES,22636.0,,0,0,1,0.0
1779433200000,GB,ALL_FEATURES,23738.0,,0,0,1,0.0
1779435000000,GB,ALL_FEATURES,23941.0,,0,0,1,0.0
1779436800000,GB,ALL_FEATURES,23798.0,,0,0,1,0.0
1779438600000,GB,ALL_FEATURES,23418.0,,0,0,1,0.0
1779440400000,GB,ALL_FEATURES,22119.0,,0,0,1,0.0
1779442200000,GB,ALL_FEATURES,21138.0,,0,0,1,0.0
1779444000000,GB,ALL_FEATURES,2096.9399382578526,,1,0,0,0.8963142831162059
1779445800000,GB,ALL_FEATURES,19236.0,,0,0,1,0.0
1779447600000,GB,ALL_FEATURES,18614.0,,0,0,1,0.0
1779449400000,GB,ALL_FEATURES,18206.0,,0,0,1,0.0
1779451200000,GB,ALL_FEATURES,18089.0,,0,0,1,0.0
1779453000000,GB,ALL_FEATURES,17702.0,,0,0,1,0.0
1779454800000,GB,ALL_FEATURES,17333.0,,0,0,1,0.0
1779456600000,GB,ALL_FEATURES,17277.0,,1,1,1,0.7343489851380809
1779458400000,GB,ALL_FEATURES,17118.0,,0,0,1,0.0
1779460200000,GB,ALL_FEATURES,17279.0,,0,0,1,0.0
1779462000000,GB,ALL_FEATURES,17719.0,,0,0,1,0.0
1779463800000,GB,ALL_FEATURES,18006.0,,0,0,1,0.0
1779465600000,GB,ALL_FEATURES,19321.0,,0,0,1,0.0
1779467400000,GB,ALL_FEATURES,20828.0,,0,0,1,0.0
1779469200000,GB,ALL_FEATURES,22103.0,,0,0,1,0.0
1779471000000,GB,ALL_FEATURES,23562.0,,0,0,1,0.0
1779472800000,GB,ALL_FEATURES,24696.0,,0,0,1,0.0
1779474600000,GB,ALL_FEATURES,25760.0,,1,1,1,0.9580363939633838
1779476400000,GB,ALL_FEATURES,26114.0,,0,0,1,0.0
1779478200000,GB,ALL_FEATURES,26462.0,,0,0,1,0.0
1779480000000,GB,ALL_FEATURES,26489.0,,0,0,1,0.0
1779481800000,GB,ALL_FEATURES,26048.0,,0,0,1,0.0
1779483600000,GB,ALL_FEATURES,26227.0,,0,0,1,0.0
1779485400000,GB,ALL_FEATURES,26026.0,,0,0,1,0.0
1779487200000,GB,ALL_FEATURES,26078.0,,0,0,1,0.0
1779489000000,GB,ALL_FEATURES,24863.0,,0,0,1,0.0
1779490800000,GB,ALL_FEATURES,22930.0,,0,0,1,0.0
1779492600000,GB,ALL_FEATURES,22329.0,,0,0,1,0.0
1779494400000,GB,ALL_FEATURES,22107.0,,0,0,1,0.0
1779496200000,GB,ALL_FEATURES,21634.0,,0,0,1,0.0
1779498000000,GB,ALL_FEATURES,21279.0,,0,0,1,0.0
1779499800000,GB,ALL_FEATURES,20885.0,,0,0,1,0.0
1779501600000,GB,ALL_FEATURES,20543.0,,0,0,1,0.0
1779503400000,GB,ALL_FEATURES,20060.0,,0,0,1,0.0
1779505200000,GB,ALL_FEATURES,19473.0,,0,0,1,0.0
1779507000000,GB,ALL_FEATURES,19405.0,,0,0,1,0.0
1779508800000,GB,ALL_FEATURES,36378.47087238831,,1,0,0,0.9324552920259395
1779510600000,GB,ALL_FEATURES,18392.0,,0,0,1,0.0
1779512400000,GB,ALL_FEATURES,18723.0,,0,0,1,0.0
1779514200000,GB,ALL_FEATURES,18549.0,,0,0,1,0.0
1779516000000,GB,ALL_FEATURES,18834.0,,0,0,1,0.0
1779517800000,GB,ALL_FEATURES,18907.0,,0,0,1,0.0
1779519600000,GB,ALL_FEATURES,19113.0,,0,0,1,0.0
1779521400000,GB,ALL_FEATURES,19141.0,,0,0,1,0.0
1779523200000,GB,ALL_FEATURES,19272.0,,0,0,1,0.0
1779525000000,GB,ALL_FEATURES,18910.0,,0,0,1,0.0
1779526800000,GB,ALL_FEATURES,18563.0,,0,0,1,0.0
1779528600000,GB,ALL_FEATURES,17873.0,,0,0,1,0.0
1779530400000,GB,ALL_FEATURES,16846.0,,0,0,1,0.0
1779532200000,GB,ALL_FEATURES,15741.0,,0,0,1,0.0
1779534000000,GB,ALL_FEATURES,15692.0,,0,0,1,0.0
1779535800000,GB,ALL_FEATURES,14829.0,,0,1,0,0.0
1779537600000,GB,ALL_FEATURES,14306.0,,0,1,0,0.0
1779539400000,GB,ALL_FEATURES,14195.0,,0,1,0,0.0
1779541200000,GB,ALL_FEATURES,13602.0,,0,1,0,0.0
1779543000000,GB,ALL_FEATURES,13198.0,,0,1,0,0.0
1779544800000,GB,ALL_FEATURES,13424.0,,0,1,0,0.0
1779546600000,GB,ALL_FEATURES,13568.0,,0,1,0,0.0
1779548400000,GB,ALL_FEATURES,13820.0,,0,1,0,0.0
1779550200000,GB,ALL_FEATURES,14660.0,,0,1,0,0.0
1779552000000,GB,ALL_FEATURES,15813.0,,0,0,1,0.0
1779553800000,GB,ALL_FEATURES,17810.0,,0,0,1,0.0
1779555600000,GB,ALL_FEATURES,19730.0,,0,0,1,0.0
1779557400000,GB,ALL_FEATURES,21839.0,,0,0,1,0.0
1779559200000,GB,ALL_FEATURES,23042.0,,0,0,1,0.0
1779561000000,GB,ALL_FEATURES,23892.0,,0,0,1,0.0
1779562800000,GB,ALL_FEATURES,24597.0,,0,0,1,0.0
1779564600000,GB,ALL_FEATURES,24784.0,,0,0,1,0.0
1779566400000,GB,ALL_FEATURES,24520.0,,0,0,1,0.0
1779568200000,GB,ALL_FEATURES,24776.0,,0,0,1,0.0
1779570000000,GB,ALL_FEATURES,24944.0,,0,0,1,0.0
1779571800000,GB,ALL_FEATURES,24809.0,,0,0,1,0.0
1779573600000,GB,ALL_FEATURES,24215.0,,0,0,1,0.0
1779575400000,GB,ALL_FEATURES,23443.0,,0,0,1,0.0
1779577200000,GB,ALL_FEATURES,22363.0,,0,0,1,0.0
1779579000000,GB,ALL_FEATURES,21808.0,,0,0,1,0.0
1779580800000,GB,ALL_FEATURES,21386.0,,0,0,1,0.0
1779582600000,GB,ALL_FEATURES,21015.0,,0,0,1,0.0
1779584400000,GB,ALL_FEATURES,20706.0,,0,0,1,0.0
1779586200000,GB,ALL_FEATURES,20307.0,,0,0,1,0.0
1779588000000,GB,ALL_FEATURES,19823.0,,0,0,1,0.0
1779589800000,GB,ALL_FEATURES,19371.0,,0,0,1,0.0
1779591600000,GB,ALL_FEATURES,18678.0,,0,0,1,0.0
1779593400000,GB,ALL_FEATURES,18532.0,,0,0,1,0.0
1779595200000,GB,ALL_FEATURES,18331.0,,0,0,1,0.0
1779597000000,GB,ALL_FEATURES,17913.0,,0,0,1,0.0
1779598800000,GB,ALL_FEATURES,17643.0,,0,0,1,0.0
1779600600000,GB,ALL_FEATURES,17003.0,,0,0,1,0.0
1779602400000,GB,ALL_FEATURES,17563.0,,0,0,1,0.0
1779604200000,GB,ALL_FEATURES,17418.0,,0,0,1,0.0
1779606000000,GB,ALL_FEATURES,17091.0,,0,0,1,0.0
1779607800000,GB,ALL_FEATURES,16924.0,,0,0,1,0.0
1779609600000,GB,ALL_FEATURES,16953.0,,0,0,1,0.0
1779611400000,GB,ALL_FEATURES,16435.0,,0,0,1,0.0
1779613200000,GB,ALL_FEATURES,15984.0,,0,0,1,0.0
1779615000000,GB,ALL_FEATURES,15121.0,,0,0,1,0.0
1779616800000,GB,ALL_FEATURES,14467.0,,0,1,0,0.0
1779618600000,GB,ALL_FEATURES,13801.0,,0,1,0,0.0
1779620400000,GB,ALL_FEATURES,13490.0,,0,1,0,0.0
1779622200000,GB,ALL_FEATURES,12968.0,,0,1,0,0.0
1779624000000,GB,ALL_FEATURES,13196.0,,0,1,0,0.0
1779625800000,GB,ALL_FEATURES,12892.0,,0,1,0,0.0
1779627600000,GB,ALL_FEATURES,12621.0,,0,1,0,0.0
1779629400000,GB,ALL_FEATURES,12833.0,,0,1,0,0.0
1779631200000,GB,ALL_FEATURES,12958.0,,0,1,0,0.0
1779633000000,GB,ALL_FEATURES,12782.0,,0,1,0,0.0
1779634800000,GB,ALL_FEATURES,13502.0,,0,1,0,0.0
1779636600000,GB,ALL_FEATURES,14247.0,,0,1,0,0.0
1779638400000,GB,ALL_FEATURES,15101.0,,0,0,1,0.0
1779640200000,GB,ALL_FEATURES,17158.0,,0,0,1,0.0
1779642000000,GB,ALL_FEATURES,19366.0,,0,0,1,0.0
1779643800000,GB,ALL_FEATURES,20856.0,,0,0,1,0.0
1779645600000,GB,ALL_FEATURES,22521.0,,0,0,1,0.0
1779647400000,GB,ALL_FEATURES,23974.0,,0,0,1,0.0
1779649200000,GB,ALL_FEATURES,24736.0,,0,0,1,0.0
1779651000000,GB,ALL_FEATURES,24918.0,,0,0,1,0.0
1779652800000,GB,ALL_FEATURES,25488.0,,0,0,1,0.0
1779654600000,GB,ALL_FEATURES,25568.0,,0,0,1,0.0
1779656400000,GB,ALL_FEATURES,25531.0,,0,0,1,0.0
1779658200000,GB,ALL_FEATURES,25621.0,,0,0,1,0.0
1779660000000,GB,ALL_FEATURES,25135.0,,0,0,1,0.0
1779661800000,GB,ALL_FEATURES,24386.0,,0,0,1,0.0
1779663600000,GB,ALL_FEATURES,23282.0,,0,0,1,0.0
1779665400000,GB,ALL_FEATURES,22983.0,,0,0,1,0.0
1779667200000,GB,ALL_FEATURES,22199.0,,0,0,1,0.0
1779669000000,GB,ALL_FEATURES,21567.0,,0,0,1,0.0
1779670800000,GB,ALL_FEATURES,20873.0,,0,0,1,0.0
1779672600000,GB,ALL_FEATURES,20946.0,,0,0,1,0.0
1779674400000,GB,ALL_FEATURES,20358.0,,0,0,1,0.0
1779676200000,GB,ALL_FEATURES,20085.0,,0,0,1,0.0
1779678000000,GB,ALL_FEATURES,19913.0,,0,0,1,0.0
1779679800000,GB,ALL_FEATURES,19524.0,,0,0,1,0.0
1779681600000,GB,ALL_FEATURES,18899.0,,0,0,1,0.0
1779683400000,GB,ALL_FEATURES,18726.0,,0,0,1,0.0
1779685200000,GB,ALL_FEATURES,18533.0,,0,0,1,0.0
1779687000000,GB,ALL_FEATURES,18438.0,,0,0,1,0.0
1779688800000,GB,ALL_FEATURES,18883.0,,0,0,1,0.0
1779690600000,GB,ALL_FEATURES,19027.0,,0,0,1,0.0
1779692400000,GB,ALL_FEATURES,29029.118204407827,,1,0,0,0.5105171300035294
1779694200000,GB,ALL_FEATURES,18945.0,,0,0,1,0.0
1779696000000,GB,ALL_FEATURES,18994.0,,0,0,1,0.0
1779697800000,GB,ALL_FEATURES,18617.0,,0,0,1,0.0
1779699600000,GB,ALL_FEATURES,17979.0,,0,0,1,0.0
1779701400000,GB,ALL_FEATURES,17626.0,,0,0,1,0.0
1779703200000,GB,ALL_FEATURES,17481.0,,0,0,1,0.0
1779705000000,GB,ALL_FEATURES,17119.0,,0,0,1,0.0
1779706800000,GB,ALL_FEATURES,16818.0,,0,0,1,0.0
1779708600000,GB,ALL_FEATURES,16565.0,,0,0,1,0.0
1779710400000,GB,ALL_FEATURES,16283.0,,0,0,1,0.0
1779712200000,GB,ALL_FEATURES,16348.0,,0,0,1,0.0
1779714000000,GB,ALL_FEATURES,16214.0,,0,0,1,0.0
1779715800000,GB,ALL_FEATURES,15784.0,,0,0,1,0.0
1779717600000,GB,ALL_FEATURES,15646.0,,0,0,1,0.0
1779719400000,GB,ALL_FEATURES,15590.0,,0,0,1,0.0
1779721200000,GB,ALL_FEATURES,16345.0,,0,0,1,0.0
1779723000000,GB,ALL_FEATURES,17211.0,,0,0,1,0.0
1779724800000,GB,ALL_FEATURES,18225.0,,0,0,1,0.0
1779726600000,GB,ALL_FEATURES,20045.0,,0,0,1,0.0
1779728400000,GB,ALL_FEATURES,22002.0,,0,0,1,0.0
1779730200000,GB,ALL_FEATURES,23783.0,,0,0,1,0.0
1779732000000,GB,ALL_FEATURES,25058.0,,0,0,1,0.0
1779733800000,GB,ALL_FEATURES,26135.0,,0,0,1,0.0
1779735600000,GB,ALL_FEATURES,26800.0,,0,0,1,0.0
1779737400000,GB,ALL_FEATURES,27452.0,,0,0,1,0.0
1779739200000,GB,ALL_FEATURES,27376.0,,0,0,1,0.0
1779741000000,GB,ALL_FEATURES,26959.0,,0,0,1,0.0
1779742800000,GB,ALL_FEATURES,27534.0,,0,0,1,0.0
1779744600000,GB,ALL_FEATURES,27544.0,,0,0,1,0.0
1779746400000,GB,ALL_FEATURES,26977.0,,0,0,1,0.0
1779748200000,GB,ALL_FEATURES,25828.0,,0,0,1,0.0
1779750000000,GB,ALL_FEATURES,24386.0,,0,0,1,0.0
1779751800000,GB,ALL_FEATURES,23544.0,,0,0,1,0.0
1779753600000,GB,ALL_FEATURES,23024.0,,0,0,1,0.0
1779755400000,GB,ALL_FEATURES,22750.0,,0,0,1,0.0
1779757200000,GB,ALL_FEATURES,22918.0,,0,0,1,0.0
1779759000000,GB,ALL_FEATURES,22670.0,,0,0,1,0.0
1779760800000,GB,ALL_FEATURES,21863.0,,0,0,1,0.0
1779762600000,GB,ALL_FEATURES,21453.0,,0,0,1,0.0
1779764400000,GB,ALL_FEATURES,21715.0,,0,0,1,0.0
1779766200000,GB,ALL_FEATURES,21330.0,,0,0,1,0.0
1779768000000,GB,ALL_FEATURES,21379.0,,0,0,1,0.0
1779769800000,GB,ALL_FEATURES,20655.0,,0,0,1,0.0
1779771600000,GB,ALL_FEATURES,20425.0,,0,0,1,0.0
1779773400000,GB,ALL_FEATURES,20411.0,,0,0,1,0.0
1779775200000,GB,ALL_FEATURES,22286.0,,0,0,1,0.0
1779777000000,GB,ALL_FEATURES,22985.0,,0,0,1,0.0
1779778800000,GB,ALL_FEATURES,24482.0,,0,0,1,0.0
1779780600000,GB,ALL_FEATURES,24377.0,,0,0,1,0.0
1779782400000,GB,ALL_FEATURES,24146.0,,0,0,1,0.0
1779784200000,GB,ALL_FEATURES,23941.0,,0,0,1,0.0
1779786000000,GB,ALL_FEATURES,23210.0,,0,0,1,0.0
1779787800000,GB,ALL_FEATURES,22765.0,,0,0,1,0.0
1779789600000,GB,ALL_FEATURES,22023.0,,0,0,1,0.0
1779791400000,GB,ALL_FEATURES,21626.0,,0,0,1,0.0
1779793200000,GB,ALL_FEATURES,21353.0,,0,0,1,0.0
1779795000000,GB,ALL_FEATURES,21435.0,,0,0,1,0.0
1779796800000,GB,ALL_FEATURES,21376.0,,0,0,1,0.0
1779798600000,GB,ALL_FEATURES,21504.0,,0,0,1,0.0
1779800400000,GB,ALL_FEATURES,21653.0,,0,0,1,0.0
1779802200000,GB,ALL_FEATURES,21479.0,,0,0,1,0.0
1779804000000,GB,ALL_FEATURES,37233.09391714271,,1,0,0,0.6978929233956273
1779805800000,GB,ALL_FEATURES,22038.0,,0,0,1,0.0
1779807600000,GB,ALL_FEATURES,22191.0,,0,0,1,0.0
1779809400000,GB,ALL_FEATURES,22908.0,,0,0,1,0.0
1779811200000,GB,ALL_FEATURES,23769.0,,0,0,1,0.0
1779813000000,GB,ALL_FEATURES,25242.0,,0,0,1,0.0
1779814800000,GB,ALL_FEATURES,26217.0,,0,0,1,0.0
1779816600000,GB,ALL_FEATURES,27639.0,,0,0,1,0.0
1779818400000,GB,ALL_FEATURES,28131.0,,0,0,1,0.0
1779820200000,GB,ALL_FEATURES,28870.0,,0,0,1,0.0
1779822000000,GB,ALL_FEATURES,29758.0,,0,0,1,0.0
1779823800000,GB,ALL_FEATURES,29598.0,,0,0,1,0.0
1779825600000,GB,ALL_FEATURES,29399.0,,0,0,1,0.0
1779827400000,GB,ALL_FEATURES,29238.0,,0,0,1,0.0
1779829200000,GB,ALL_FEATURES,29148.0,,0,0,1,0.0
1779831000000,GB,ALL_FEATURES,28723.0,,0,0,1,0.0
1779832800000,GB,ALL_FEATURES,27810.0,,0,0,1,0.0
1779834600000,GB,ALL_FEATURES,26344.0,,0,0,1,0.0
1779836400000,GB,ALL_FEATURES,25033.0,,0,0,1,0.0
1779838200000,GB,ALL_FEATURES,24276.0,,0,0,1,0.0
1779840000000,GB,ALL_FEATURES,24162.0,,0,0,1,0.0
1779841800000,GB,ALL_FEATURES,23883.0,,0,0,1,0.0
1779843600000,GB,ALL_FEATURES,22732.0,,0,0,1,0.0
1779845400000,GB,ALL_FEATURES,22483.0,,0,0,1,0.0
1779847200000,GB,ALL_FEATURES,22078.0,,0,0,1,0.0
1779849000000,GB,ALL_FEATURES,21897.0,,0,0,1,0.0
1779850800000,GB,ALL_FEATURES,21276.0,,0,0,1,0.0
1779852600000,GB,ALL_FEATURES,21086.0,,0,0,1,0.0
1779854400000,GB,ALL_FEATURES,20773.0,,0,0,1,0.0
1779856200000,GB,ALL_FEATURES,19830.0,,0,0,1,0.0
1779858000000,GB,ALL_FEATURES,19672.0,,0,0,1,0.0
1779859800000,GB,ALL_FEATURES,19811.0,,0,0,1,0.0
1779861600000,GB,ALL_FEATURES,21185.0,,0,0,1,0.0
1779863400000,GB,ALL_FEATURES,21923.0,,0,0,1,0.0
1779865200000,GB,ALL_FEATURES,23032.0,,0,0,1,0.0
1779867000000,GB,ALL_FEATURES,23472.0,,0,0,1,0.0
1779868800000,GB,ALL_FEATURES,23477.0,,0,0,1,0.0
1779870600000,GB,ALL_FEATURES,23072.0,,0,0,1,0.0
1779872400000,GB,ALL_FEATURES,22213.0,,0,0,1,0.0
1779874200000,GB,ALL_FEATURES,21107.0,,1,1,1,0.9172975099430083
1779876000000,GB,ALL_FEATURES,20178.0,,0,0,1,0.0
1779877800000,GB,ALL_FEATURES,19041.0,,0,0,1,0.0
1779879600000,GB,ALL_FEATURES,18826.0,,0,0,1,0.0
1779881400000,GB,ALL_FEATURES,18535.0,,0,0,1,0.0
1779883200000,GB,ALL_FEATURES,18651.0,,0,0,1,0.0
1779885000000,GB,ALL_FEATURES,18412.0,,0,0,1,0.0
1779886800000,GB,ALL_FEATURES,18178.0,,0,0,1,0.0
1779888600000,GB,ALL_FEATURES,17984.0,,0,0,1,0.0
1779890400000,GB,ALL_FEATURES,17741.0,,0,0,1,0.0
1779892200000,GB,ALL_FEATURES,17831.0,,0,0,1,0.0
1779894000000,GB,ALL_FEATURES,18115.0,,0,0,1,0.0
1779895800000,GB,ALL_FEATURES,18813.0,,0,0,1,0.0
1779897600000,GB,ALL_FEATURES,19656.0,,0,0,1,0.0
1779899400000,GB,ALL_FEATURES,21046.0,,0,0,1,0.0
1779901200000,GB,ALL_FEATURES,22527.0,,0,0,1,0.0
1779903000000,GB,ALL_FEATURES,24135.0,,0,0,1,0.0
1779904800000,GB,ALL_FEATURES,25091.0,,0,0,1,0.0
1779906600000,GB,ALL_FEATURES,25837.0,,0,0,1,0.0
1779908400000,GB,ALL_FEATURES,26556.0,,0,0,1,0.0
1779910200000,GB,ALL_FEATURES,27238.0,,0,0,1,0.0
1779912000000,GB,ALL_FEATURES,26969.0,,0,0,1,0.0
1779913800000,GB,ALL_FEATURES,27008.0,,0,0,1,0.0
1779915600000,GB,ALL_FEATURES,27138.0,,0,0,1,0.0
1779917400000,GB,ALL_FEATURES,26457.0,,0,0,1,0.0
1779919200000,GB,ALL_FEATURES,25794.0,,0,0,1,0.0
1779921000000,GB,ALL_FEATURES,24883.0,,0,0,1,0.0
1779922800000,GB,ALL_FEATURES,23484.0,,0,0,1,0.0
1779924600000,GB,ALL_FEATURES,22896.0,,0,0,1,0.0
1779926400000,GB,ALL_FEATURES,22321.0,,0,0,1,0.0
1779928200000,GB,ALL_FEATURES,22100.0,,0,0,1,0.0
1779930000000,GB,ALL_FEATURES,21393.0,,0,0,1,0.0
1779931800000,GB,ALL_FEATURES,21451.0,,0,0,1,0.0
1779933600000,GB,ALL_FEATURES,20758.0,,0,0,1,0.0
1779935400000,GB,ALL_FEATURES,20082.0,,0,0,1,0.0
1779937200000,GB,ALL_FEATURES,19552.0,,0,0,1,0.0
1779939000000,GB,ALL_FEATURES,19317.0,,0,0,1,0.0
1779940800000,GB,ALL_FEATURES,18847.0,,0,0,1,0.0
1779942600000,GB,ALL_FEATURES,18458.0,,0,0,1,0.0
1779944400000,GB,ALL_FEATURES,18332.0,,0,0,1,0.0
1779946200000,GB,ALL_FEATURES,18594.0,,0,0,1,0.0
1779948000000,GB,ALL_FEATURES,19892.0,,0,0,1,0.0
1779949800000,GB,ALL_FEATURES,20549.0,,0,0,1,0.0
1779951600000,GB,ALL_FEATURES,21315.0,,0,0,1,0.0
1779953400000,GB,ALL_FEATURES,21797.0,,0,0,1,0.0
1779955200000,GB,ALL_FEATURES,22542.0,,0,0,1,0.0
1779957000000,GB,ALL_FEATURES,22134.0,,0,0,1,0.0
1779958800000,GB,ALL_FEATURES,21506.0,,0,0,1,0.0
1779960600000,GB,ALL_FEATURES,20632.0,,0,0,1,0.0
1779962400000,GB,ALL_FEATURES,19750.0,,0,0,1,0.0
1779964200000,GB,ALL_FEATURES,19698.0,,0,0,1,0.0
1779966000000,GB,ALL_FEATURES,19434.0,,0,0,1,0.0
1779967800000,GB,ALL_FEATURES,19503.0,,0,0,1,0.0
1779969600000,GB,ALL_FEATURES,19609.0,,0,0,1,0.0
1779971400000,GB,ALL_FEATURES,19838.0,,0,0,1,0.0
1779973200000,GB,ALL_FEATURES,19761.0,,0,0,1,0.0
1779975000000,GB,ALL_FEATURES,19767.0,,0,0,1,0.0
1779976800000,GB,ALL_FEATURES,20052.0,,0,0,1,0.0
1779978600000,GB,ALL_FEATURES,20402.0,,0,0,1,0.0
1779980400000,GB,ALL_FEATURES,21248.0,,0,0,1,0.0
1779982200000,GB,ALL_FEATURES,22227.0,,0,0,1,0.0
1779984000000,GB,ALL_FEATURES,22905.0,,0,0,1,0.0
1779985800000,GB,ALL_FEATURES,24161.0,,0,0,1,0.0
1779987600000,GB,ALL_FEATURES,25289.0,,0,0,1,0.0
1779989400000,GB,ALL_FEATURES,26328.0,,0,0,1,0.0
1779991200000,GB,ALL_FEATURES,26820.0,,0,0,1,0.0
1779993000000,GB,ALL_FEATURES,27652.0,,0,0,1,0.0
1779994800000,GB,ALL_FEATURES,28421.0,,0,0,1,0.0
1779996600000,GB,ALL_FEATURES,28809.0,,0,0,1,0.0
1779998400000,GB,ALL_FEATURES,28553.0,,0,0,1,0.0
1780000200000,GB,ALL_FEATURES,28189.0,,0,0,1,0.0
1780002000000,GB,ALL_FEATURES,45996.455368782685,,1,0,0,0.6219922197892194
1780003800000,GB,ALL_FEATURES,27948.0,,0,0,1,0.0
1780005600000,GB,ALL_FEATURES,26366.0,,0,0,1,0.0
1780007400000,GB,ALL_FEATURES,25174.0,,0,0,1,0.0
1780009200000,GB,ALL_FEATURES,23972.0,,0,0,1,0.0
1780011000000,GB,ALL_FEATURES,23281.0,,0,0,1,0.0
1780012800000,GB,ALL_FEATURES,22307.0,,0,0,1,0.0
1780014600000,GB,ALL_FEATURES,22154.0,,0,0,1,0.0
1780016400000,GB,ALL_FEATURES,21723.0,,0,0,1,0.0
1780018200000,GB,ALL_FEATURES,21159.0,,0,0,1,0.0
1780020000000,GB,ALL_FEATURES,21000.0,,0,0,1,0.0
1780021800000,GB,ALL_FEATURES,20143.0,,0,0,1,0.0
1780023600000,GB,ALL_FEATURES,19967.0,,0,0,1,0.0
1780025400000,GB,ALL_FEATURES,19807.0,,0,0,1,0.0
1780027200000,GB,ALL_FEATURES,19826.0,,0,0,1,0.0
1780029000000,GB,ALL_FEATURES,19508.0,,0,0,1,0.0
1780030800000,GB,ALL_FEATURES,19204.0,,0,0,1,0.0
1780032600000,GB,ALL_FEATURES,19300.0,,0,0,1,0.0
1780034400000,GB,ALL_FEATURES,20972.0,,0,0,1,0.0
1780036200000,GB,ALL_FEATURES,21491.0,,0,0,1,0.0
1780038000000,GB,ALL_FEATURES,22723.0,,0,0,1,0.0
1780039800000,GB,ALL_FEATURES,23023.0,,0,0,1,0.0
1780041600000,GB,ALL_FEATURES,23501.0,,0,0,1,0.0
1780043400000,GB,ALL_FEATURES,23529.0,,0,0,1,0.0
1780045200000,GB,ALL_FEATURES,23507.0,,0,0,1,0.0
1780047000000,GB,ALL_FEATURES,22820.0,,0,0,1,0.0
1780048800000,GB,ALL_FEATURES,22162.0,,0,0,1,0.0
1780050600000,GB,ALL_FEATURES,21945.0,,0,0,1,0.0
1780052400000,GB,ALL_FEATURES,21838.0,,0,0,1,0.0
1780054200000,GB,ALL_FEATURES,21059.0,,0,0,1,0.0
1780056000000,GB,ALL_FEATURES,20564.0,,0,0,1,0.0
1780057800000,GB,ALL_FEATURES,19785.0,,0,0,1,0.0
1780059600000,GB,ALL_FEATURES,19647.0,,0,0,1,0.0
1780061400000,GB,ALL_FEATURES,18900.0,,0,0,1,0.0
1780063200000,GB,ALL_FEATURES,18023.0,,0,0,1,0.0
1780065000000,GB,ALL_FEATURES,17798.0,,0,0,1,0.0
1780066800000,GB,ALL_FEATURES,17572.0,,0,0,1,0.0
1780068600000,GB,ALL_FEATURES,17771.0,,0,0,1,0.0
1780070400000,GB,ALL_FEATURES,32727.53102513371,,1,0,0,0.7959463878139554
1780072200000,GB,ALL_FEATURES,19249.0,,0,0,1,0.0
1780074000000,GB,ALL_FEATURES,20704.0,,0,0,1,0.0
1780075800000,GB,ALL_FEATURES,21700.0,,0,0,1,0.0
1780077600000,GB,ALL_FEATURES,22923.0,,0,0,1,0.0
1780079400000,GB,ALL_FEATURES,24110.0,,0,0,1,0.0
1780081200000,GB,ALL_FEATURES,25275.0,,0,0,1,0.0
1780083000000,GB,ALL_FEATURES,25871.0,,0,0,1,0.0
1780084800000,GB,ALL_FEATURES,25833.0,,0,0,1,0.0
1780086600000,GB,ALL_FEATURES,25424.0,,0,0,1,0.0
1780088400000,GB,ALL_FEATURES,26031.0,,0,0,1,0.0
1780090200000,GB,ALL_FEATURES,25722.0,,0,0,1,0.0
1780092000000,GB,ALL_FEATURES,25319.0,,0,0,1,0.0
1780093800000,GB,ALL_FEATURES,24225.0,,0,0,1,0.0
1780095600000,GB,ALL_FEATURES,23310.0,,0,0,1,0.0
1780097400000,GB,ALL_FEATURES,22643.0,,0,0,1,0.0
1780099200000,GB,ALL_FEATURES,22470.0,,0,0,1,0.0
1780101000000,GB,ALL_FEATURES,22016.0,,0,0,1,0.0
1780102800000,GB,ALL_FEATURES,21778.0,,0,0,1,0.0
1780104600000,GB,ALL_FEATURES,21413.0,,0,0,1,0.0
1780106400000,GB,ALL_FEATURES,20865.0,,0,0,1,0.0
1780108200000,GB,ALL_FEATURES,19723.0,,0,0,1,0.0
1780110000000,GB,ALL_FEATURES,19780.0,,0,0,1,0.0
1780111800000,GB,ALL_FEATURES,19356.0,,0,0,1,0.0
1780113600000,GB,ALL_FEATURES,19466.0,,0,0,1,0.0
1780115400000,GB,ALL_FEATURES,18828.0,,0,0,1,0.0
1780117200000,GB,ALL_FEATURES,18733.0,,0,0,1,0.0
1780119000000,GB,ALL_FEATURES,18573.0,,0,0,1,0.0
1780120800000,GB,ALL_FEATURES,18576.0,,0,0,1,0.0
1780122600000,GB,ALL_FEATURES,18733.0,,0,0,1,0.0
1780124400000,GB,ALL_FEATURES,18782.0,,0,0,1,0.0
1780126200000,GB,ALL_FEATURES,18616.0,,0,0,1,0.0
1780128000000,GB,ALL_FEATURES,18523.0,,0,0,1,0.0
1780129800000,GB,ALL_FEATURES,18511.0,,0,0,1,0.0
1780131600000,GB,ALL_FEATURES,18028.0,,0,0,1,0.0
1780133400000,GB,ALL_FEATURES,16914.0,,0,0,1,0.0
1780135200000,GB,ALL_FEATURES,16265.0,,0,0,1,0.0
1780137000000,GB,ALL_FEATURES,15755.0,,0,0,1,0.0
1780138800000,GB,ALL_FEATURES,15361.0,,0,1,0,0.0
1780140600000,GB,ALL_FEATURES,14920.0,,0,1,0,0.0
1780142400000,GB,ALL_FEATURES,14715.0,,0,1,0,0.0
1780144200000,GB,ALL_FEATURES,14394.0,,0,1,0,0.0
1780146000000,GB,ALL_FEATURES,14350.0,,0,1,0,0.0
1780147800000,GB,ALL_FEATURES,14312.0,,0,1,0,0.0
1780149600000,GB,ALL_FEATURES,14246.0,,0,1,0,0.0
1780151400000,GB,ALL_FEATURES,14594.0,,0,1,0,0.0
1780153200000,GB,ALL_FEATURES,15104.0,,0,1,0,0.0
1780155000000,GB,ALL_FEATURES,15859.0,,0,0,1,0.0
1780156800000,GB,ALL_FEATURES,17612.0,,0,0,1,0.0
1780158600000,GB,ALL_FEATURES,19119.0,,0,0,1,0.0
1780160400000,GB,ALL_FEATURES,21572.0,,0,0,1,0.0
1780162200000,GB,ALL_FEATURES,23208.0,,0,0,1,0.0
1780164000000,GB,ALL_FEATURES,23705.0,,0,0,1,0.0
1780165800000,GB,ALL_FEATURES,24706.0,,0,0,1,0.0
1780167600000,GB,ALL_FEATURES,24755.0,,0,0,1,0.0
1780169400000,GB,ALL_FEATURES,24576.0,,0,0,1,0.0
1780171200000,GB,ALL_FEATURES,25011.0,,0,0,1,0.0
1780173000000,GB,ALL_FEATURES,24900.0,,0,0,1,0.0
1780174800000,GB,ALL_FEATURES,24600.0,,0,0,1,0.0
1780176600000,GB,ALL_FEATURES,24808.0,,0,0,1,0.0
1780178400000,GB,ALL_FEATURES,24161.0,,0,0,1,0.0
1780180200000,GB,ALL_FEATURES,23477.0,,0,0,1,0.0
1780182000000,GB,ALL_FEATURES,22593.0,,0,0,1,0.0
1780183800000,GB,ALL_FEATURES,22013.0,,0,0,1,0.0
1780185600000,GB,ALL_FEATURES,21678.0,,1,0,0,0.7324368858172539
1780187400000,GB,ALL_FEATURES,20833.0,,0,0,1,0.0
1780189200000,GB,ALL_FEATURES,20480.0,,0,0,1,0.0
1780191000000,GB,ALL_FEATURES,19956.0,,0,0,1,0.0
1780192800000,GB,ALL_FEATURES,19664.0,,0,0,1,0.0
1780194600000,GB,ALL_FEATURES,18997.0,,0,0,1,0.0
1780196400000,GB,ALL_FEATURES,18535.0,,0,0,1,0.0
1780198200000,GB,ALL_FEATURES,18401.0,,0,0,1,0.0
1780200000000,GB,ALL_FEATURES,18005.0,,0,0,1,0.0
1780201800000,GB,ALL_FEATURES,17410.0,,0,0,1,0.0
1780203600000,GB,ALL_FEATURES,16891.0,,0,0,1,0.0
1780205400000,GB,ALL_FEATURES,16604.0,,0,0,1,0.0
1780207200000,GB,ALL_FEATURES,16692.0,,0,0,1,0.0
1780209000000,GB,ALL_FEATURES,16450.0,,0,0,1,0.0
1780210800000,GB,ALL_FEATURES,16603.0,,0,0,1,0.0
1780212600000,GB,ALL_FEATURES,16274.0,,0,0,1,0.0
1780214400000,GB,ALL_FEATURES,16893.0,,0,0,1,0.0
1780216200000,GB,ALL_FEATURES,16902.0,,0,0,1,0.0
1780218000000,GB,ALL_FEATURES,17123.0,,0,0,1,0.0
1780219800000,GB,ALL_FEATURES,16883.0,,0,0,1,0.0
1780221600000,GB,ALL_FEATURES,17181.0,,0,0,1,0.0
1780223400000,GB,ALL_FEATURES,17026.0,,0,0,1,0.0
1780225200000,GB,ALL_FEATURES,17385.0,,0,0,1,0.0
1780227000000,GB,ALL_FEATURES,17234.0,,0,0,1,0.0
1780228800000,GB,ALL_FEATURES,17263.0,,0,0,1,0.0
1780230600000,GB,ALL_FEATURES,16970.0,,0,0,1,0.0
1780232400000,GB,ALL_FEATURES,16700.0,,0,0,1,0.0
1780234200000,GB,ALL_FEATURES,16091.0,,0,0,1,0.0
1780236000000,GB,ALL_FEATURES,15766.0,,0,0,1,0.0
1780237800000,GB,ALL_FEATURES,15740.0,,0,0,1,0.0
1780239600000,GB,ALL_FEATURES,16067.0,,0,0,1,0.0
1780241400000,GB,ALL_FEATURES,16442.0,,0,0,1,0.0
1780243200000,GB,ALL_FEATURES,17759.0,,0,0,1,0.0
1780245000000,GB,ALL_FEATURES,18960.0,,0,0,1,0.0
1780246800000,GB,ALL_FEATURES,20159.0,,0,0,1,0.0
1780248600000,GB,ALL_FEATURES,21801.0,,0,0,1,0.0
1780250400000,GB,ALL_FEATURES,22762.0,,0,0,1,0.0
1780252200000,GB,ALL_FEATURES,23214.0,,0,0,1,0.0
1780254000000,GB,ALL_FEATURES,24121.0,,0,0,1,0.0
1780255800000,GB,ALL_FEATURES,24449.0,,0,0,1,0.0
1780257600000,GB,ALL_FEATURES,24579.0,,0,0,1,0.0
1780259400000,GB,ALL_FEATURES,24608.0,,0,0,1,0.0
1780261200000,GB,ALL_FEATURES,24483.0,,0,0,1,0.0
1780263000000,GB,ALL_FEATURES,24247.0,,0,0,1,0.0
1780264800000,GB,ALL_FEATURES,24013.0,,0,0,1,0.0
1780266600000,GB,ALL_FEATURES,23113.0,,0,0,1,0.0
1780268400000,GB,ALL_FEATURES,21724.0,,0,0,1,0.0
1780270200000,GB,ALL_FEATURES,21534.0,,0,0,1,0.0
1780272000000,GB,ALL_FEATURES,21151.0,,0,0,1,0.0
1780273800000,GB,ALL_FEATURES,20992.0,,0,0,1,0.0
1780275600000,GB,ALL_FEATURES,20791.0,,0,0,1,0.0
1780277400000,GB,ALL_FEATURES,20569.0,,0,0,1,0.0
1780279200000,GB,ALL_FEATURES,20196.0,,0,0,1,0.0
1780281000000,GB,ALL_FEATURES,32688.557926196314,,1,0,0,0.6526901221596801
1780282800000,GB,ALL_FEATURES,19376.0,,0,0,1,0.0
1780284600000,GB,ALL_FEATURES,19069.0,,0,0,1,0.0
1780286400000,GB,ALL_FEATURES,19000.0,,0,0,1,0.0
1780288200000,GB,ALL_FEATURES,18778.0,,0,0,1,0.0
1780290000000,GB,ALL_FEATURES,18911.0,,0,0,1,0.0
1780291800000,GB,ALL_FEATURES,19096.0,,0,0,1,0.0
1780293600000,GB,ALL_FEATURES,20273.0,,0,0,1,0.0
1780295400000,GB,ALL_FEATURES,21394.0,,0,0,1,0.0
1780297200000,GB,ALL_FEATURES,23153.0,,0,0,1,0.0
1780299000000,GB,ALL_FEATURES,23247.0,,0,0,1,0.0
1780300800000,GB,ALL_FEATURES,24077.0,,0,0,1,0.0
1780302600000,GB,ALL_FEATURES,24384.0,,0,0,1,0.0
1780304400000,GB,ALL_FEATURES,24829.0,,0,0,1,0.0
1780306200000,GB,ALL_FEATURES,24646.0,,0,0,1,0.0
1780308000000,GB,ALL_FEATURES,24274.0,,0,0,1,0.0
1780309800000,GB,ALL_FEATURES,24303.0,,0,0,1,0.0
1780311600000,GB,ALL_FEATURES,24756.0,,0,0,1,0.0
1780313400000,GB,ALL_FEATURES,24923.0,,0,0,1,0.0
1780315200000,GB,ALL_FEATURES,24954.0,,0,0,1,0.0
1780317000000,GB,ALL_FEATURES,24985.0,,0,0,1,0.0
1780318800000,GB,ALL_FEATURES,25006.0,,0,0,1,0.0
1780320600000,GB,ALL_FEATURES,24881.0,,0,0,1,0.0
1780322400000,GB,ALL_FEATURES,24967.0,,0,0,1,0.0
1780324200000,GB,ALL_FEATURES,25591.0,,0,0,1,0.0
1780326000000,GB,ALL_FEATURES,25250.0,,0,0,1,0.0
1780327800000,GB,ALL_FEATURES,25928.0,,0,0,1,0.0
1780329600000,GB,ALL_FEATURES,27311.0,,0,0,1,0.0
1780331400000,GB,ALL_FEATURES,28279.0,,0,0,1,0.0
1780333200000,GB,ALL_FEATURES,28933.0,,0,0,1,0.0
1780335000000,GB,ALL_FEATURES,29216.0,,0,0,1,0.0
1780336800000,GB,ALL_FEATURES,28906.0,,0,0,1,0.0
1780338600000,GB,ALL_FEATURES,28680.0,,0,0,1,0.0
1780340400000,GB,ALL_FEATURES,28209.0,,0,0,1,0.0
1780342200000,GB,ALL_FEATURES,27993.0,,0,0,1,0.0
1780344000000,GB,ALL_FEATURES,27740.0,,0,0,1,0.0
1780345800000,GB,ALL_FEATURES,27336.0,,0,0,1,0.0
1780347600000,GB,ALL_FEATURES,27352.0,,0,0,1,0.0
1780349400000,GB,ALL_FEATURES,26636.0,,0,0,1,0.0
1780351200000,GB,ALL_FEATURES,1182.8661850791939,,1,1,1,0.954205722606303
1780353000000,GB,ALL_FEATURES,24785.0,,0,0,1,0.0
1780354800000,GB,ALL_FEATURES,23560.0,,0,0,1,0.0
1780356600000,GB,ALL_FEATURES,22453.0,,0,0,1,0.0
1780358400000,GB,ALL_FEATURES,22359.0,,0,0,1,0.0
1780360200000,GB,ALL_FEATURES,21476.0,,0,0,1,0.0
1780362000000,GB,ALL_FEATURES,21568.0,,0,0,1,0.0
1780363800000,GB,ALL_FEATURES,21647.0,,0,0,1,0.0
1780365600000,GB,ALL_FEATURES,21357.0,,0,0,1,0.0
1780367400000,GB,ALL_FEATURES,20650.0,,0,0,1,0.0
1780369200000,GB,ALL_FEATURES,20592.0,,0,0,1,0.0
1780371000000,GB,ALL_FEATURES,20406.0,,0,0,1,0.0
1780372800000,GB,ALL_FEATURES,19960.0,,0,0,1,0.0
1780374600000,GB,ALL_FEATURES,19696.0,,0,0,1,0.0
1780376400000,GB,ALL_FEATURES,19773.0,,0,0,1,0.0
1780378200000,GB,ALL_FEATURES,20098.0,,0,0,1,0.0
1780380000000,GB,ALL_FEATURES,21560.0,,0,0,1,0.0
1780381800000,GB,ALL_FEATURES,22685.0,,0,0,1,0.0
1780383600000,GB,ALL_FEATURES,24810.0,,0,0,1,0.0
1780385400000,GB,ALL_FEATURES,26132.0,,0,0,1,0.0
1780387200000,GB,ALL_FEATURES,26514.0,,0,0,1,0.0
1780389000000,GB,ALL_FEATURES,25367.0,,0,0,1,0.0
1780390800000,GB,ALL_FEATURES,25634.0,,0,0,1,0.0
1780392600000,GB,ALL_FEATURES,9638.444803477165,,1,0,0,0.6144622078609134
1780394400000,GB,ALL_FEATURES,24234.0,,0,0,1,0.0
1780396200000,GB,ALL_FEATURES,23996.0,,0,0,1,0.0
1780398000000,GB,ALL_FEATURES,23900.0,,0,0,1,0.0
1780399800000,GB,ALL_FEATURES,23107.0,,0,0,1,0.0
1780401600000,GB,ALL_FEATURES,22981.0,,0,0,1,0.0
1780403400000,GB,ALL_FEATURES,21882.0,,0,0,1,0.0
1780405200000,GB,ALL_FEATURES,21584.0,,0,0,1,0.0
1780407000000,GB,ALL_FEATURES,21961.0,,0,0,1,0.0
1780408800000,GB,ALL_FEATURES,21990.0,,0,0,1,0.0
1780410600000,GB,ALL_FEATURES,21543.0,,0,0,1,0.0
1780412400000,GB,ALL_FEATURES,20783.0,,0,0,1,0.0
1780414200000,GB,ALL_FEATURES,22373.0,,0,0,1,0.0
1780416000000,GB,ALL_FEATURES,22841.0,,0,0,1,0.0
1780417800000,GB,ALL_FEATURES,23511.0,,0,0,1,0.0
1780419600000,GB,ALL_FEATURES,24718.0,,0,0,1,0.0
1780421400000,GB,ALL_FEATURES,25566.0,,0,0,1,0.0
1780423200000,GB,ALL_FEATURES,26103.0,,0,0,1,0.0
1780425000000,GB,ALL_FEATURES,26362.0,,0,0,1,0.0
1780426800000,GB,ALL_FEATURES,26948.0,,0,0,1,0.0
1780428600000,GB,ALL_FEATURES,26897.0,,0,0,1,0.0
1780430400000,GB,ALL_FEATURES,26926.0,,0,0,1,0.0
1780432200000,GB,ALL_FEATURES,26587.0,,0,0,1,0.0
1780434000000,GB,ALL_FEATURES,26791.0,,0,0,1,0.0
1780435800000,GB,ALL_FEATURES,26663.0,,0,0,1,0.0
1780437600000,GB,ALL_FEATURES,25875.0,,0,0,1,0.0
1780439400000,GB,ALL_FEATURES,24956.0,,0,0,1,0.0
1780441200000,GB,ALL_FEATURES,23109.0,,0,0,1,0.0
1780443000000,GB,ALL_FEATURES,21923.0,,0,0,1,0.0
1780444800000,GB,ALL_FEATURES,21446.0,,0,0,1,0.0
1780446600000,GB,ALL_FEATURES,21320.0,,0,0,1,0.0
1780448400000,GB,ALL_FEATURES,20973.0,,0,0,1,0.0
1780450200000,GB,ALL_FEATURES,21314.0,,0,0,1,0.0
1780452000000,GB,ALL_FEATURES,20752.0,,0,0,1,0.0
1780453800000,GB,ALL_FEATURES,19619.0,,0,0,1,0.0
1780455600000,GB,ALL_FEATURES,19898.0,,0,0,1,0.0
1780457400000,GB,ALL_FEATURES,19504.0,,0,0,1,0.0
1780459200000,GB,ALL_FEATURES,19102.0,,0,0,1,0.0
1780461000000,GB,ALL_FEATURES,18969.0,,0,0,1,0.0
1780462800000,GB,ALL_FEATURES,19280.0,,0,0,1,0.0
1780464600000,GB,ALL_FEATURES,18859.0,,0,0,1,0.0
1780466400000,GB,ALL_FEATURES,20604.0,,0,0,1,0.0
1780468200000,GB,ALL_FEATURES,21785.0,,0,0,1,0.0
1780470000000,GB,ALL_FEATURES,23736.0,,0,0,1,0.0
1780471800000,GB,ALL_FEATURES,24550.0,,0,0,1,0.0
1780473600000,GB,ALL_FEATURES,25183.0,,0,0,1,0.0
1780475400000,GB,ALL_FEATURES,25550.0,,0,0,1,0.0
1780477200000,GB,ALL_FEATURES,26331.0,,0,0,1,0.0
1780479000000,GB,ALL_FEATURES,26286.0,,0,0,1,0.0
1780480800000,GB,ALL_FEATURES,26250.0,,0,0,1,0.0
1780482600000,GB,ALL_FEATURES,26185.0,,0,0,1,0.0
1780484400000,GB,ALL_FEATURES,26110.0,,0,0,1,0.0
1780486200000,GB,ALL_FEATURES,25701.0,,0,0,1,0.0
1780488000000,GB,ALL_FEATURES,24898.0,,0,0,1,0.0
1780489800000,GB,ALL_FEATURES,24172.0,,0,0,1,0.0
1780491600000,GB,ALL_FEATURES,23324.0,,0,0,1,0.0
1780493400000,GB,ALL_FEATURES,22451.0,,0,0,1,0.0
1780495200000,GB,ALL_FEATURES,21394.0,,0,0,1,0.0
1780497000000,GB,ALL_FEATURES,20889.0,,1,0,0,0.545454706086897
1780498800000,GB,ALL_FEATURES,20415.0,,0,0,1,0.0
1780500600000,GB,ALL_FEATURES,21094.0,,0,0,1,0.0
1780502400000,GB,ALL_FEATURES,21989.0,,0,0,1,0.0
1780504200000,GB,ALL_FEATURES,22441.0,,0,0,1,0.0
1780506000000,GB,ALL_FEATURES,23327.0,,0,0,1,0.0
1780507800000,GB,ALL_FEATURES,24588.0,,0,0,1,0.0
1780509600000,GB,ALL_FEATURES,24812.0,,0,0,1,0.0
1780511400000,GB,ALL_FEATURES,25425.0,,0,0,1,0.0
1780513200000,GB,ALL_FEATURES,26111.0,,0,0,1,0.0
1780515000000,GB,ALL_FEATURES,26679.0,,0,0,1,0.0
1780516800000,GB,ALL_FEATURES,26185.0,,0,0,1,0.0
1780518600000,GB,ALL_FEATURES,25824.0,,0,0,1,0.0
1780520400000,GB,ALL_FEATURES,25678.0,,0,0,1,0.0
1780522200000,GB,ALL_FEATURES,25081.0,,0,0,1,0.0
1780524000000,GB,ALL_FEATURES,24089.0,,0,0,1,0.0
1780525800000,GB,ALL_FEATURES,22908.0,,0,0,1,0.0
1780527600000,GB,ALL_FEATURES,21543.0,,0,0,1,0.0
1780529400000,GB,ALL_FEATURES,20945.0,,0,0,1,0.0
1780531200000,GB,ALL_FEATURES,20637.0,,0,0,1,0.0
1780533000000,GB,ALL_FEATURES,20167.0,,0,0,1,0.0
1780534800000,GB,ALL_FEATURES,19748.0,,0,0,1,0.0
1780536600000,GB,ALL_FEATURES,19962.0,,0,0,1,0.0
1780538400000,GB,ALL_FEATURES,19432.0,,0,0,1,0.0
1780540200000,GB,ALL_FEATURES,19095.0,,0,0,1,0.0
1780542000000,GB,ALL_FEATURES,18356.0,,0,0,1,0.0
1780543800000,GB,ALL_FEATURES,18206.0,,0,0,1,0.0
1780545600000,GB,ALL_FEATURES,17856.0,,0,0,1,0.0
1780547400000,GB,ALL_FEATURES,17638.0,,0,0,1,0.0
1780549200000,GB,ALL_FEATURES,17292.0,,0,0,1,0.0
1780551000000,GB,ALL_FEATURES,17638.0,,0,0,1,0.0
1780552800000,GB,ALL_FEATURES,19931.0,,0,0,1,0.0
1780554600000,GB,ALL_FEATURES,21076.0,,0,0,1,0.0
1780556400000,GB,ALL_FEATURES,22745.0,,0,0,1,0.0
1780558200000,GB,ALL_FEATURES,23537.0,,0,0,1,0.0
1780560000000,GB,ALL_FEATURES,23839.0,,0,0,1,0.0
1780561800000,GB,ALL_FEATURES,23874.0,,0,0,1,0.0
1780563600000,GB,ALL_FEATURES,24054.0,,0,0,1,0.0
1780565400000,GB,ALL_FEATURES,23600.0,,0,0,1,0.0
1780567200000,GB,ALL_FEATURES,23033.0,,0,0,1,0.0
1780569000000,GB,ALL_FEATURES,22493.0,,0,0,1,0.0
1780570800000,GB,ALL_FEATURES,22032.0,,0,0,1,0.0
1780572600000,GB,ALL_FEATURES,21742.0,,0,0,1,0.0
1780574400000,GB,ALL_FEATURES,21424.0,,0,0,1,0.0
1780576200000,GB,ALL_FEATURES,20975.0,,0,0,1,0.0
1780578000000,GB,ALL_FEATURES,20063.0,,0,0,1,0.0
1780579800000,GB,ALL_FEATURES,19186.0,,0,0,1,0.0
1780581600000,GB,ALL_FEATURES,18773.0,,0,0,1,0.0
1780583400000,GB,ALL_FEATURES,18641.0,,0,0,1,0.0
1780585200000,GB,ALL_FEATURES,19299.0,,0,0,1,0.0
1780587000000,GB,ALL_FEATURES,19957.0,,0,0,1,0.0
1780588800000,GB,ALL_FEATURES,20322.0,,0,0,1,0.0
1780590600000,GB,ALL_FEATURES,21466.0,,0,0,1,0.0
1780592400000,GB,ALL_FEATURES,22626.0,,0,0,1,0.0
1780594200000,GB,ALL_FEATURES,23479.0,,0,0,1,0.0
1780596000000,GB,ALL_FEATURES,24790.0,,0,0,1,0.0
1780597800000,GB,ALL_FEATURES,25145.0,,0,0,1,0.0
1780599600000,GB,ALL_FEATURES,25938.0,,0,0,1,0.0
1780601400000,GB,ALL_FEATURES,26035.0,,0,0,1,0.0
1780603200000,GB,ALL_FEATURES,26296.0,,0,0,1,0.0
1780605000000,GB,ALL_FEATURES,25630.0,,0,0,1,0.0
1780606800000,GB,ALL_FEATURES,24979.0,,0,0,1,0.0
1780608600000,GB,ALL_FEATURES,24734.0,,0,0,1,0.0
1780610400000,GB,ALL_FEATURES,24100.0,,0,0,1,0.0
1780612200000,GB,ALL_FEATURES,22773.0,,0,0,1,0.0
1780614000000,GB,ALL_FEATURES,21488.0,,0,0,1,0.0
1780615800000,GB,ALL_FEATURES,20920.0,,0,0,1,0.0
1780617600000,GB,ALL_FEATURES,20932.0,,0,0,1,0.0
1780619400000,GB,ALL_FEATURES,20655.0,,1,1,1,0.6144708919055772
1780621200000,GB,ALL_FEATURES,19909.0,,0,0,1,0.0
1780623000000,GB,ALL_FEATURES,19786.0,,0,0,1,0.0
1780624800000,GB,ALL_FEATURES,19555.0,,0,0,1,0.0
1780626600000,GB,ALL_FEATURES,18617.0,,0,0,1,0.0
1780628400000,GB,ALL_FEATURES,18486.0,,0,0,1,0.0
1780630200000,GB,ALL_FEATURES,2518.5982402196423,,1,1,1,0.8616762829404854
1780632000000,GB,ALL_FEATURES,17863.0,,0,0,1,0.0
1780633800000,GB,ALL_FEATURES,17639.0,,0,0,1,0.0
1780635600000,GB,ALL_FEATURES,17871.0,,0,0,1,0.0
1780637400000,GB,ALL_FEATURES,18114.0,,0,0,1,0.0
1780639200000,GB,ALL_FEATURES,19635.0,,0,0,1,0.0
1780641000000,GB,ALL_FEATURES,20725.0,,0,0,1,0.0
1780642800000,GB,ALL_FEATURES,22693.0,,0,0,1,0.0
1780644600000,GB,ALL_FEATURES,22842.0,,0,0,1,0.0
1780646400000,GB,ALL_FEATURES,23004.0,,0,0,1,0.0
1780648200000,GB,ALL_FEATURES,22182.0,,0,0,1,0.0
1780650000000,GB,ALL_FEATURES,22109.0,,0,0,1,0.0
1780651800000,GB,ALL_FEATURES,21458.0,,0,0,1,0.0
1780653600000,GB,ALL_FEATURES,21268.0,,0,0,1,0.0
1780655400000,GB,ALL_FEATURES,21116.0,,0,0,1,0.0
1780657200000,GB,ALL_FEATURES,20932.0,,0,0,1,0.0
1780659000000,GB,ALL_FEATURES,20421.0,,0,0,1,0.0
1780660800000,GB,ALL_FEATURES,20678.0,,0,0,1,0.0
1780662600000,GB,ALL_FEATURES,20541.0,,0,0,1,0.0
1780664400000,GB,ALL_FEATURES,20051.0,,0,0,1,0.0
1780666200000,GB,ALL_FEATURES,19734.0,,0,0,1,0.0
1780668000000,GB,ALL_FEATURES,19425.0,,0,0,1,0.0
1780669800000,GB,ALL_FEATURES,19598.0,,0,0,1,0.0
1780671600000,GB,ALL_FEATURES,19894.0,,0,0,1,0.0
1780673400000,GB,ALL_FEATURES,20752.0,,0,0,1,0.0
1780675200000,GB,ALL_FEATURES,21490.0,,0,0,1,0.0
1780677000000,GB,ALL_FEATURES,23055.0,,0,0,1,0.0
1780678800000,GB,ALL_FEATURES,24179.0,,0,0,1,0.0
1780680600000,GB,ALL_FEATURES,25131.0,,0,0,1,0.0
1780682400000,GB,ALL_FEATURES,25466.0,,0,0,1,0.0
1780684200000,GB,ALL_FEATURES,26102.0,,0,0,1,0.0
1780686000000,GB,ALL_FEATURES,26591.0,,0,0,1,0.0
1780687800000,GB,ALL_FEATURES,26860.0,,0,0,1,0.0
1780689600000,GB,ALL_FEATURES,26193.0,,0,0,1,0.0
1780691400000,GB,ALL_FEATURES,25656.0,,0,0,1,0.0
1780693200000,GB,ALL_FEATURES,26136.0,,0,0,1,0.0
1780695000000,GB,ALL_FEATURES,25379.0,,0,0,1,0.0
1780696800000,GB,ALL_FEATURES,24528.0,,0,0,1,0.0
1780698600000,GB,ALL_FEATURES,23443.0,,0,0,1,0.0
1780700400000,GB,ALL_FEATURES,21842.0,,0,0,1,0.0
1780702200000,GB,ALL_FEATURES,21004.0,,0,0,1,0.0
1780704000000,GB,ALL_FEATURES,20711.0,,0,0,1,0.0
1780705800000,GB,ALL_FEATURES,20130.0,,0,0,1,0.0
1780707600000,GB,ALL_FEATURES,19710.0,,0,0,1,0.0
1780709400000,GB,ALL_FEATURES,19215.0,,0,0,1,0.0
1780711200000,GB,ALL_FEATURES,19190.0,,0,0,1,0.0
1780713000000,GB,ALL_FEATURES,18444.0,,0,0,1,0.0
1780714800000,GB,ALL_FEATURES,18161.0,,0,0,1,0.0
1780716600000,GB,ALL_FEATURES,17823.0,,0,0,1,0.0
1780718400000,GB,ALL_FEATURES,17654.0,,0,0,1,0.0
1780720200000,GB,ALL_FEATURES,17245.0,,0,0,1,0.0
1780722000000,GB,ALL_FEATURES,17003.0,,0,0,1,0.0
1780723800000,GB,ALL_FEATURES,16883.0,,0,0,1,0.0
1780725600000,GB,ALL_FEATURES,17474.0,,0,0,1,0.0
1780727400000,GB,ALL_FEATURES,17845.0,,0,0,1,0.0
1780729200000,GB,ALL_FEATURES,8823.948044049845,,1,1,1,0.5366303605498165
1780731000000,GB,ALL_FEATURES,19559.0,,0,0,1,0.0
1780732800000,GB,ALL_FEATURES,20342.0,,0,0,1,0.0
1780734600000,GB,ALL_FEATURES,20762.0,,0,0,1,0.0
1780736400000,GB,ALL_FEATURES,21011.0,,0,0,1,0.0
1780738200000,GB,ALL_FEATURES,21142.0,,0,0,1,0.0
1780740000000,GB,ALL_FEATURES,21222.0,,0,0,1,0.0
1780741800000,GB,ALL_FEATURES,21209.0,,0,0,1,0.0
1780743600000,GB,ALL_FEATURES,21143.0,,0,0,1,0.0
1780745400000,GB,ALL_FEATURES,21026.0,,0,0,1,0.0
1780747200000,GB,ALL_FEATURES,20608.0,,0,0,1,0.0
1780749000000,GB,ALL_FEATURES,20721.0,,0,0,1,0.0
1780750800000,GB,ALL_FEATURES,20222.0,,0,0,1,0.0
1780752600000,GB,ALL_FEATURES,20387.0,,0,0,1,0.0
1780754400000,GB,ALL_FEATURES,20328.0,,0,0,1,0.0
1780756200000,GB,ALL_FEATURES,20686.0,,0,0,1,0.0
1780758000000,GB,ALL_FEATURES,20770.0,,0,0,1,0.0
1780759800000,GB,ALL_FEATURES,21260.0,,0,0,1,0.0
1780761600000,GB,ALL_FEATURES,21901.0,,0,0,1,0.0
1780763400000,GB,ALL_FEATURES,22865.0,,0,0,1,0.0
1780765200000,GB,ALL_FEATURES,23975.0,,0,0,1,0.0
1780767000000,GB,ALL_FEATURES,24619.0,,0,0,1,0.0
1780768800000,GB,ALL_FEATURES,25071.0,,0,0,1,0.0
1780770600000,GB,ALL_FEATURES,25581.0,,0,0,1,0.0
1780772400000,GB,ALL_FEATURES,25631.0,,0,0,1,0.0
1780774200000,GB,ALL_FEATURES,25463.0,,0,0,1,0.0
1780776000000,GB,ALL_FEATURES,25175.0,,0,0,1,0.0
1780777800000,GB,ALL_FEATURES,24587.0,,0,0,1,0.0
1780779600000,GB,ALL_FEATURES,24645.0,,0,0,1,0.0
1780781400000,GB,ALL_FEATURES,24012.0,,0,0,1,0.0
1780783200000,GB,ALL_FEATURES,23626.0,,0,0,1,0.0
1780785000000,GB,ALL_FEATURES,22284.0,,0,0,1,0.0
1780786800000,GB,ALL_FEATURES,20927.0,,0,0,1,0.0
1780788600000,GB,ALL_FEATURES,20411.0,,0,0,1,0.0
