time,city_id,target_column,model_name,y_value,original_value,is_synthetic,shift_pct,y_true,y_pred,label,anomaly_score,anomaly_prob,score_percentile,threshold_score,contamination,best_obj_f2,param_n_neighbors,param_leaf_size,param_n_bins,param_alpha,param_tol
2024-01-08 22:00:00,amsterdam,temperature_2m,LOF,-2.4,,False,0.0,0,1,FP,45936956.714914,0.333333,99.82,1.00474,0.007739430513081453,0.795455,7.0,11.0,,,
2024-01-09 04:00:00,amsterdam,temperature_2m,LOF,-3.4,,False,0.0,0,1,FP,86404420.564551,0.626978,99.95,1.00474,0.007739430513081453,0.795455,7.0,11.0,,,
2024-01-09 20:00:00,amsterdam,temperature_2m,LOF,-2.4,,False,0.0,0,1,FP,45936956.714914,0.333333,99.82,1.00474,0.007739430513081453,0.795455,7.0,11.0,,,
2024-01-10 01:00:00,amsterdam,temperature_2m,LOF,-3.7,,False,0.0,0,1,FP,45936956.714913,0.333333,99.74,1.00474,0.007739430513081453,0.795455,7.0,11.0,,,
2024-01-10 04:00:00,amsterdam,temperature_2m,LOF,-3.7,,False,0.0,0,1,FP,45936956.714913,0.333333,99.74,1.00474,0.007739430513081453,0.795455,7.0,11.0,,,
2024-01-10 05:00:00,amsterdam,temperature_2m,LOF,-3.9,,False,0.0,0,1,FP,89937219.456108,0.652613,99.96,1.00474,0.007739430513081453,0.795455,7.0,11.0,,,
2024-01-10 06:00:00,amsterdam,temperature_2m,LOF,-3.9,,False,0.0,0,1,FP,89937219.456108,0.652613,99.96,1.00474,0.007739430513081453,0.795455,7.0,11.0,,,
2024-01-10 20:00:00,amsterdam,temperature_2m,LOF,-2.9,,False,0.0,0,1,FP,68905434.572371,0.5,99.93,1.00474,0.007739430513081453,0.795455,7.0,11.0,,,
2024-01-17 07:00:00,amsterdam,temperature_2m,LOF,-2.4,,False,0.0,0,1,FP,45936956.714914,0.333333,99.82,1.00474,0.007739430513081453,0.795455,7.0,11.0,,,
2024-01-18 01:00:00,amsterdam,temperature_2m,LOF,-3.4,,False,0.0,0,1,FP,86404420.564551,0.626978,99.95,1.00474,0.007739430513081453,0.795455,7.0,11.0,,,
2024-01-18 09:00:00,amsterdam,temperature_2m,LOF,-3.7,,False,0.0,0,1,FP,45936956.714913,0.333333,99.74,1.00474,0.007739430513081453,0.795455,7.0,11.0,,,
2024-01-18 10:00:00,amsterdam,temperature_2m,LOF,-3.1,,False,0.0,0,1,FP,45936956.714913,0.333333,99.74,1.00474,0.007739430513081453,0.795455,7.0,11.0,,,
2024-01-18 18:00:00,amsterdam,temperature_2m,LOF,-2.9,,False,0.0,0,1,FP,68905434.572371,0.5,99.93,1.00474,0.007739430513081453,0.795455,7.0,11.0,,,
2024-06-25 15:00:00,amsterdam,temperature_2m,LOF,25.8,,False,0.0,0,1,FP,45936956.714913,0.333333,99.74,1.00474,0.007739430513081453,0.795455,7.0,11.0,,,
2024-06-26 12:00:00,amsterdam,temperature_2m,LOF,25.8,,False,0.0,0,1,FP,45936956.714913,0.333333,99.74,1.00474,0.007739430513081453,0.795455,7.0,11.0,,,
2024-07-19 12:00:00,amsterdam,temperature_2m,LOF,25.8,,False,0.0,0,1,FP,45936956.714913,0.333333,99.74,1.00474,0.007739430513081453,0.795455,7.0,11.0,,,
2024-07-20 11:00:00,amsterdam,temperature_2m,LOF,25.7,,False,0.0,0,1,FP,91873912.429826,0.666667,99.99,1.00474,0.007739430513081453,0.795455,7.0,11.0,,,
2024-08-02 19:00:00,amsterdam,temperature_2m,LOF,23.3,,False,0.0,0,1,FP,45936956.714913,0.333333,99.74,1.00474,0.007739430513081453,0.795455,7.0,11.0,,,
2024-08-06 11:00:00,amsterdam,temperature_2m,LOF,23.3,,False,0.0,0,1,FP,45936956.714913,0.333333,99.74,1.00474,0.007739430513081453,0.795455,7.0,11.0,,,
2024-08-11 16:00:00,amsterdam,temperature_2m,LOF,25.8,,False,0.0,0,1,FP,45936956.714913,0.333333,99.74,1.00474,0.007739430513081453,0.795455,7.0,11.0,,,
2024-08-11 17:00:00,amsterdam,temperature_2m,LOF,25.8,,False,0.0,0,1,FP,45936956.714913,0.333333,99.74,1.00474,0.007739430513081453,0.795455,7.0,11.0,,,
2024-08-13 12:00:00,amsterdam,temperature_2m,LOF,25.7,,False,0.0,0,1,FP,91873912.429826,0.666667,99.99,1.00474,0.007739430513081453,0.795455,7.0,11.0,,,
2024-08-15 13:00:00,amsterdam,temperature_2m,LOF,23.3,,False,0.0,0,1,FP,45936956.714913,0.333333,99.74,1.00474,0.007739430513081453,0.795455,7.0,11.0,,,
2024-08-28 19:00:00,amsterdam,temperature_2m,LOF,26.1,,False,0.0,0,1,FP,22968478.857457,0.166667,99.57,1.00474,0.007739430513081453,0.795455,7.0,11.0,,,
2024-09-01 16:00:00,amsterdam,temperature_2m,LOF,26.9,,False,0.0,0,1,FP,91873912.429823,0.666667,99.97,1.00474,0.007739430513081453,0.795455,7.0,11.0,,,
2024-09-02 15:00:00,amsterdam,temperature_2m,LOF,26.9,,False,0.0,0,1,FP,91873912.429823,0.666667,99.97,1.00474,0.007739430513081453,0.795455,7.0,11.0,,,
2025-02-02 09:00:00,amsterdam,temperature_2m,LOF,-3.1,,False,0.0,0,1,FP,45936956.714913,0.333333,99.74,1.00474,0.007739430513081453,0.795455,7.0,11.0,,,
2025-02-17 03:00:00,amsterdam,temperature_2m,LOF,-2.6,,False,0.0,0,1,FP,45936956.714914,0.333333,99.82,1.00474,0.007739430513081453,0.795455,7.0,11.0,,,
2025-02-17 10:00:00,amsterdam,temperature_2m,LOF,-3.1,,False,0.0,0,1,FP,45936956.714913,0.333333,99.74,1.00474,0.007739430513081453,0.795455,7.0,11.0,,,
2025-02-18 05:00:00,amsterdam,temperature_2m,LOF,-3.7,,False,0.0,0,1,FP,45936956.714913,0.333333,99.74,1.00474,0.007739430513081453,0.795455,7.0,11.0,,,
2025-03-03 03:00:00,amsterdam,temperature_2m,LOF,-3.1,,False,0.0,0,1,FP,45936956.714913,0.333333,99.74,1.00474,0.007739430513081453,0.795455,7.0,11.0,,,
2025-03-03 05:00:00,amsterdam,temperature_2m,LOF,-2.6,,False,0.0,0,1,FP,45936956.714914,0.333333,99.82,1.00474,0.007739430513081453,0.795455,7.0,11.0,,,
2025-03-04 08:00:00,amsterdam,temperature_2m,LOF,-2.4,,False,0.0,0,1,FP,45936956.714914,0.333333,99.82,1.00474,0.007739430513081453,0.795455,7.0,11.0,,,
2025-05-12 17:00:00,amsterdam,temperature_2m,LOF,23.3,,False,0.0,0,1,FP,45936956.714913,0.333333,99.74,1.00474,0.007739430513081453,0.795455,7.0,11.0,,,
2025-06-30 23:00:00,amsterdam,temperature_2m,LOF,23.3,,False,0.0,0,1,FP,45936956.714913,0.333333,99.74,1.00474,0.007739430513081453,0.795455,7.0,11.0,,,
2025-08-13 17:00:00,amsterdam,temperature_2m,LOF,26.9,,False,0.0,0,1,FP,91873912.429823,0.666667,99.97,1.00474,0.007739430513081453,0.795455,7.0,11.0,,,
2025-08-26 17:00:00,amsterdam,temperature_2m,LOF,26.1,,False,0.0,0,1,FP,22968478.857457,0.166667,99.57,1.00474,0.007739430513081453,0.795455,7.0,11.0,,,
2025-09-07 16:00:00,amsterdam,temperature_2m,LOF,25.7,,False,0.0,0,1,FP,91873912.429826,0.666667,99.99,1.00474,0.007739430513081453,0.795455,7.0,11.0,,,
2025-12-26 05:00:00,amsterdam,temperature_2m,LOF,-3.7,,False,0.0,0,1,FP,45936956.714913,0.333333,99.74,1.00474,0.007739430513081453,0.795455,7.0,11.0,,,
2025-12-26 06:00:00,amsterdam,temperature_2m,LOF,-3.6,,False,0.0,0,1,FP,114842390.287286,0.833333,100.0,1.00474,0.007739430513081453,0.795455,7.0,11.0,,,
2025-12-26 07:00:00,amsterdam,temperature_2m,LOF,-3.6,,False,0.0,0,1,FP,114842390.287286,0.833333,100.0,1.00474,0.007739430513081453,0.795455,7.0,11.0,,,
2026-01-06 07:00:00,amsterdam,temperature_2m,LOF,-3.1,,False,0.0,0,1,FP,45936956.714913,0.333333,99.74,1.00474,0.007739430513081453,0.795455,7.0,11.0,,,
2026-01-10 03:00:00,amsterdam,temperature_2m,LOF,-2.6,,False,0.0,0,1,FP,45936956.714914,0.333333,99.82,1.00474,0.007739430513081453,0.795455,7.0,11.0,,,
2026-01-10 05:00:00,amsterdam,temperature_2m,LOF,-2.6,,False,0.0,0,1,FP,45936956.714914,0.333333,99.82,1.00474,0.007739430513081453,0.795455,7.0,11.0,,,
2026-01-10 22:00:00,amsterdam,temperature_2m,LOF,-2.6,,False,0.0,0,1,FP,45936956.714914,0.333333,99.82,1.00474,0.007739430513081453,0.795455,7.0,11.0,,,
2026-02-03 06:00:00,amsterdam,temperature_2m,LOF,-2.9,,False,0.0,0,1,FP,68905434.572371,0.5,99.93,1.00474,0.007739430513081453,0.795455,7.0,11.0,,,
2026-02-03 08:00:00,amsterdam,temperature_2m,LOF,-2.9,,False,0.0,0,1,FP,68905434.572371,0.5,99.93,1.00474,0.007739430513081453,0.795455,7.0,11.0,,,
2026-02-15 10:00:00,amsterdam,temperature_2m,LOF,-2.4,,False,0.0,0,1,FP,45936956.714914,0.333333,99.82,1.00474,0.007739430513081453,0.795455,7.0,11.0,,,
2024-05-12 15:00:00,amsterdam,apparent_temperature,LOF,22.4,,False,0.0,0,1,FP,57649157.418783,0.908701,99.97,28259504.607806,0.0038123374414285155,0.695652,23.0,65.0,,,
2024-06-27 08:00:00,amsterdam,apparent_temperature,LOF,22.4,,False,0.0,0,1,FP,57649157.418783,0.908701,99.97,28259504.607806,0.0038123374414285155,0.695652,23.0,65.0,,,
2024-07-09 21:00:00,amsterdam,apparent_temperature,LOF,22.4,,False,0.0,0,1,FP,57649157.418783,0.908701,99.97,28259504.607806,0.0038123374414285155,0.695652,23.0,65.0,,,
2024-08-03 14:00:00,amsterdam,apparent_temperature,LOF,22.4,,False,0.0,0,1,FP,57649157.418783,0.908701,99.97,28259504.607806,0.0038123374414285155,0.695652,23.0,65.0,,,
2024-08-29 15:00:00,amsterdam,apparent_temperature,LOF,22.4,,False,0.0,0,1,FP,57649157.418783,0.908701,99.97,28259504.607806,0.0038123374414285155,0.695652,23.0,65.0,,,
2024-09-02 03:00:00,amsterdam,apparent_temperature,LOF,22.4,,False,0.0,0,1,FP,57649157.418783,0.908701,99.97,28259504.607806,0.0038123374414285155,0.695652,23.0,65.0,,,
2024-09-22 17:00:00,amsterdam,apparent_temperature,LOF,22.4,,False,0.0,0,1,FP,57649157.418783,0.908701,99.97,28259504.607806,0.0038123374414285155,0.695652,23.0,65.0,,,
2025-01-05 10:00:00,amsterdam,apparent_temperature,LOF,-4.6,,False,0.0,0,1,FP,34589494.851271,0.545221,99.77,28259504.607806,0.0038123374414285155,0.695652,23.0,65.0,,,
2025-01-13 08:00:00,amsterdam,apparent_temperature,LOF,-4.6,,False,0.0,0,1,FP,34589494.851271,0.545221,99.77,28259504.607806,0.0038123374414285155,0.695652,23.0,65.0,,,
2025-01-18 20:00:00,amsterdam,apparent_temperature,LOF,-4.6,,False,0.0,0,1,FP,34589494.851271,0.545221,99.77,28259504.607806,0.0038123374414285155,0.695652,23.0,65.0,,,
2025-02-02 02:00:00,amsterdam,apparent_temperature,LOF,-4.6,,False,0.0,0,1,FP,34589494.851271,0.545221,99.77,28259504.607806,0.0038123374414285155,0.695652,23.0,65.0,,,
2025-03-16 08:00:00,amsterdam,apparent_temperature,LOF,-4.6,,False,0.0,0,1,FP,34589494.851271,0.545221,99.77,28259504.607806,0.0038123374414285155,0.695652,23.0,65.0,,,
2025-03-18 06:00:00,amsterdam,apparent_temperature,LOF,-4.6,,False,0.0,0,1,FP,34589494.851271,0.545221,99.77,28259504.607806,0.0038123374414285155,0.695652,23.0,65.0,,,
2025-06-14 01:00:00,amsterdam,apparent_temperature,LOF,22.4,,False,0.0,0,1,FP,57649157.418783,0.908701,99.97,28259504.607806,0.0038123374414285155,0.695652,23.0,65.0,,,
2025-06-19 15:00:00,amsterdam,apparent_temperature,LOF,22.4,,False,0.0,0,1,FP,57649157.418783,0.908701,99.97,28259504.607806,0.0038123374414285155,0.695652,23.0,65.0,,,
2025-07-26 17:00:00,amsterdam,apparent_temperature,LOF,22.4,,False,0.0,0,1,FP,57649157.418783,0.908701,99.97,28259504.607806,0.0038123374414285155,0.695652,23.0,65.0,,,
2025-08-15 09:00:00,amsterdam,apparent_temperature,LOF,22.4,,False,0.0,0,1,FP,57649157.418783,0.908701,99.97,28259504.607806,0.0038123374414285155,0.695652,23.0,65.0,,,
2025-08-31 13:00:00,amsterdam,apparent_temperature,LOF,22.4,,False,0.0,0,1,FP,57649157.418783,0.908701,99.97,28259504.607806,0.0038123374414285155,0.695652,23.0,65.0,,,
2025-09-20 11:00:00,amsterdam,apparent_temperature,LOF,22.4,,False,0.0,0,1,FP,57649157.418783,0.908701,99.97,28259504.607806,0.0038123374414285155,0.695652,23.0,65.0,,,
2025-12-24 08:00:00,amsterdam,apparent_temperature,LOF,-4.6,,False,0.0,0,1,FP,34589494.851271,0.545221,99.77,28259504.607806,0.0038123374414285155,0.695652,23.0,65.0,,,
2025-12-24 09:00:00,amsterdam,apparent_temperature,LOF,-4.6,,False,0.0,0,1,FP,34589494.851271,0.545221,99.77,28259504.607806,0.0038123374414285155,0.695652,23.0,65.0,,,
2025-12-29 02:00:00,amsterdam,apparent_temperature,LOF,-4.6,,False,0.0,0,1,FP,34589494.851271,0.545221,99.77,28259504.607806,0.0038123374414285155,0.695652,23.0,65.0,,,
2026-01-05 17:00:00,amsterdam,apparent_temperature,LOF,-4.6,,False,0.0,0,1,FP,34589494.851271,0.545221,99.77,28259504.607806,0.0038123374414285155,0.695652,23.0,65.0,,,
2026-01-07 15:00:00,amsterdam,apparent_temperature,LOF,-4.6,,False,0.0,0,1,FP,34589494.851271,0.545221,99.77,28259504.607806,0.0038123374414285155,0.695652,23.0,65.0,,,
2026-02-14 04:00:00,amsterdam,apparent_temperature,LOF,-4.6,,False,0.0,0,1,FP,34589494.851271,0.545221,99.77,28259504.607806,0.0038123374414285155,0.695652,23.0,65.0,,,
2026-02-14 09:00:00,amsterdam,apparent_temperature,LOF,-4.6,,False,0.0,0,1,FP,34589494.851271,0.545221,99.77,28259504.607806,0.0038123374414285155,0.695652,23.0,65.0,,,
2026-02-14 21:00:00,amsterdam,apparent_temperature,LOF,-4.6,,False,0.0,0,1,FP,34589494.851271,0.545221,99.77,28259504.607806,0.0038123374414285155,0.695652,23.0,65.0,,,
2026-02-14 22:00:00,amsterdam,apparent_temperature,LOF,-4.6,,False,0.0,0,1,FP,34589494.851271,0.545221,99.77,28259504.607806,0.0038123374414285155,0.695652,23.0,65.0,,,
2026-02-19 05:00:00,amsterdam,apparent_temperature,LOF,-4.6,,False,0.0,0,1,FP,34589494.851271,0.545221,99.77,28259504.607806,0.0038123374414285155,0.695652,23.0,65.0,,,
2026-02-19 07:00:00,amsterdam,apparent_temperature,LOF,-4.6,,False,0.0,0,1,FP,34589494.851271,0.545221,99.77,28259504.607806,0.0038123374414285155,0.695652,23.0,65.0,,,
2024-02-07 00:00:00,amsterdam,precipitation,LOF,5.3,,False,0.0,0,1,FP,2.278052,0.0,99.89,2.213832,0.0011998556988857205,0.227273,92.0,28.0,,,
2024-05-29 14:00:00,amsterdam,precipitation,LOF,9.9,,False,0.0,0,1,FP,6.262254,0.0,99.94,2.213832,0.0011998556988857205,0.227273,92.0,28.0,,,
2024-07-21 11:00:00,amsterdam,precipitation,LOF,10.6,,False,0.0,0,1,FP,6.95531,0.0,99.94,2.213832,0.0011998556988857205,0.227273,92.0,28.0,,,
2024-09-11 00:00:00,amsterdam,precipitation,LOF,5.9,,False,0.0,0,1,FP,2.693729,0.0,99.92,2.213832,0.0011998556988857205,0.227273,92.0,28.0,,,
2024-10-01 08:00:00,amsterdam,precipitation,LOF,7.4,,False,0.0,0,1,FP,3.874812,0.0,99.93,2.213832,0.0011998556988857205,0.227273,92.0,28.0,,,
2024-10-01 09:00:00,amsterdam,precipitation,LOF,5.5,,False,0.0,0,1,FP,2.408827,0.0,99.9,2.213832,0.0011998556988857205,0.227273,92.0,28.0,,,
2024-12-06 00:00:00,amsterdam,precipitation,LOF,5.6,,False,0.0,0,1,FP,2.476549,0.0,99.91,2.213832,0.0011998556988857205,0.227273,92.0,28.0,,,
2024-12-06 01:00:00,amsterdam,precipitation,LOF,7.5,,False,0.0,0,1,FP,3.962569,0.0,99.93,2.213832,0.0011998556988857205,0.227273,92.0,28.0,,,
2025-05-27 19:00:00,amsterdam,precipitation,LOF,5.5,,False,0.0,0,1,FP,2.408827,0.0,99.9,2.213832,0.0011998556988857205,0.227273,92.0,28.0,,,
2025-07-20 14:00:00,amsterdam,precipitation,LOF,5.4,,False,0.0,0,1,FP,2.343439,0.0,99.9,2.213832,0.0011998556988857205,0.227273,92.0,28.0,,,
2025-10-04 06:00:00,amsterdam,precipitation,LOF,6.1,,False,0.0,0,1,FP,2.847857,0.0,99.92,2.213832,0.0011998556988857205,0.227273,92.0,28.0,,,
2024-02-22 18:00:00,amsterdam,surface_pressure,ECOD,974.6,,False,0.0,0,1,FP,6.008911,0.576218,99.52,5.96078,0.004887612237129766,0.956522,,,,,
2024-02-22 19:00:00,amsterdam,surface_pressure,ECOD,972.4,,False,0.0,0,1,FP,6.092293,0.585251,99.56,5.96078,0.004887612237129766,0.956522,,,,,
2024-02-22 20:00:00,amsterdam,surface_pressure,ECOD,971.6,,False,0.0,0,1,FP,6.114272,0.587632,99.57,5.96078,0.004887612237129766,0.956522,,,,,
2024-02-22 21:00:00,amsterdam,surface_pressure,ECOD,972.6,,False,0.0,0,1,FP,6.070787,0.582921,99.55,5.96078,0.004887612237129766,0.956522,,,,,
2024-02-22 22:00:00,amsterdam,surface_pressure,ECOD,974.1,,False,0.0,0,1,FP,6.049733,0.58064,99.54,5.96078,0.004887612237129766,0.956522,,,,,
2025-01-06 15:00:00,amsterdam,surface_pressure,ECOD,974.4,,False,0.0,0,1,FP,6.029114,0.578407,99.53,5.96078,0.004887612237129766,0.956522,,,,,
2025-01-12 23:00:00,amsterdam,surface_pressure,ECOD,1041.6,,False,0.0,0,1,FP,6.136745,0.590066,99.57,5.96078,0.004887612237129766,0.956522,,,,,
2025-01-13 00:00:00,amsterdam,surface_pressure,ECOD,1042.0,,False,0.0,0,1,FP,6.232055,0.600391,99.62,5.96078,0.004887612237129766,0.956522,,,,,
2025-01-13 01:00:00,amsterdam,surface_pressure,ECOD,1041.8,,False,0.0,0,1,FP,6.159734,0.592557,99.58,5.96078,0.004887612237129766,0.956522,,,,,
2025-01-13 02:00:00,amsterdam,surface_pressure,ECOD,1041.3,,False,0.0,0,1,FP,6.049733,0.58064,99.54,5.96078,0.004887612237129766,0.956522,,,,,
2025-01-13 06:00:00,amsterdam,surface_pressure,ECOD,1041.3,,False,0.0,0,1,FP,6.049733,0.58064,99.54,5.96078,0.004887612237129766,0.956522,,,,,
2025-02-06 03:00:00,amsterdam,surface_pressure,ECOD,1041.9,,False,0.0,0,1,FP,6.183265,0.595106,99.6,5.96078,0.004887612237129766,0.956522,,,,,
2025-02-06 04:00:00,amsterdam,surface_pressure,ECOD,1041.9,,False,0.0,0,1,FP,6.183265,0.595106,99.6,5.96078,0.004887612237129766,0.956522,,,,,
2025-02-06 05:00:00,amsterdam,surface_pressure,ECOD,1042.0,,False,0.0,0,1,FP,6.232055,0.600391,99.62,5.96078,0.004887612237129766,0.956522,,,,,
2025-02-06 06:00:00,amsterdam,surface_pressure,ECOD,1042.1,,False,0.0,0,1,FP,6.310017,0.608836,99.64,5.96078,0.004887612237129766,0.956522,,,,,
2025-02-06 07:00:00,amsterdam,surface_pressure,ECOD,1042.2,,False,0.0,0,1,FP,6.337416,0.611804,99.66,5.96078,0.004887612237129766,0.956522,,,,,
2025-02-06 08:00:00,amsterdam,surface_pressure,ECOD,1042.2,,False,0.0,0,1,FP,6.337416,0.611804,99.66,5.96078,0.004887612237129766,0.956522,,,,,
2025-02-06 09:00:00,amsterdam,surface_pressure,ECOD,1042.5,,False,0.0,0,1,FP,6.424427,0.62123,99.68,5.96078,0.004887612237129766,0.956522,,,,,
2025-02-06 10:00:00,amsterdam,surface_pressure,ECOD,1042.8,,False,0.0,0,1,FP,6.455199,0.624564,99.69,5.96078,0.004887612237129766,0.956522,,,,,
2025-02-06 11:00:00,amsterdam,surface_pressure,ECOD,1043.2,,False,0.0,0,1,FP,6.519737,0.631555,99.72,5.96078,0.004887612237129766,0.956522,,,,,
2025-02-06 12:00:00,amsterdam,surface_pressure,ECOD,1043.2,,False,0.0,0,1,FP,6.519737,0.631555,99.72,5.96078,0.004887612237129766,0.956522,,,,,
2025-02-06 13:00:00,amsterdam,surface_pressure,ECOD,1043.0,,False,0.0,0,1,FP,6.486947,0.628003,99.7,5.96078,0.004887612237129766,0.956522,,,,,
2025-02-06 14:00:00,amsterdam,surface_pressure,ECOD,1042.3,,False,0.0,0,1,FP,6.394574,0.617996,99.67,5.96078,0.004887612237129766,0.956522,,,,,
2025-02-06 15:00:00,amsterdam,surface_pressure,ECOD,1042.0,,False,0.0,0,1,FP,6.232055,0.600391,99.62,5.96078,0.004887612237129766,0.956522,,,,,
2025-02-06 16:00:00,amsterdam,surface_pressure,ECOD,1041.5,,False,0.0,0,1,FP,6.114272,0.587632,99.57,5.96078,0.004887612237129766,0.956522,,,,,
2025-02-06 17:00:00,amsterdam,surface_pressure,ECOD,1041.3,,False,0.0,0,1,FP,6.049733,0.58064,99.54,5.96078,0.004887612237129766,0.956522,,,,,
2026-02-12 05:00:00,amsterdam,surface_pressure,ECOD,974.8,,False,0.0,0,1,FP,5.969691,0.57197,99.52,5.96078,0.004887612237129766,0.956522,,,,,
2026-02-12 06:00:00,amsterdam,surface_pressure,ECOD,974.8,,False,0.0,0,1,FP,5.969691,0.57197,99.52,5.96078,0.004887612237129766,0.956522,,,,,
2024-08-13 21:00:00,amsterdam,soil_temperature_7_to_28cm,LOF,21.7,,False,0.0,0,1,FP,35909570.71386,0.389242,99.79,1.0,0.012278360049275504,0.934959,5.0,77.0,,,
2024-08-14 00:00:00,amsterdam,soil_temperature_7_to_28cm,LOF,21.7,,False,0.0,0,1,FP,35909570.71386,0.389242,99.79,1.0,0.012278360049275504,0.934959,5.0,77.0,,,
2025-07-01 21:00:00,amsterdam,soil_temperature_7_to_28cm,LOF,21.9,,False,0.0,0,1,FP,37052993.599556,0.401637,99.81,1.0,0.012278360049275504,0.934959,5.0,77.0,,,
2025-07-02 08:00:00,amsterdam,soil_temperature_7_to_28cm,LOF,21.9,,False,0.0,0,1,FP,37052993.599556,0.401637,99.81,1.0,0.012278360049275504,0.934959,5.0,77.0,,,
2025-07-02 12:00:00,amsterdam,soil_temperature_7_to_28cm,LOF,21.9,,False,0.0,0,1,FP,37052993.599556,0.401637,99.81,1.0,0.012278360049275504,0.934959,5.0,77.0,,,
2025-07-02 13:00:00,amsterdam,soil_temperature_7_to_28cm,LOF,21.9,,False,0.0,0,1,FP,37052993.599556,0.401637,99.81,1.0,0.012278360049275504,0.934959,5.0,77.0,,,
2025-07-02 15:00:00,amsterdam,soil_temperature_7_to_28cm,LOF,22.3,,False,0.0,0,1,FP,1.0,0.0,99.59,1.0,0.012278360049275504,0.934959,5.0,77.0,,,
2025-07-02 17:00:00,amsterdam,soil_temperature_7_to_28cm,LOF,22.5,,False,0.0,0,1,FP,1.0,0.0,99.6,1.0,0.012278360049275504,0.934959,5.0,77.0,,,
2025-07-03 00:00:00,amsterdam,soil_temperature_7_to_28cm,LOF,22.5,,False,0.0,0,1,FP,1.0,0.0,99.6,1.0,0.012278360049275504,0.934959,5.0,77.0,,,
2025-07-03 02:00:00,amsterdam,soil_temperature_7_to_28cm,LOF,22.3,,False,0.0,0,1,FP,1.0,0.0,99.59,1.0,0.012278360049275504,0.934959,5.0,77.0,,,
2025-07-03 07:00:00,amsterdam,soil_temperature_7_to_28cm,LOF,21.7,,False,0.0,0,1,FP,35909570.71386,0.389242,99.79,1.0,0.012278360049275504,0.934959,5.0,77.0,,,
2024-01-02 20:00:00,amsterdam,soil_moisture_7_to_28cm,LOF,0.76,,False,0.0,0,1,FP,1.220357,0.0,99.65,1.0,0.012278360049275504,0.853659,5.0,77.0,,,
2024-02-18 19:00:00,amsterdam,soil_moisture_7_to_28cm,LOF,0.76,,False,0.0,0,1,FP,1.220357,0.0,99.65,1.0,0.012278360049275504,0.853659,5.0,77.0,,,
2024-02-18 22:00:00,amsterdam,soil_moisture_7_to_28cm,LOF,0.759,,False,0.0,0,1,FP,1.062307,0.0,99.64,1.0,0.012278360049275504,0.853659,5.0,77.0,,,
2025-04-24 18:00:00,amsterdam,soil_moisture_7_to_28cm,LOF,0.49,,False,0.0,0,1,FP,23517386.465049,0.065783,99.85,1.0,0.012278360049275504,0.853659,5.0,77.0,,,
2025-05-24 02:00:00,amsterdam,soil_moisture_7_to_28cm,LOF,0.406,,False,0.0,0,1,FP,94069542.860193,0.263131,100.0,1.0,0.012278360049275504,0.853659,5.0,77.0,,,
2025-06-21 08:00:00,amsterdam,soil_moisture_7_to_28cm,LOF,0.49,,False,0.0,0,1,FP,23517386.465049,0.065783,99.85,1.0,0.012278360049275504,0.853659,5.0,77.0,,,
2025-06-21 09:00:00,amsterdam,soil_moisture_7_to_28cm,LOF,0.49,,False,0.0,0,1,FP,23517386.465049,0.065783,99.85,1.0,0.012278360049275504,0.853659,5.0,77.0,,,
2025-06-21 10:00:00,amsterdam,soil_moisture_7_to_28cm,LOF,0.49,,False,0.0,0,1,FP,23517386.465049,0.065783,99.85,1.0,0.012278360049275504,0.853659,5.0,77.0,,,
2025-09-15 06:00:00,amsterdam,soil_moisture_7_to_28cm,LOF,0.459,,False,0.0,0,1,FP,1.049566,0.0,99.63,1.0,0.012278360049275504,0.853659,5.0,77.0,,,
2025-09-15 07:00:00,amsterdam,soil_moisture_7_to_28cm,LOF,0.459,,False,0.0,0,1,FP,1.049566,0.0,99.63,1.0,0.012278360049275504,0.853659,5.0,77.0,,,
2024-01-05 00:00:00,london,temperature_2m,LOF,5.0,,False,0.0,0,1,FP,3786111.046653,0.034483,96.47,1.0,0.10221540528889135,0.092308,44.0,14.0,,,
2024-01-05 08:00:00,london,temperature_2m,LOF,5.5,,False,0.0,0,1,FP,11264178.005473,0.102591,97.09,1.0,0.10221540528889135,0.092308,44.0,14.0,,,
2024-01-06 02:00:00,london,temperature_2m,LOF,5.0,,False,0.0,0,1,FP,3786111.046653,0.034483,96.47,1.0,0.10221540528889135,0.092308,44.0,14.0,,,
2024-01-07 03:00:00,london,temperature_2m,LOF,2.9,,False,0.0,0,1,FP,45433321.559831,0.413793,98.52,1.0,0.10221540528889135,0.092308,44.0,14.0,,,
2024-01-07 19:00:00,london,temperature_2m,LOF,3.6,,False,0.0,0,1,FP,64363871.793094,0.586207,99.43,1.0,0.10221540528889135,0.092308,44.0,14.0,,,
2024-01-07 20:00:00,london,temperature_2m,LOF,3.4,,False,0.0,0,1,FP,48929597.630348,0.445636,98.76,1.0,0.10221540528889135,0.092308,44.0,14.0,,,
2024-01-07 22:00:00,london,temperature_2m,LOF,3.1,,False,0.0,0,1,FP,94652752.166315,0.862069,99.88,1.0,0.10221540528889135,0.092308,44.0,14.0,,,
2024-01-07 23:00:00,london,temperature_2m,LOF,2.9,,False,0.0,0,1,FP,45433321.559831,0.413793,98.52,1.0,0.10221540528889135,0.092308,44.0,14.0,,,
2024-01-08 08:00:00,london,temperature_2m,LOF,1.3,,False,0.0,0,1,FP,1.007495,0.0,93.88,1.0,0.10221540528889135,0.092308,44.0,14.0,,,
2024-01-08 09:00:00,london,temperature_2m,LOF,1.1,,False,0.0,0,1,FP,1.000436,0.0,92.95,1.0,0.10221540528889135,0.092308,44.0,14.0,,,
2024-01-08 15:00:00,london,temperature_2m,LOF,2.4,,False,0.0,0,1,FP,1.000117,0.0,92.59,1.0,0.10221540528889135,0.092308,44.0,14.0,,,
2024-01-08 17:00:00,london,temperature_2m,LOF,1.6,,False,0.0,0,1,FP,15144441.18661,0.137931,97.3,1.0,0.10221540528889135,0.092308,44.0,14.0,,,
2024-01-08 20:00:00,london,temperature_2m,LOF,1.3,,False,0.0,0,1,FP,1.007495,0.0,93.88,1.0,0.10221540528889135,0.092308,44.0,14.0,,,
2024-01-08 22:00:00,london,temperature_2m,LOF,1.6,,False,0.0,0,1,FP,15144441.18661,0.137931,97.3,1.0,0.10221540528889135,0.092308,44.0,14.0,,,
2024-01-08 23:00:00,london,temperature_2m,LOF,1.2,,False,0.0,0,1,FP,1.003416,0.0,93.65,1.0,0.10221540528889135,0.092308,44.0,14.0,,,
2024-01-09 00:00:00,london,temperature_2m,LOF,0.8,,False,0.0,0,1,FP,1.001256,0.0,93.23,1.0,0.10221540528889135,0.092308,44.0,14.0,,,
2024-01-09 04:00:00,london,temperature_2m,LOF,1.6,,False,0.0,0,1,FP,15144441.18661,0.137931,97.3,1.0,0.10221540528889135,0.092308,44.0,14.0,,,
2024-01-09 07:00:00,london,temperature_2m,LOF,1.2,,False,0.0,0,1,FP,1.003416,0.0,93.65,1.0,0.10221540528889135,0.092308,44.0,14.0,,,
2024-01-09 09:00:00,london,temperature_2m,LOF,1.2,,False,0.0,0,1,FP,1.003416,0.0,93.65,1.0,0.10221540528889135,0.092308,44.0,14.0,,,
2024-01-09 10:00:00,london,temperature_2m,LOF,1.3,,False,0.0,0,1,FP,1.007495,0.0,93.88,1.0,0.10221540528889135,0.092308,44.0,14.0,,,
2024-01-09 15:00:00,london,temperature_2m,LOF,3.6,,False,0.0,0,1,FP,64363871.793094,0.586207,99.43,1.0,0.10221540528889135,0.092308,44.0,14.0,,,
2024-01-09 16:00:00,london,temperature_2m,LOF,2.9,,False,0.0,0,1,FP,45433321.559831,0.413793,98.52,1.0,0.10221540528889135,0.092308,44.0,14.0,,,
2024-01-09 18:00:00,london,temperature_2m,LOF,1.1,,False,0.0,0,1,FP,1.000436,0.0,92.95,1.0,0.10221540528889135,0.092308,44.0,14.0,,,
2024-01-09 19:00:00,london,temperature_2m,LOF,0.7,,False,0.0,0,1,FP,1.0,0.0,92.27,1.0,0.10221540528889135,0.092308,44.0,14.0,,,
2024-01-09 20:00:00,london,temperature_2m,LOF,0.6,,False,0.0,0,1,FP,1.0,0.0,92.07,1.0,0.10221540528889135,0.092308,44.0,14.0,,,
2024-01-10 00:00:00,london,temperature_2m,LOF,0.8,,False,0.0,0,1,FP,1.001256,0.0,93.23,1.0,0.10221540528889135,0.092308,44.0,14.0,,,
2024-01-10 01:00:00,london,temperature_2m,LOF,0.4,,False,0.0,0,1,FP,1.002237,0.0,93.46,1.0,0.10221540528889135,0.092308,44.0,14.0,,,
2024-01-10 02:00:00,london,temperature_2m,LOF,1.6,,False,0.0,0,1,FP,15144441.18661,0.137931,97.3,1.0,0.10221540528889135,0.092308,44.0,14.0,,,
2024-01-10 03:00:00,london,temperature_2m,LOF,1.2,,False,0.0,0,1,FP,1.003416,0.0,93.65,1.0,0.10221540528889135,0.092308,44.0,14.0,,,
2024-01-10 04:00:00,london,temperature_2m,LOF,1.1,,False,0.0,0,1,FP,1.000436,0.0,92.95,1.0,0.10221540528889135,0.092308,44.0,14.0,,,
2024-01-10 06:00:00,london,temperature_2m,LOF,0.8,,False,0.0,0,1,FP,1.001256,0.0,93.23,1.0,0.10221540528889135,0.092308,44.0,14.0,,,
2024-01-10 07:00:00,london,temperature_2m,LOF,0.8,,False,0.0,0,1,FP,1.001256,0.0,93.23,1.0,0.10221540528889135,0.092308,44.0,14.0,,,
2024-01-10 08:00:00,london,temperature_2m,LOF,0.7,,False,0.0,0,1,FP,1.0,0.0,92.27,1.0,0.10221540528889135,0.092308,44.0,14.0,,,
2024-01-10 09:00:00,london,temperature_2m,LOF,0.6,,False,0.0,0,1,FP,1.0,0.0,92.07,1.0,0.10221540528889135,0.092308,44.0,14.0,,,
2024-01-10 10:00:00,london,temperature_2m,LOF,1.1,,False,0.0,0,1,FP,1.000436,0.0,92.95,1.0,0.10221540528889135,0.092308,44.0,14.0,,,
2024-01-10 11:00:00,london,temperature_2m,LOF,2.4,,False,0.0,0,1,FP,1.000117,0.0,92.59,1.0,0.10221540528889135,0.092308,44.0,14.0,,,
2024-01-10 18:00:00,london,temperature_2m,LOF,2.1,,False,0.0,0,1,FP,106011082.306273,0.965517,99.96,1.0,0.10221540528889135,0.092308,44.0,14.0,,,
2024-01-10 20:00:00,london,temperature_2m,LOF,1.1,,False,0.0,0,1,FP,1.000436,0.0,92.95,1.0,0.10221540528889135,0.092308,44.0,14.0,,,
2024-01-10 21:00:00,london,temperature_2m,LOF,1.1,,False,0.0,0,1,FP,1.000436,0.0,92.95,1.0,0.10221540528889135,0.092308,44.0,14.0,,,
2024-01-10 22:00:00,london,temperature_2m,LOF,1.2,,False,0.0,0,1,FP,1.003416,0.0,93.65,1.0,0.10221540528889135,0.092308,44.0,14.0,,,
2024-01-11 00:00:00,london,temperature_2m,LOF,1.1,,False,0.0,0,1,FP,1.000436,0.0,92.95,1.0,0.10221540528889135,0.092308,44.0,14.0,,,
2024-01-11 01:00:00,london,temperature_2m,LOF,0.7,,False,0.0,0,1,FP,1.0,0.0,92.27,1.0,0.10221540528889135,0.092308,44.0,14.0,,,
2024-01-11 05:00:00,london,temperature_2m,LOF,-0.7,,False,0.0,0,1,FP,1.115507,0.0,95.76,1.0,0.10221540528889135,0.092308,44.0,14.0,,,
2024-01-11 06:00:00,london,temperature_2m,LOF,-0.9,,False,0.0,0,1,FP,1.019284,0.0,94.41,1.0,0.10221540528889135,0.092308,44.0,14.0,,,
2024-01-11 11:00:00,london,temperature_2m,LOF,1.6,,False,0.0,0,1,FP,15144441.18661,0.137931,97.3,1.0,0.10221540528889135,0.092308,44.0,14.0,,,
2024-01-11 23:00:00,london,temperature_2m,LOF,5.5,,False,0.0,0,1,FP,11264178.005473,0.102591,97.09,1.0,0.10221540528889135,0.092308,44.0,14.0,,,
2024-01-12 05:00:00,london,temperature_2m,LOF,3.9,,False,0.0,0,1,FP,45357624.510619,0.413104,98.21,1.0,0.10221540528889135,0.092308,44.0,14.0,,,
2024-01-13 03:00:00,london,temperature_2m,LOF,3.9,,False,0.0,0,1,FP,45357624.510619,0.413104,98.21,1.0,0.10221540528889135,0.092308,44.0,14.0,,,
2024-01-13 08:00:00,london,temperature_2m,LOF,3.1,,False,0.0,0,1,FP,94652752.166315,0.862069,99.88,1.0,0.10221540528889135,0.092308,44.0,14.0,,,
2024-01-14 02:00:00,london,temperature_2m,LOF,2.9,,False,0.0,0,1,FP,45433321.559831,0.413793,98.52,1.0,0.10221540528889135,0.092308,44.0,14.0,,,
2024-01-14 08:00:00,london,temperature_2m,LOF,1.6,,False,0.0,0,1,FP,15144441.18661,0.137931,97.3,1.0,0.10221540528889135,0.092308,44.0,14.0,,,
2024-01-14 09:00:00,london,temperature_2m,LOF,1.9,,False,0.0,0,1,FP,1.000432,0.0,92.77,1.0,0.10221540528889135,0.092308,44.0,14.0,,,
2024-01-14 10:00:00,london,temperature_2m,LOF,2.6,,False,0.0,0,1,FP,71356565.031787,0.649894,99.57,1.0,0.10221540528889135,0.092308,44.0,14.0,,,
2024-01-14 17:00:00,london,temperature_2m,LOF,3.9,,False,0.0,0,1,FP,45357624.510619,0.413104,98.21,1.0,0.10221540528889135,0.092308,44.0,14.0,,,
2024-01-15 00:00:00,london,temperature_2m,LOF,2.4,,False,0.0,0,1,FP,1.000117,0.0,92.59,1.0,0.10221540528889135,0.092308,44.0,14.0,,,
2024-01-15 04:00:00,london,temperature_2m,LOF,-0.9,,False,0.0,0,1,FP,1.019284,0.0,94.41,1.0,0.10221540528889135,0.092308,44.0,14.0,,,
2024-01-15 05:00:00,london,temperature_2m,LOF,-1.2,,False,0.0,0,1,FP,1.104477,0.0,95.6,1.0,0.10221540528889135,0.092308,44.0,14.0,,,
2024-01-15 06:00:00,london,temperature_2m,LOF,-1.2,,False,0.0,0,1,FP,1.104477,0.0,95.6,1.0,0.10221540528889135,0.092308,44.0,14.0,,,
2024-01-15 07:00:00,london,temperature_2m,LOF,-1.1,,False,0.0,0,1,FP,1.359734,0.0,96.29,1.0,0.10221540528889135,0.092308,44.0,14.0,,,
2024-01-15 08:00:00,london,temperature_2m,LOF,-1.3,,False,0.0,0,1,FP,1.025986,0.0,94.56,1.0,0.10221540528889135,0.092308,44.0,14.0,,,
2024-01-15 09:00:00,london,temperature_2m,LOF,-1.7,,False,0.0,0,1,FP,1.060414,0.0,95.05,1.0,0.10221540528889135,0.092308,44.0,14.0,,,
2024-01-15 10:00:00,london,temperature_2m,LOF,-0.9,,False,0.0,0,1,FP,1.019284,0.0,94.41,1.0,0.10221540528889135,0.092308,44.0,14.0,,,
2024-01-15 11:00:00,london,temperature_2m,LOF,0.6,,False,0.0,0,1,FP,1.0,0.0,92.07,1.0,0.10221540528889135,0.092308,44.0,14.0,,,
2024-01-15 12:00:00,london,temperature_2m,LOF,1.6,,False,0.0,0,1,FP,15144441.18661,0.137931,97.3,1.0,0.10221540528889135,0.092308,44.0,14.0,,,
2024-01-15 16:00:00,london,temperature_2m,LOF,1.6,,False,0.0,0,1,FP,15144441.18661,0.137931,97.3,1.0,0.10221540528889135,0.092308,44.0,14.0,,,
2024-01-15 18:00:00,london,temperature_2m,LOF,-1.6,,False,0.0,0,1,FP,1.109577,0.0,95.7,1.0,0.10221540528889135,0.092308,44.0,14.0,,,
2024-01-15 19:00:00,london,temperature_2m,LOF,-2.5,,False,0.0,0,1,FP,1.083462,0.0,95.43,1.0,0.10221540528889135,0.092308,44.0,14.0,,,
2024-01-15 20:00:00,london,temperature_2m,LOF,-3.0,,False,0.0,0,1,FP,1.009387,0.0,94.01,1.0,0.10221540528889135,0.092308,44.0,14.0,,,
2024-01-15 22:00:00,london,temperature_2m,LOF,-4.0,,False,0.0,0,1,FP,1.013371,0.0,94.3,1.0,0.10221540528889135,0.092308,44.0,14.0,,,
2024-01-16 00:00:00,london,temperature_2m,LOF,-4.0,,False,0.0,0,1,FP,1.013371,0.0,94.3,1.0,0.10221540528889135,0.092308,44.0,14.0,,,
2024-01-16 01:00:00,london,temperature_2m,LOF,-4.5,,False,0.0,0,1,FP,1.234417,0.0,96.21,1.0,0.10221540528889135,0.092308,44.0,14.0,,,
2024-01-16 02:00:00,london,temperature_2m,LOF,-4.3,,False,0.0,0,1,FP,1.102452,0.0,95.53,1.0,0.10221540528889135,0.092308,44.0,14.0,,,
2024-01-16 03:00:00,london,temperature_2m,LOF,-4.3,,False,0.0,0,1,FP,1.102452,0.0,95.53,1.0,0.10221540528889135,0.092308,44.0,14.0,,,
2024-01-16 04:00:00,london,temperature_2m,LOF,-4.3,,False,0.0,0,1,FP,1.102452,0.0,95.53,1.0,0.10221540528889135,0.092308,44.0,14.0,,,
2024-01-16 05:00:00,london,temperature_2m,LOF,-4.1,,False,0.0,0,1,FP,1.035781,0.0,94.68,1.0,0.10221540528889135,0.092308,44.0,14.0,,,
2024-01-16 06:00:00,london,temperature_2m,LOF,-4.0,,False,0.0,0,1,FP,1.013371,0.0,94.3,1.0,0.10221540528889135,0.092308,44.0,14.0,,,
2024-01-16 09:00:00,london,temperature_2m,LOF,-4.2,,False,0.0,0,1,FP,1.055768,0.0,94.93,1.0,0.10221540528889135,0.092308,44.0,14.0,,,
2024-01-16 10:00:00,london,temperature_2m,LOF,-3.0,,False,0.0,0,1,FP,1.009387,0.0,94.01,1.0,0.10221540528889135,0.092308,44.0,14.0,,,
2024-01-16 11:00:00,london,temperature_2m,LOF,-0.9,,False,0.0,0,1,FP,1.019284,0.0,94.41,1.0,0.10221540528889135,0.092308,44.0,14.0,,,
2024-01-16 13:00:00,london,temperature_2m,LOF,2.4,,False,0.0,0,1,FP,1.000117,0.0,92.59,1.0,0.10221540528889135,0.092308,44.0,14.0,,,
2024-01-16 18:00:00,london,temperature_2m,LOF,-0.9,,False,0.0,0,1,FP,1.019284,0.0,94.41,1.0,0.10221540528889135,0.092308,44.0,14.0,,,
2024-01-16 19:00:00,london,temperature_2m,LOF,-1.2,,False,0.0,0,1,FP,1.104477,0.0,95.6,1.0,0.10221540528889135,0.092308,44.0,14.0,,,
2024-01-16 20:00:00,london,temperature_2m,LOF,-1.6,,False,0.0,0,1,FP,1.109577,0.0,95.7,1.0,0.10221540528889135,0.092308,44.0,14.0,,,
2024-01-16 21:00:00,london,temperature_2m,LOF,-2.2,,False,0.0,0,1,FP,1.145215,0.0,95.84,1.0,0.10221540528889135,0.092308,44.0,14.0,,,
2024-01-16 22:00:00,london,temperature_2m,LOF,-2.9,,False,0.0,0,1,FP,1.033058,0.0,94.66,1.0,0.10221540528889135,0.092308,44.0,14.0,,,
2024-01-16 23:00:00,london,temperature_2m,LOF,-1.6,,False,0.0,0,1,FP,1.109577,0.0,95.7,1.0,0.10221540528889135,0.092308,44.0,14.0,,,
2024-01-17 02:00:00,london,temperature_2m,LOF,-0.6,,False,0.0,0,1,FP,1.192283,0.0,96.11,1.0,0.10221540528889135,0.092308,44.0,14.0,,,
2024-01-17 03:00:00,london,temperature_2m,LOF,0.1,,False,0.0,0,1,FP,1.002716,0.0,93.54,1.0,0.10221540528889135,0.092308,44.0,14.0,,,
2024-01-17 05:00:00,london,temperature_2m,LOF,-1.1,,False,0.0,0,1,FP,1.359734,0.0,96.29,1.0,0.10221540528889135,0.092308,44.0,14.0,,,
2024-01-17 06:00:00,london,temperature_2m,LOF,-0.6,,False,0.0,0,1,FP,1.192283,0.0,96.11,1.0,0.10221540528889135,0.092308,44.0,14.0,,,
2024-01-17 07:00:00,london,temperature_2m,LOF,-1.1,,False,0.0,0,1,FP,1.359734,0.0,96.29,1.0,0.10221540528889135,0.092308,44.0,14.0,,,
2024-01-17 08:00:00,london,temperature_2m,LOF,-1.0,,False,0.0,0,1,FP,1.156031,0.0,95.91,1.0,0.10221540528889135,0.092308,44.0,14.0,,,
2024-01-17 11:00:00,london,temperature_2m,LOF,0.6,,False,0.0,0,1,FP,1.0,0.0,92.07,1.0,0.10221540528889135,0.092308,44.0,14.0,,,
2024-01-17 12:00:00,london,temperature_2m,LOF,1.6,,False,0.0,0,1,FP,15144441.18661,0.137931,97.3,1.0,0.10221540528889135,0.092308,44.0,14.0,,,
2024-01-17 13:00:00,london,temperature_2m,LOF,2.4,,False,0.0,0,1,FP,1.000117,0.0,92.59,1.0,0.10221540528889135,0.092308,44.0,14.0,,,
2024-01-17 21:00:00,london,temperature_2m,LOF,-0.3,,False,0.0,0,1,FP,1.0,0.0,92.19,1.0,0.10221540528889135,0.092308,44.0,14.0,,,
2024-01-17 22:00:00,london,temperature_2m,LOF,-1.5,,False,0.0,0,1,FP,1.068711,0.0,95.24,1.0,0.10221540528889135,0.092308,44.0,14.0,,,
2024-01-17 23:00:00,london,temperature_2m,LOF,-2.3,,False,0.0,0,1,FP,1.083475,0.0,95.45,1.0,0.10221540528889135,0.092308,44.0,14.0,,,
2024-01-18 04:00:00,london,temperature_2m,LOF,-4.1,,False,0.0,0,1,FP,1.035781,0.0,94.68,1.0,0.10221540528889135,0.092308,44.0,14.0,,,
2024-01-18 05:00:00,london,temperature_2m,LOF,-4.3,,False,0.0,0,1,FP,1.102452,0.0,95.53,1.0,0.10221540528889135,0.092308,44.0,14.0,,,
2024-01-18 06:00:00,london,temperature_2m,LOF,-4.2,,False,0.0,0,1,FP,1.055768,0.0,94.93,1.0,0.10221540528889135,0.092308,44.0,14.0,,,
2024-01-18 07:00:00,london,temperature_2m,LOF,-4.4,,False,0.0,0,1,FP,1.18707,0.0,96.06,1.0,0.10221540528889135,0.092308,44.0,14.0,,,
2024-01-18 08:00:00,london,temperature_2m,LOF,-4.8,,False,0.0,0,1,FP,1.427189,0.0,96.31,1.0,0.10221540528889135,0.092308,44.0,14.0,,,
2024-01-18 09:00:00,london,temperature_2m,LOF,-5.1,,False,0.0,0,1,FP,1.690983,0.0,96.32,1.0,0.10221540528889135,0.092308,44.0,14.0,,,
2024-01-18 11:00:00,london,temperature_2m,LOF,-1.2,,False,0.0,0,1,FP,1.104477,0.0,95.6,1.0,0.10221540528889135,0.092308,44.0,14.0,,,
2024-01-18 16:00:00,london,temperature_2m,LOF,2.1,,False,0.0,0,1,FP,106011082.306273,0.965517,99.96,1.0,0.10221540528889135,0.092308,44.0,14.0,,,
2024-01-18 17:00:00,london,temperature_2m,LOF,-0.3,,False,0.0,0,1,FP,1.0,0.0,92.19,1.0,0.10221540528889135,0.092308,44.0,14.0,,,
2024-01-18 18:00:00,london,temperature_2m,LOF,-1.9,,False,0.0,0,1,FP,1.098596,0.0,95.5,1.0,0.10221540528889135,0.092308,44.0,14.0,,,
2024-01-18 19:00:00,london,temperature_2m,LOF,-2.5,,False,0.0,0,1,FP,1.083462,0.0,95.43,1.0,0.10221540528889135,0.092308,44.0,14.0,,,
2024-01-18 20:00:00,london,temperature_2m,LOF,-2.9,,False,0.0,0,1,FP,1.033058,0.0,94.66,1.0,0.10221540528889135,0.092308,44.0,14.0,,,
2024-01-19 02:00:00,london,temperature_2m,LOF,-2.8,,False,0.0,0,1,FP,1.028885,0.0,94.61,1.0,0.10221540528889135,0.092308,44.0,14.0,,,
2024-01-19 03:00:00,london,temperature_2m,LOF,-2.9,,False,0.0,0,1,FP,1.033058,0.0,94.66,1.0,0.10221540528889135,0.092308,44.0,14.0,,,
2024-01-19 04:00:00,london,temperature_2m,LOF,-3.0,,False,0.0,0,1,FP,1.009387,0.0,94.01,1.0,0.10221540528889135,0.092308,44.0,14.0,,,
2024-01-19 05:00:00,london,temperature_2m,LOF,-3.0,,False,0.0,0,1,FP,1.009387,0.0,94.01,1.0,0.10221540528889135,0.092308,44.0,14.0,,,
2024-01-19 10:00:00,london,temperature_2m,LOF,-2.5,,False,0.0,0,1,FP,1.083462,0.0,95.43,1.0,0.10221540528889135,0.092308,44.0,14.0,,,
2024-01-19 11:00:00,london,temperature_2m,LOF,-0.5,,False,0.0,0,1,FP,1.105179,0.0,95.66,1.0,0.10221540528889135,0.092308,44.0,14.0,,,
2024-01-19 12:00:00,london,temperature_2m,LOF,1.6,,False,0.0,0,1,FP,15144441.18661,0.137931,97.3,1.0,0.10221540528889135,0.092308,44.0,14.0,,,
2024-01-19 17:00:00,london,temperature_2m,LOF,1.6,,False,0.0,0,1,FP,15144441.18661,0.137931,97.3,1.0,0.10221540528889135,0.092308,44.0,14.0,,,
2024-01-19 19:00:00,london,temperature_2m,LOF,-0.6,,False,0.0,0,1,FP,1.192283,0.0,96.11,1.0,0.10221540528889135,0.092308,44.0,14.0,,,
2024-01-19 21:00:00,london,temperature_2m,LOF,-0.6,,False,0.0,0,1,FP,1.192283,0.0,96.11,1.0,0.10221540528889135,0.092308,44.0,14.0,,,
2024-01-19 22:00:00,london,temperature_2m,LOF,-0.7,,False,0.0,0,1,FP,1.115507,0.0,95.76,1.0,0.10221540528889135,0.092308,44.0,14.0,,,
2024-01-20 00:00:00,london,temperature_2m,LOF,-0.9,,False,0.0,0,1,FP,1.019284,0.0,94.41,1.0,0.10221540528889135,0.092308,44.0,14.0,,,
2024-01-20 01:00:00,london,temperature_2m,LOF,-0.9,,False,0.0,0,1,FP,1.019284,0.0,94.41,1.0,0.10221540528889135,0.092308,44.0,14.0,,,
2024-01-20 04:00:00,london,temperature_2m,LOF,1.1,,False,0.0,0,1,FP,1.000436,0.0,92.95,1.0,0.10221540528889135,0.092308,44.0,14.0,,,
2024-01-20 06:00:00,london,temperature_2m,LOF,1.1,,False,0.0,0,1,FP,1.000436,0.0,92.95,1.0,0.10221540528889135,0.092308,44.0,14.0,,,
2024-01-20 20:00:00,london,temperature_2m,LOF,2.6,,False,0.0,0,1,FP,71356565.031787,0.649894,99.57,1.0,0.10221540528889135,0.092308,44.0,14.0,,,
2024-01-25 03:00:00,london,temperature_2m,LOF,3.6,,False,0.0,0,1,FP,64363871.793094,0.586207,99.43,1.0,0.10221540528889135,0.092308,44.0,14.0,,,
2024-01-26 22:00:00,london,temperature_2m,LOF,2.9,,False,0.0,0,1,FP,45433321.559831,0.413793,98.52,1.0,0.10221540528889135,0.092308,44.0,14.0,,,
2024-01-27 02:00:00,london,temperature_2m,LOF,1.6,,False,0.0,0,1,FP,15144441.18661,0.137931,97.3,1.0,0.10221540528889135,0.092308,44.0,14.0,,,
2024-01-27 03:00:00,london,temperature_2m,LOF,1.1,,False,0.0,0,1,FP,1.000436,0.0,92.95,1.0,0.10221540528889135,0.092308,44.0,14.0,,,
2024-01-27 04:00:00,london,temperature_2m,LOF,0.8,,False,0.0,0,1,FP,1.001256,0.0,93.23,1.0,0.10221540528889135,0.092308,44.0,14.0,,,
2024-01-27 05:00:00,london,temperature_2m,LOF,0.4,,False,0.0,0,1,FP,1.002237,0.0,93.46,1.0,0.10221540528889135,0.092308,44.0,14.0,,,
2024-01-27 08:00:00,london,temperature_2m,LOF,0.4,,False,0.0,0,1,FP,1.002237,0.0,93.46,1.0,0.10221540528889135,0.092308,44.0,14.0,,,
2024-01-28 03:00:00,london,temperature_2m,LOF,2.4,,False,0.0,0,1,FP,1.000117,0.0,92.59,1.0,0.10221540528889135,0.092308,44.0,14.0,,,
2024-02-01 06:00:00,london,temperature_2m,LOF,5.0,,False,0.0,0,1,FP,3786111.046653,0.034483,96.47,1.0,0.10221540528889135,0.092308,44.0,14.0,,,
2024-02-01 09:00:00,london,temperature_2m,LOF,2.4,,False,0.0,0,1,FP,1.000117,0.0,92.59,1.0,0.10221540528889135,0.092308,44.0,14.0,,,
2024-02-01 19:00:00,london,temperature_2m,LOF,3.9,,False,0.0,0,1,FP,45357624.510619,0.413104,98.21,1.0,0.10221540528889135,0.092308,44.0,14.0,,,
2024-02-02 02:00:00,london,temperature_2m,LOF,3.9,,False,0.0,0,1,FP,45357624.510619,0.413104,98.21,1.0,0.10221540528889135,0.092308,44.0,14.0,,,
2024-02-08 01:00:00,london,temperature_2m,LOF,2.9,,False,0.0,0,1,FP,45433321.559831,0.413793,98.52,1.0,0.10221540528889135,0.092308,44.0,14.0,,,
2024-02-13 03:00:00,london,temperature_2m,LOF,5.0,,False,0.0,0,1,FP,3786111.046653,0.034483,96.47,1.0,0.10221540528889135,0.092308,44.0,14.0,,,
2024-02-22 23:00:00,london,temperature_2m,LOF,3.4,,False,0.0,0,1,FP,48929597.630348,0.445636,98.76,1.0,0.10221540528889135,0.092308,44.0,14.0,,,
2024-02-23 01:00:00,london,temperature_2m,LOF,3.1,,False,0.0,0,1,FP,94652752.166315,0.862069,99.88,1.0,0.10221540528889135,0.092308,44.0,14.0,,,
2024-02-23 20:00:00,london,temperature_2m,LOF,3.9,,False,0.0,0,1,FP,45357624.510619,0.413104,98.21,1.0,0.10221540528889135,0.092308,44.0,14.0,,,
2024-02-23 23:00:00,london,temperature_2m,LOF,1.9,,False,0.0,0,1,FP,1.000432,0.0,92.77,1.0,0.10221540528889135,0.092308,44.0,14.0,,,
2024-02-24 00:00:00,london,temperature_2m,LOF,1.6,,False,0.0,0,1,FP,15144441.18661,0.137931,97.3,1.0,0.10221540528889135,0.092308,44.0,14.0,,,
2024-02-24 01:00:00,london,temperature_2m,LOF,1.2,,False,0.0,0,1,FP,1.003416,0.0,93.65,1.0,0.10221540528889135,0.092308,44.0,14.0,,,
2024-02-24 05:00:00,london,temperature_2m,LOF,-0.7,,False,0.0,0,1,FP,1.115507,0.0,95.76,1.0,0.10221540528889135,0.092308,44.0,14.0,,,
2024-02-24 06:00:00,london,temperature_2m,LOF,-0.9,,False,0.0,0,1,FP,1.019284,0.0,94.41,1.0,0.10221540528889135,0.092308,44.0,14.0,,,
2024-02-24 07:00:00,london,temperature_2m,LOF,-0.9,,False,0.0,0,1,FP,1.019284,0.0,94.41,1.0,0.10221540528889135,0.092308,44.0,14.0,,,
2024-02-24 08:00:00,london,temperature_2m,LOF,-1.6,,False,0.0,0,1,FP,1.109577,0.0,95.7,1.0,0.10221540528889135,0.092308,44.0,14.0,,,
2024-02-24 09:00:00,london,temperature_2m,LOF,0.6,,False,0.0,0,1,FP,1.0,0.0,92.07,1.0,0.10221540528889135,0.092308,44.0,14.0,,,
2024-02-24 22:00:00,london,temperature_2m,LOF,1.3,,False,0.0,0,1,FP,1.007495,0.0,93.88,1.0,0.10221540528889135,0.092308,44.0,14.0,,,
2024-02-24 23:00:00,london,temperature_2m,LOF,0.7,,False,0.0,0,1,FP,1.0,0.0,92.27,1.0,0.10221540528889135,0.092308,44.0,14.0,,,
2024-02-25 00:00:00,london,temperature_2m,LOF,0.6,,False,0.0,0,1,FP,1.0,0.0,92.07,1.0,0.10221540528889135,0.092308,44.0,14.0,,,
2024-02-25 03:00:00,london,temperature_2m,LOF,0.8,,False,0.0,0,1,FP,1.001256,0.0,93.23,1.0,0.10221540528889135,0.092308,44.0,14.0,,,
2024-02-25 04:00:00,london,temperature_2m,LOF,1.3,,False,0.0,0,1,FP,1.007495,0.0,93.88,1.0,0.10221540528889135,0.092308,44.0,14.0,,,
2024-02-27 06:00:00,london,temperature_2m,LOF,2.4,,False,0.0,0,1,FP,1.000117,0.0,92.59,1.0,0.10221540528889135,0.092308,44.0,14.0,,,
2024-02-27 07:00:00,london,temperature_2m,LOF,3.1,,False,0.0,0,1,FP,94652752.166315,0.862069,99.88,1.0,0.10221540528889135,0.092308,44.0,14.0,,,
2024-02-28 08:00:00,london,temperature_2m,LOF,5.5,,False,0.0,0,1,FP,11264178.005473,0.102591,97.09,1.0,0.10221540528889135,0.092308,44.0,14.0,,,
2024-03-01 00:00:00,london,temperature_2m,LOF,5.5,,False,0.0,0,1,FP,11264178.005473,0.102591,97.09,1.0,0.10221540528889135,0.092308,44.0,14.0,,,
2024-03-01 06:00:00,london,temperature_2m,LOF,3.4,,False,0.0,0,1,FP,48929597.630348,0.445636,98.76,1.0,0.10221540528889135,0.092308,44.0,14.0,,,
2024-03-01 10:00:00,london,temperature_2m,LOF,5.0,,False,0.0,0,1,FP,3786111.046653,0.034483,96.47,1.0,0.10221540528889135,0.092308,44.0,14.0,,,
2024-03-01 21:00:00,london,temperature_2m,LOF,3.6,,False,0.0,0,1,FP,64363871.793094,0.586207,99.43,1.0,0.10221540528889135,0.092308,44.0,14.0,,,
2024-03-02 00:00:00,london,temperature_2m,LOF,3.6,,False,0.0,0,1,FP,64363871.793094,0.586207,99.43,1.0,0.10221540528889135,0.092308,44.0,14.0,,,
2024-03-02 08:00:00,london,temperature_2m,LOF,5.0,,False,0.0,0,1,FP,3786111.046653,0.034483,96.47,1.0,0.10221540528889135,0.092308,44.0,14.0,,,
2024-03-02 22:00:00,london,temperature_2m,LOF,1.6,,False,0.0,0,1,FP,15144441.18661,0.137931,97.3,1.0,0.10221540528889135,0.092308,44.0,14.0,,,
2024-03-03 00:00:00,london,temperature_2m,LOF,1.1,,False,0.0,0,1,FP,1.000436,0.0,92.95,1.0,0.10221540528889135,0.092308,44.0,14.0,,,
2024-03-03 02:00:00,london,temperature_2m,LOF,2.1,,False,0.0,0,1,FP,106011082.306273,0.965517,99.96,1.0,0.10221540528889135,0.092308,44.0,14.0,,,
2024-03-03 06:00:00,london,temperature_2m,LOF,0.1,,False,0.0,0,1,FP,1.002716,0.0,93.54,1.0,0.10221540528889135,0.092308,44.0,14.0,,,
2024-03-03 08:00:00,london,temperature_2m,LOF,-1.0,,False,0.0,0,1,FP,1.156031,0.0,95.91,1.0,0.10221540528889135,0.092308,44.0,14.0,,,
2024-03-03 21:00:00,london,temperature_2m,LOF,3.4,,False,0.0,0,1,FP,48929597.630348,0.445636,98.76,1.0,0.10221540528889135,0.092308,44.0,14.0,,,
2024-03-03 22:00:00,london,temperature_2m,LOF,1.6,,False,0.0,0,1,FP,15144441.18661,0.137931,97.3,1.0,0.10221540528889135,0.092308,44.0,14.0,,,
2024-03-04 01:00:00,london,temperature_2m,LOF,0.1,,False,0.0,0,1,FP,1.002716,0.0,93.54,1.0,0.10221540528889135,0.092308,44.0,14.0,,,
2024-03-04 03:00:00,london,temperature_2m,LOF,0.1,,False,0.0,0,1,FP,1.002716,0.0,93.54,1.0,0.10221540528889135,0.092308,44.0,14.0,,,
2024-03-04 05:00:00,london,temperature_2m,LOF,-0.3,,False,0.0,0,1,FP,1.0,0.0,92.19,1.0,0.10221540528889135,0.092308,44.0,14.0,,,
2024-03-04 06:00:00,london,temperature_2m,LOF,-0.5,,False,0.0,0,1,FP,1.105179,0.0,95.66,1.0,0.10221540528889135,0.092308,44.0,14.0,,,
2024-03-06 02:00:00,london,temperature_2m,LOF,2.6,,False,0.0,0,1,FP,71356565.031787,0.649894,99.57,1.0,0.10221540528889135,0.092308,44.0,14.0,,,
2024-03-06 10:00:00,london,temperature_2m,LOF,3.9,,False,0.0,0,1,FP,45357624.510619,0.413104,98.21,1.0,0.10221540528889135,0.092308,44.0,14.0,,,
2024-03-07 01:00:00,london,temperature_2m,LOF,2.9,,False,0.0,0,1,FP,45433321.559831,0.413793,98.52,1.0,0.10221540528889135,0.092308,44.0,14.0,,,
2024-03-07 02:00:00,london,temperature_2m,LOF,3.4,,False,0.0,0,1,FP,48929597.630348,0.445636,98.76,1.0,0.10221540528889135,0.092308,44.0,14.0,,,
2024-03-08 09:00:00,london,temperature_2m,LOF,5.5,,False,0.0,0,1,FP,11264178.005473,0.102591,97.09,1.0,0.10221540528889135,0.092308,44.0,14.0,,,
2024-03-23 06:00:00,london,temperature_2m,LOF,3.6,,False,0.0,0,1,FP,64363871.793094,0.586207,99.43,1.0,0.10221540528889135,0.092308,44.0,14.0,,,
2024-03-27 03:00:00,london,temperature_2m,LOF,5.0,,False,0.0,0,1,FP,3786111.046653,0.034483,96.47,1.0,0.10221540528889135,0.092308,44.0,14.0,,,
2024-03-27 04:00:00,london,temperature_2m,LOF,5.0,,False,0.0,0,1,FP,3786111.046653,0.034483,96.47,1.0,0.10221540528889135,0.092308,44.0,14.0,,,
2024-03-31 03:00:00,london,temperature_2m,LOF,5.5,,False,0.0,0,1,FP,11264178.005473,0.102591,97.09,1.0,0.10221540528889135,0.092308,44.0,14.0,,,
2024-04-05 17:00:00,london,temperature_2m,LOF,15.3,,False,0.0,0,1,FP,7540828.517608,0.06868,96.89,1.0,0.10221540528889135,0.092308,44.0,14.0,,,
2024-04-06 13:00:00,london,temperature_2m,LOF,19.3,,False,0.0,0,1,FP,94408772.631087,0.859847,99.79,1.0,0.10221540528889135,0.092308,44.0,14.0,,,
2024-04-07 15:00:00,london,temperature_2m,LOF,15.3,,False,0.0,0,1,FP,7540828.517608,0.06868,96.89,1.0,0.10221540528889135,0.092308,44.0,14.0,,,
2024-04-07 18:00:00,london,temperature_2m,LOF,14.0,,False,0.0,0,1,FP,7511751.401293,0.068415,96.69,1.0,0.10221540528889135,0.092308,44.0,14.0,,,
2024-04-10 04:00:00,london,temperature_2m,LOF,5.0,,False,0.0,0,1,FP,3786111.046653,0.034483,96.47,1.0,0.10221540528889135,0.092308,44.0,14.0,,,
2024-04-12 13:00:00,london,temperature_2m,LOF,18.3,,False,0.0,0,1,FP,49219431.606483,0.448276,98.99,1.0,0.10221540528889135,0.092308,44.0,14.0,,,
2024-04-13 10:00:00,london,temperature_2m,LOF,15.3,,False,0.0,0,1,FP,7540828.517608,0.06868,96.89,1.0,0.10221540528889135,0.092308,44.0,14.0,,,
2024-04-16 23:00:00,london,temperature_2m,LOF,5.5,,False,0.0,0,1,FP,11264178.005473,0.102591,97.09,1.0,0.10221540528889135,0.092308,44.0,14.0,,,
2024-04-18 07:00:00,london,temperature_2m,LOF,3.9,,False,0.0,0,1,FP,45357624.510619,0.413104,98.21,1.0,0.10221540528889135,0.092308,44.0,14.0,,,
2024-04-20 05:00:00,london,temperature_2m,LOF,3.4,,False,0.0,0,1,FP,48929597.630348,0.445636,98.76,1.0,0.10221540528889135,0.092308,44.0,14.0,,,
2024-04-21 22:00:00,london,temperature_2m,LOF,5.5,,False,0.0,0,1,FP,11264178.005473,0.102591,97.09,1.0,0.10221540528889135,0.092308,44.0,14.0,,,
2024-04-24 23:00:00,london,temperature_2m,LOF,2.4,,False,0.0,0,1,FP,1.000117,0.0,92.59,1.0,0.10221540528889135,0.092308,44.0,14.0,,,
2024-04-25 01:00:00,london,temperature_2m,LOF,2.9,,False,0.0,0,1,FP,45433321.559831,0.413793,98.52,1.0,0.10221540528889135,0.092308,44.0,14.0,,,
2024-04-25 03:00:00,london,temperature_2m,LOF,1.2,,False,0.0,0,1,FP,1.003416,0.0,93.65,1.0,0.10221540528889135,0.092308,44.0,14.0,,,
2024-04-25 04:00:00,london,temperature_2m,LOF,1.9,,False,0.0,0,1,FP,1.000432,0.0,92.77,1.0,0.10221540528889135,0.092308,44.0,14.0,,,
2024-04-25 07:00:00,london,temperature_2m,LOF,5.0,,False,0.0,0,1,FP,3786111.046653,0.034483,96.47,1.0,0.10221540528889135,0.092308,44.0,14.0,,,
2024-04-29 17:00:00,london,temperature_2m,LOF,14.0,,False,0.0,0,1,FP,7511751.401293,0.068415,96.69,1.0,0.10221540528889135,0.092308,44.0,14.0,,,
2024-05-01 18:00:00,london,temperature_2m,LOF,18.7,,False,0.0,0,1,FP,33924464.565077,0.308974,97.69,1.0,0.10221540528889135,0.092308,44.0,14.0,,,
2024-05-02 19:00:00,london,temperature_2m,LOF,15.3,,False,0.0,0,1,FP,7540828.517608,0.06868,96.89,1.0,0.10221540528889135,0.092308,44.0,14.0,,,
2024-05-04 17:00:00,london,temperature_2m,LOF,15.3,,False,0.0,0,1,FP,7540828.517608,0.06868,96.89,1.0,0.10221540528889135,0.092308,44.0,14.0,,,
2024-05-10 08:00:00,london,temperature_2m,LOF,14.0,,False,0.0,0,1,FP,7511751.401293,0.068415,96.69,1.0,0.10221540528889135,0.092308,44.0,14.0,,,
2024-05-11 10:00:00,london,temperature_2m,LOF,17.7,,False,0.0,0,1,FP,30288881.37322,0.275862,97.5,1.0,0.10221540528889135,0.092308,44.0,14.0,,,
2024-05-12 12:00:00,london,temperature_2m,LOF,22.6,,False,0.0,0,1,FP,45433321.559832,0.413793,98.64,1.0,0.10221540528889135,0.092308,44.0,14.0,,,
2024-05-12 15:00:00,london,temperature_2m,LOF,24.8,,False,0.0,0,1,FP,1.064488,0.0,95.13,1.0,0.10221540528889135,0.092308,44.0,14.0,,,
2024-05-12 20:00:00,london,temperature_2m,LOF,18.7,,False,0.0,0,1,FP,33924464.565077,0.308974,97.69,1.0,0.10221540528889135,0.092308,44.0,14.0,,,
2024-05-14 00:00:00,london,temperature_2m,LOF,15.3,,False,0.0,0,1,FP,7540828.517608,0.06868,96.89,1.0,0.10221540528889135,0.092308,44.0,14.0,,,
2024-05-16 16:00:00,london,temperature_2m,LOF,17.3,,False,0.0,0,1,FP,41647211.513178,0.37931,97.95,1.0,0.10221540528889135,0.092308,44.0,14.0,,,
2024-05-17 23:00:00,london,temperature_2m,LOF,15.3,,False,0.0,0,1,FP,7540828.517608,0.06868,96.89,1.0,0.10221540528889135,0.092308,44.0,14.0,,,
2024-05-18 18:00:00,london,temperature_2m,LOF,19.3,,False,0.0,0,1,FP,94408772.631087,0.859847,99.79,1.0,0.10221540528889135,0.092308,44.0,14.0,,,
2024-05-18 19:00:00,london,temperature_2m,LOF,19.3,,False,0.0,0,1,FP,94408772.631087,0.859847,99.79,1.0,0.10221540528889135,0.092308,44.0,14.0,,,
2024-05-19 22:00:00,london,temperature_2m,LOF,14.0,,False,0.0,0,1,FP,7511751.401293,0.068415,96.69,1.0,0.10221540528889135,0.092308,44.0,14.0,,,
2024-05-24 15:00:00,london,temperature_2m,LOF,17.3,,False,0.0,0,1,FP,41647211.513178,0.37931,97.95,1.0,0.10221540528889135,0.092308,44.0,14.0,,,
2024-05-28 15:00:00,london,temperature_2m,LOF,17.7,,False,0.0,0,1,FP,30288881.37322,0.275862,97.5,1.0,0.10221540528889135,0.092308,44.0,14.0,,,
2024-05-29 09:00:00,london,temperature_2m,LOF,15.3,,False,0.0,0,1,FP,7540828.517608,0.06868,96.89,1.0,0.10221540528889135,0.092308,44.0,14.0,,,
2024-05-29 13:00:00,london,temperature_2m,LOF,18.3,,False,0.0,0,1,FP,49219431.606483,0.448276,98.99,1.0,0.10221540528889135,0.092308,44.0,14.0,,,
2024-06-02 11:00:00,london,temperature_2m,LOF,17.3,,False,0.0,0,1,FP,41647211.513178,0.37931,97.95,1.0,0.10221540528889135,0.092308,44.0,14.0,,,
2024-06-02 19:00:00,london,temperature_2m,LOF,20.2,,False,0.0,0,1,FP,45433321.559831,0.413793,98.37,1.0,0.10221540528889135,0.092308,44.0,14.0,,,
2024-06-03 14:00:00,london,temperature_2m,LOF,18.7,,False,0.0,0,1,FP,33924464.565077,0.308974,97.69,1.0,0.10221540528889135,0.092308,44.0,14.0,,,
2024-06-07 18:00:00,london,temperature_2m,LOF,17.7,,False,0.0,0,1,FP,30288881.37322,0.275862,97.5,1.0,0.10221540528889135,0.092308,44.0,14.0,,,
2024-06-15 15:00:00,london,temperature_2m,LOF,17.3,,False,0.0,0,1,FP,41647211.513178,0.37931,97.95,1.0,0.10221540528889135,0.092308,44.0,14.0,,,
2024-06-17 08:00:00,london,temperature_2m,LOF,14.0,,False,0.0,0,1,FP,7511751.401293,0.068415,96.69,1.0,0.10221540528889135,0.092308,44.0,14.0,,,
2024-06-19 09:00:00,london,temperature_2m,LOF,15.3,,False,0.0,0,1,FP,7540828.517608,0.06868,96.89,1.0,0.10221540528889135,0.092308,44.0,14.0,,,
2024-06-19 17:00:00,london,temperature_2m,LOF,19.7,,False,0.0,0,1,FP,60577761.746441,0.551724,99.28,1.0,0.10221540528889135,0.092308,44.0,14.0,,,
2024-06-20 15:00:00,london,temperature_2m,LOF,20.9,,False,0.0,0,1,FP,49219431.606483,0.448276,98.99,1.0,0.10221540528889135,0.092308,44.0,14.0,,,
2024-06-22 03:00:00,london,temperature_2m,LOF,14.0,,False,0.0,0,1,FP,7511751.401293,0.068415,96.69,1.0,0.10221540528889135,0.092308,44.0,14.0,,,
2024-06-23 19:00:00,london,temperature_2m,LOF,22.6,,False,0.0,0,1,FP,45433321.559832,0.413793,98.64,1.0,0.10221540528889135,0.092308,44.0,14.0,,,
2024-06-24 05:00:00,london,temperature_2m,LOF,14.0,,False,0.0,0,1,FP,7511751.401293,0.068415,96.69,1.0,0.10221540528889135,0.092308,44.0,14.0,,,
2024-06-24 09:00:00,london,temperature_2m,LOF,20.2,,False,0.0,0,1,FP,45433321.559831,0.413793,98.37,1.0,0.10221540528889135,0.092308,44.0,14.0,,,
2024-06-24 12:00:00,london,temperature_2m,LOF,23.9,,False,0.0,0,1,FP,1.040629,0.0,94.72,1.0,0.10221540528889135,0.092308,44.0,14.0,,,
2024-06-24 13:00:00,london,temperature_2m,LOF,24.8,,False,0.0,0,1,FP,1.064488,0.0,95.13,1.0,0.10221540528889135,0.092308,44.0,14.0,,,
2024-06-24 14:00:00,london,temperature_2m,LOF,25.2,,False,0.0,0,1,FP,1.001326,0.0,93.33,1.0,0.10221540528889135,0.092308,44.0,14.0,,,
2024-06-24 15:00:00,london,temperature_2m,LOF,25.9,,False,0.0,0,1,FP,1.001738,0.0,93.39,1.0,0.10221540528889135,0.092308,44.0,14.0,,,
2024-06-24 16:00:00,london,temperature_2m,LOF,26.2,,False,0.0,0,1,FP,1.055628,0.0,94.9,1.0,0.10221540528889135,0.092308,44.0,14.0,,,
2024-06-24 17:00:00,london,temperature_2m,LOF,26.3,,False,0.0,0,1,FP,1.135102,0.0,95.81,1.0,0.10221540528889135,0.092308,44.0,14.0,,,
2024-06-24 18:00:00,london,temperature_2m,LOF,26.2,,False,0.0,0,1,FP,1.055628,0.0,94.9,1.0,0.10221540528889135,0.092308,44.0,14.0,,,
2024-06-25 11:00:00,london,temperature_2m,LOF,23.6,,False,0.0,0,1,FP,1.011485,0.0,94.14,1.0,0.10221540528889135,0.092308,44.0,14.0,,,
2024-06-25 12:00:00,london,temperature_2m,LOF,24.8,,False,0.0,0,1,FP,1.064488,0.0,95.13,1.0,0.10221540528889135,0.092308,44.0,14.0,,,
2024-06-25 13:00:00,london,temperature_2m,LOF,25.9,,False,0.0,0,1,FP,1.001738,0.0,93.39,1.0,0.10221540528889135,0.092308,44.0,14.0,,,
2024-06-25 15:00:00,london,temperature_2m,LOF,27.5,,False,0.0,0,1,FP,1.069373,0.0,95.28,1.0,0.10221540528889135,0.092308,44.0,14.0,,,
2024-06-25 16:00:00,london,temperature_2m,LOF,27.8,,False,0.0,0,1,FP,1.023491,0.0,94.52,1.0,0.10221540528889135,0.092308,44.0,14.0,,,
2024-06-25 17:00:00,london,temperature_2m,LOF,28.0,,False,0.0,0,1,FP,1.010594,0.0,94.07,1.0,0.10221540528889135,0.092308,44.0,14.0,,,
2024-06-25 18:00:00,london,temperature_2m,LOF,27.7,,False,0.0,0,1,FP,1.02394,0.0,94.54,1.0,0.10221540528889135,0.092308,44.0,14.0,,,
2024-06-25 20:00:00,london,temperature_2m,LOF,23.6,,False,0.0,0,1,FP,1.011485,0.0,94.14,1.0,0.10221540528889135,0.092308,44.0,14.0,,,
2024-06-25 22:00:00,london,temperature_2m,LOF,19.7,,False,0.0,0,1,FP,60577761.746441,0.551724,99.28,1.0,0.10221540528889135,0.092308,44.0,14.0,,,
2024-06-26 17:00:00,london,temperature_2m,LOF,27.6,,False,0.0,0,1,FP,1.044893,0.0,94.76,1.0,0.10221540528889135,0.092308,44.0,14.0,,,
2024-06-26 18:00:00,london,temperature_2m,LOF,27.9,,False,0.0,0,1,FP,1.022377,0.0,94.48,1.0,0.10221540528889135,0.092308,44.0,14.0,,,
2024-06-26 19:00:00,london,temperature_2m,LOF,27.5,,False,0.0,0,1,FP,1.069373,0.0,95.28,1.0,0.10221540528889135,0.092308,44.0,14.0,,,
2024-06-26 23:00:00,london,temperature_2m,LOF,20.9,,False,0.0,0,1,FP,49219431.606483,0.448276,98.99,1.0,0.10221540528889135,0.092308,44.0,14.0,,,
2024-06-27 08:00:00,london,temperature_2m,LOF,18.7,,False,0.0,0,1,FP,33924464.565077,0.308974,97.69,1.0,0.10221540528889135,0.092308,44.0,14.0,,,
2024-06-28 07:00:00,london,temperature_2m,LOF,14.0,,False,0.0,0,1,FP,7511751.401293,0.068415,96.69,1.0,0.10221540528889135,0.092308,44.0,14.0,,,
2024-06-28 21:00:00,london,temperature_2m,LOF,17.3,,False,0.0,0,1,FP,41647211.513178,0.37931,97.95,1.0,0.10221540528889135,0.092308,44.0,14.0,,,
2024-06-29 18:00:00,london,temperature_2m,LOF,22.7,,False,0.0,0,1,FP,1.0,0.0,92.44,1.0,0.10221540528889135,0.092308,44.0,14.0,,,
2024-07-01 10:00:00,london,temperature_2m,LOF,17.3,,False,0.0,0,1,FP,41647211.513178,0.37931,97.95,1.0,0.10221540528889135,0.092308,44.0,14.0,,,
2024-07-01 22:00:00,london,temperature_2m,LOF,17.3,,False,0.0,0,1,FP,41647211.513178,0.37931,97.95,1.0,0.10221540528889135,0.092308,44.0,14.0,,,
2024-07-03 20:00:00,london,temperature_2m,LOF,17.7,,False,0.0,0,1,FP,30288881.37322,0.275862,97.5,1.0,0.10221540528889135,0.092308,44.0,14.0,,,
2024-07-04 11:00:00,london,temperature_2m,LOF,17.3,,False,0.0,0,1,FP,41647211.513178,0.37931,97.95,1.0,0.10221540528889135,0.092308,44.0,14.0,,,
2024-07-04 12:00:00,london,temperature_2m,LOF,18.3,,False,0.0,0,1,FP,49219431.606483,0.448276,98.99,1.0,0.10221540528889135,0.092308,44.0,14.0,,,
2024-07-05 14:00:00,london,temperature_2m,LOF,20.2,,False,0.0,0,1,FP,45433321.559831,0.413793,98.37,1.0,0.10221540528889135,0.092308,44.0,14.0,,,
2024-07-05 17:00:00,london,temperature_2m,LOF,18.3,,False,0.0,0,1,FP,49219431.606483,0.448276,98.99,1.0,0.10221540528889135,0.092308,44.0,14.0,,,
2024-07-05 21:00:00,london,temperature_2m,LOF,16.3,,False,0.0,0,1,FP,41647211.513178,0.37931,97.95,1.0,0.10221540528889135,0.092308,44.0,14.0,,,
2024-07-05 22:00:00,london,temperature_2m,LOF,16.3,,False,0.0,0,1,FP,41647211.513178,0.37931,97.95,1.0,0.10221540528889135,0.092308,44.0,14.0,,,
2024-07-09 03:00:00,london,temperature_2m,LOF,15.3,,False,0.0,0,1,FP,7540828.517608,0.06868,96.89,1.0,0.10221540528889135,0.092308,44.0,14.0,,,
2024-07-09 07:00:00,london,temperature_2m,LOF,16.3,,False,0.0,0,1,FP,41647211.513178,0.37931,97.95,1.0,0.10221540528889135,0.092308,44.0,14.0,,,
2024-07-09 10:00:00,london,temperature_2m,LOF,18.3,,False,0.0,0,1,FP,49219431.606483,0.448276,98.99,1.0,0.10221540528889135,0.092308,44.0,14.0,,,
2024-07-11 11:00:00,london,temperature_2m,LOF,19.3,,False,0.0,0,1,FP,94408772.631087,0.859847,99.79,1.0,0.10221540528889135,0.092308,44.0,14.0,,,
2024-07-14 11:00:00,london,temperature_2m,LOF,18.7,,False,0.0,0,1,FP,33924464.565077,0.308974,97.69,1.0,0.10221540528889135,0.092308,44.0,14.0,,,
2024-07-14 14:00:00,london,temperature_2m,LOF,20.9,,False,0.0,0,1,FP,49219431.606483,0.448276,98.99,1.0,0.10221540528889135,0.092308,44.0,14.0,,,
2024-07-14 16:00:00,london,temperature_2m,LOF,20.2,,False,0.0,0,1,FP,45433321.559831,0.413793,98.37,1.0,0.10221540528889135,0.092308,44.0,14.0,,,
2024-07-16 21:00:00,london,temperature_2m,LOF,17.3,,False,0.0,0,1,FP,41647211.513178,0.37931,97.95,1.0,0.10221540528889135,0.092308,44.0,14.0,,,
2024-07-18 12:00:00,london,temperature_2m,LOF,24.2,,False,0.0,0,1,FP,1.012953,0.0,94.23,1.0,0.10221540528889135,0.092308,44.0,14.0,,,
2024-07-18 15:00:00,london,temperature_2m,LOF,26.2,,False,0.0,0,1,FP,1.055628,0.0,94.9,1.0,0.10221540528889135,0.092308,44.0,14.0,,,
2024-07-18 16:00:00,london,temperature_2m,LOF,26.0,,False,0.0,0,1,FP,1.007862,0.0,93.95,1.0,0.10221540528889135,0.092308,44.0,14.0,,,
2024-07-18 19:00:00,london,temperature_2m,LOF,24.8,,False,0.0,0,1,FP,1.064488,0.0,95.13,1.0,0.10221540528889135,0.092308,44.0,14.0,,,
2024-07-18 21:00:00,london,temperature_2m,LOF,20.3,,False,0.0,0,1,FP,90866642.119662,0.827586,99.69,1.0,0.10221540528889135,0.092308,44.0,14.0,,,
2024-07-19 02:00:00,london,temperature_2m,LOF,16.3,,False,0.0,0,1,FP,41647211.513178,0.37931,97.95,1.0,0.10221540528889135,0.092308,44.0,14.0,,,
2024-07-19 11:00:00,london,temperature_2m,LOF,26.5,,False,0.0,0,1,FP,1.045289,0.0,94.81,1.0,0.10221540528889135,0.092308,44.0,14.0,,,
2024-07-19 12:00:00,london,temperature_2m,LOF,27.9,,False,0.0,0,1,FP,1.022377,0.0,94.48,1.0,0.10221540528889135,0.092308,44.0,14.0,,,
2024-07-19 13:00:00,london,temperature_2m,LOF,28.2,,False,0.0,0,1,FP,1.004532,0.0,93.74,1.0,0.10221540528889135,0.092308,44.0,14.0,,,
2024-07-19 14:00:00,london,temperature_2m,LOF,29.5,,False,0.0,0,1,FP,1.032698,0.0,94.64,1.0,0.10221540528889135,0.092308,44.0,14.0,,,
2024-07-19 15:00:00,london,temperature_2m,LOF,29.3,,False,0.0,0,1,FP,1.010025,0.0,94.04,1.0,0.10221540528889135,0.092308,44.0,14.0,,,
2024-07-19 17:00:00,london,temperature_2m,LOF,28.3,,False,0.0,0,1,FP,1.029607,0.0,94.62,1.0,0.10221540528889135,0.092308,44.0,14.0,,,
2024-07-19 18:00:00,london,temperature_2m,LOF,27.5,,False,0.0,0,1,FP,1.069373,0.0,95.28,1.0,0.10221540528889135,0.092308,44.0,14.0,,,
2024-07-19 19:00:00,london,temperature_2m,LOF,26.5,,False,0.0,0,1,FP,1.045289,0.0,94.81,1.0,0.10221540528889135,0.092308,44.0,14.0,,,
2024-07-19 22:00:00,london,temperature_2m,LOF,20.3,,False,0.0,0,1,FP,90866642.119662,0.827586,99.69,1.0,0.10221540528889135,0.092308,44.0,14.0,,,
2024-07-20 21:00:00,london,temperature_2m,LOF,19.7,,False,0.0,0,1,FP,60577761.746441,0.551724,99.28,1.0,0.10221540528889135,0.092308,44.0,14.0,,,
2024-07-21 01:00:00,london,temperature_2m,LOF,17.7,,False,0.0,0,1,FP,30288881.37322,0.275862,97.5,1.0,0.10221540528889135,0.092308,44.0,14.0,,,
2024-07-21 03:00:00,london,temperature_2m,LOF,17.7,,False,0.0,0,1,FP,30288881.37322,0.275862,97.5,1.0,0.10221540528889135,0.092308,44.0,14.0,,,
2024-07-22 11:00:00,london,temperature_2m,LOF,20.9,,False,0.0,0,1,FP,49219431.606483,0.448276,98.99,1.0,0.10221540528889135,0.092308,44.0,14.0,,,
2024-07-22 14:00:00,london,temperature_2m,LOF,22.7,,False,0.0,0,1,FP,1.0,0.0,92.44,1.0,0.10221540528889135,0.092308,44.0,14.0,,,
2024-07-22 17:00:00,london,temperature_2m,LOF,23.3,,False,0.0,0,1,FP,1.0,0.0,92.49,1.0,0.10221540528889135,0.092308,44.0,14.0,,,
2024-07-22 20:00:00,london,temperature_2m,LOF,19.7,,False,0.0,0,1,FP,60577761.746441,0.551724,99.28,1.0,0.10221540528889135,0.092308,44.0,14.0,,,
2024-07-22 21:00:00,london,temperature_2m,LOF,18.3,,False,0.0,0,1,FP,49219431.606483,0.448276,98.99,1.0,0.10221540528889135,0.092308,44.0,14.0,,,
2024-07-23 10:00:00,london,temperature_2m,LOF,18.7,,False,0.0,0,1,FP,33924464.565077,0.308974,97.69,1.0,0.10221540528889135,0.092308,44.0,14.0,,,
2024-07-23 12:00:00,london,temperature_2m,LOF,19.7,,False,0.0,0,1,FP,60577761.746441,0.551724,99.28,1.0,0.10221540528889135,0.092308,44.0,14.0,,,
2024-07-24 15:00:00,london,temperature_2m,LOF,23.4,,False,0.0,0,1,FP,1.0,0.0,92.35,1.0,0.10221540528889135,0.092308,44.0,14.0,,,
2024-07-25 11:00:00,london,temperature_2m,LOF,18.7,,False,0.0,0,1,FP,33924464.565077,0.308974,97.69,1.0,0.10221540528889135,0.092308,44.0,14.0,,,
2024-07-25 13:00:00,london,temperature_2m,LOF,19.3,,False,0.0,0,1,FP,94408772.631087,0.859847,99.79,1.0,0.10221540528889135,0.092308,44.0,14.0,,,
2024-07-25 14:00:00,london,temperature_2m,LOF,19.3,,False,0.0,0,1,FP,94408772.631087,0.859847,99.79,1.0,0.10221540528889135,0.092308,44.0,14.0,,,
2024-07-25 16:00:00,london,temperature_2m,LOF,19.7,,False,0.0,0,1,FP,60577761.746441,0.551724,99.28,1.0,0.10221540528889135,0.092308,44.0,14.0,,,
2024-07-25 17:00:00,london,temperature_2m,LOF,20.2,,False,0.0,0,1,FP,45433321.559831,0.413793,98.37,1.0,0.10221540528889135,0.092308,44.0,14.0,,,
2024-07-25 22:00:00,london,temperature_2m,LOF,18.3,,False,0.0,0,1,FP,49219431.606483,0.448276,98.99,1.0,0.10221540528889135,0.092308,44.0,14.0,,,
2024-07-26 09:00:00,london,temperature_2m,LOF,17.3,,False,0.0,0,1,FP,41647211.513178,0.37931,97.95,1.0,0.10221540528889135,0.092308,44.0,14.0,,,
2024-07-26 19:00:00,london,temperature_2m,LOF,20.9,,False,0.0,0,1,FP,49219431.606483,0.448276,98.99,1.0,0.10221540528889135,0.092308,44.0,14.0,,,
2024-07-27 18:00:00,london,temperature_2m,LOF,20.9,,False,0.0,0,1,FP,49219431.606483,0.448276,98.99,1.0,0.10221540528889135,0.092308,44.0,14.0,,,
2024-07-28 13:00:00,london,temperature_2m,LOF,23.4,,False,0.0,0,1,FP,1.0,0.0,92.35,1.0,0.10221540528889135,0.092308,44.0,14.0,,,
2024-07-29 01:00:00,london,temperature_2m,LOF,14.0,,False,0.0,0,1,FP,7511751.401293,0.068415,96.69,1.0,0.10221540528889135,0.092308,44.0,14.0,,,
2024-07-29 11:00:00,london,temperature_2m,LOF,24.4,,False,0.0,0,1,FP,1.058161,0.0,95.0,1.0,0.10221540528889135,0.092308,44.0,14.0,,,
2024-07-29 13:00:00,london,temperature_2m,LOF,26.0,,False,0.0,0,1,FP,1.007862,0.0,93.95,1.0,0.10221540528889135,0.092308,44.0,14.0,,,
2024-07-29 14:00:00,london,temperature_2m,LOF,26.7,,False,0.0,0,1,FP,1.006542,0.0,93.83,1.0,0.10221540528889135,0.092308,44.0,14.0,,,
2024-07-29 18:00:00,london,temperature_2m,LOF,26.5,,False,0.0,0,1,FP,1.045289,0.0,94.81,1.0,0.10221540528889135,0.092308,44.0,14.0,,,
2024-07-29 19:00:00,london,temperature_2m,LOF,25.9,,False,0.0,0,1,FP,1.001738,0.0,93.39,1.0,0.10221540528889135,0.092308,44.0,14.0,,,
2024-07-30 10:00:00,london,temperature_2m,LOF,23.9,,False,0.0,0,1,FP,1.040629,0.0,94.72,1.0,0.10221540528889135,0.092308,44.0,14.0,,,
2024-07-30 11:00:00,london,temperature_2m,LOF,26.0,,False,0.0,0,1,FP,1.007862,0.0,93.95,1.0,0.10221540528889135,0.092308,44.0,14.0,,,
2024-07-30 12:00:00,london,temperature_2m,LOF,27.2,,False,0.0,0,1,FP,1.164979,0.0,95.95,1.0,0.10221540528889135,0.092308,44.0,14.0,,,
2024-07-30 13:00:00,london,temperature_2m,LOF,28.1,,False,0.0,0,1,FP,1.004648,0.0,93.77,1.0,0.10221540528889135,0.092308,44.0,14.0,,,
2024-07-30 18:00:00,london,temperature_2m,LOF,28.0,,False,0.0,0,1,FP,1.010594,0.0,94.07,1.0,0.10221540528889135,0.092308,44.0,14.0,,,
2024-07-30 19:00:00,london,temperature_2m,LOF,26.6,,False,0.0,0,1,FP,1.018956,0.0,94.34,1.0,0.10221540528889135,0.092308,44.0,14.0,,,
2024-07-31 04:00:00,london,temperature_2m,LOF,17.7,,False,0.0,0,1,FP,30288881.37322,0.275862,97.5,1.0,0.10221540528889135,0.092308,44.0,14.0,,,
2024-07-31 10:00:00,london,temperature_2m,LOF,22.7,,False,0.0,0,1,FP,1.0,0.0,92.44,1.0,0.10221540528889135,0.092308,44.0,14.0,,,
2024-07-31 11:00:00,london,temperature_2m,LOF,24.4,,False,0.0,0,1,FP,1.058161,0.0,95.0,1.0,0.10221540528889135,0.092308,44.0,14.0,,,
2024-07-31 12:00:00,london,temperature_2m,LOF,25.2,,False,0.0,0,1,FP,1.001326,0.0,93.33,1.0,0.10221540528889135,0.092308,44.0,14.0,,,
2024-07-31 13:00:00,london,temperature_2m,LOF,26.2,,False,0.0,0,1,FP,1.055628,0.0,94.9,1.0,0.10221540528889135,0.092308,44.0,14.0,,,
2024-07-31 14:00:00,london,temperature_2m,LOF,26.5,,False,0.0,0,1,FP,1.045289,0.0,94.81,1.0,0.10221540528889135,0.092308,44.0,14.0,,,
2024-07-31 15:00:00,london,temperature_2m,LOF,26.0,,False,0.0,0,1,FP,1.007862,0.0,93.95,1.0,0.10221540528889135,0.092308,44.0,14.0,,,
2024-07-31 16:00:00,london,temperature_2m,LOF,26.0,,False,0.0,0,1,FP,1.007862,0.0,93.95,1.0,0.10221540528889135,0.092308,44.0,14.0,,,
2024-07-31 17:00:00,london,temperature_2m,LOF,25.1,,False,0.0,0,1,FP,1.000884,0.0,93.14,1.0,0.10221540528889135,0.092308,44.0,14.0,,,
2024-07-31 18:00:00,london,temperature_2m,LOF,24.2,,False,0.0,0,1,FP,1.012953,0.0,94.23,1.0,0.10221540528889135,0.092308,44.0,14.0,,,
2024-07-31 21:00:00,london,temperature_2m,LOF,20.3,,False,0.0,0,1,FP,90866642.119662,0.827586,99.69,1.0,0.10221540528889135,0.092308,44.0,14.0,,,
2024-07-31 23:00:00,london,temperature_2m,LOF,18.7,,False,0.0,0,1,FP,33924464.565077,0.308974,97.69,1.0,0.10221540528889135,0.092308,44.0,14.0,,,
2024-08-01 11:00:00,london,temperature_2m,LOF,23.3,,False,0.0,0,1,FP,1.0,0.0,92.49,1.0,0.10221540528889135,0.092308,44.0,14.0,,,
2024-08-01 12:00:00,london,temperature_2m,LOF,24.4,,False,0.0,0,1,FP,1.058161,0.0,95.0,1.0,0.10221540528889135,0.092308,44.0,14.0,,,
2024-08-01 14:00:00,london,temperature_2m,LOF,26.4,,False,0.0,0,1,FP,1.069792,0.0,95.34,1.0,0.10221540528889135,0.092308,44.0,14.0,,,
2024-08-01 18:00:00,london,temperature_2m,LOF,26.2,,False,0.0,0,1,FP,1.055628,0.0,94.9,1.0,0.10221540528889135,0.092308,44.0,14.0,,,
2024-08-01 19:00:00,london,temperature_2m,LOF,23.8,,False,0.0,0,1,FP,1.166078,0.0,96.0,1.0,0.10221540528889135,0.092308,44.0,14.0,,,
2024-08-01 22:00:00,london,temperature_2m,LOF,19.3,,False,0.0,0,1,FP,94408772.631087,0.859847,99.79,1.0,0.10221540528889135,0.092308,44.0,14.0,,,
2024-08-01 23:00:00,london,temperature_2m,LOF,18.7,,False,0.0,0,1,FP,33924464.565077,0.308974,97.69,1.0,0.10221540528889135,0.092308,44.0,14.0,,,
2024-08-02 09:00:00,london,temperature_2m,LOF,20.9,,False,0.0,0,1,FP,49219431.606483,0.448276,98.99,1.0,0.10221540528889135,0.092308,44.0,14.0,,,
2024-08-02 12:00:00,london,temperature_2m,LOF,24.2,,False,0.0,0,1,FP,1.012953,0.0,94.23,1.0,0.10221540528889135,0.092308,44.0,14.0,,,
2024-08-02 13:00:00,london,temperature_2m,LOF,25.2,,False,0.0,0,1,FP,1.001326,0.0,93.33,1.0,0.10221540528889135,0.092308,44.0,14.0,,,
2024-08-02 14:00:00,london,temperature_2m,LOF,24.9,,False,0.0,0,1,FP,1.000636,0.0,93.07,1.0,0.10221540528889135,0.092308,44.0,14.0,,,
2024-08-02 17:00:00,london,temperature_2m,LOF,26.0,,False,0.0,0,1,FP,1.007862,0.0,93.95,1.0,0.10221540528889135,0.092308,44.0,14.0,,,
2024-08-02 18:00:00,london,temperature_2m,LOF,24.9,,False,0.0,0,1,FP,1.000636,0.0,93.07,1.0,0.10221540528889135,0.092308,44.0,14.0,,,
2024-08-03 02:00:00,london,temperature_2m,LOF,17.7,,False,0.0,0,1,FP,30288881.37322,0.275862,97.5,1.0,0.10221540528889135,0.092308,44.0,14.0,,,
2024-08-03 12:00:00,london,temperature_2m,LOF,23.4,,False,0.0,0,1,FP,1.0,0.0,92.35,1.0,0.10221540528889135,0.092308,44.0,14.0,,,
2024-08-03 15:00:00,london,temperature_2m,LOF,23.8,,False,0.0,0,1,FP,1.166078,0.0,96.0,1.0,0.10221540528889135,0.092308,44.0,14.0,,,
2024-08-05 08:00:00,london,temperature_2m,LOF,17.3,,False,0.0,0,1,FP,41647211.513178,0.37931,97.95,1.0,0.10221540528889135,0.092308,44.0,14.0,,,
2024-08-05 13:00:00,london,temperature_2m,LOF,23.7,,False,0.0,0,1,FP,1.212265,0.0,96.18,1.0,0.10221540528889135,0.092308,44.0,14.0,,,
2024-08-05 14:00:00,london,temperature_2m,LOF,24.3,,False,0.0,0,1,FP,1.146977,0.0,95.87,1.0,0.10221540528889135,0.092308,44.0,14.0,,,
2024-08-05 21:00:00,london,temperature_2m,LOF,19.3,,False,0.0,0,1,FP,94408772.631087,0.859847,99.79,1.0,0.10221540528889135,0.092308,44.0,14.0,,,
2024-08-05 23:00:00,london,temperature_2m,LOF,17.7,,False,0.0,0,1,FP,30288881.37322,0.275862,97.5,1.0,0.10221540528889135,0.092308,44.0,14.0,,,
2024-08-06 00:00:00,london,temperature_2m,LOF,17.3,,False,0.0,0,1,FP,41647211.513178,0.37931,97.95,1.0,0.10221540528889135,0.092308,44.0,14.0,,,
2024-08-06 16:00:00,london,temperature_2m,LOF,20.9,,False,0.0,0,1,FP,49219431.606483,0.448276,98.99,1.0,0.10221540528889135,0.092308,44.0,14.0,,,
2024-08-07 16:00:00,london,temperature_2m,LOF,20.9,,False,0.0,0,1,FP,49219431.606483,0.448276,98.99,1.0,0.10221540528889135,0.092308,44.0,14.0,,,
2024-08-08 10:00:00,london,temperature_2m,LOF,20.3,,False,0.0,0,1,FP,90866642.119662,0.827586,99.69,1.0,0.10221540528889135,0.092308,44.0,14.0,,,
2024-08-08 13:00:00,london,temperature_2m,LOF,20.2,,False,0.0,0,1,FP,45433321.559831,0.413793,98.37,1.0,0.10221540528889135,0.092308,44.0,14.0,,,
2024-08-08 16:00:00,london,temperature_2m,LOF,20.2,,False,0.0,0,1,FP,45433321.559831,0.413793,98.37,1.0,0.10221540528889135,0.092308,44.0,14.0,,,
2024-08-09 12:00:00,london,temperature_2m,LOF,22.6,,False,0.0,0,1,FP,45433321.559832,0.413793,98.64,1.0,0.10221540528889135,0.092308,44.0,14.0,,,
2024-08-09 16:00:00,london,temperature_2m,LOF,23.7,,False,0.0,0,1,FP,1.212265,0.0,96.18,1.0,0.10221540528889135,0.092308,44.0,14.0,,,
2024-08-09 17:00:00,london,temperature_2m,LOF,23.6,,False,0.0,0,1,FP,1.011485,0.0,94.14,1.0,0.10221540528889135,0.092308,44.0,14.0,,,
2024-08-09 22:00:00,london,temperature_2m,LOF,17.3,,False,0.0,0,1,FP,41647211.513178,0.37931,97.95,1.0,0.10221540528889135,0.092308,44.0,14.0,,,
2024-08-09 23:00:00,london,temperature_2m,LOF,16.3,,False,0.0,0,1,FP,41647211.513178,0.37931,97.95,1.0,0.10221540528889135,0.092308,44.0,14.0,,,
2024-08-10 05:00:00,london,temperature_2m,LOF,14.0,,False,0.0,0,1,FP,7511751.401293,0.068415,96.69,1.0,0.10221540528889135,0.092308,44.0,14.0,,,
2024-08-10 10:00:00,london,temperature_2m,LOF,19.7,,False,0.0,0,1,FP,60577761.746441,0.551724,99.28,1.0,0.10221540528889135,0.092308,44.0,14.0,,,
2024-08-10 12:00:00,london,temperature_2m,LOF,22.6,,False,0.0,0,1,FP,45433321.559832,0.413793,98.64,1.0,0.10221540528889135,0.092308,44.0,14.0,,,
2024-08-10 21:00:00,london,temperature_2m,LOF,20.9,,False,0.0,0,1,FP,49219431.606483,0.448276,98.99,1.0,0.10221540528889135,0.092308,44.0,14.0,,,
2024-08-11 05:00:00,london,temperature_2m,LOF,15.3,,False,0.0,0,1,FP,7540828.517608,0.06868,96.89,1.0,0.10221540528889135,0.092308,44.0,14.0,,,
2024-08-11 12:00:00,london,temperature_2m,LOF,25.1,,False,0.0,0,1,FP,1.000884,0.0,93.14,1.0,0.10221540528889135,0.092308,44.0,14.0,,,
2024-08-11 13:00:00,london,temperature_2m,LOF,26.6,,False,0.0,0,1,FP,1.018956,0.0,94.34,1.0,0.10221540528889135,0.092308,44.0,14.0,,,
2024-08-11 16:00:00,london,temperature_2m,LOF,27.2,,False,0.0,0,1,FP,1.164979,0.0,95.95,1.0,0.10221540528889135,0.092308,44.0,14.0,,,
2024-08-11 17:00:00,london,temperature_2m,LOF,26.5,,False,0.0,0,1,FP,1.045289,0.0,94.81,1.0,0.10221540528889135,0.092308,44.0,14.0,,,
2024-08-11 19:00:00,london,temperature_2m,LOF,24.2,,False,0.0,0,1,FP,1.012953,0.0,94.23,1.0,0.10221540528889135,0.092308,44.0,14.0,,,
2024-08-12 09:00:00,london,temperature_2m,LOF,24.3,,False,0.0,0,1,FP,1.146977,0.0,95.87,1.0,0.10221540528889135,0.092308,44.0,14.0,,,
2024-08-12 10:00:00,london,temperature_2m,LOF,26.7,,False,0.0,0,1,FP,1.006542,0.0,93.83,1.0,0.10221540528889135,0.092308,44.0,14.0,,,
2024-08-12 12:00:00,london,temperature_2m,LOF,29.7,,False,0.0,0,1,FP,1.065951,0.0,95.17,1.0,0.10221540528889135,0.092308,44.0,14.0,,,
2024-08-12 13:00:00,london,temperature_2m,LOF,30.6,,False,0.0,0,1,FP,1.066981,0.0,95.21,1.0,0.10221540528889135,0.092308,44.0,14.0,,,
2024-08-12 14:00:00,london,temperature_2m,LOF,31.2,,False,0.0,0,1,FP,1.123607,0.0,95.79,1.0,0.10221540528889135,0.092308,44.0,14.0,,,
2024-08-12 15:00:00,london,temperature_2m,LOF,31.2,,False,0.0,0,1,FP,1.123607,0.0,95.79,1.0,0.10221540528889135,0.092308,44.0,14.0,,,
2024-08-12 16:00:00,london,temperature_2m,LOF,31.1,,False,0.0,0,1,FP,1.11182,0.0,95.73,1.0,0.10221540528889135,0.092308,44.0,14.0,,,
2024-08-12 17:00:00,london,temperature_2m,LOF,30.9,,False,0.0,0,1,FP,1.089752,0.0,95.47,1.0,0.10221540528889135,0.092308,44.0,14.0,,,
2024-08-12 18:00:00,london,temperature_2m,LOF,30.0,,False,0.0,0,1,FP,1.080183,0.0,95.39,1.0,0.10221540528889135,0.092308,44.0,14.0,,,
2024-08-12 20:00:00,london,temperature_2m,LOF,25.1,,False,0.0,0,1,FP,1.000884,0.0,93.14,1.0,0.10221540528889135,0.092308,44.0,14.0,,,
2024-08-12 23:00:00,london,temperature_2m,LOF,20.2,,False,0.0,0,1,FP,45433321.559831,0.413793,98.37,1.0,0.10221540528889135,0.092308,44.0,14.0,,,
2024-08-13 09:00:00,london,temperature_2m,LOF,18.3,,False,0.0,0,1,FP,49219431.606483,0.448276,98.99,1.0,0.10221540528889135,0.092308,44.0,14.0,,,
2024-08-13 13:00:00,london,temperature_2m,LOF,24.3,,False,0.0,0,1,FP,1.146977,0.0,95.87,1.0,0.10221540528889135,0.092308,44.0,14.0,,,
2024-08-13 14:00:00,london,temperature_2m,LOF,25.1,,False,0.0,0,1,FP,1.000884,0.0,93.14,1.0,0.10221540528889135,0.092308,44.0,14.0,,,
2024-08-13 20:00:00,london,temperature_2m,LOF,20.9,,False,0.0,0,1,FP,49219431.606483,0.448276,98.99,1.0,0.10221540528889135,0.092308,44.0,14.0,,,
2024-08-14 12:00:00,london,temperature_2m,LOF,23.4,,False,0.0,0,1,FP,1.0,0.0,92.35,1.0,0.10221540528889135,0.092308,44.0,14.0,,,
2024-08-14 17:00:00,london,temperature_2m,LOF,22.7,,False,0.0,0,1,FP,1.0,0.0,92.44,1.0,0.10221540528889135,0.092308,44.0,14.0,,,
2024-08-14 20:00:00,london,temperature_2m,LOF,20.2,,False,0.0,0,1,FP,45433321.559831,0.413793,98.37,1.0,0.10221540528889135,0.092308,44.0,14.0,,,
2024-08-15 19:00:00,london,temperature_2m,LOF,20.2,,False,0.0,0,1,FP,45433321.559831,0.413793,98.37,1.0,0.10221540528889135,0.092308,44.0,14.0,,,
2024-08-15 20:00:00,london,temperature_2m,LOF,20.3,,False,0.0,0,1,FP,90866642.119662,0.827586,99.69,1.0,0.10221540528889135,0.092308,44.0,14.0,,,
2024-08-16 16:00:00,london,temperature_2m,LOF,23.4,,False,0.0,0,1,FP,1.0,0.0,92.35,1.0,0.10221540528889135,0.092308,44.0,14.0,,,
2024-08-16 21:00:00,london,temperature_2m,LOF,18.7,,False,0.0,0,1,FP,33924464.565077,0.308974,97.69,1.0,0.10221540528889135,0.092308,44.0,14.0,,,
2024-08-18 12:00:00,london,temperature_2m,LOF,20.3,,False,0.0,0,1,FP,90866642.119662,0.827586,99.69,1.0,0.10221540528889135,0.092308,44.0,14.0,,,
2024-08-18 15:00:00,london,temperature_2m,LOF,23.6,,False,0.0,0,1,FP,1.011485,0.0,94.14,1.0,0.10221540528889135,0.092308,44.0,14.0,,,
2024-08-18 16:00:00,london,temperature_2m,LOF,24.3,,False,0.0,0,1,FP,1.146977,0.0,95.87,1.0,0.10221540528889135,0.092308,44.0,14.0,,,
2024-08-18 20:00:00,london,temperature_2m,LOF,20.9,,False,0.0,0,1,FP,49219431.606483,0.448276,98.99,1.0,0.10221540528889135,0.092308,44.0,14.0,,,
2024-08-18 23:00:00,london,temperature_2m,LOF,16.3,,False,0.0,0,1,FP,41647211.513178,0.37931,97.95,1.0,0.10221540528889135,0.092308,44.0,14.0,,,
2024-08-19 21:00:00,london,temperature_2m,LOF,17.7,,False,0.0,0,1,FP,30288881.37322,0.275862,97.5,1.0,0.10221540528889135,0.092308,44.0,14.0,,,
2024-08-20 04:00:00,london,temperature_2m,LOF,17.7,,False,0.0,0,1,FP,30288881.37322,0.275862,97.5,1.0,0.10221540528889135,0.092308,44.0,14.0,,,
2024-08-20 09:00:00,london,temperature_2m,LOF,19.3,,False,0.0,0,1,FP,94408772.631087,0.859847,99.79,1.0,0.10221540528889135,0.092308,44.0,14.0,,,
2024-08-20 10:00:00,london,temperature_2m,LOF,20.3,,False,0.0,0,1,FP,90866642.119662,0.827586,99.69,1.0,0.10221540528889135,0.092308,44.0,14.0,,,
2024-08-21 11:00:00,london,temperature_2m,LOF,18.7,,False,0.0,0,1,FP,33924464.565077,0.308974,97.69,1.0,0.10221540528889135,0.092308,44.0,14.0,,,
2024-08-21 12:00:00,london,temperature_2m,LOF,18.3,,False,0.0,0,1,FP,49219431.606483,0.448276,98.99,1.0,0.10221540528889135,0.092308,44.0,14.0,,,
2024-08-21 14:00:00,london,temperature_2m,LOF,19.7,,False,0.0,0,1,FP,60577761.746441,0.551724,99.28,1.0,0.10221540528889135,0.092308,44.0,14.0,,,
2024-08-22 02:00:00,london,temperature_2m,LOF,15.3,,False,0.0,0,1,FP,7540828.517608,0.06868,96.89,1.0,0.10221540528889135,0.092308,44.0,14.0,,,
2024-08-22 20:00:00,london,temperature_2m,LOF,18.7,,False,0.0,0,1,FP,33924464.565077,0.308974,97.69,1.0,0.10221540528889135,0.092308,44.0,14.0,,,
2024-08-22 21:00:00,london,temperature_2m,LOF,18.3,,False,0.0,0,1,FP,49219431.606483,0.448276,98.99,1.0,0.10221540528889135,0.092308,44.0,14.0,,,
2024-08-23 03:00:00,london,temperature_2m,LOF,17.7,,False,0.0,0,1,FP,30288881.37322,0.275862,97.5,1.0,0.10221540528889135,0.092308,44.0,14.0,,,
2024-08-23 06:00:00,london,temperature_2m,LOF,17.7,,False,0.0,0,1,FP,30288881.37322,0.275862,97.5,1.0,0.10221540528889135,0.092308,44.0,14.0,,,
2024-08-27 12:00:00,london,temperature_2m,LOF,22.6,,False,0.0,0,1,FP,45433321.559832,0.413793,98.64,1.0,0.10221540528889135,0.092308,44.0,14.0,,,
2024-08-27 15:00:00,london,temperature_2m,LOF,23.6,,False,0.0,0,1,FP,1.011485,0.0,94.14,1.0,0.10221540528889135,0.092308,44.0,14.0,,,
2024-08-27 16:00:00,london,temperature_2m,LOF,23.8,,False,0.0,0,1,FP,1.166078,0.0,96.0,1.0,0.10221540528889135,0.092308,44.0,14.0,,,
2024-08-27 19:00:00,london,temperature_2m,LOF,20.9,,False,0.0,0,1,FP,49219431.606483,0.448276,98.99,1.0,0.10221540528889135,0.092308,44.0,14.0,,,
2024-08-28 11:00:00,london,temperature_2m,LOF,24.2,,False,0.0,0,1,FP,1.012953,0.0,94.23,1.0,0.10221540528889135,0.092308,44.0,14.0,,,
2024-08-28 13:00:00,london,temperature_2m,LOF,25.9,,False,0.0,0,1,FP,1.001738,0.0,93.39,1.0,0.10221540528889135,0.092308,44.0,14.0,,,
2024-08-28 16:00:00,london,temperature_2m,LOF,26.7,,False,0.0,0,1,FP,1.006542,0.0,93.83,1.0,0.10221540528889135,0.092308,44.0,14.0,,,
2024-08-28 17:00:00,london,temperature_2m,LOF,25.9,,False,0.0,0,1,FP,1.001738,0.0,93.39,1.0,0.10221540528889135,0.092308,44.0,14.0,,,
2024-08-28 18:00:00,london,temperature_2m,LOF,24.8,,False,0.0,0,1,FP,1.064488,0.0,95.13,1.0,0.10221540528889135,0.092308,44.0,14.0,,,
2024-08-29 00:00:00,london,temperature_2m,LOF,17.7,,False,0.0,0,1,FP,30288881.37322,0.275862,97.5,1.0,0.10221540528889135,0.092308,44.0,14.0,,,
2024-08-29 12:00:00,london,temperature_2m,LOF,20.3,,False,0.0,0,1,FP,90866642.119662,0.827586,99.69,1.0,0.10221540528889135,0.092308,44.0,14.0,,,
2024-08-29 17:00:00,london,temperature_2m,LOF,20.9,,False,0.0,0,1,FP,49219431.606483,0.448276,98.99,1.0,0.10221540528889135,0.092308,44.0,14.0,,,
2024-08-29 19:00:00,london,temperature_2m,LOF,19.7,,False,0.0,0,1,FP,60577761.746441,0.551724,99.28,1.0,0.10221540528889135,0.092308,44.0,14.0,,,
2024-08-31 16:00:00,london,temperature_2m,LOF,19.7,,False,0.0,0,1,FP,60577761.746441,0.551724,99.28,1.0,0.10221540528889135,0.092308,44.0,14.0,,,
2024-08-31 22:00:00,london,temperature_2m,LOF,17.3,,False,0.0,0,1,FP,41647211.513178,0.37931,97.95,1.0,0.10221540528889135,0.092308,44.0,14.0,,,
2024-09-01 04:00:00,london,temperature_2m,LOF,16.3,,False,0.0,0,1,FP,41647211.513178,0.37931,97.95,1.0,0.10221540528889135,0.092308,44.0,14.0,,,
2024-09-01 11:00:00,london,temperature_2m,LOF,23.6,,False,0.0,0,1,FP,1.011485,0.0,94.14,1.0,0.10221540528889135,0.092308,44.0,14.0,,,
2024-09-01 14:00:00,london,temperature_2m,LOF,26.5,,False,0.0,0,1,FP,1.045289,0.0,94.81,1.0,0.10221540528889135,0.092308,44.0,14.0,,,
2024-09-01 16:00:00,london,temperature_2m,LOF,26.4,,False,0.0,0,1,FP,1.069792,0.0,95.34,1.0,0.10221540528889135,0.092308,44.0,14.0,,,
2024-09-03 00:00:00,london,temperature_2m,LOF,17.7,,False,0.0,0,1,FP,30288881.37322,0.275862,97.5,1.0,0.10221540528889135,0.092308,44.0,14.0,,,
2024-09-03 16:00:00,london,temperature_2m,LOF,20.9,,False,0.0,0,1,FP,49219431.606483,0.448276,98.99,1.0,0.10221540528889135,0.092308,44.0,14.0,,,
2024-09-03 17:00:00,london,temperature_2m,LOF,20.2,,False,0.0,0,1,FP,45433321.559831,0.413793,98.37,1.0,0.10221540528889135,0.092308,44.0,14.0,,,
2024-09-04 15:00:00,london,temperature_2m,LOF,18.7,,False,0.0,0,1,FP,33924464.565077,0.308974,97.69,1.0,0.10221540528889135,0.092308,44.0,14.0,,,
2024-09-04 17:00:00,london,temperature_2m,LOF,18.7,,False,0.0,0,1,FP,33924464.565077,0.308974,97.69,1.0,0.10221540528889135,0.092308,44.0,14.0,,,
2024-09-04 19:00:00,london,temperature_2m,LOF,17.3,,False,0.0,0,1,FP,41647211.513178,0.37931,97.95,1.0,0.10221540528889135,0.092308,44.0,14.0,,,
2024-09-05 03:00:00,london,temperature_2m,LOF,14.0,,False,0.0,0,1,FP,7511751.401293,0.068415,96.69,1.0,0.10221540528889135,0.092308,44.0,14.0,,,
2024-09-05 09:00:00,london,temperature_2m,LOF,15.3,,False,0.0,0,1,FP,7540828.517608,0.06868,96.89,1.0,0.10221540528889135,0.092308,44.0,14.0,,,
2024-09-05 14:00:00,london,temperature_2m,LOF,18.7,,False,0.0,0,1,FP,33924464.565077,0.308974,97.69,1.0,0.10221540528889135,0.092308,44.0,14.0,,,
2024-09-05 18:00:00,london,temperature_2m,LOF,20.3,,False,0.0,0,1,FP,90866642.119662,0.827586,99.69,1.0,0.10221540528889135,0.092308,44.0,14.0,,,
2024-09-06 14:00:00,london,temperature_2m,LOF,19.7,,False,0.0,0,1,FP,60577761.746441,0.551724,99.28,1.0,0.10221540528889135,0.092308,44.0,14.0,,,
2024-09-07 15:00:00,london,temperature_2m,LOF,20.2,,False,0.0,0,1,FP,45433321.559831,0.413793,98.37,1.0,0.10221540528889135,0.092308,44.0,14.0,,,
2024-09-08 16:00:00,london,temperature_2m,LOF,18.7,,False,0.0,0,1,FP,33924464.565077,0.308974,97.69,1.0,0.10221540528889135,0.092308,44.0,14.0,,,
2024-09-16 17:00:00,london,temperature_2m,LOF,19.3,,False,0.0,0,1,FP,94408772.631087,0.859847,99.79,1.0,0.10221540528889135,0.092308,44.0,14.0,,,
2024-09-17 14:00:00,london,temperature_2m,LOF,20.2,,False,0.0,0,1,FP,45433321.559831,0.413793,98.37,1.0,0.10221540528889135,0.092308,44.0,14.0,,,
2024-09-17 17:00:00,london,temperature_2m,LOF,20.3,,False,0.0,0,1,FP,90866642.119662,0.827586,99.69,1.0,0.10221540528889135,0.092308,44.0,14.0,,,
2024-09-18 14:00:00,london,temperature_2m,LOF,22.6,,False,0.0,0,1,FP,45433321.559832,0.413793,98.64,1.0,0.10221540528889135,0.092308,44.0,14.0,,,
2024-09-19 11:00:00,london,temperature_2m,LOF,20.9,,False,0.0,0,1,FP,49219431.606483,0.448276,98.99,1.0,0.10221540528889135,0.092308,44.0,14.0,,,
2024-09-19 14:00:00,london,temperature_2m,LOF,23.8,,False,0.0,0,1,FP,1.166078,0.0,96.0,1.0,0.10221540528889135,0.092308,44.0,14.0,,,
2024-09-19 16:00:00,london,temperature_2m,LOF,23.8,,False,0.0,0,1,FP,1.166078,0.0,96.0,1.0,0.10221540528889135,0.092308,44.0,14.0,,,
2024-09-20 11:00:00,london,temperature_2m,LOF,18.3,,False,0.0,0,1,FP,49219431.606483,0.448276,98.99,1.0,0.10221540528889135,0.092308,44.0,14.0,,,
2024-09-21 09:00:00,london,temperature_2m,LOF,17.3,,False,0.0,0,1,FP,41647211.513178,0.37931,97.95,1.0,0.10221540528889135,0.092308,44.0,14.0,,,
2024-09-24 03:00:00,london,temperature_2m,LOF,14.0,,False,0.0,0,1,FP,7511751.401293,0.068415,96.69,1.0,0.10221540528889135,0.092308,44.0,14.0,,,
2024-09-24 04:00:00,london,temperature_2m,LOF,14.0,,False,0.0,0,1,FP,7511751.401293,0.068415,96.69,1.0,0.10221540528889135,0.092308,44.0,14.0,,,
2024-09-24 06:00:00,london,temperature_2m,LOF,14.0,,False,0.0,0,1,FP,7511751.401293,0.068415,96.69,1.0,0.10221540528889135,0.092308,44.0,14.0,,,
2024-09-24 07:00:00,london,temperature_2m,LOF,14.0,,False,0.0,0,1,FP,7511751.401293,0.068415,96.69,1.0,0.10221540528889135,0.092308,44.0,14.0,,,
2024-09-24 16:00:00,london,temperature_2m,LOF,16.3,,False,0.0,0,1,FP,41647211.513178,0.37931,97.95,1.0,0.10221540528889135,0.092308,44.0,14.0,,,
2024-09-30 19:00:00,london,temperature_2m,LOF,14.0,,False,0.0,0,1,FP,7511751.401293,0.068415,96.69,1.0,0.10221540528889135,0.092308,44.0,14.0,,,
2024-10-06 23:00:00,london,temperature_2m,LOF,14.0,,False,0.0,0,1,FP,7511751.401293,0.068415,96.69,1.0,0.10221540528889135,0.092308,44.0,14.0,,,
2024-10-07 15:00:00,london,temperature_2m,LOF,17.3,,False,0.0,0,1,FP,41647211.513178,0.37931,97.95,1.0,0.10221540528889135,0.092308,44.0,14.0,,,
2024-10-07 17:00:00,london,temperature_2m,LOF,16.3,,False,0.0,0,1,FP,41647211.513178,0.37931,97.95,1.0,0.10221540528889135,0.092308,44.0,14.0,,,
2024-10-11 07:00:00,london,temperature_2m,LOF,1.9,,False,0.0,0,1,FP,1.000432,0.0,92.77,1.0,0.10221540528889135,0.092308,44.0,14.0,,,
2024-10-18 13:00:00,london,temperature_2m,LOF,14.0,,False,0.0,0,1,FP,7511751.401293,0.068415,96.69,1.0,0.10221540528889135,0.092308,44.0,14.0,,,
2024-10-19 12:00:00,london,temperature_2m,LOF,15.3,,False,0.0,0,1,FP,7540828.517608,0.06868,96.89,1.0,0.10221540528889135,0.092308,44.0,14.0,,,
2024-10-19 13:00:00,london,temperature_2m,LOF,16.3,,False,0.0,0,1,FP,41647211.513178,0.37931,97.95,1.0,0.10221540528889135,0.092308,44.0,14.0,,,
2024-10-22 15:00:00,london,temperature_2m,LOF,15.3,,False,0.0,0,1,FP,7540828.517608,0.06868,96.89,1.0,0.10221540528889135,0.092308,44.0,14.0,,,
2024-11-19 07:00:00,london,temperature_2m,LOF,3.6,,False,0.0,0,1,FP,64363871.793094,0.586207,99.43,1.0,0.10221540528889135,0.092308,44.0,14.0,,,
2024-11-19 09:00:00,london,temperature_2m,LOF,2.1,,False,0.0,0,1,FP,106011082.306273,0.965517,99.96,1.0,0.10221540528889135,0.092308,44.0,14.0,,,
2024-11-19 10:00:00,london,temperature_2m,LOF,1.9,,False,0.0,0,1,FP,1.000432,0.0,92.77,1.0,0.10221540528889135,0.092308,44.0,14.0,,,
2024-11-19 11:00:00,london,temperature_2m,LOF,2.6,,False,0.0,0,1,FP,71356565.031787,0.649894,99.57,1.0,0.10221540528889135,0.092308,44.0,14.0,,,
2024-11-19 19:00:00,london,temperature_2m,LOF,2.9,,False,0.0,0,1,FP,45433321.559831,0.413793,98.52,1.0,0.10221540528889135,0.092308,44.0,14.0,,,
2024-11-19 20:00:00,london,temperature_2m,LOF,2.6,,False,0.0,0,1,FP,71356565.031787,0.649894,99.57,1.0,0.10221540528889135,0.092308,44.0,14.0,,,
2024-11-19 23:00:00,london,temperature_2m,LOF,1.2,,False,0.0,0,1,FP,1.003416,0.0,93.65,1.0,0.10221540528889135,0.092308,44.0,14.0,,,
2024-11-20 00:00:00,london,temperature_2m,LOF,1.1,,False,0.0,0,1,FP,1.000436,0.0,92.95,1.0,0.10221540528889135,0.092308,44.0,14.0,,,
2024-11-20 01:00:00,london,temperature_2m,LOF,0.8,,False,0.0,0,1,FP,1.001256,0.0,93.23,1.0,0.10221540528889135,0.092308,44.0,14.0,,,
2024-11-20 09:00:00,london,temperature_2m,LOF,0.1,,False,0.0,0,1,FP,1.002716,0.0,93.54,1.0,0.10221540528889135,0.092308,44.0,14.0,,,
2024-11-20 10:00:00,london,temperature_2m,LOF,0.8,,False,0.0,0,1,FP,1.001256,0.0,93.23,1.0,0.10221540528889135,0.092308,44.0,14.0,,,
2024-11-20 11:00:00,london,temperature_2m,LOF,1.9,,False,0.0,0,1,FP,1.000432,0.0,92.77,1.0,0.10221540528889135,0.092308,44.0,14.0,,,
2024-11-20 20:00:00,london,temperature_2m,LOF,1.2,,False,0.0,0,1,FP,1.003416,0.0,93.65,1.0,0.10221540528889135,0.092308,44.0,14.0,,,
2024-11-20 21:00:00,london,temperature_2m,LOF,0.8,,False,0.0,0,1,FP,1.001256,0.0,93.23,1.0,0.10221540528889135,0.092308,44.0,14.0,,,
2024-11-20 22:00:00,london,temperature_2m,LOF,0.4,,False,0.0,0,1,FP,1.002237,0.0,93.46,1.0,0.10221540528889135,0.092308,44.0,14.0,,,
2024-11-21 01:00:00,london,temperature_2m,LOF,-0.3,,False,0.0,0,1,FP,1.0,0.0,92.19,1.0,0.10221540528889135,0.092308,44.0,14.0,,,
2024-11-21 06:00:00,london,temperature_2m,LOF,-0.3,,False,0.0,0,1,FP,1.0,0.0,92.19,1.0,0.10221540528889135,0.092308,44.0,14.0,,,
2024-11-21 09:00:00,london,temperature_2m,LOF,-0.5,,False,0.0,0,1,FP,1.105179,0.0,95.66,1.0,0.10221540528889135,0.092308,44.0,14.0,,,
2024-11-21 11:00:00,london,temperature_2m,LOF,0.6,,False,0.0,0,1,FP,1.0,0.0,92.07,1.0,0.10221540528889135,0.092308,44.0,14.0,,,
2024-11-21 14:00:00,london,temperature_2m,LOF,2.4,,False,0.0,0,1,FP,1.000117,0.0,92.59,1.0,0.10221540528889135,0.092308,44.0,14.0,,,
2024-11-21 19:00:00,london,temperature_2m,LOF,0.4,,False,0.0,0,1,FP,1.002237,0.0,93.46,1.0,0.10221540528889135,0.092308,44.0,14.0,,,
2024-11-22 01:00:00,london,temperature_2m,LOF,0.8,,False,0.0,0,1,FP,1.001256,0.0,93.23,1.0,0.10221540528889135,0.092308,44.0,14.0,,,
2024-11-22 02:00:00,london,temperature_2m,LOF,1.3,,False,0.0,0,1,FP,1.007495,0.0,93.88,1.0,0.10221540528889135,0.092308,44.0,14.0,,,
2024-11-22 06:00:00,london,temperature_2m,LOF,1.6,,False,0.0,0,1,FP,15144441.18661,0.137931,97.3,1.0,0.10221540528889135,0.092308,44.0,14.0,,,
2024-11-22 19:00:00,london,temperature_2m,LOF,3.4,,False,0.0,0,1,FP,48929597.630348,0.445636,98.76,1.0,0.10221540528889135,0.092308,44.0,14.0,,,
2024-11-22 23:00:00,london,temperature_2m,LOF,1.6,,False,0.0,0,1,FP,15144441.18661,0.137931,97.3,1.0,0.10221540528889135,0.092308,44.0,14.0,,,
2024-11-23 00:00:00,london,temperature_2m,LOF,1.2,,False,0.0,0,1,FP,1.003416,0.0,93.65,1.0,0.10221540528889135,0.092308,44.0,14.0,,,
2024-11-23 01:00:00,london,temperature_2m,LOF,1.2,,False,0.0,0,1,FP,1.003416,0.0,93.65,1.0,0.10221540528889135,0.092308,44.0,14.0,,,
2024-11-23 05:00:00,london,temperature_2m,LOF,3.4,,False,0.0,0,1,FP,48929597.630348,0.445636,98.76,1.0,0.10221540528889135,0.092308,44.0,14.0,,,
2024-11-23 06:00:00,london,temperature_2m,LOF,3.9,,False,0.0,0,1,FP,45357624.510619,0.413104,98.21,1.0,0.10221540528889135,0.092308,44.0,14.0,,,
2024-11-24 15:00:00,london,temperature_2m,LOF,17.3,,False,0.0,0,1,FP,41647211.513178,0.37931,97.95,1.0,0.10221540528889135,0.092308,44.0,14.0,,,
2024-11-27 17:00:00,london,temperature_2m,LOF,5.5,,False,0.0,0,1,FP,11264178.005473,0.102591,97.09,1.0,0.10221540528889135,0.092308,44.0,14.0,,,
2024-11-27 23:00:00,london,temperature_2m,LOF,2.9,,False,0.0,0,1,FP,45433321.559831,0.413793,98.52,1.0,0.10221540528889135,0.092308,44.0,14.0,,,
2024-11-28 05:00:00,london,temperature_2m,LOF,1.1,,False,0.0,0,1,FP,1.000436,0.0,92.95,1.0,0.10221540528889135,0.092308,44.0,14.0,,,
2024-11-28 07:00:00,london,temperature_2m,LOF,0.8,,False,0.0,0,1,FP,1.001256,0.0,93.23,1.0,0.10221540528889135,0.092308,44.0,14.0,,,
2024-11-28 08:00:00,london,temperature_2m,LOF,0.6,,False,0.0,0,1,FP,1.0,0.0,92.07,1.0,0.10221540528889135,0.092308,44.0,14.0,,,
2024-11-28 09:00:00,london,temperature_2m,LOF,0.4,,False,0.0,0,1,FP,1.002237,0.0,93.46,1.0,0.10221540528889135,0.092308,44.0,14.0,,,
2024-11-28 11:00:00,london,temperature_2m,LOF,1.9,,False,0.0,0,1,FP,1.000432,0.0,92.77,1.0,0.10221540528889135,0.092308,44.0,14.0,,,
2024-11-28 18:00:00,london,temperature_2m,LOF,3.6,,False,0.0,0,1,FP,64363871.793094,0.586207,99.43,1.0,0.10221540528889135,0.092308,44.0,14.0,,,
2024-11-28 20:00:00,london,temperature_2m,LOF,1.6,,False,0.0,0,1,FP,15144441.18661,0.137931,97.3,1.0,0.10221540528889135,0.092308,44.0,14.0,,,
2024-11-28 22:00:00,london,temperature_2m,LOF,2.4,,False,0.0,0,1,FP,1.000117,0.0,92.59,1.0,0.10221540528889135,0.092308,44.0,14.0,,,
2024-11-29 00:00:00,london,temperature_2m,LOF,3.4,,False,0.0,0,1,FP,48929597.630348,0.445636,98.76,1.0,0.10221540528889135,0.092308,44.0,14.0,,,
2024-12-03 20:00:00,london,temperature_2m,LOF,5.0,,False,0.0,0,1,FP,3786111.046653,0.034483,96.47,1.0,0.10221540528889135,0.092308,44.0,14.0,,,
2024-12-14 18:00:00,london,temperature_2m,LOF,5.5,,False,0.0,0,1,FP,11264178.005473,0.102591,97.09,1.0,0.10221540528889135,0.092308,44.0,14.0,,,
2024-12-19 18:00:00,london,temperature_2m,LOF,5.0,,False,0.0,0,1,FP,3786111.046653,0.034483,96.47,1.0,0.10221540528889135,0.092308,44.0,14.0,,,
2024-12-20 03:00:00,london,temperature_2m,LOF,3.4,,False,0.0,0,1,FP,48929597.630348,0.445636,98.76,1.0,0.10221540528889135,0.092308,44.0,14.0,,,
2024-12-21 03:00:00,london,temperature_2m,LOF,5.0,,False,0.0,0,1,FP,3786111.046653,0.034483,96.47,1.0,0.10221540528889135,0.092308,44.0,14.0,,,
2024-12-23 04:00:00,london,temperature_2m,LOF,5.0,,False,0.0,0,1,FP,3786111.046653,0.034483,96.47,1.0,0.10221540528889135,0.092308,44.0,14.0,,,
2024-12-23 17:00:00,london,temperature_2m,LOF,5.5,,False,0.0,0,1,FP,11264178.005473,0.102591,97.09,1.0,0.10221540528889135,0.092308,44.0,14.0,,,
2024-12-23 22:00:00,london,temperature_2m,LOF,5.5,,False,0.0,0,1,FP,11264178.005473,0.102591,97.09,1.0,0.10221540528889135,0.092308,44.0,14.0,,,
2024-12-28 15:00:00,london,temperature_2m,LOF,5.0,,False,0.0,0,1,FP,3786111.046653,0.034483,96.47,1.0,0.10221540528889135,0.092308,44.0,14.0,,,
2025-01-02 09:00:00,london,temperature_2m,LOF,1.1,,False,0.0,0,1,FP,1.000436,0.0,92.95,1.0,0.10221540528889135,0.092308,44.0,14.0,,,
2025-01-02 10:00:00,london,temperature_2m,LOF,0.8,,False,0.0,0,1,FP,1.001256,0.0,93.23,1.0,0.10221540528889135,0.092308,44.0,14.0,,,
2025-01-02 11:00:00,london,temperature_2m,LOF,1.2,,False,0.0,0,1,FP,1.003416,0.0,93.65,1.0,0.10221540528889135,0.092308,44.0,14.0,,,
2025-01-02 15:00:00,london,temperature_2m,LOF,3.9,,False,0.0,0,1,FP,45357624.510619,0.413104,98.21,1.0,0.10221540528889135,0.092308,44.0,14.0,,,
2025-01-02 19:00:00,london,temperature_2m,LOF,1.1,,False,0.0,0,1,FP,1.000436,0.0,92.95,1.0,0.10221540528889135,0.092308,44.0,14.0,,,
2025-01-02 20:00:00,london,temperature_2m,LOF,0.6,,False,0.0,0,1,FP,1.0,0.0,92.07,1.0,0.10221540528889135,0.092308,44.0,14.0,,,
2025-01-03 00:00:00,london,temperature_2m,LOF,-0.6,,False,0.0,0,1,FP,1.192283,0.0,96.11,1.0,0.10221540528889135,0.092308,44.0,14.0,,,
2025-01-03 02:00:00,london,temperature_2m,LOF,-1.0,,False,0.0,0,1,FP,1.156031,0.0,95.91,1.0,0.10221540528889135,0.092308,44.0,14.0,,,
2025-01-03 03:00:00,london,temperature_2m,LOF,-1.2,,False,0.0,0,1,FP,1.104477,0.0,95.6,1.0,0.10221540528889135,0.092308,44.0,14.0,,,
2025-01-03 04:00:00,london,temperature_2m,LOF,-1.2,,False,0.0,0,1,FP,1.104477,0.0,95.6,1.0,0.10221540528889135,0.092308,44.0,14.0,,,
2025-01-03 05:00:00,london,temperature_2m,LOF,-1.2,,False,0.0,0,1,FP,1.104477,0.0,95.6,1.0,0.10221540528889135,0.092308,44.0,14.0,,,
2025-01-03 06:00:00,london,temperature_2m,LOF,-1.2,,False,0.0,0,1,FP,1.104477,0.0,95.6,1.0,0.10221540528889135,0.092308,44.0,14.0,,,
2025-01-03 07:00:00,london,temperature_2m,LOF,-1.2,,False,0.0,0,1,FP,1.104477,0.0,95.6,1.0,0.10221540528889135,0.092308,44.0,14.0,,,
2025-01-03 08:00:00,london,temperature_2m,LOF,-1.1,,False,0.0,0,1,FP,1.359734,0.0,96.29,1.0,0.10221540528889135,0.092308,44.0,14.0,,,
2025-01-03 09:00:00,london,temperature_2m,LOF,-1.0,,False,0.0,0,1,FP,1.156031,0.0,95.91,1.0,0.10221540528889135,0.092308,44.0,14.0,,,
2025-01-03 10:00:00,london,temperature_2m,LOF,-0.6,,False,0.0,0,1,FP,1.192283,0.0,96.11,1.0,0.10221540528889135,0.092308,44.0,14.0,,,
2025-01-03 13:00:00,london,temperature_2m,LOF,2.6,,False,0.0,0,1,FP,71356565.031787,0.649894,99.57,1.0,0.10221540528889135,0.092308,44.0,14.0,,,
2025-01-03 20:00:00,london,temperature_2m,LOF,0.6,,False,0.0,0,1,FP,1.0,0.0,92.07,1.0,0.10221540528889135,0.092308,44.0,14.0,,,
2025-01-04 00:00:00,london,temperature_2m,LOF,-0.6,,False,0.0,0,1,FP,1.192283,0.0,96.11,1.0,0.10221540528889135,0.092308,44.0,14.0,,,
2025-01-04 02:00:00,london,temperature_2m,LOF,-0.6,,False,0.0,0,1,FP,1.192283,0.0,96.11,1.0,0.10221540528889135,0.092308,44.0,14.0,,,
2025-01-04 04:00:00,london,temperature_2m,LOF,-0.9,,False,0.0,0,1,FP,1.019284,0.0,94.41,1.0,0.10221540528889135,0.092308,44.0,14.0,,,
2025-01-04 06:00:00,london,temperature_2m,LOF,-1.6,,False,0.0,0,1,FP,1.109577,0.0,95.7,1.0,0.10221540528889135,0.092308,44.0,14.0,,,
2025-01-04 07:00:00,london,temperature_2m,LOF,-1.4,,False,0.0,0,1,FP,1.075023,0.0,95.36,1.0,0.10221540528889135,0.092308,44.0,14.0,,,
2025-01-04 08:00:00,london,temperature_2m,LOF,-1.1,,False,0.0,0,1,FP,1.359734,0.0,96.29,1.0,0.10221540528889135,0.092308,44.0,14.0,,,
2025-01-04 09:00:00,london,temperature_2m,LOF,-0.7,,False,0.0,0,1,FP,1.115507,0.0,95.76,1.0,0.10221540528889135,0.092308,44.0,14.0,,,
2025-01-04 17:00:00,london,temperature_2m,LOF,2.4,,False,0.0,0,1,FP,1.000117,0.0,92.59,1.0,0.10221540528889135,0.092308,44.0,14.0,,,
2025-01-04 19:00:00,london,temperature_2m,LOF,2.1,,False,0.0,0,1,FP,106011082.306273,0.965517,99.96,1.0,0.10221540528889135,0.092308,44.0,14.0,,,
2025-01-04 21:00:00,london,temperature_2m,LOF,1.9,,False,0.0,0,1,FP,1.000432,0.0,92.77,1.0,0.10221540528889135,0.092308,44.0,14.0,,,
2025-01-04 23:00:00,london,temperature_2m,LOF,1.1,,False,0.0,0,1,FP,1.000436,0.0,92.95,1.0,0.10221540528889135,0.092308,44.0,14.0,,,
2025-01-05 00:00:00,london,temperature_2m,LOF,0.8,,False,0.0,0,1,FP,1.001256,0.0,93.23,1.0,0.10221540528889135,0.092308,44.0,14.0,,,
2025-01-05 01:00:00,london,temperature_2m,LOF,0.6,,False,0.0,0,1,FP,1.0,0.0,92.07,1.0,0.10221540528889135,0.092308,44.0,14.0,,,
2025-01-05 03:00:00,london,temperature_2m,LOF,1.1,,False,0.0,0,1,FP,1.000436,0.0,92.95,1.0,0.10221540528889135,0.092308,44.0,14.0,,,
2025-01-05 05:00:00,london,temperature_2m,LOF,1.6,,False,0.0,0,1,FP,15144441.18661,0.137931,97.3,1.0,0.10221540528889135,0.092308,44.0,14.0,,,
2025-01-05 06:00:00,london,temperature_2m,LOF,1.9,,False,0.0,0,1,FP,1.000432,0.0,92.77,1.0,0.10221540528889135,0.092308,44.0,14.0,,,
2025-01-05 07:00:00,london,temperature_2m,LOF,2.1,,False,0.0,0,1,FP,106011082.306273,0.965517,99.96,1.0,0.10221540528889135,0.092308,44.0,14.0,,,
2025-01-05 08:00:00,london,temperature_2m,LOF,3.1,,False,0.0,0,1,FP,94652752.166315,0.862069,99.88,1.0,0.10221540528889135,0.092308,44.0,14.0,,,
2025-01-06 10:00:00,london,temperature_2m,LOF,5.0,,False,0.0,0,1,FP,3786111.046653,0.034483,96.47,1.0,0.10221540528889135,0.092308,44.0,14.0,,,
2025-01-07 06:00:00,london,temperature_2m,LOF,1.6,,False,0.0,0,1,FP,15144441.18661,0.137931,97.3,1.0,0.10221540528889135,0.092308,44.0,14.0,,,
2025-01-07 07:00:00,london,temperature_2m,LOF,1.2,,False,0.0,0,1,FP,1.003416,0.0,93.65,1.0,0.10221540528889135,0.092308,44.0,14.0,,,
2025-01-07 08:00:00,london,temperature_2m,LOF,0.8,,False,0.0,0,1,FP,1.001256,0.0,93.23,1.0,0.10221540528889135,0.092308,44.0,14.0,,,
2025-01-07 09:00:00,london,temperature_2m,LOF,0.7,,False,0.0,0,1,FP,1.0,0.0,92.27,1.0,0.10221540528889135,0.092308,44.0,14.0,,,
2025-01-07 12:00:00,london,temperature_2m,LOF,2.4,,False,0.0,0,1,FP,1.000117,0.0,92.59,1.0,0.10221540528889135,0.092308,44.0,14.0,,,
2025-01-07 23:00:00,london,temperature_2m,LOF,1.1,,False,0.0,0,1,FP,1.000436,0.0,92.95,1.0,0.10221540528889135,0.092308,44.0,14.0,,,
2025-01-08 00:00:00,london,temperature_2m,LOF,0.8,,False,0.0,0,1,FP,1.001256,0.0,93.23,1.0,0.10221540528889135,0.092308,44.0,14.0,,,
2025-01-08 01:00:00,london,temperature_2m,LOF,0.4,,False,0.0,0,1,FP,1.002237,0.0,93.46,1.0,0.10221540528889135,0.092308,44.0,14.0,,,
2025-01-08 02:00:00,london,temperature_2m,LOF,0.6,,False,0.0,0,1,FP,1.0,0.0,92.07,1.0,0.10221540528889135,0.092308,44.0,14.0,,,
2025-01-08 06:00:00,london,temperature_2m,LOF,-0.3,,False,0.0,0,1,FP,1.0,0.0,92.19,1.0,0.10221540528889135,0.092308,44.0,14.0,,,
2025-01-08 07:00:00,london,temperature_2m,LOF,-0.3,,False,0.0,0,1,FP,1.0,0.0,92.19,1.0,0.10221540528889135,0.092308,44.0,14.0,,,
2025-01-08 18:00:00,london,temperature_2m,LOF,1.1,,False,0.0,0,1,FP,1.000436,0.0,92.95,1.0,0.10221540528889135,0.092308,44.0,14.0,,,
2025-01-08 20:00:00,london,temperature_2m,LOF,0.8,,False,0.0,0,1,FP,1.001256,0.0,93.23,1.0,0.10221540528889135,0.092308,44.0,14.0,,,
2025-01-08 23:00:00,london,temperature_2m,LOF,0.8,,False,0.0,0,1,FP,1.001256,0.0,93.23,1.0,0.10221540528889135,0.092308,44.0,14.0,,,
2025-01-09 00:00:00,london,temperature_2m,LOF,0.8,,False,0.0,0,1,FP,1.001256,0.0,93.23,1.0,0.10221540528889135,0.092308,44.0,14.0,,,
2025-01-09 02:00:00,london,temperature_2m,LOF,1.1,,False,0.0,0,1,FP,1.000436,0.0,92.95,1.0,0.10221540528889135,0.092308,44.0,14.0,,,
2025-01-09 03:00:00,london,temperature_2m,LOF,1.1,,False,0.0,0,1,FP,1.000436,0.0,92.95,1.0,0.10221540528889135,0.092308,44.0,14.0,,,
2025-01-09 06:00:00,london,temperature_2m,LOF,0.8,,False,0.0,0,1,FP,1.001256,0.0,93.23,1.0,0.10221540528889135,0.092308,44.0,14.0,,,
2025-01-09 09:00:00,london,temperature_2m,LOF,-0.9,,False,0.0,0,1,FP,1.019284,0.0,94.41,1.0,0.10221540528889135,0.092308,44.0,14.0,,,
2025-01-09 10:00:00,london,temperature_2m,LOF,-0.6,,False,0.0,0,1,FP,1.192283,0.0,96.11,1.0,0.10221540528889135,0.092308,44.0,14.0,,,
2025-01-09 11:00:00,london,temperature_2m,LOF,0.4,,False,0.0,0,1,FP,1.002237,0.0,93.46,1.0,0.10221540528889135,0.092308,44.0,14.0,,,
2025-01-09 12:00:00,london,temperature_2m,LOF,1.1,,False,0.0,0,1,FP,1.000436,0.0,92.95,1.0,0.10221540528889135,0.092308,44.0,14.0,,,
2025-01-09 19:00:00,london,temperature_2m,LOF,1.2,,False,0.0,0,1,FP,1.003416,0.0,93.65,1.0,0.10221540528889135,0.092308,44.0,14.0,,,
2025-01-09 20:00:00,london,temperature_2m,LOF,0.8,,False,0.0,0,1,FP,1.001256,0.0,93.23,1.0,0.10221540528889135,0.092308,44.0,14.0,,,
2025-01-09 21:00:00,london,temperature_2m,LOF,0.4,,False,0.0,0,1,FP,1.002237,0.0,93.46,1.0,0.10221540528889135,0.092308,44.0,14.0,,,
2025-01-10 00:00:00,london,temperature_2m,LOF,-0.3,,False,0.0,0,1,FP,1.0,0.0,92.19,1.0,0.10221540528889135,0.092308,44.0,14.0,,,
2025-01-10 01:00:00,london,temperature_2m,LOF,-0.6,,False,0.0,0,1,FP,1.192283,0.0,96.11,1.0,0.10221540528889135,0.092308,44.0,14.0,,,
2025-01-10 02:00:00,london,temperature_2m,LOF,-0.5,,False,0.0,0,1,FP,1.105179,0.0,95.66,1.0,0.10221540528889135,0.092308,44.0,14.0,,,
2025-01-10 03:00:00,london,temperature_2m,LOF,-0.9,,False,0.0,0,1,FP,1.019284,0.0,94.41,1.0,0.10221540528889135,0.092308,44.0,14.0,,,
2025-01-10 04:00:00,london,temperature_2m,LOF,-1.1,,False,0.0,0,1,FP,1.359734,0.0,96.29,1.0,0.10221540528889135,0.092308,44.0,14.0,,,
2025-01-10 05:00:00,london,temperature_2m,LOF,-1.3,,False,0.0,0,1,FP,1.025986,0.0,94.56,1.0,0.10221540528889135,0.092308,44.0,14.0,,,
2025-01-10 06:00:00,london,temperature_2m,LOF,-1.6,,False,0.0,0,1,FP,1.109577,0.0,95.7,1.0,0.10221540528889135,0.092308,44.0,14.0,,,
2025-01-10 07:00:00,london,temperature_2m,LOF,-1.8,,False,0.0,0,1,FP,1.058037,0.0,94.95,1.0,0.10221540528889135,0.092308,44.0,14.0,,,
2025-01-10 08:00:00,london,temperature_2m,LOF,-1.8,,False,0.0,0,1,FP,1.058037,0.0,94.95,1.0,0.10221540528889135,0.092308,44.0,14.0,,,
2025-01-10 09:00:00,london,temperature_2m,LOF,-2.0,,False,0.0,0,1,FP,1.083235,0.0,95.41,1.0,0.10221540528889135,0.092308,44.0,14.0,,,
2025-01-10 10:00:00,london,temperature_2m,LOF,-1.7,,False,0.0,0,1,FP,1.060414,0.0,95.05,1.0,0.10221540528889135,0.092308,44.0,14.0,,,
2025-01-10 11:00:00,london,temperature_2m,LOF,-0.9,,False,0.0,0,1,FP,1.019284,0.0,94.41,1.0,0.10221540528889135,0.092308,44.0,14.0,,,
2025-01-10 12:00:00,london,temperature_2m,LOF,0.1,,False,0.0,0,1,FP,1.002716,0.0,93.54,1.0,0.10221540528889135,0.092308,44.0,14.0,,,
2025-01-10 17:00:00,london,temperature_2m,LOF,0.4,,False,0.0,0,1,FP,1.002237,0.0,93.46,1.0,0.10221540528889135,0.092308,44.0,14.0,,,
2025-01-10 18:00:00,london,temperature_2m,LOF,-0.6,,False,0.0,0,1,FP,1.192283,0.0,96.11,1.0,0.10221540528889135,0.092308,44.0,14.0,,,
2025-01-10 19:00:00,london,temperature_2m,LOF,-1.0,,False,0.0,0,1,FP,1.156031,0.0,95.91,1.0,0.10221540528889135,0.092308,44.0,14.0,,,
2025-01-10 20:00:00,london,temperature_2m,LOF,-0.9,,False,0.0,0,1,FP,1.019284,0.0,94.41,1.0,0.10221540528889135,0.092308,44.0,14.0,,,
2025-01-10 21:00:00,london,temperature_2m,LOF,-1.0,,False,0.0,0,1,FP,1.156031,0.0,95.91,1.0,0.10221540528889135,0.092308,44.0,14.0,,,
2025-01-10 22:00:00,london,temperature_2m,LOF,-1.5,,False,0.0,0,1,FP,1.068711,0.0,95.24,1.0,0.10221540528889135,0.092308,44.0,14.0,,,
2025-01-10 23:00:00,london,temperature_2m,LOF,-2.0,,False,0.0,0,1,FP,1.083235,0.0,95.41,1.0,0.10221540528889135,0.092308,44.0,14.0,,,
2025-01-11 00:00:00,london,temperature_2m,LOF,-1.9,,False,0.0,0,1,FP,1.098596,0.0,95.5,1.0,0.10221540528889135,0.092308,44.0,14.0,,,
2025-01-11 01:00:00,london,temperature_2m,LOF,-2.5,,False,0.0,0,1,FP,1.083462,0.0,95.43,1.0,0.10221540528889135,0.092308,44.0,14.0,,,
2025-01-11 03:00:00,london,temperature_2m,LOF,-2.4,,False,0.0,0,1,FP,1.059375,0.0,95.03,1.0,0.10221540528889135,0.092308,44.0,14.0,,,
2025-01-11 04:00:00,london,temperature_2m,LOF,-2.5,,False,0.0,0,1,FP,1.083462,0.0,95.43,1.0,0.10221540528889135,0.092308,44.0,14.0,,,
2025-01-11 05:00:00,london,temperature_2m,LOF,-3.0,,False,0.0,0,1,FP,1.009387,0.0,94.01,1.0,0.10221540528889135,0.092308,44.0,14.0,,,
2025-01-11 10:00:00,london,temperature_2m,LOF,-3.1,,False,0.0,0,1,FP,1.004608,0.0,93.75,1.0,0.10221540528889135,0.092308,44.0,14.0,,,
2025-01-11 11:00:00,london,temperature_2m,LOF,-1.6,,False,0.0,0,1,FP,1.109577,0.0,95.7,1.0,0.10221540528889135,0.092308,44.0,14.0,,,
2025-01-11 12:00:00,london,temperature_2m,LOF,0.1,,False,0.0,0,1,FP,1.002716,0.0,93.54,1.0,0.10221540528889135,0.092308,44.0,14.0,,,
2025-01-11 13:00:00,london,temperature_2m,LOF,1.6,,False,0.0,0,1,FP,15144441.18661,0.137931,97.3,1.0,0.10221540528889135,0.092308,44.0,14.0,,,
2025-01-11 14:00:00,london,temperature_2m,LOF,0.7,,False,0.0,0,1,FP,1.0,0.0,92.27,1.0,0.10221540528889135,0.092308,44.0,14.0,,,
2025-01-11 17:00:00,london,temperature_2m,LOF,-2.7,,False,0.0,0,1,FP,1.048364,0.0,94.85,1.0,0.10221540528889135,0.092308,44.0,14.0,,,
2025-01-11 18:00:00,london,temperature_2m,LOF,-3.0,,False,0.0,0,1,FP,1.009387,0.0,94.01,1.0,0.10221540528889135,0.092308,44.0,14.0,,,
2025-01-11 19:00:00,london,temperature_2m,LOF,-2.9,,False,0.0,0,1,FP,1.033058,0.0,94.66,1.0,0.10221540528889135,0.092308,44.0,14.0,,,
2025-01-12 00:00:00,london,temperature_2m,LOF,-4.2,,False,0.0,0,1,FP,1.055768,0.0,94.93,1.0,0.10221540528889135,0.092308,44.0,14.0,,,
2025-01-12 01:00:00,london,temperature_2m,LOF,-4.5,,False,0.0,0,1,FP,1.234417,0.0,96.21,1.0,0.10221540528889135,0.092308,44.0,14.0,,,
2025-01-12 02:00:00,london,temperature_2m,LOF,-2.2,,False,0.0,0,1,FP,1.145215,0.0,95.84,1.0,0.10221540528889135,0.092308,44.0,14.0,,,
2025-01-12 03:00:00,london,temperature_2m,LOF,-2.9,,False,0.0,0,1,FP,1.033058,0.0,94.66,1.0,0.10221540528889135,0.092308,44.0,14.0,,,
2025-01-12 06:00:00,london,temperature_2m,LOF,-4.0,,False,0.0,0,1,FP,1.013371,0.0,94.3,1.0,0.10221540528889135,0.092308,44.0,14.0,,,
2025-01-12 07:00:00,london,temperature_2m,LOF,-4.2,,False,0.0,0,1,FP,1.055768,0.0,94.93,1.0,0.10221540528889135,0.092308,44.0,14.0,,,
2025-01-12 08:00:00,london,temperature_2m,LOF,-4.3,,False,0.0,0,1,FP,1.102452,0.0,95.53,1.0,0.10221540528889135,0.092308,44.0,14.0,,,
2025-01-12 09:00:00,london,temperature_2m,LOF,-4.2,,False,0.0,0,1,FP,1.055768,0.0,94.93,1.0,0.10221540528889135,0.092308,44.0,14.0,,,
2025-01-12 10:00:00,london,temperature_2m,LOF,-3.9,,False,0.0,0,1,FP,1.007589,0.0,93.92,1.0,0.10221540528889135,0.092308,44.0,14.0,,,
2025-01-12 11:00:00,london,temperature_2m,LOF,-2.3,,False,0.0,0,1,FP,1.083475,0.0,95.45,1.0,0.10221540528889135,0.092308,44.0,14.0,,,
2025-01-12 14:00:00,london,temperature_2m,LOF,2.4,,False,0.0,0,1,FP,1.000117,0.0,92.59,1.0,0.10221540528889135,0.092308,44.0,14.0,,,
2025-01-12 20:00:00,london,temperature_2m,LOF,2.1,,False,0.0,0,1,FP,106011082.306273,0.965517,99.96,1.0,0.10221540528889135,0.092308,44.0,14.0,,,
2025-01-12 21:00:00,london,temperature_2m,LOF,2.4,,False,0.0,0,1,FP,1.000117,0.0,92.59,1.0,0.10221540528889135,0.092308,44.0,14.0,,,
2025-01-12 22:00:00,london,temperature_2m,LOF,2.6,,False,0.0,0,1,FP,71356565.031787,0.649894,99.57,1.0,0.10221540528889135,0.092308,44.0,14.0,,,
2025-01-13 00:00:00,london,temperature_2m,LOF,1.9,,False,0.0,0,1,FP,1.000432,0.0,92.77,1.0,0.10221540528889135,0.092308,44.0,14.0,,,
2025-01-13 21:00:00,london,temperature_2m,LOF,2.6,,False,0.0,0,1,FP,71356565.031787,0.649894,99.57,1.0,0.10221540528889135,0.092308,44.0,14.0,,,
2025-01-14 02:00:00,london,temperature_2m,LOF,2.9,,False,0.0,0,1,FP,45433321.559831,0.413793,98.52,1.0,0.10221540528889135,0.092308,44.0,14.0,,,
2025-01-14 08:00:00,london,temperature_2m,LOF,2.6,,False,0.0,0,1,FP,71356565.031787,0.649894,99.57,1.0,0.10221540528889135,0.092308,44.0,14.0,,,
2025-01-14 11:00:00,london,temperature_2m,LOF,3.6,,False,0.0,0,1,FP,64363871.793094,0.586207,99.43,1.0,0.10221540528889135,0.092308,44.0,14.0,,,
2025-01-14 13:00:00,london,temperature_2m,LOF,5.5,,False,0.0,0,1,FP,11264178.005473,0.102591,97.09,1.0,0.10221540528889135,0.092308,44.0,14.0,,,
2025-01-17 04:00:00,london,temperature_2m,LOF,5.5,,False,0.0,0,1,FP,11264178.005473,0.102591,97.09,1.0,0.10221540528889135,0.092308,44.0,14.0,,,
2025-01-17 17:00:00,london,temperature_2m,LOF,5.5,,False,0.0,0,1,FP,11264178.005473,0.102591,97.09,1.0,0.10221540528889135,0.092308,44.0,14.0,,,
2025-01-18 02:00:00,london,temperature_2m,LOF,3.4,,False,0.0,0,1,FP,48929597.630348,0.445636,98.76,1.0,0.10221540528889135,0.092308,44.0,14.0,,,
2025-01-18 03:00:00,london,temperature_2m,LOF,3.1,,False,0.0,0,1,FP,94652752.166315,0.862069,99.88,1.0,0.10221540528889135,0.092308,44.0,14.0,,,
2025-01-18 13:00:00,london,temperature_2m,LOF,2.9,,False,0.0,0,1,FP,45433321.559831,0.413793,98.52,1.0,0.10221540528889135,0.092308,44.0,14.0,,,
2025-01-18 18:00:00,london,temperature_2m,LOF,2.4,,False,0.0,0,1,FP,1.000117,0.0,92.59,1.0,0.10221540528889135,0.092308,44.0,14.0,,,
2025-01-18 22:00:00,london,temperature_2m,LOF,2.4,,False,0.0,0,1,FP,1.000117,0.0,92.59,1.0,0.10221540528889135,0.092308,44.0,14.0,,,
2025-01-19 00:00:00,london,temperature_2m,LOF,1.9,,False,0.0,0,1,FP,1.000432,0.0,92.77,1.0,0.10221540528889135,0.092308,44.0,14.0,,,
2025-01-19 02:00:00,london,temperature_2m,LOF,1.9,,False,0.0,0,1,FP,1.000432,0.0,92.77,1.0,0.10221540528889135,0.092308,44.0,14.0,,,
2025-01-19 05:00:00,london,temperature_2m,LOF,2.1,,False,0.0,0,1,FP,106011082.306273,0.965517,99.96,1.0,0.10221540528889135,0.092308,44.0,14.0,,,
2025-01-19 11:00:00,london,temperature_2m,LOF,2.4,,False,0.0,0,1,FP,1.000117,0.0,92.59,1.0,0.10221540528889135,0.092308,44.0,14.0,,,
2025-01-19 21:00:00,london,temperature_2m,LOF,2.6,,False,0.0,0,1,FP,71356565.031787,0.649894,99.57,1.0,0.10221540528889135,0.092308,44.0,14.0,,,
2025-01-20 02:00:00,london,temperature_2m,LOF,2.4,,False,0.0,0,1,FP,1.000117,0.0,92.59,1.0,0.10221540528889135,0.092308,44.0,14.0,,,
2025-01-20 06:00:00,london,temperature_2m,LOF,2.4,,False,0.0,0,1,FP,1.000117,0.0,92.59,1.0,0.10221540528889135,0.092308,44.0,14.0,,,
2025-01-21 06:00:00,london,temperature_2m,LOF,-0.6,,False,0.0,0,1,FP,1.192283,0.0,96.11,1.0,0.10221540528889135,0.092308,44.0,14.0,,,
2025-01-21 08:00:00,london,temperature_2m,LOF,-0.9,,False,0.0,0,1,FP,1.019284,0.0,94.41,1.0,0.10221540528889135,0.092308,44.0,14.0,,,
2025-01-21 09:00:00,london,temperature_2m,LOF,-0.9,,False,0.0,0,1,FP,1.019284,0.0,94.41,1.0,0.10221540528889135,0.092308,44.0,14.0,,,
2025-01-21 10:00:00,london,temperature_2m,LOF,0.6,,False,0.0,0,1,FP,1.0,0.0,92.07,1.0,0.10221540528889135,0.092308,44.0,14.0,,,
2025-01-21 19:00:00,london,temperature_2m,LOF,3.4,,False,0.0,0,1,FP,48929597.630348,0.445636,98.76,1.0,0.10221540528889135,0.092308,44.0,14.0,,,
2025-01-22 00:00:00,london,temperature_2m,LOF,2.6,,False,0.0,0,1,FP,71356565.031787,0.649894,99.57,1.0,0.10221540528889135,0.092308,44.0,14.0,,,
2025-01-22 03:00:00,london,temperature_2m,LOF,2.4,,False,0.0,0,1,FP,1.000117,0.0,92.59,1.0,0.10221540528889135,0.092308,44.0,14.0,,,
2025-01-22 07:00:00,london,temperature_2m,LOF,2.4,,False,0.0,0,1,FP,1.000117,0.0,92.59,1.0,0.10221540528889135,0.092308,44.0,14.0,,,
2025-01-22 12:00:00,london,temperature_2m,LOF,3.4,,False,0.0,0,1,FP,48929597.630348,0.445636,98.76,1.0,0.10221540528889135,0.092308,44.0,14.0,,,
2025-01-23 00:00:00,london,temperature_2m,LOF,3.6,,False,0.0,0,1,FP,64363871.793094,0.586207,99.43,1.0,0.10221540528889135,0.092308,44.0,14.0,,,
2025-01-23 03:00:00,london,temperature_2m,LOF,1.6,,False,0.0,0,1,FP,15144441.18661,0.137931,97.3,1.0,0.10221540528889135,0.092308,44.0,14.0,,,
2025-01-23 22:00:00,london,temperature_2m,LOF,5.5,,False,0.0,0,1,FP,11264178.005473,0.102591,97.09,1.0,0.10221540528889135,0.092308,44.0,14.0,,,
2025-01-25 10:00:00,london,temperature_2m,LOF,3.1,,False,0.0,0,1,FP,94652752.166315,0.862069,99.88,1.0,0.10221540528889135,0.092308,44.0,14.0,,,
2025-01-25 19:00:00,london,temperature_2m,LOF,5.0,,False,0.0,0,1,FP,3786111.046653,0.034483,96.47,1.0,0.10221540528889135,0.092308,44.0,14.0,,,
2025-01-26 00:00:00,london,temperature_2m,LOF,2.9,,False,0.0,0,1,FP,45433321.559831,0.413793,98.52,1.0,0.10221540528889135,0.092308,44.0,14.0,,,
2025-01-26 02:00:00,london,temperature_2m,LOF,1.6,,False,0.0,0,1,FP,15144441.18661,0.137931,97.3,1.0,0.10221540528889135,0.092308,44.0,14.0,,,
2025-01-26 04:00:00,london,temperature_2m,LOF,2.1,,False,0.0,0,1,FP,106011082.306273,0.965517,99.96,1.0,0.10221540528889135,0.092308,44.0,14.0,,,
2025-01-26 11:00:00,london,temperature_2m,LOF,5.5,,False,0.0,0,1,FP,11264178.005473,0.102591,97.09,1.0,0.10221540528889135,0.092308,44.0,14.0,,,
2025-01-29 06:00:00,london,temperature_2m,LOF,5.0,,False,0.0,0,1,FP,3786111.046653,0.034483,96.47,1.0,0.10221540528889135,0.092308,44.0,14.0,,,
2025-01-30 09:00:00,london,temperature_2m,LOF,1.9,,False,0.0,0,1,FP,1.000432,0.0,92.77,1.0,0.10221540528889135,0.092308,44.0,14.0,,,
2025-01-30 11:00:00,london,temperature_2m,LOF,3.1,,False,0.0,0,1,FP,94652752.166315,0.862069,99.88,1.0,0.10221540528889135,0.092308,44.0,14.0,,,
2025-01-30 21:00:00,london,temperature_2m,LOF,3.9,,False,0.0,0,1,FP,45357624.510619,0.413104,98.21,1.0,0.10221540528889135,0.092308,44.0,14.0,,,
2025-01-31 00:00:00,london,temperature_2m,LOF,2.4,,False,0.0,0,1,FP,1.000117,0.0,92.59,1.0,0.10221540528889135,0.092308,44.0,14.0,,,
2025-01-31 01:00:00,london,temperature_2m,LOF,2.1,,False,0.0,0,1,FP,106011082.306273,0.965517,99.96,1.0,0.10221540528889135,0.092308,44.0,14.0,,,
2025-02-01 04:00:00,london,temperature_2m,LOF,5.0,,False,0.0,0,1,FP,3786111.046653,0.034483,96.47,1.0,0.10221540528889135,0.092308,44.0,14.0,,,
2025-02-01 05:00:00,london,temperature_2m,LOF,5.0,,False,0.0,0,1,FP,3786111.046653,0.034483,96.47,1.0,0.10221540528889135,0.092308,44.0,14.0,,,
2025-02-01 10:00:00,london,temperature_2m,LOF,5.0,,False,0.0,0,1,FP,3786111.046653,0.034483,96.47,1.0,0.10221540528889135,0.092308,44.0,14.0,,,
2025-02-01 22:00:00,london,temperature_2m,LOF,3.6,,False,0.0,0,1,FP,64363871.793094,0.586207,99.43,1.0,0.10221540528889135,0.092308,44.0,14.0,,,
2025-02-02 07:00:00,london,temperature_2m,LOF,1.3,,False,0.0,0,1,FP,1.007495,0.0,93.88,1.0,0.10221540528889135,0.092308,44.0,14.0,,,
2025-02-02 21:00:00,london,temperature_2m,LOF,3.1,,False,0.0,0,1,FP,94652752.166315,0.862069,99.88,1.0,0.10221540528889135,0.092308,44.0,14.0,,,
2025-02-03 01:00:00,london,temperature_2m,LOF,1.1,,False,0.0,0,1,FP,1.000436,0.0,92.95,1.0,0.10221540528889135,0.092308,44.0,14.0,,,
2025-02-03 04:00:00,london,temperature_2m,LOF,-0.3,,False,0.0,0,1,FP,1.0,0.0,92.19,1.0,0.10221540528889135,0.092308,44.0,14.0,,,
2025-02-03 05:00:00,london,temperature_2m,LOF,-1.2,,False,0.0,0,1,FP,1.104477,0.0,95.6,1.0,0.10221540528889135,0.092308,44.0,14.0,,,
2025-02-03 06:00:00,london,temperature_2m,LOF,-0.6,,False,0.0,0,1,FP,1.192283,0.0,96.11,1.0,0.10221540528889135,0.092308,44.0,14.0,,,
2025-02-05 08:00:00,london,temperature_2m,LOF,2.6,,False,0.0,0,1,FP,71356565.031787,0.649894,99.57,1.0,0.10221540528889135,0.092308,44.0,14.0,,,
2025-02-05 11:00:00,london,temperature_2m,LOF,5.0,,False,0.0,0,1,FP,3786111.046653,0.034483,96.47,1.0,0.10221540528889135,0.092308,44.0,14.0,,,
2025-02-06 02:00:00,london,temperature_2m,LOF,2.9,,False,0.0,0,1,FP,45433321.559831,0.413793,98.52,1.0,0.10221540528889135,0.092308,44.0,14.0,,,
2025-02-06 05:00:00,london,temperature_2m,LOF,1.6,,False,0.0,0,1,FP,15144441.18661,0.137931,97.3,1.0,0.10221540528889135,0.092308,44.0,14.0,,,
2025-02-06 06:00:00,london,temperature_2m,LOF,1.2,,False,0.0,0,1,FP,1.003416,0.0,93.65,1.0,0.10221540528889135,0.092308,44.0,14.0,,,
2025-02-06 08:00:00,london,temperature_2m,LOF,0.6,,False,0.0,0,1,FP,1.0,0.0,92.07,1.0,0.10221540528889135,0.092308,44.0,14.0,,,
2025-02-06 09:00:00,london,temperature_2m,LOF,0.6,,False,0.0,0,1,FP,1.0,0.0,92.07,1.0,0.10221540528889135,0.092308,44.0,14.0,,,
2025-02-06 10:00:00,london,temperature_2m,LOF,1.6,,False,0.0,0,1,FP,15144441.18661,0.137931,97.3,1.0,0.10221540528889135,0.092308,44.0,14.0,,,
2025-02-06 11:00:00,london,temperature_2m,LOF,3.1,,False,0.0,0,1,FP,94652752.166315,0.862069,99.88,1.0,0.10221540528889135,0.092308,44.0,14.0,,,
2025-02-07 07:00:00,london,temperature_2m,LOF,3.4,,False,0.0,0,1,FP,48929597.630348,0.445636,98.76,1.0,0.10221540528889135,0.092308,44.0,14.0,,,
2025-02-07 08:00:00,london,temperature_2m,LOF,3.6,,False,0.0,0,1,FP,64363871.793094,0.586207,99.43,1.0,0.10221540528889135,0.092308,44.0,14.0,,,
2025-02-07 10:00:00,london,temperature_2m,LOF,3.6,,False,0.0,0,1,FP,64363871.793094,0.586207,99.43,1.0,0.10221540528889135,0.092308,44.0,14.0,,,
2025-02-07 15:00:00,london,temperature_2m,LOF,3.6,,False,0.0,0,1,FP,64363871.793094,0.586207,99.43,1.0,0.10221540528889135,0.092308,44.0,14.0,,,
2025-02-07 20:00:00,london,temperature_2m,LOF,2.9,,False,0.0,0,1,FP,45433321.559831,0.413793,98.52,1.0,0.10221540528889135,0.092308,44.0,14.0,,,
2025-02-08 00:00:00,london,temperature_2m,LOF,3.9,,False,0.0,0,1,FP,45357624.510619,0.413104,98.21,1.0,0.10221540528889135,0.092308,44.0,14.0,,,
2025-02-08 03:00:00,london,temperature_2m,LOF,3.9,,False,0.0,0,1,FP,45357624.510619,0.413104,98.21,1.0,0.10221540528889135,0.092308,44.0,14.0,,,
2025-02-08 07:00:00,london,temperature_2m,LOF,3.9,,False,0.0,0,1,FP,45357624.510619,0.413104,98.21,1.0,0.10221540528889135,0.092308,44.0,14.0,,,
2025-02-09 06:00:00,london,temperature_2m,LOF,1.3,,False,0.0,0,1,FP,1.007495,0.0,93.88,1.0,0.10221540528889135,0.092308,44.0,14.0,,,
2025-02-09 08:00:00,london,temperature_2m,LOF,1.6,,False,0.0,0,1,FP,15144441.18661,0.137931,97.3,1.0,0.10221540528889135,0.092308,44.0,14.0,,,
2025-02-09 09:00:00,london,temperature_2m,LOF,2.4,,False,0.0,0,1,FP,1.000117,0.0,92.59,1.0,0.10221540528889135,0.092308,44.0,14.0,,,
2025-02-09 18:00:00,london,temperature_2m,LOF,5.5,,False,0.0,0,1,FP,11264178.005473,0.102591,97.09,1.0,0.10221540528889135,0.092308,44.0,14.0,,,
2025-02-09 22:00:00,london,temperature_2m,LOF,3.4,,False,0.0,0,1,FP,48929597.630348,0.445636,98.76,1.0,0.10221540528889135,0.092308,44.0,14.0,,,
2025-02-09 23:00:00,london,temperature_2m,LOF,3.4,,False,0.0,0,1,FP,48929597.630348,0.445636,98.76,1.0,0.10221540528889135,0.092308,44.0,14.0,,,
2025-02-10 08:00:00,london,temperature_2m,LOF,3.6,,False,0.0,0,1,FP,64363871.793094,0.586207,99.43,1.0,0.10221540528889135,0.092308,44.0,14.0,,,
2025-02-10 10:00:00,london,temperature_2m,LOF,3.6,,False,0.0,0,1,FP,64363871.793094,0.586207,99.43,1.0,0.10221540528889135,0.092308,44.0,14.0,,,
2025-02-10 15:00:00,london,temperature_2m,LOF,3.9,,False,0.0,0,1,FP,45357624.510619,0.413104,98.21,1.0,0.10221540528889135,0.092308,44.0,14.0,,,
2025-02-10 19:00:00,london,temperature_2m,LOF,2.9,,False,0.0,0,1,FP,45433321.559831,0.413793,98.52,1.0,0.10221540528889135,0.092308,44.0,14.0,,,
2025-02-10 20:00:00,london,temperature_2m,LOF,2.6,,False,0.0,0,1,FP,71356565.031787,0.649894,99.57,1.0,0.10221540528889135,0.092308,44.0,14.0,,,
2025-02-10 23:00:00,london,temperature_2m,LOF,2.6,,False,0.0,0,1,FP,71356565.031787,0.649894,99.57,1.0,0.10221540528889135,0.092308,44.0,14.0,,,
2025-02-11 02:00:00,london,temperature_2m,LOF,2.9,,False,0.0,0,1,FP,45433321.559831,0.413793,98.52,1.0,0.10221540528889135,0.092308,44.0,14.0,,,
2025-02-11 07:00:00,london,temperature_2m,LOF,2.9,,False,0.0,0,1,FP,45433321.559831,0.413793,98.52,1.0,0.10221540528889135,0.092308,44.0,14.0,,,
2025-02-11 10:00:00,london,temperature_2m,LOF,3.4,,False,0.0,0,1,FP,48929597.630348,0.445636,98.76,1.0,0.10221540528889135,0.092308,44.0,14.0,,,
2025-02-11 15:00:00,london,temperature_2m,LOF,5.0,,False,0.0,0,1,FP,3786111.046653,0.034483,96.47,1.0,0.10221540528889135,0.092308,44.0,14.0,,,
2025-02-12 00:00:00,london,temperature_2m,LOF,3.9,,False,0.0,0,1,FP,45357624.510619,0.413104,98.21,1.0,0.10221540528889135,0.092308,44.0,14.0,,,
2025-02-12 20:00:00,london,temperature_2m,LOF,5.0,,False,0.0,0,1,FP,3786111.046653,0.034483,96.47,1.0,0.10221540528889135,0.092308,44.0,14.0,,,
2025-02-13 00:00:00,london,temperature_2m,LOF,3.4,,False,0.0,0,1,FP,48929597.630348,0.445636,98.76,1.0,0.10221540528889135,0.092308,44.0,14.0,,,
2025-02-13 06:00:00,london,temperature_2m,LOF,3.1,,False,0.0,0,1,FP,94652752.166315,0.862069,99.88,1.0,0.10221540528889135,0.092308,44.0,14.0,,,
2025-02-13 09:00:00,london,temperature_2m,LOF,3.1,,False,0.0,0,1,FP,94652752.166315,0.862069,99.88,1.0,0.10221540528889135,0.092308,44.0,14.0,,,
2025-02-13 11:00:00,london,temperature_2m,LOF,3.9,,False,0.0,0,1,FP,45357624.510619,0.413104,98.21,1.0,0.10221540528889135,0.092308,44.0,14.0,,,
2025-02-13 18:00:00,london,temperature_2m,LOF,3.9,,False,0.0,0,1,FP,45357624.510619,0.413104,98.21,1.0,0.10221540528889135,0.092308,44.0,14.0,,,
2025-02-13 21:00:00,london,temperature_2m,LOF,3.1,,False,0.0,0,1,FP,94652752.166315,0.862069,99.88,1.0,0.10221540528889135,0.092308,44.0,14.0,,,
2025-02-14 05:00:00,london,temperature_2m,LOF,1.9,,False,0.0,0,1,FP,1.000432,0.0,92.77,1.0,0.10221540528889135,0.092308,44.0,14.0,,,
2025-02-14 06:00:00,london,temperature_2m,LOF,1.6,,False,0.0,0,1,FP,15144441.18661,0.137931,97.3,1.0,0.10221540528889135,0.092308,44.0,14.0,,,
2025-02-14 07:00:00,london,temperature_2m,LOF,1.2,,False,0.0,0,1,FP,1.003416,0.0,93.65,1.0,0.10221540528889135,0.092308,44.0,14.0,,,
2025-02-14 10:00:00,london,temperature_2m,LOF,1.6,,False,0.0,0,1,FP,15144441.18661,0.137931,97.3,1.0,0.10221540528889135,0.092308,44.0,14.0,,,
2025-02-14 19:00:00,london,temperature_2m,LOF,2.6,,False,0.0,0,1,FP,71356565.031787,0.649894,99.57,1.0,0.10221540528889135,0.092308,44.0,14.0,,,
2025-02-15 01:00:00,london,temperature_2m,LOF,1.9,,False,0.0,0,1,FP,1.000432,0.0,92.77,1.0,0.10221540528889135,0.092308,44.0,14.0,,,
2025-02-15 05:00:00,london,temperature_2m,LOF,1.9,,False,0.0,0,1,FP,1.000432,0.0,92.77,1.0,0.10221540528889135,0.092308,44.0,14.0,,,
2025-02-15 07:00:00,london,temperature_2m,LOF,1.9,,False,0.0,0,1,FP,1.000432,0.0,92.77,1.0,0.10221540528889135,0.092308,44.0,14.0,,,
2025-02-15 12:00:00,london,temperature_2m,LOF,3.9,,False,0.0,0,1,FP,45357624.510619,0.413104,98.21,1.0,0.10221540528889135,0.092308,44.0,14.0,,,
2025-02-15 22:00:00,london,temperature_2m,LOF,2.9,,False,0.0,0,1,FP,45433321.559831,0.413793,98.52,1.0,0.10221540528889135,0.092308,44.0,14.0,,,
2025-02-16 04:00:00,london,temperature_2m,LOF,2.1,,False,0.0,0,1,FP,106011082.306273,0.965517,99.96,1.0,0.10221540528889135,0.092308,44.0,14.0,,,
2025-02-16 05:00:00,london,temperature_2m,LOF,2.1,,False,0.0,0,1,FP,106011082.306273,0.965517,99.96,1.0,0.10221540528889135,0.092308,44.0,14.0,,,
2025-02-16 08:00:00,london,temperature_2m,LOF,2.1,,False,0.0,0,1,FP,106011082.306273,0.965517,99.96,1.0,0.10221540528889135,0.092308,44.0,14.0,,,
2025-02-16 15:00:00,london,temperature_2m,LOF,3.9,,False,0.0,0,1,FP,45357624.510619,0.413104,98.21,1.0,0.10221540528889135,0.092308,44.0,14.0,,,
2025-02-16 18:00:00,london,temperature_2m,LOF,2.9,,False,0.0,0,1,FP,45433321.559831,0.413793,98.52,1.0,0.10221540528889135,0.092308,44.0,14.0,,,
2025-02-16 19:00:00,london,temperature_2m,LOF,2.6,,False,0.0,0,1,FP,71356565.031787,0.649894,99.57,1.0,0.10221540528889135,0.092308,44.0,14.0,,,
2025-02-16 20:00:00,london,temperature_2m,LOF,2.4,,False,0.0,0,1,FP,1.000117,0.0,92.59,1.0,0.10221540528889135,0.092308,44.0,14.0,,,
2025-02-16 21:00:00,london,temperature_2m,LOF,2.4,,False,0.0,0,1,FP,1.000117,0.0,92.59,1.0,0.10221540528889135,0.092308,44.0,14.0,,,
2025-02-16 22:00:00,london,temperature_2m,LOF,2.4,,False,0.0,0,1,FP,1.000117,0.0,92.59,1.0,0.10221540528889135,0.092308,44.0,14.0,,,
2025-02-17 01:00:00,london,temperature_2m,LOF,1.1,,False,0.0,0,1,FP,1.000436,0.0,92.95,1.0,0.10221540528889135,0.092308,44.0,14.0,,,
2025-02-17 02:00:00,london,temperature_2m,LOF,0.8,,False,0.0,0,1,FP,1.001256,0.0,93.23,1.0,0.10221540528889135,0.092308,44.0,14.0,,,
2025-02-17 07:00:00,london,temperature_2m,LOF,-0.3,,False,0.0,0,1,FP,1.0,0.0,92.19,1.0,0.10221540528889135,0.092308,44.0,14.0,,,
2025-02-17 08:00:00,london,temperature_2m,LOF,-0.5,,False,0.0,0,1,FP,1.105179,0.0,95.66,1.0,0.10221540528889135,0.092308,44.0,14.0,,,
2025-02-17 10:00:00,london,temperature_2m,LOF,0.7,,False,0.0,0,1,FP,1.0,0.0,92.27,1.0,0.10221540528889135,0.092308,44.0,14.0,,,
2025-02-17 21:00:00,london,temperature_2m,LOF,1.1,,False,0.0,0,1,FP,1.000436,0.0,92.95,1.0,0.10221540528889135,0.092308,44.0,14.0,,,
2025-02-17 23:00:00,london,temperature_2m,LOF,0.8,,False,0.0,0,1,FP,1.001256,0.0,93.23,1.0,0.10221540528889135,0.092308,44.0,14.0,,,
2025-02-18 00:00:00,london,temperature_2m,LOF,0.7,,False,0.0,0,1,FP,1.0,0.0,92.27,1.0,0.10221540528889135,0.092308,44.0,14.0,,,
2025-02-18 01:00:00,london,temperature_2m,LOF,0.6,,False,0.0,0,1,FP,1.0,0.0,92.07,1.0,0.10221540528889135,0.092308,44.0,14.0,,,
2025-02-18 02:00:00,london,temperature_2m,LOF,0.6,,False,0.0,0,1,FP,1.0,0.0,92.07,1.0,0.10221540528889135,0.092308,44.0,14.0,,,
2025-02-18 03:00:00,london,temperature_2m,LOF,0.6,,False,0.0,0,1,FP,1.0,0.0,92.07,1.0,0.10221540528889135,0.092308,44.0,14.0,,,
2025-02-18 05:00:00,london,temperature_2m,LOF,0.4,,False,0.0,0,1,FP,1.002237,0.0,93.46,1.0,0.10221540528889135,0.092308,44.0,14.0,,,
2025-02-18 10:00:00,london,temperature_2m,LOF,1.2,,False,0.0,0,1,FP,1.003416,0.0,93.65,1.0,0.10221540528889135,0.092308,44.0,14.0,,,
2025-02-19 02:00:00,london,temperature_2m,LOF,1.9,,False,0.0,0,1,FP,1.000432,0.0,92.77,1.0,0.10221540528889135,0.092308,44.0,14.0,,,
2025-02-19 04:00:00,london,temperature_2m,LOF,1.6,,False,0.0,0,1,FP,15144441.18661,0.137931,97.3,1.0,0.10221540528889135,0.092308,44.0,14.0,,,
2025-02-19 05:00:00,london,temperature_2m,LOF,1.6,,False,0.0,0,1,FP,15144441.18661,0.137931,97.3,1.0,0.10221540528889135,0.092308,44.0,14.0,,,
2025-02-19 06:00:00,london,temperature_2m,LOF,1.6,,False,0.0,0,1,FP,15144441.18661,0.137931,97.3,1.0,0.10221540528889135,0.092308,44.0,14.0,,,
2025-02-28 05:00:00,london,temperature_2m,LOF,1.6,,False,0.0,0,1,FP,15144441.18661,0.137931,97.3,1.0,0.10221540528889135,0.092308,44.0,14.0,,,
2025-02-28 06:00:00,london,temperature_2m,LOF,1.2,,False,0.0,0,1,FP,1.003416,0.0,93.65,1.0,0.10221540528889135,0.092308,44.0,14.0,,,
2025-03-01 06:00:00,london,temperature_2m,LOF,0.6,,False,0.0,0,1,FP,1.0,0.0,92.07,1.0,0.10221540528889135,0.092308,44.0,14.0,,,
2025-03-01 08:00:00,london,temperature_2m,LOF,0.1,,False,0.0,0,1,FP,1.002716,0.0,93.54,1.0,0.10221540528889135,0.092308,44.0,14.0,,,
2025-03-01 09:00:00,london,temperature_2m,LOF,0.4,,False,0.0,0,1,FP,1.002237,0.0,93.46,1.0,0.10221540528889135,0.092308,44.0,14.0,,,
2025-03-01 10:00:00,london,temperature_2m,LOF,1.3,,False,0.0,0,1,FP,1.007495,0.0,93.88,1.0,0.10221540528889135,0.092308,44.0,14.0,,,
2025-03-02 06:00:00,london,temperature_2m,LOF,-0.3,,False,0.0,0,1,FP,1.0,0.0,92.19,1.0,0.10221540528889135,0.092308,44.0,14.0,,,
2025-03-02 07:00:00,london,temperature_2m,LOF,-0.9,,False,0.0,0,1,FP,1.019284,0.0,94.41,1.0,0.10221540528889135,0.092308,44.0,14.0,,,
2025-03-02 08:00:00,london,temperature_2m,LOF,-1.2,,False,0.0,0,1,FP,1.104477,0.0,95.6,1.0,0.10221540528889135,0.092308,44.0,14.0,,,
2025-03-02 09:00:00,london,temperature_2m,LOF,-0.9,,False,0.0,0,1,FP,1.019284,0.0,94.41,1.0,0.10221540528889135,0.092308,44.0,14.0,,,
2025-03-02 10:00:00,london,temperature_2m,LOF,0.4,,False,0.0,0,1,FP,1.002237,0.0,93.46,1.0,0.10221540528889135,0.092308,44.0,14.0,,,
2025-03-02 11:00:00,london,temperature_2m,LOF,1.3,,False,0.0,0,1,FP,1.007495,0.0,93.88,1.0,0.10221540528889135,0.092308,44.0,14.0,,,
2025-03-03 03:00:00,london,temperature_2m,LOF,1.1,,False,0.0,0,1,FP,1.000436,0.0,92.95,1.0,0.10221540528889135,0.092308,44.0,14.0,,,
2025-03-03 04:00:00,london,temperature_2m,LOF,0.8,,False,0.0,0,1,FP,1.001256,0.0,93.23,1.0,0.10221540528889135,0.092308,44.0,14.0,,,
2025-03-03 06:00:00,london,temperature_2m,LOF,-0.3,,False,0.0,0,1,FP,1.0,0.0,92.19,1.0,0.10221540528889135,0.092308,44.0,14.0,,,
2025-03-03 07:00:00,london,temperature_2m,LOF,-0.5,,False,0.0,0,1,FP,1.105179,0.0,95.66,1.0,0.10221540528889135,0.092308,44.0,14.0,,,
2025-03-04 01:00:00,london,temperature_2m,LOF,2.9,,False,0.0,0,1,FP,45433321.559831,0.413793,98.52,1.0,0.10221540528889135,0.092308,44.0,14.0,,,
2025-03-04 03:00:00,london,temperature_2m,LOF,1.9,,False,0.0,0,1,FP,1.000432,0.0,92.77,1.0,0.10221540528889135,0.092308,44.0,14.0,,,
2025-03-04 05:00:00,london,temperature_2m,LOF,1.2,,False,0.0,0,1,FP,1.003416,0.0,93.65,1.0,0.10221540528889135,0.092308,44.0,14.0,,,
2025-03-04 08:00:00,london,temperature_2m,LOF,0.8,,False,0.0,0,1,FP,1.001256,0.0,93.23,1.0,0.10221540528889135,0.092308,44.0,14.0,,,
2025-03-04 09:00:00,london,temperature_2m,LOF,1.9,,False,0.0,0,1,FP,1.000432,0.0,92.77,1.0,0.10221540528889135,0.092308,44.0,14.0,,,
2025-03-04 10:00:00,london,temperature_2m,LOF,3.9,,False,0.0,0,1,FP,45357624.510619,0.413104,98.21,1.0,0.10221540528889135,0.092308,44.0,14.0,,,
2025-03-04 22:00:00,london,temperature_2m,LOF,5.0,,False,0.0,0,1,FP,3786111.046653,0.034483,96.47,1.0,0.10221540528889135,0.092308,44.0,14.0,,,
2025-03-05 09:00:00,london,temperature_2m,LOF,2.6,,False,0.0,0,1,FP,71356565.031787,0.649894,99.57,1.0,0.10221540528889135,0.092308,44.0,14.0,,,
2025-03-12 22:00:00,london,temperature_2m,LOF,2.6,,False,0.0,0,1,FP,71356565.031787,0.649894,99.57,1.0,0.10221540528889135,0.092308,44.0,14.0,,,
2025-03-13 01:00:00,london,temperature_2m,LOF,1.9,,False,0.0,0,1,FP,1.000432,0.0,92.77,1.0,0.10221540528889135,0.092308,44.0,14.0,,,
2025-03-13 04:00:00,london,temperature_2m,LOF,1.9,,False,0.0,0,1,FP,1.000432,0.0,92.77,1.0,0.10221540528889135,0.092308,44.0,14.0,,,
2025-03-13 06:00:00,london,temperature_2m,LOF,1.9,,False,0.0,0,1,FP,1.000432,0.0,92.77,1.0,0.10221540528889135,0.092308,44.0,14.0,,,
2025-03-13 08:00:00,london,temperature_2m,LOF,2.9,,False,0.0,0,1,FP,45433321.559831,0.413793,98.52,1.0,0.10221540528889135,0.092308,44.0,14.0,,,
2025-03-13 21:00:00,london,temperature_2m,LOF,3.6,,False,0.0,0,1,FP,64363871.793094,0.586207,99.43,1.0,0.10221540528889135,0.092308,44.0,14.0,,,
2025-03-13 22:00:00,london,temperature_2m,LOF,2.9,,False,0.0,0,1,FP,45433321.559831,0.413793,98.52,1.0,0.10221540528889135,0.092308,44.0,14.0,,,
2025-03-14 01:00:00,london,temperature_2m,LOF,1.2,,False,0.0,0,1,FP,1.003416,0.0,93.65,1.0,0.10221540528889135,0.092308,44.0,14.0,,,
2025-03-14 03:00:00,london,temperature_2m,LOF,1.1,,False,0.0,0,1,FP,1.000436,0.0,92.95,1.0,0.10221540528889135,0.092308,44.0,14.0,,,
2025-03-14 04:00:00,london,temperature_2m,LOF,0.6,,False,0.0,0,1,FP,1.0,0.0,92.07,1.0,0.10221540528889135,0.092308,44.0,14.0,,,
2025-03-14 19:00:00,london,temperature_2m,LOF,5.5,,False,0.0,0,1,FP,11264178.005473,0.102591,97.09,1.0,0.10221540528889135,0.092308,44.0,14.0,,,
2025-03-14 20:00:00,london,temperature_2m,LOF,5.0,,False,0.0,0,1,FP,3786111.046653,0.034483,96.47,1.0,0.10221540528889135,0.092308,44.0,14.0,,,
2025-03-15 06:00:00,london,temperature_2m,LOF,1.1,,False,0.0,0,1,FP,1.000436,0.0,92.95,1.0,0.10221540528889135,0.092308,44.0,14.0,,,
2025-03-15 08:00:00,london,temperature_2m,LOF,1.1,,False,0.0,0,1,FP,1.000436,0.0,92.95,1.0,0.10221540528889135,0.092308,44.0,14.0,,,
2025-03-15 11:00:00,london,temperature_2m,LOF,5.0,,False,0.0,0,1,FP,3786111.046653,0.034483,96.47,1.0,0.10221540528889135,0.092308,44.0,14.0,,,
2025-03-15 22:00:00,london,temperature_2m,LOF,2.9,,False,0.0,0,1,FP,45433321.559831,0.413793,98.52,1.0,0.10221540528889135,0.092308,44.0,14.0,,,
2025-03-16 00:00:00,london,temperature_2m,LOF,1.6,,False,0.0,0,1,FP,15144441.18661,0.137931,97.3,1.0,0.10221540528889135,0.092308,44.0,14.0,,,
2025-03-16 01:00:00,london,temperature_2m,LOF,1.1,,False,0.0,0,1,FP,1.000436,0.0,92.95,1.0,0.10221540528889135,0.092308,44.0,14.0,,,
2025-03-16 02:00:00,london,temperature_2m,LOF,0.7,,False,0.0,0,1,FP,1.0,0.0,92.27,1.0,0.10221540528889135,0.092308,44.0,14.0,,,
2025-03-16 04:00:00,london,temperature_2m,LOF,0.1,,False,0.0,0,1,FP,1.002716,0.0,93.54,1.0,0.10221540528889135,0.092308,44.0,14.0,,,
2025-03-16 07:00:00,london,temperature_2m,LOF,-0.3,,False,0.0,0,1,FP,1.0,0.0,92.19,1.0,0.10221540528889135,0.092308,44.0,14.0,,,
2025-03-17 02:00:00,london,temperature_2m,LOF,5.5,,False,0.0,0,1,FP,11264178.005473,0.102591,97.09,1.0,0.10221540528889135,0.092308,44.0,14.0,,,
2025-03-18 04:00:00,london,temperature_2m,LOF,3.6,,False,0.0,0,1,FP,64363871.793094,0.586207,99.43,1.0,0.10221540528889135,0.092308,44.0,14.0,,,
2025-03-19 03:00:00,london,temperature_2m,LOF,3.1,,False,0.0,0,1,FP,94652752.166315,0.862069,99.88,1.0,0.10221540528889135,0.092308,44.0,14.0,,,
2025-03-19 07:00:00,london,temperature_2m,LOF,1.9,,False,0.0,0,1,FP,1.000432,0.0,92.77,1.0,0.10221540528889135,0.092308,44.0,14.0,,,
2025-03-20 16:00:00,london,temperature_2m,LOF,18.7,,False,0.0,0,1,FP,33924464.565077,0.308974,97.69,1.0,0.10221540528889135,0.092308,44.0,14.0,,,
2025-03-31 16:00:00,london,temperature_2m,LOF,16.3,,False,0.0,0,1,FP,41647211.513178,0.37931,97.95,1.0,0.10221540528889135,0.092308,44.0,14.0,,,
2025-04-01 05:00:00,london,temperature_2m,LOF,5.5,,False,0.0,0,1,FP,11264178.005473,0.102591,97.09,1.0,0.10221540528889135,0.092308,44.0,14.0,,,
2025-04-03 19:00:00,london,temperature_2m,LOF,15.3,,False,0.0,0,1,FP,7540828.517608,0.06868,96.89,1.0,0.10221540528889135,0.092308,44.0,14.0,,,
2025-04-08 04:00:00,london,temperature_2m,LOF,5.0,,False,0.0,0,1,FP,3786111.046653,0.034483,96.47,1.0,0.10221540528889135,0.092308,44.0,14.0,,,
2025-04-08 17:00:00,london,temperature_2m,LOF,15.3,,False,0.0,0,1,FP,7540828.517608,0.06868,96.89,1.0,0.10221540528889135,0.092308,44.0,14.0,,,
2025-04-10 04:00:00,london,temperature_2m,LOF,5.5,,False,0.0,0,1,FP,11264178.005473,0.102591,97.09,1.0,0.10221540528889135,0.092308,44.0,14.0,,,
2025-04-20 15:00:00,london,temperature_2m,LOF,15.3,,False,0.0,0,1,FP,7540828.517608,0.06868,96.89,1.0,0.10221540528889135,0.092308,44.0,14.0,,,
2025-04-27 14:00:00,london,temperature_2m,LOF,20.2,,False,0.0,0,1,FP,45433321.559831,0.413793,98.37,1.0,0.10221540528889135,0.092308,44.0,14.0,,,
2025-04-27 15:00:00,london,temperature_2m,LOF,20.2,,False,0.0,0,1,FP,45433321.559831,0.413793,98.37,1.0,0.10221540528889135,0.092308,44.0,14.0,,,
2025-04-29 10:00:00,london,temperature_2m,LOF,17.3,,False,0.0,0,1,FP,41647211.513178,0.37931,97.95,1.0,0.10221540528889135,0.092308,44.0,14.0,,,
2025-04-30 10:00:00,london,temperature_2m,LOF,17.7,,False,0.0,0,1,FP,30288881.37322,0.275862,97.5,1.0,0.10221540528889135,0.092308,44.0,14.0,,,
2025-04-30 13:00:00,london,temperature_2m,LOF,24.2,,False,0.0,0,1,FP,1.012953,0.0,94.23,1.0,0.10221540528889135,0.092308,44.0,14.0,,,
2025-04-30 16:00:00,london,temperature_2m,LOF,25.9,,False,0.0,0,1,FP,1.001738,0.0,93.39,1.0,0.10221540528889135,0.092308,44.0,14.0,,,
2025-04-30 17:00:00,london,temperature_2m,LOF,25.6,,False,0.0,0,1,FP,1.069489,0.0,95.31,1.0,0.10221540528889135,0.092308,44.0,14.0,,,
2025-05-01 09:00:00,london,temperature_2m,LOF,17.3,,False,0.0,0,1,FP,41647211.513178,0.37931,97.95,1.0,0.10221540528889135,0.092308,44.0,14.0,,,
2025-05-01 11:00:00,london,temperature_2m,LOF,23.6,,False,0.0,0,1,FP,1.011485,0.0,94.14,1.0,0.10221540528889135,0.092308,44.0,14.0,,,
2025-05-01 12:00:00,london,temperature_2m,LOF,25.6,,False,0.0,0,1,FP,1.069489,0.0,95.31,1.0,0.10221540528889135,0.092308,44.0,14.0,,,
2025-05-01 14:00:00,london,temperature_2m,LOF,28.0,,False,0.0,0,1,FP,1.010594,0.0,94.07,1.0,0.10221540528889135,0.092308,44.0,14.0,,,
2025-05-01 15:00:00,london,temperature_2m,LOF,28.5,,False,0.0,0,1,FP,1.006488,0.0,93.8,1.0,0.10221540528889135,0.092308,44.0,14.0,,,
2025-05-01 16:00:00,london,temperature_2m,LOF,28.5,,False,0.0,0,1,FP,1.006488,0.0,93.8,1.0,0.10221540528889135,0.092308,44.0,14.0,,,
2025-05-01 17:00:00,london,temperature_2m,LOF,27.8,,False,0.0,0,1,FP,1.023491,0.0,94.52,1.0,0.10221540528889135,0.092308,44.0,14.0,,,
2025-05-01 18:00:00,london,temperature_2m,LOF,27.4,,False,0.0,0,1,FP,1.289473,0.0,96.25,1.0,0.10221540528889135,0.092308,44.0,14.0,,,
2025-05-01 20:00:00,london,temperature_2m,LOF,25.7,,False,0.0,0,1,FP,1.023406,0.0,94.5,1.0,0.10221540528889135,0.092308,44.0,14.0,,,
2025-05-01 22:00:00,london,temperature_2m,LOF,23.3,,False,0.0,0,1,FP,1.0,0.0,92.49,1.0,0.10221540528889135,0.092308,44.0,14.0,,,
2025-05-02 00:00:00,london,temperature_2m,LOF,20.3,,False,0.0,0,1,FP,90866642.119662,0.827586,99.69,1.0,0.10221540528889135,0.092308,44.0,14.0,,,
2025-05-02 05:00:00,london,temperature_2m,LOF,16.3,,False,0.0,0,1,FP,41647211.513178,0.37931,97.95,1.0,0.10221540528889135,0.092308,44.0,14.0,,,
2025-05-02 14:00:00,london,temperature_2m,LOF,24.8,,False,0.0,0,1,FP,1.064488,0.0,95.13,1.0,0.10221540528889135,0.092308,44.0,14.0,,,
2025-05-03 14:00:00,london,temperature_2m,LOF,20.3,,False,0.0,0,1,FP,90866642.119662,0.827586,99.69,1.0,0.10221540528889135,0.092308,44.0,14.0,,,
2025-05-03 17:00:00,london,temperature_2m,LOF,17.7,,False,0.0,0,1,FP,30288881.37322,0.275862,97.5,1.0,0.10221540528889135,0.092308,44.0,14.0,,,
2025-05-05 03:00:00,london,temperature_2m,LOF,5.5,,False,0.0,0,1,FP,11264178.005473,0.102591,97.09,1.0,0.10221540528889135,0.092308,44.0,14.0,,,
2025-05-07 16:00:00,london,temperature_2m,LOF,16.3,,False,0.0,0,1,FP,41647211.513178,0.37931,97.95,1.0,0.10221540528889135,0.092308,44.0,14.0,,,
2025-05-09 11:00:00,london,temperature_2m,LOF,16.3,,False,0.0,0,1,FP,41647211.513178,0.37931,97.95,1.0,0.10221540528889135,0.092308,44.0,14.0,,,
2025-05-10 18:00:00,london,temperature_2m,LOF,20.9,,False,0.0,0,1,FP,49219431.606483,0.448276,98.99,1.0,0.10221540528889135,0.092308,44.0,14.0,,,
2025-05-11 00:00:00,london,temperature_2m,LOF,14.0,,False,0.0,0,1,FP,7511751.401293,0.068415,96.69,1.0,0.10221540528889135,0.092308,44.0,14.0,,,
2025-05-11 08:00:00,london,temperature_2m,LOF,14.0,,False,0.0,0,1,FP,7511751.401293,0.068415,96.69,1.0,0.10221540528889135,0.092308,44.0,14.0,,,
2025-05-11 14:00:00,london,temperature_2m,LOF,23.4,,False,0.0,0,1,FP,1.0,0.0,92.35,1.0,0.10221540528889135,0.092308,44.0,14.0,,,
2025-05-11 16:00:00,london,temperature_2m,LOF,23.7,,False,0.0,0,1,FP,1.212265,0.0,96.18,1.0,0.10221540528889135,0.092308,44.0,14.0,,,
2025-05-12 00:00:00,london,temperature_2m,LOF,17.7,,False,0.0,0,1,FP,30288881.37322,0.275862,97.5,1.0,0.10221540528889135,0.092308,44.0,14.0,,,
2025-05-12 10:00:00,london,temperature_2m,LOF,19.7,,False,0.0,0,1,FP,60577761.746441,0.551724,99.28,1.0,0.10221540528889135,0.092308,44.0,14.0,,,
2025-05-12 11:00:00,london,temperature_2m,LOF,20.9,,False,0.0,0,1,FP,49219431.606483,0.448276,98.99,1.0,0.10221540528889135,0.092308,44.0,14.0,,,
2025-05-12 13:00:00,london,temperature_2m,LOF,22.6,,False,0.0,0,1,FP,45433321.559832,0.413793,98.64,1.0,0.10221540528889135,0.092308,44.0,14.0,,,
2025-05-12 15:00:00,london,temperature_2m,LOF,18.3,,False,0.0,0,1,FP,49219431.606483,0.448276,98.99,1.0,0.10221540528889135,0.092308,44.0,14.0,,,
2025-05-12 21:00:00,london,temperature_2m,LOF,18.3,,False,0.0,0,1,FP,49219431.606483,0.448276,98.99,1.0,0.10221540528889135,0.092308,44.0,14.0,,,
2025-05-13 14:00:00,london,temperature_2m,LOF,23.4,,False,0.0,0,1,FP,1.0,0.0,92.35,1.0,0.10221540528889135,0.092308,44.0,14.0,,,
2025-05-14 12:00:00,london,temperature_2m,LOF,20.2,,False,0.0,0,1,FP,45433321.559831,0.413793,98.37,1.0,0.10221540528889135,0.092308,44.0,14.0,,,
2025-05-16 12:00:00,london,temperature_2m,LOF,17.3,,False,0.0,0,1,FP,41647211.513178,0.37931,97.95,1.0,0.10221540528889135,0.092308,44.0,14.0,,,
2025-05-17 13:00:00,london,temperature_2m,LOF,17.3,,False,0.0,0,1,FP,41647211.513178,0.37931,97.95,1.0,0.10221540528889135,0.092308,44.0,14.0,,,
2025-05-17 14:00:00,london,temperature_2m,LOF,17.7,,False,0.0,0,1,FP,30288881.37322,0.275862,97.5,1.0,0.10221540528889135,0.092308,44.0,14.0,,,
2025-05-20 09:00:00,london,temperature_2m,LOF,14.0,,False,0.0,0,1,FP,7511751.401293,0.068415,96.69,1.0,0.10221540528889135,0.092308,44.0,14.0,,,
2025-05-20 10:00:00,london,temperature_2m,LOF,16.3,,False,0.0,0,1,FP,41647211.513178,0.37931,97.95,1.0,0.10221540528889135,0.092308,44.0,14.0,,,
2025-05-20 19:00:00,london,temperature_2m,LOF,20.2,,False,0.0,0,1,FP,45433321.559831,0.413793,98.37,1.0,0.10221540528889135,0.092308,44.0,14.0,,,
2025-05-23 17:00:00,london,temperature_2m,LOF,18.3,,False,0.0,0,1,FP,49219431.606483,0.448276,98.99,1.0,0.10221540528889135,0.092308,44.0,14.0,,,
2025-05-24 13:00:00,london,temperature_2m,LOF,19.7,,False,0.0,0,1,FP,60577761.746441,0.551724,99.28,1.0,0.10221540528889135,0.092308,44.0,14.0,,,
2025-05-27 10:00:00,london,temperature_2m,LOF,16.3,,False,0.0,0,1,FP,41647211.513178,0.37931,97.95,1.0,0.10221540528889135,0.092308,44.0,14.0,,,
2025-05-27 16:00:00,london,temperature_2m,LOF,16.3,,False,0.0,0,1,FP,41647211.513178,0.37931,97.95,1.0,0.10221540528889135,0.092308,44.0,14.0,,,
2025-05-27 19:00:00,london,temperature_2m,LOF,16.3,,False,0.0,0,1,FP,41647211.513178,0.37931,97.95,1.0,0.10221540528889135,0.092308,44.0,14.0,,,
2025-05-28 12:00:00,london,temperature_2m,LOF,18.7,,False,0.0,0,1,FP,33924464.565077,0.308974,97.69,1.0,0.10221540528889135,0.092308,44.0,14.0,,,
2025-05-28 13:00:00,london,temperature_2m,LOF,19.3,,False,0.0,0,1,FP,94408772.631087,0.859847,99.79,1.0,0.10221540528889135,0.092308,44.0,14.0,,,
2025-05-28 16:00:00,london,temperature_2m,LOF,20.2,,False,0.0,0,1,FP,45433321.559831,0.413793,98.37,1.0,0.10221540528889135,0.092308,44.0,14.0,,,
2025-05-28 23:00:00,london,temperature_2m,LOF,15.3,,False,0.0,0,1,FP,7540828.517608,0.06868,96.89,1.0,0.10221540528889135,0.092308,44.0,14.0,,,
2025-05-29 12:00:00,london,temperature_2m,LOF,20.2,,False,0.0,0,1,FP,45433321.559831,0.413793,98.37,1.0,0.10221540528889135,0.092308,44.0,14.0,,,
2025-05-29 13:00:00,london,temperature_2m,LOF,20.9,,False,0.0,0,1,FP,49219431.606483,0.448276,98.99,1.0,0.10221540528889135,0.092308,44.0,14.0,,,
2025-05-29 15:00:00,london,temperature_2m,LOF,23.4,,False,0.0,0,1,FP,1.0,0.0,92.35,1.0,0.10221540528889135,0.092308,44.0,14.0,,,
2025-05-29 17:00:00,london,temperature_2m,LOF,23.4,,False,0.0,0,1,FP,1.0,0.0,92.35,1.0,0.10221540528889135,0.092308,44.0,14.0,,,
2025-05-30 14:00:00,london,temperature_2m,LOF,23.9,,False,0.0,0,1,FP,1.040629,0.0,94.72,1.0,0.10221540528889135,0.092308,44.0,14.0,,,
2025-05-30 16:00:00,london,temperature_2m,LOF,24.9,,False,0.0,0,1,FP,1.000636,0.0,93.07,1.0,0.10221540528889135,0.092308,44.0,14.0,,,
2025-05-30 18:00:00,london,temperature_2m,LOF,23.3,,False,0.0,0,1,FP,1.0,0.0,92.49,1.0,0.10221540528889135,0.092308,44.0,14.0,,,
2025-05-31 08:00:00,london,temperature_2m,LOF,17.3,,False,0.0,0,1,FP,41647211.513178,0.37931,97.95,1.0,0.10221540528889135,0.092308,44.0,14.0,,,
2025-05-31 13:00:00,london,temperature_2m,LOF,26.4,,False,0.0,0,1,FP,1.069792,0.0,95.34,1.0,0.10221540528889135,0.092308,44.0,14.0,,,
2025-05-31 14:00:00,london,temperature_2m,LOF,26.5,,False,0.0,0,1,FP,1.045289,0.0,94.81,1.0,0.10221540528889135,0.092308,44.0,14.0,,,
2025-05-31 15:00:00,london,temperature_2m,LOF,27.5,,False,0.0,0,1,FP,1.069373,0.0,95.28,1.0,0.10221540528889135,0.092308,44.0,14.0,,,
2025-05-31 16:00:00,london,temperature_2m,LOF,27.1,,False,0.0,0,1,FP,1.050073,0.0,94.86,1.0,0.10221540528889135,0.092308,44.0,14.0,,,
2025-05-31 17:00:00,london,temperature_2m,LOF,26.7,,False,0.0,0,1,FP,1.006542,0.0,93.83,1.0,0.10221540528889135,0.092308,44.0,14.0,,,
2025-05-31 18:00:00,london,temperature_2m,LOF,24.4,,False,0.0,0,1,FP,1.058161,0.0,95.0,1.0,0.10221540528889135,0.092308,44.0,14.0,,,
2025-06-01 20:00:00,london,temperature_2m,LOF,18.7,,False,0.0,0,1,FP,33924464.565077,0.308974,97.69,1.0,0.10221540528889135,0.092308,44.0,14.0,,,
2025-06-03 13:00:00,london,temperature_2m,LOF,15.3,,False,0.0,0,1,FP,7540828.517608,0.06868,96.89,1.0,0.10221540528889135,0.092308,44.0,14.0,,,
2025-06-06 20:00:00,london,temperature_2m,LOF,16.3,,False,0.0,0,1,FP,41647211.513178,0.37931,97.95,1.0,0.10221540528889135,0.092308,44.0,14.0,,,
2025-06-10 00:00:00,london,temperature_2m,LOF,14.0,,False,0.0,0,1,FP,7511751.401293,0.068415,96.69,1.0,0.10221540528889135,0.092308,44.0,14.0,,,
2025-06-11 13:00:00,london,temperature_2m,LOF,20.9,,False,0.0,0,1,FP,49219431.606483,0.448276,98.99,1.0,0.10221540528889135,0.092308,44.0,14.0,,,
2025-06-11 14:00:00,london,temperature_2m,LOF,20.9,,False,0.0,0,1,FP,49219431.606483,0.448276,98.99,1.0,0.10221540528889135,0.092308,44.0,14.0,,,
2025-06-11 18:00:00,london,temperature_2m,LOF,22.7,,False,0.0,0,1,FP,1.0,0.0,92.44,1.0,0.10221540528889135,0.092308,44.0,14.0,,,
2025-06-12 11:00:00,london,temperature_2m,LOF,22.6,,False,0.0,0,1,FP,45433321.559832,0.413793,98.64,1.0,0.10221540528889135,0.092308,44.0,14.0,,,
2025-06-12 12:00:00,london,temperature_2m,LOF,24.2,,False,0.0,0,1,FP,1.012953,0.0,94.23,1.0,0.10221540528889135,0.092308,44.0,14.0,,,
2025-06-12 22:00:00,london,temperature_2m,LOF,19.7,,False,0.0,0,1,FP,60577761.746441,0.551724,99.28,1.0,0.10221540528889135,0.092308,44.0,14.0,,,
2025-06-13 07:00:00,london,temperature_2m,LOF,17.7,,False,0.0,0,1,FP,30288881.37322,0.275862,97.5,1.0,0.10221540528889135,0.092308,44.0,14.0,,,
2025-06-13 11:00:00,london,temperature_2m,LOF,24.4,,False,0.0,0,1,FP,1.058161,0.0,95.0,1.0,0.10221540528889135,0.092308,44.0,14.0,,,
2025-06-13 12:00:00,london,temperature_2m,LOF,26.2,,False,0.0,0,1,FP,1.055628,0.0,94.9,1.0,0.10221540528889135,0.092308,44.0,14.0,,,
2025-06-13 14:00:00,london,temperature_2m,LOF,28.1,,False,0.0,0,1,FP,1.004648,0.0,93.77,1.0,0.10221540528889135,0.092308,44.0,14.0,,,
2025-06-13 15:00:00,london,temperature_2m,LOF,28.5,,False,0.0,0,1,FP,1.006488,0.0,93.8,1.0,0.10221540528889135,0.092308,44.0,14.0,,,
2025-06-13 16:00:00,london,temperature_2m,LOF,28.5,,False,0.0,0,1,FP,1.006488,0.0,93.8,1.0,0.10221540528889135,0.092308,44.0,14.0,,,
2025-06-13 17:00:00,london,temperature_2m,LOF,28.3,,False,0.0,0,1,FP,1.029607,0.0,94.62,1.0,0.10221540528889135,0.092308,44.0,14.0,,,
2025-06-13 18:00:00,london,temperature_2m,LOF,27.9,,False,0.0,0,1,FP,1.022377,0.0,94.48,1.0,0.10221540528889135,0.092308,44.0,14.0,,,
2025-06-13 19:00:00,london,temperature_2m,LOF,27.5,,False,0.0,0,1,FP,1.069373,0.0,95.28,1.0,0.10221540528889135,0.092308,44.0,14.0,,,
2025-06-13 20:00:00,london,temperature_2m,LOF,26.4,,False,0.0,0,1,FP,1.069792,0.0,95.34,1.0,0.10221540528889135,0.092308,44.0,14.0,,,
2025-06-13 21:00:00,london,temperature_2m,LOF,25.2,,False,0.0,0,1,FP,1.001326,0.0,93.33,1.0,0.10221540528889135,0.092308,44.0,14.0,,,
2025-06-13 22:00:00,london,temperature_2m,LOF,23.9,,False,0.0,0,1,FP,1.040629,0.0,94.72,1.0,0.10221540528889135,0.092308,44.0,14.0,,,
2025-06-14 13:00:00,london,temperature_2m,LOF,23.4,,False,0.0,0,1,FP,1.0,0.0,92.35,1.0,0.10221540528889135,0.092308,44.0,14.0,,,
2025-06-14 23:00:00,london,temperature_2m,LOF,16.3,,False,0.0,0,1,FP,41647211.513178,0.37931,97.95,1.0,0.10221540528889135,0.092308,44.0,14.0,,,
2025-06-15 03:00:00,london,temperature_2m,LOF,14.0,,False,0.0,0,1,FP,7511751.401293,0.068415,96.69,1.0,0.10221540528889135,0.092308,44.0,14.0,,,
2025-06-15 15:00:00,london,temperature_2m,LOF,22.7,,False,0.0,0,1,FP,1.0,0.0,92.44,1.0,0.10221540528889135,0.092308,44.0,14.0,,,
2025-06-16 14:00:00,london,temperature_2m,LOF,25.2,,False,0.0,0,1,FP,1.001326,0.0,93.33,1.0,0.10221540528889135,0.092308,44.0,14.0,,,
2025-06-16 15:00:00,london,temperature_2m,LOF,26.5,,False,0.0,0,1,FP,1.045289,0.0,94.81,1.0,0.10221540528889135,0.092308,44.0,14.0,,,
2025-06-16 16:00:00,london,temperature_2m,LOF,27.3,,False,0.0,0,1,FP,1.205834,0.0,96.17,1.0,0.10221540528889135,0.092308,44.0,14.0,,,
2025-06-16 19:00:00,london,temperature_2m,LOF,25.2,,False,0.0,0,1,FP,1.001326,0.0,93.33,1.0,0.10221540528889135,0.092308,44.0,14.0,,,
2025-06-16 21:00:00,london,temperature_2m,LOF,23.6,,False,0.0,0,1,FP,1.011485,0.0,94.14,1.0,0.10221540528889135,0.092308,44.0,14.0,,,
2025-06-17 11:00:00,london,temperature_2m,LOF,22.6,,False,0.0,0,1,FP,45433321.559832,0.413793,98.64,1.0,0.10221540528889135,0.092308,44.0,14.0,,,
2025-06-17 13:00:00,london,temperature_2m,LOF,25.1,,False,0.0,0,1,FP,1.000884,0.0,93.14,1.0,0.10221540528889135,0.092308,44.0,14.0,,,
2025-06-17 14:00:00,london,temperature_2m,LOF,26.0,,False,0.0,0,1,FP,1.007862,0.0,93.95,1.0,0.10221540528889135,0.092308,44.0,14.0,,,
2025-06-17 15:00:00,london,temperature_2m,LOF,26.5,,False,0.0,0,1,FP,1.045289,0.0,94.81,1.0,0.10221540528889135,0.092308,44.0,14.0,,,
2025-06-17 18:00:00,london,temperature_2m,LOF,26.5,,False,0.0,0,1,FP,1.045289,0.0,94.81,1.0,0.10221540528889135,0.092308,44.0,14.0,,,
2025-06-17 19:00:00,london,temperature_2m,LOF,26.0,,False,0.0,0,1,FP,1.007862,0.0,93.95,1.0,0.10221540528889135,0.092308,44.0,14.0,,,
2025-06-17 20:00:00,london,temperature_2m,LOF,24.8,,False,0.0,0,1,FP,1.064488,0.0,95.13,1.0,0.10221540528889135,0.092308,44.0,14.0,,,
2025-06-17 23:00:00,london,temperature_2m,LOF,20.9,,False,0.0,0,1,FP,49219431.606483,0.448276,98.99,1.0,0.10221540528889135,0.092308,44.0,14.0,,,
2025-06-18 02:00:00,london,temperature_2m,LOF,17.7,,False,0.0,0,1,FP,30288881.37322,0.275862,97.5,1.0,0.10221540528889135,0.092308,44.0,14.0,,,
2025-06-18 11:00:00,london,temperature_2m,LOF,23.3,,False,0.0,0,1,FP,1.0,0.0,92.49,1.0,0.10221540528889135,0.092308,44.0,14.0,,,
2025-06-18 12:00:00,london,temperature_2m,LOF,24.9,,False,0.0,0,1,FP,1.000636,0.0,93.07,1.0,0.10221540528889135,0.092308,44.0,14.0,,,
2025-06-18 14:00:00,london,temperature_2m,LOF,27.2,,False,0.0,0,1,FP,1.164979,0.0,95.95,1.0,0.10221540528889135,0.092308,44.0,14.0,,,
2025-06-18 15:00:00,london,temperature_2m,LOF,27.8,,False,0.0,0,1,FP,1.023491,0.0,94.52,1.0,0.10221540528889135,0.092308,44.0,14.0,,,
2025-06-18 16:00:00,london,temperature_2m,LOF,28.4,,False,0.0,0,1,FP,1.016873,0.0,94.32,1.0,0.10221540528889135,0.092308,44.0,14.0,,,
2025-06-18 18:00:00,london,temperature_2m,LOF,28.6,,False,0.0,0,1,FP,1.003566,0.0,93.72,1.0,0.10221540528889135,0.092308,44.0,14.0,,,
2025-06-18 19:00:00,london,temperature_2m,LOF,27.8,,False,0.0,0,1,FP,1.023491,0.0,94.52,1.0,0.10221540528889135,0.092308,44.0,14.0,,,
2025-06-19 00:00:00,london,temperature_2m,LOF,23.4,,False,0.0,0,1,FP,1.0,0.0,92.35,1.0,0.10221540528889135,0.092308,44.0,14.0,,,
2025-06-19 10:00:00,london,temperature_2m,LOF,24.9,,False,0.0,0,1,FP,1.000636,0.0,93.07,1.0,0.10221540528889135,0.092308,44.0,14.0,,,
2025-06-19 11:00:00,london,temperature_2m,LOF,26.6,,False,0.0,0,1,FP,1.018956,0.0,94.34,1.0,0.10221540528889135,0.092308,44.0,14.0,,,
2025-06-19 12:00:00,london,temperature_2m,LOF,28.0,,False,0.0,0,1,FP,1.010594,0.0,94.07,1.0,0.10221540528889135,0.092308,44.0,14.0,,,
2025-06-19 13:00:00,london,temperature_2m,LOF,29.3,,False,0.0,0,1,FP,1.010025,0.0,94.04,1.0,0.10221540528889135,0.092308,44.0,14.0,,,
2025-06-19 14:00:00,london,temperature_2m,LOF,30.5,,False,0.0,0,1,FP,1.066085,0.0,95.19,1.0,0.10221540528889135,0.092308,44.0,14.0,,,
2025-06-19 15:00:00,london,temperature_2m,LOF,31.2,,False,0.0,0,1,FP,1.123607,0.0,95.79,1.0,0.10221540528889135,0.092308,44.0,14.0,,,
2025-06-19 16:00:00,london,temperature_2m,LOF,31.8,,False,0.0,0,1,FP,1.227669,0.0,96.19,1.0,0.10221540528889135,0.092308,44.0,14.0,,,
2025-06-19 17:00:00,london,temperature_2m,LOF,32.0,,False,0.0,0,1,FP,1.281515,0.0,96.22,1.0,0.10221540528889135,0.092308,44.0,14.0,,,
2025-06-19 18:00:00,london,temperature_2m,LOF,30.5,,False,0.0,0,1,FP,1.066085,0.0,95.19,1.0,0.10221540528889135,0.092308,44.0,14.0,,,
2025-06-19 19:00:00,london,temperature_2m,LOF,29.5,,False,0.0,0,1,FP,1.032698,0.0,94.64,1.0,0.10221540528889135,0.092308,44.0,14.0,,,
2025-06-19 20:00:00,london,temperature_2m,LOF,28.5,,False,0.0,0,1,FP,1.006488,0.0,93.8,1.0,0.10221540528889135,0.092308,44.0,14.0,,,
2025-06-20 00:00:00,london,temperature_2m,LOF,23.4,,False,0.0,0,1,FP,1.0,0.0,92.35,1.0,0.10221540528889135,0.092308,44.0,14.0,,,
2025-06-20 03:00:00,london,temperature_2m,LOF,18.3,,False,0.0,0,1,FP,49219431.606483,0.448276,98.99,1.0,0.10221540528889135,0.092308,44.0,14.0,,,
2025-06-20 07:00:00,london,temperature_2m,LOF,18.7,,False,0.0,0,1,FP,33924464.565077,0.308974,97.69,1.0,0.10221540528889135,0.092308,44.0,14.0,,,
2025-06-20 10:00:00,london,temperature_2m,LOF,23.8,,False,0.0,0,1,FP,1.166078,0.0,96.0,1.0,0.10221540528889135,0.092308,44.0,14.0,,,
2025-06-20 12:00:00,london,temperature_2m,LOF,26.5,,False,0.0,0,1,FP,1.045289,0.0,94.81,1.0,0.10221540528889135,0.092308,44.0,14.0,,,
2025-06-20 14:00:00,london,temperature_2m,LOF,28.2,,False,0.0,0,1,FP,1.004532,0.0,93.74,1.0,0.10221540528889135,0.092308,44.0,14.0,,,
2025-06-20 16:00:00,london,temperature_2m,LOF,28.5,,False,0.0,0,1,FP,1.006488,0.0,93.8,1.0,0.10221540528889135,0.092308,44.0,14.0,,,
2025-06-20 18:00:00,london,temperature_2m,LOF,27.9,,False,0.0,0,1,FP,1.022377,0.0,94.48,1.0,0.10221540528889135,0.092308,44.0,14.0,,,
2025-06-20 20:00:00,london,temperature_2m,LOF,25.2,,False,0.0,0,1,FP,1.001326,0.0,93.33,1.0,0.10221540528889135,0.092308,44.0,14.0,,,
2025-06-20 21:00:00,london,temperature_2m,LOF,23.9,,False,0.0,0,1,FP,1.040629,0.0,94.72,1.0,0.10221540528889135,0.092308,44.0,14.0,,,
2025-06-21 04:00:00,london,temperature_2m,LOF,18.7,,False,0.0,0,1,FP,33924464.565077,0.308974,97.69,1.0,0.10221540528889135,0.092308,44.0,14.0,,,
2025-06-21 09:00:00,london,temperature_2m,LOF,24.3,,False,0.0,0,1,FP,1.146977,0.0,95.87,1.0,0.10221540528889135,0.092308,44.0,14.0,,,
2025-06-21 12:00:00,london,temperature_2m,LOF,30.0,,False,0.0,0,1,FP,1.080183,0.0,95.39,1.0,0.10221540528889135,0.092308,44.0,14.0,,,
2025-06-21 13:00:00,london,temperature_2m,LOF,30.6,,False,0.0,0,1,FP,1.066981,0.0,95.21,1.0,0.10221540528889135,0.092308,44.0,14.0,,,
2025-06-21 14:00:00,london,temperature_2m,LOF,30.9,,False,0.0,0,1,FP,1.089752,0.0,95.47,1.0,0.10221540528889135,0.092308,44.0,14.0,,,
2025-06-21 15:00:00,london,temperature_2m,LOF,31.5,,False,0.0,0,1,FP,1.159763,0.0,95.93,1.0,0.10221540528889135,0.092308,44.0,14.0,,,
2025-06-21 16:00:00,london,temperature_2m,LOF,30.7,,False,0.0,0,1,FP,1.067296,0.0,95.22,1.0,0.10221540528889135,0.092308,44.0,14.0,,,
2025-06-21 17:00:00,london,temperature_2m,LOF,30.7,,False,0.0,0,1,FP,1.067296,0.0,95.22,1.0,0.10221540528889135,0.092308,44.0,14.0,,,
2025-06-21 18:00:00,london,temperature_2m,LOF,30.4,,False,0.0,0,1,FP,1.077137,0.0,95.37,1.0,0.10221540528889135,0.092308,44.0,14.0,,,
2025-06-21 19:00:00,london,temperature_2m,LOF,29.6,,False,0.0,0,1,FP,1.062631,0.0,95.06,1.0,0.10221540528889135,0.092308,44.0,14.0,,,
2025-06-21 21:00:00,london,temperature_2m,LOF,27.9,,False,0.0,0,1,FP,1.022377,0.0,94.48,1.0,0.10221540528889135,0.092308,44.0,14.0,,,
2025-06-21 22:00:00,london,temperature_2m,LOF,27.1,,False,0.0,0,1,FP,1.050073,0.0,94.86,1.0,0.10221540528889135,0.092308,44.0,14.0,,,
2025-06-22 01:00:00,london,temperature_2m,LOF,25.7,,False,0.0,0,1,FP,1.023406,0.0,94.5,1.0,0.10221540528889135,0.092308,44.0,14.0,,,
2025-06-22 05:00:00,london,temperature_2m,LOF,18.7,,False,0.0,0,1,FP,33924464.565077,0.308974,97.69,1.0,0.10221540528889135,0.092308,44.0,14.0,,,
2025-06-22 09:00:00,london,temperature_2m,LOF,20.3,,False,0.0,0,1,FP,90866642.119662,0.827586,99.69,1.0,0.10221540528889135,0.092308,44.0,14.0,,,
2025-06-22 13:00:00,london,temperature_2m,LOF,26.6,,False,0.0,0,1,FP,1.018956,0.0,94.34,1.0,0.10221540528889135,0.092308,44.0,14.0,,,
2025-06-22 14:00:00,london,temperature_2m,LOF,25.9,,False,0.0,0,1,FP,1.001738,0.0,93.39,1.0,0.10221540528889135,0.092308,44.0,14.0,,,
2025-06-22 15:00:00,london,temperature_2m,LOF,24.7,,False,0.0,0,1,FP,1.115009,0.0,95.74,1.0,0.10221540528889135,0.092308,44.0,14.0,,,
2025-06-22 16:00:00,london,temperature_2m,LOF,23.8,,False,0.0,0,1,FP,1.166078,0.0,96.0,1.0,0.10221540528889135,0.092308,44.0,14.0,,,
2025-06-23 01:00:00,london,temperature_2m,LOF,17.7,,False,0.0,0,1,FP,30288881.37322,0.275862,97.5,1.0,0.10221540528889135,0.092308,44.0,14.0,,,
2025-06-23 02:00:00,london,temperature_2m,LOF,17.7,,False,0.0,0,1,FP,30288881.37322,0.275862,97.5,1.0,0.10221540528889135,0.092308,44.0,14.0,,,
2025-06-23 04:00:00,london,temperature_2m,LOF,17.3,,False,0.0,0,1,FP,41647211.513178,0.37931,97.95,1.0,0.10221540528889135,0.092308,44.0,14.0,,,
2025-06-23 16:00:00,london,temperature_2m,LOF,22.7,,False,0.0,0,1,FP,1.0,0.0,92.44,1.0,0.10221540528889135,0.092308,44.0,14.0,,,
2025-06-24 15:00:00,london,temperature_2m,LOF,23.8,,False,0.0,0,1,FP,1.166078,0.0,96.0,1.0,0.10221540528889135,0.092308,44.0,14.0,,,
2025-06-24 17:00:00,london,temperature_2m,LOF,24.4,,False,0.0,0,1,FP,1.058161,0.0,95.0,1.0,0.10221540528889135,0.092308,44.0,14.0,,,
2025-06-24 18:00:00,london,temperature_2m,LOF,24.2,,False,0.0,0,1,FP,1.012953,0.0,94.23,1.0,0.10221540528889135,0.092308,44.0,14.0,,,
2025-06-25 13:00:00,london,temperature_2m,LOF,24.9,,False,0.0,0,1,FP,1.000636,0.0,93.07,1.0,0.10221540528889135,0.092308,44.0,14.0,,,
2025-06-25 14:00:00,london,temperature_2m,LOF,25.1,,False,0.0,0,1,FP,1.000884,0.0,93.14,1.0,0.10221540528889135,0.092308,44.0,14.0,,,
2025-06-25 16:00:00,london,temperature_2m,LOF,26.2,,False,0.0,0,1,FP,1.055628,0.0,94.9,1.0,0.10221540528889135,0.092308,44.0,14.0,,,
2025-06-25 17:00:00,london,temperature_2m,LOF,27.4,,False,0.0,0,1,FP,1.289473,0.0,96.25,1.0,0.10221540528889135,0.092308,44.0,14.0,,,
2025-06-25 18:00:00,london,temperature_2m,LOF,27.1,,False,0.0,0,1,FP,1.050073,0.0,94.86,1.0,0.10221540528889135,0.092308,44.0,14.0,,,
2025-06-25 19:00:00,london,temperature_2m,LOF,26.0,,False,0.0,0,1,FP,1.007862,0.0,93.95,1.0,0.10221540528889135,0.092308,44.0,14.0,,,
2025-06-25 20:00:00,london,temperature_2m,LOF,24.3,,False,0.0,0,1,FP,1.146977,0.0,95.87,1.0,0.10221540528889135,0.092308,44.0,14.0,,,
2025-06-26 02:00:00,london,temperature_2m,LOF,19.7,,False,0.0,0,1,FP,60577761.746441,0.551724,99.28,1.0,0.10221540528889135,0.092308,44.0,14.0,,,
2025-06-26 15:00:00,london,temperature_2m,LOF,23.4,,False,0.0,0,1,FP,1.0,0.0,92.35,1.0,0.10221540528889135,0.092308,44.0,14.0,,,
2025-06-26 20:00:00,london,temperature_2m,LOF,20.2,,False,0.0,0,1,FP,45433321.559831,0.413793,98.37,1.0,0.10221540528889135,0.092308,44.0,14.0,,,
2025-06-27 06:00:00,london,temperature_2m,LOF,14.0,,False,0.0,0,1,FP,7511751.401293,0.068415,96.69,1.0,0.10221540528889135,0.092308,44.0,14.0,,,
2025-06-27 11:00:00,london,temperature_2m,LOF,22.6,,False,0.0,0,1,FP,45433321.559832,0.413793,98.64,1.0,0.10221540528889135,0.092308,44.0,14.0,,,
2025-06-27 12:00:00,london,temperature_2m,LOF,23.8,,False,0.0,0,1,FP,1.166078,0.0,96.0,1.0,0.10221540528889135,0.092308,44.0,14.0,,,
2025-06-27 17:00:00,london,temperature_2m,LOF,24.8,,False,0.0,0,1,FP,1.064488,0.0,95.13,1.0,0.10221540528889135,0.092308,44.0,14.0,,,
2025-06-28 12:00:00,london,temperature_2m,LOF,23.8,,False,0.0,0,1,FP,1.166078,0.0,96.0,1.0,0.10221540528889135,0.092308,44.0,14.0,,,
2025-06-28 13:00:00,london,temperature_2m,LOF,24.8,,False,0.0,0,1,FP,1.064488,0.0,95.13,1.0,0.10221540528889135,0.092308,44.0,14.0,,,
2025-06-28 14:00:00,london,temperature_2m,LOF,27.5,,False,0.0,0,1,FP,1.069373,0.0,95.28,1.0,0.10221540528889135,0.092308,44.0,14.0,,,
2025-06-28 16:00:00,london,temperature_2m,LOF,29.3,,False,0.0,0,1,FP,1.010025,0.0,94.04,1.0,0.10221540528889135,0.092308,44.0,14.0,,,
2025-06-28 17:00:00,london,temperature_2m,LOF,29.8,,False,0.0,0,1,FP,1.063805,0.0,95.08,1.0,0.10221540528889135,0.092308,44.0,14.0,,,
2025-06-28 18:00:00,london,temperature_2m,LOF,30.1,,False,0.0,0,1,FP,1.088426,0.0,95.46,1.0,0.10221540528889135,0.092308,44.0,14.0,,,
2025-06-28 19:00:00,london,temperature_2m,LOF,28.5,,False,0.0,0,1,FP,1.006488,0.0,93.8,1.0,0.10221540528889135,0.092308,44.0,14.0,,,
2025-06-28 20:00:00,london,temperature_2m,LOF,25.6,,False,0.0,0,1,FP,1.069489,0.0,95.31,1.0,0.10221540528889135,0.092308,44.0,14.0,,,
2025-06-28 23:00:00,london,temperature_2m,LOF,23.6,,False,0.0,0,1,FP,1.011485,0.0,94.14,1.0,0.10221540528889135,0.092308,44.0,14.0,,,
2025-06-29 07:00:00,london,temperature_2m,LOF,18.7,,False,0.0,0,1,FP,33924464.565077,0.308974,97.69,1.0,0.10221540528889135,0.092308,44.0,14.0,,,
2025-06-29 11:00:00,london,temperature_2m,LOF,23.9,,False,0.0,0,1,FP,1.040629,0.0,94.72,1.0,0.10221540528889135,0.092308,44.0,14.0,,,
2025-06-29 12:00:00,london,temperature_2m,LOF,26.0,,False,0.0,0,1,FP,1.007862,0.0,93.95,1.0,0.10221540528889135,0.092308,44.0,14.0,,,
2025-06-29 13:00:00,london,temperature_2m,LOF,27.6,,False,0.0,0,1,FP,1.044893,0.0,94.76,1.0,0.10221540528889135,0.092308,44.0,14.0,,,
2025-06-29 14:00:00,london,temperature_2m,LOF,28.4,,False,0.0,0,1,FP,1.016873,0.0,94.32,1.0,0.10221540528889135,0.092308,44.0,14.0,,,
2025-06-29 17:00:00,london,temperature_2m,LOF,29.4,,False,0.0,0,1,FP,1.028711,0.0,94.59,1.0,0.10221540528889135,0.092308,44.0,14.0,,,
2025-06-29 18:00:00,london,temperature_2m,LOF,29.8,,False,0.0,0,1,FP,1.063805,0.0,95.08,1.0,0.10221540528889135,0.092308,44.0,14.0,,,
2025-06-29 21:00:00,london,temperature_2m,LOF,24.3,,False,0.0,0,1,FP,1.146977,0.0,95.87,1.0,0.10221540528889135,0.092308,44.0,14.0,,,
2025-06-30 06:00:00,london,temperature_2m,LOF,18.7,,False,0.0,0,1,FP,33924464.565077,0.308974,97.69,1.0,0.10221540528889135,0.092308,44.0,14.0,,,
2025-06-30 11:00:00,london,temperature_2m,LOF,27.5,,False,0.0,0,1,FP,1.069373,0.0,95.28,1.0,0.10221540528889135,0.092308,44.0,14.0,,,
2025-06-30 12:00:00,london,temperature_2m,LOF,29.3,,False,0.0,0,1,FP,1.010025,0.0,94.04,1.0,0.10221540528889135,0.092308,44.0,14.0,,,
2025-06-30 13:00:00,london,temperature_2m,LOF,30.5,,False,0.0,0,1,FP,1.066085,0.0,95.19,1.0,0.10221540528889135,0.092308,44.0,14.0,,,
2025-06-30 14:00:00,london,temperature_2m,LOF,31.0,,False,0.0,0,1,FP,1.104248,0.0,95.56,1.0,0.10221540528889135,0.092308,44.0,14.0,,,
2025-06-30 15:00:00,london,temperature_2m,LOF,31.7,,False,0.0,0,1,FP,1.204822,0.0,96.17,1.0,0.10221540528889135,0.092308,44.0,14.0,,,
2025-06-30 16:00:00,london,temperature_2m,LOF,31.9,,False,0.0,0,1,FP,1.254592,0.0,96.22,1.0,0.10221540528889135,0.092308,44.0,14.0,,,
2025-06-30 17:00:00,london,temperature_2m,LOF,31.8,,False,0.0,0,1,FP,1.227669,0.0,96.19,1.0,0.10221540528889135,0.092308,44.0,14.0,,,
2025-06-30 18:00:00,london,temperature_2m,LOF,31.4,,False,0.0,0,1,FP,1.144709,0.0,95.82,1.0,0.10221540528889135,0.092308,44.0,14.0,,,
2025-06-30 19:00:00,london,temperature_2m,LOF,30.6,,False,0.0,0,1,FP,1.066981,0.0,95.21,1.0,0.10221540528889135,0.092308,44.0,14.0,,,
2025-06-30 20:00:00,london,temperature_2m,LOF,29.8,,False,0.0,0,1,FP,1.063805,0.0,95.08,1.0,0.10221540528889135,0.092308,44.0,14.0,,,
2025-06-30 22:00:00,london,temperature_2m,LOF,27.8,,False,0.0,0,1,FP,1.023491,0.0,94.52,1.0,0.10221540528889135,0.092308,44.0,14.0,,,
2025-06-30 23:00:00,london,temperature_2m,LOF,26.6,,False,0.0,0,1,FP,1.018956,0.0,94.34,1.0,0.10221540528889135,0.092308,44.0,14.0,,,
2025-07-01 00:00:00,london,temperature_2m,LOF,25.7,,False,0.0,0,1,FP,1.023406,0.0,94.5,1.0,0.10221540528889135,0.092308,44.0,14.0,,,
2025-07-01 01:00:00,london,temperature_2m,LOF,25.1,,False,0.0,0,1,FP,1.000884,0.0,93.14,1.0,0.10221540528889135,0.092308,44.0,14.0,,,
2025-07-01 04:00:00,london,temperature_2m,LOF,23.8,,False,0.0,0,1,FP,1.166078,0.0,96.0,1.0,0.10221540528889135,0.092308,44.0,14.0,,,
2025-07-01 05:00:00,london,temperature_2m,LOF,23.6,,False,0.0,0,1,FP,1.011485,0.0,94.14,1.0,0.10221540528889135,0.092308,44.0,14.0,,,
2025-07-01 06:00:00,london,temperature_2m,LOF,23.6,,False,0.0,0,1,FP,1.011485,0.0,94.14,1.0,0.10221540528889135,0.092308,44.0,14.0,,,
2025-07-01 07:00:00,london,temperature_2m,LOF,24.2,,False,0.0,0,1,FP,1.012953,0.0,94.23,1.0,0.10221540528889135,0.092308,44.0,14.0,,,
2025-07-01 08:00:00,london,temperature_2m,LOF,25.6,,False,0.0,0,1,FP,1.069489,0.0,95.31,1.0,0.10221540528889135,0.092308,44.0,14.0,,,
2025-07-01 09:00:00,london,temperature_2m,LOF,27.2,,False,0.0,0,1,FP,1.164979,0.0,95.95,1.0,0.10221540528889135,0.092308,44.0,14.0,,,
2025-07-01 10:00:00,london,temperature_2m,LOF,28.6,,False,0.0,0,1,FP,1.003566,0.0,93.72,1.0,0.10221540528889135,0.092308,44.0,14.0,,,
2025-07-01 11:00:00,london,temperature_2m,LOF,29.8,,False,0.0,0,1,FP,1.063805,0.0,95.08,1.0,0.10221540528889135,0.092308,44.0,14.0,,,
2025-07-01 12:00:00,london,temperature_2m,LOF,31.0,,False,0.0,0,1,FP,1.104248,0.0,95.56,1.0,0.10221540528889135,0.092308,44.0,14.0,,,
2025-07-01 13:00:00,london,temperature_2m,LOF,32.2,,False,0.0,0,1,FP,1.346129,0.0,96.27,1.0,0.10221540528889135,0.092308,44.0,14.0,,,
2025-07-01 14:00:00,london,temperature_2m,LOF,32.5,,False,0.0,0,1,FP,1.468178,0.0,96.31,1.0,0.10221540528889135,0.092308,44.0,14.0,,,
2025-07-01 15:00:00,london,temperature_2m,LOF,33.3,,False,0.0,0,1,FP,1.902529,0.0,96.34,1.0,0.10221540528889135,0.092308,44.0,14.0,,,
2025-07-01 16:00:00,london,temperature_2m,LOF,33.5,,False,0.0,0,1,FP,2.022783,0.0,96.35,1.0,0.10221540528889135,0.092308,44.0,14.0,,,
2025-07-01 17:00:00,london,temperature_2m,LOF,33.0,,False,0.0,0,1,FP,1.728429,0.0,96.33,1.0,0.10221540528889135,0.092308,44.0,14.0,,,
2025-07-01 18:00:00,london,temperature_2m,LOF,32.2,,False,0.0,0,1,FP,1.346129,0.0,96.27,1.0,0.10221540528889135,0.092308,44.0,14.0,,,
2025-07-01 19:00:00,london,temperature_2m,LOF,31.2,,False,0.0,0,1,FP,1.123607,0.0,95.79,1.0,0.10221540528889135,0.092308,44.0,14.0,,,
2025-07-01 20:00:00,london,temperature_2m,LOF,31.0,,False,0.0,0,1,FP,1.104248,0.0,95.56,1.0,0.10221540528889135,0.092308,44.0,14.0,,,
2025-07-01 21:00:00,london,temperature_2m,LOF,29.4,,False,0.0,0,1,FP,1.028711,0.0,94.59,1.0,0.10221540528889135,0.092308,44.0,14.0,,,
2025-07-01 22:00:00,london,temperature_2m,LOF,26.6,,False,0.0,0,1,FP,1.018956,0.0,94.34,1.0,0.10221540528889135,0.092308,44.0,14.0,,,
2025-07-02 04:00:00,london,temperature_2m,LOF,19.7,,False,0.0,0,1,FP,60577761.746441,0.551724,99.28,1.0,0.10221540528889135,0.092308,44.0,14.0,,,
2025-07-02 13:00:00,london,temperature_2m,LOF,20.9,,False,0.0,0,1,FP,49219431.606483,0.448276,98.99,1.0,0.10221540528889135,0.092308,44.0,14.0,,,
2025-07-02 15:00:00,london,temperature_2m,LOF,20.2,,False,0.0,0,1,FP,45433321.559831,0.413793,98.37,1.0,0.10221540528889135,0.092308,44.0,14.0,,,
2025-07-02 22:00:00,london,temperature_2m,LOF,18.3,,False,0.0,0,1,FP,49219431.606483,0.448276,98.99,1.0,0.10221540528889135,0.092308,44.0,14.0,,,
2025-07-03 02:00:00,london,temperature_2m,LOF,14.0,,False,0.0,0,1,FP,7511751.401293,0.068415,96.69,1.0,0.10221540528889135,0.092308,44.0,14.0,,,
2025-07-03 12:00:00,london,temperature_2m,LOF,20.3,,False,0.0,0,1,FP,90866642.119662,0.827586,99.69,1.0,0.10221540528889135,0.092308,44.0,14.0,,,
2025-07-03 15:00:00,london,temperature_2m,LOF,23.4,,False,0.0,0,1,FP,1.0,0.0,92.35,1.0,0.10221540528889135,0.092308,44.0,14.0,,,
2025-07-03 16:00:00,london,temperature_2m,LOF,23.6,,False,0.0,0,1,FP,1.011485,0.0,94.14,1.0,0.10221540528889135,0.092308,44.0,14.0,,,
2025-07-03 23:00:00,london,temperature_2m,LOF,19.7,,False,0.0,0,1,FP,60577761.746441,0.551724,99.28,1.0,0.10221540528889135,0.092308,44.0,14.0,,,
2025-07-04 00:00:00,london,temperature_2m,LOF,18.7,,False,0.0,0,1,FP,33924464.565077,0.308974,97.69,1.0,0.10221540528889135,0.092308,44.0,14.0,,,
2025-07-04 08:00:00,london,temperature_2m,LOF,16.3,,False,0.0,0,1,FP,41647211.513178,0.37931,97.95,1.0,0.10221540528889135,0.092308,44.0,14.0,,,
2025-07-04 10:00:00,london,temperature_2m,LOF,20.3,,False,0.0,0,1,FP,90866642.119662,0.827586,99.69,1.0,0.10221540528889135,0.092308,44.0,14.0,,,
2025-07-04 12:00:00,london,temperature_2m,LOF,22.7,,False,0.0,0,1,FP,1.0,0.0,92.44,1.0,0.10221540528889135,0.092308,44.0,14.0,,,
2025-07-04 13:00:00,london,temperature_2m,LOF,24.2,,False,0.0,0,1,FP,1.012953,0.0,94.23,1.0,0.10221540528889135,0.092308,44.0,14.0,,,
2025-07-04 15:00:00,london,temperature_2m,LOF,25.9,,False,0.0,0,1,FP,1.001738,0.0,93.39,1.0,0.10221540528889135,0.092308,44.0,14.0,,,
2025-07-04 18:00:00,london,temperature_2m,LOF,26.0,,False,0.0,0,1,FP,1.007862,0.0,93.95,1.0,0.10221540528889135,0.092308,44.0,14.0,,,
2025-07-04 20:00:00,london,temperature_2m,LOF,24.9,,False,0.0,0,1,FP,1.000636,0.0,93.07,1.0,0.10221540528889135,0.092308,44.0,14.0,,,
2025-07-04 21:00:00,london,temperature_2m,LOF,23.4,,False,0.0,0,1,FP,1.0,0.0,92.35,1.0,0.10221540528889135,0.092308,44.0,14.0,,,
2025-07-04 23:00:00,london,temperature_2m,LOF,20.9,,False,0.0,0,1,FP,49219431.606483,0.448276,98.99,1.0,0.10221540528889135,0.092308,44.0,14.0,,,
2025-07-05 01:00:00,london,temperature_2m,LOF,19.3,,False,0.0,0,1,FP,94408772.631087,0.859847,99.79,1.0,0.10221540528889135,0.092308,44.0,14.0,,,
2025-07-05 09:00:00,london,temperature_2m,LOF,18.7,,False,0.0,0,1,FP,33924464.565077,0.308974,97.69,1.0,0.10221540528889135,0.092308,44.0,14.0,,,
2025-07-06 10:00:00,london,temperature_2m,LOF,20.2,,False,0.0,0,1,FP,45433321.559831,0.413793,98.37,1.0,0.10221540528889135,0.092308,44.0,14.0,,,
2025-07-06 20:00:00,london,temperature_2m,LOF,19.7,,False,0.0,0,1,FP,60577761.746441,0.551724,99.28,1.0,0.10221540528889135,0.092308,44.0,14.0,,,
2025-07-06 23:00:00,london,temperature_2m,LOF,17.3,,False,0.0,0,1,FP,41647211.513178,0.37931,97.95,1.0,0.10221540528889135,0.092308,44.0,14.0,,,
2025-07-07 17:00:00,london,temperature_2m,LOF,19.3,,False,0.0,0,1,FP,94408772.631087,0.859847,99.79,1.0,0.10221540528889135,0.092308,44.0,14.0,,,
2025-07-07 23:00:00,london,temperature_2m,LOF,15.3,,False,0.0,0,1,FP,7540828.517608,0.06868,96.89,1.0,0.10221540528889135,0.092308,44.0,14.0,,,
2025-07-09 15:00:00,london,temperature_2m,LOF,24.2,,False,0.0,0,1,FP,1.012953,0.0,94.23,1.0,0.10221540528889135,0.092308,44.0,14.0,,,
2025-07-09 16:00:00,london,temperature_2m,LOF,24.9,,False,0.0,0,1,FP,1.000636,0.0,93.07,1.0,0.10221540528889135,0.092308,44.0,14.0,,,
2025-07-09 17:00:00,london,temperature_2m,LOF,25.2,,False,0.0,0,1,FP,1.001326,0.0,93.33,1.0,0.10221540528889135,0.092308,44.0,14.0,,,
2025-07-09 18:00:00,london,temperature_2m,LOF,25.1,,False,0.0,0,1,FP,1.000884,0.0,93.14,1.0,0.10221540528889135,0.092308,44.0,14.0,,,
2025-07-09 21:00:00,london,temperature_2m,LOF,23.8,,False,0.0,0,1,FP,1.166078,0.0,96.0,1.0,0.10221540528889135,0.092308,44.0,14.0,,,
2025-07-10 03:00:00,london,temperature_2m,LOF,18.7,,False,0.0,0,1,FP,33924464.565077,0.308974,97.69,1.0,0.10221540528889135,0.092308,44.0,14.0,,,
2025-07-10 06:00:00,london,temperature_2m,LOF,17.7,,False,0.0,0,1,FP,30288881.37322,0.275862,97.5,1.0,0.10221540528889135,0.092308,44.0,14.0,,,
2025-07-10 10:00:00,london,temperature_2m,LOF,23.8,,False,0.0,0,1,FP,1.166078,0.0,96.0,1.0,0.10221540528889135,0.092308,44.0,14.0,,,
2025-07-10 11:00:00,london,temperature_2m,LOF,25.2,,False,0.0,0,1,FP,1.001326,0.0,93.33,1.0,0.10221540528889135,0.092308,44.0,14.0,,,
2025-07-10 12:00:00,london,temperature_2m,LOF,26.5,,False,0.0,0,1,FP,1.045289,0.0,94.81,1.0,0.10221540528889135,0.092308,44.0,14.0,,,
2025-07-10 13:00:00,london,temperature_2m,LOF,27.6,,False,0.0,0,1,FP,1.044893,0.0,94.76,1.0,0.10221540528889135,0.092308,44.0,14.0,,,
2025-07-10 15:00:00,london,temperature_2m,LOF,30.0,,False,0.0,0,1,FP,1.080183,0.0,95.39,1.0,0.10221540528889135,0.092308,44.0,14.0,,,
2025-07-10 16:00:00,london,temperature_2m,LOF,29.8,,False,0.0,0,1,FP,1.063805,0.0,95.08,1.0,0.10221540528889135,0.092308,44.0,14.0,,,
2025-07-10 17:00:00,london,temperature_2m,LOF,29.6,,False,0.0,0,1,FP,1.062631,0.0,95.06,1.0,0.10221540528889135,0.092308,44.0,14.0,,,
2025-07-10 18:00:00,london,temperature_2m,LOF,29.5,,False,0.0,0,1,FP,1.032698,0.0,94.64,1.0,0.10221540528889135,0.092308,44.0,14.0,,,
2025-07-10 20:00:00,london,temperature_2m,LOF,28.0,,False,0.0,0,1,FP,1.010594,0.0,94.07,1.0,0.10221540528889135,0.092308,44.0,14.0,,,
2025-07-10 21:00:00,london,temperature_2m,LOF,25.2,,False,0.0,0,1,FP,1.001326,0.0,93.33,1.0,0.10221540528889135,0.092308,44.0,14.0,,,
2025-07-10 22:00:00,london,temperature_2m,LOF,24.2,,False,0.0,0,1,FP,1.012953,0.0,94.23,1.0,0.10221540528889135,0.092308,44.0,14.0,,,
2025-07-10 23:00:00,london,temperature_2m,LOF,23.4,,False,0.0,0,1,FP,1.0,0.0,92.35,1.0,0.10221540528889135,0.092308,44.0,14.0,,,
2025-07-11 11:00:00,london,temperature_2m,LOF,26.6,,False,0.0,0,1,FP,1.018956,0.0,94.34,1.0,0.10221540528889135,0.092308,44.0,14.0,,,
2025-07-11 12:00:00,london,temperature_2m,LOF,28.0,,False,0.0,0,1,FP,1.010594,0.0,94.07,1.0,0.10221540528889135,0.092308,44.0,14.0,,,
2025-07-11 14:00:00,london,temperature_2m,LOF,30.1,,False,0.0,0,1,FP,1.088426,0.0,95.46,1.0,0.10221540528889135,0.092308,44.0,14.0,,,
2025-07-11 15:00:00,london,temperature_2m,LOF,30.8,,False,0.0,0,1,FP,1.077379,0.0,95.38,1.0,0.10221540528889135,0.092308,44.0,14.0,,,
2025-07-11 16:00:00,london,temperature_2m,LOF,31.3,,False,0.0,0,1,FP,1.133166,0.0,95.81,1.0,0.10221540528889135,0.092308,44.0,14.0,,,
2025-07-11 17:00:00,london,temperature_2m,LOF,31.6,,False,0.0,0,1,FP,1.17859,0.0,96.05,1.0,0.10221540528889135,0.092308,44.0,14.0,,,
2025-07-11 18:00:00,london,temperature_2m,LOF,31.4,,False,0.0,0,1,FP,1.144709,0.0,95.82,1.0,0.10221540528889135,0.092308,44.0,14.0,,,
2025-07-11 19:00:00,london,temperature_2m,LOF,31.1,,False,0.0,0,1,FP,1.11182,0.0,95.73,1.0,0.10221540528889135,0.092308,44.0,14.0,,,
2025-07-11 20:00:00,london,temperature_2m,LOF,30.5,,False,0.0,0,1,FP,1.066085,0.0,95.19,1.0,0.10221540528889135,0.092308,44.0,14.0,,,
2025-07-11 21:00:00,london,temperature_2m,LOF,28.1,,False,0.0,0,1,FP,1.004648,0.0,93.77,1.0,0.10221540528889135,0.092308,44.0,14.0,,,
2025-07-12 00:00:00,london,temperature_2m,LOF,23.8,,False,0.0,0,1,FP,1.166078,0.0,96.0,1.0,0.10221540528889135,0.092308,44.0,14.0,,,
2025-07-12 09:00:00,london,temperature_2m,LOF,22.7,,False,0.0,0,1,FP,1.0,0.0,92.44,1.0,0.10221540528889135,0.092308,44.0,14.0,,,
2025-07-12 10:00:00,london,temperature_2m,LOF,24.4,,False,0.0,0,1,FP,1.058161,0.0,95.0,1.0,0.10221540528889135,0.092308,44.0,14.0,,,
2025-07-12 12:00:00,london,temperature_2m,LOF,27.1,,False,0.0,0,1,FP,1.050073,0.0,94.86,1.0,0.10221540528889135,0.092308,44.0,14.0,,,
2025-07-12 13:00:00,london,temperature_2m,LOF,28.1,,False,0.0,0,1,FP,1.004648,0.0,93.77,1.0,0.10221540528889135,0.092308,44.0,14.0,,,
2025-07-12 15:00:00,london,temperature_2m,LOF,28.6,,False,0.0,0,1,FP,1.003566,0.0,93.72,1.0,0.10221540528889135,0.092308,44.0,14.0,,,
2025-07-12 16:00:00,london,temperature_2m,LOF,28.1,,False,0.0,0,1,FP,1.004648,0.0,93.77,1.0,0.10221540528889135,0.092308,44.0,14.0,,,
2025-07-12 17:00:00,london,temperature_2m,LOF,27.6,,False,0.0,0,1,FP,1.044893,0.0,94.76,1.0,0.10221540528889135,0.092308,44.0,14.0,,,
2025-07-12 20:00:00,london,temperature_2m,LOF,24.2,,False,0.0,0,1,FP,1.012953,0.0,94.23,1.0,0.10221540528889135,0.092308,44.0,14.0,,,
2025-07-12 23:00:00,london,temperature_2m,LOF,20.2,,False,0.0,0,1,FP,45433321.559831,0.413793,98.37,1.0,0.10221540528889135,0.092308,44.0,14.0,,,
2025-07-13 02:00:00,london,temperature_2m,LOF,17.7,,False,0.0,0,1,FP,30288881.37322,0.275862,97.5,1.0,0.10221540528889135,0.092308,44.0,14.0,,,
2025-07-13 05:00:00,london,temperature_2m,LOF,16.3,,False,0.0,0,1,FP,41647211.513178,0.37931,97.95,1.0,0.10221540528889135,0.092308,44.0,14.0,,,
2025-07-13 11:00:00,london,temperature_2m,LOF,23.4,,False,0.0,0,1,FP,1.0,0.0,92.35,1.0,0.10221540528889135,0.092308,44.0,14.0,,,
2025-07-13 12:00:00,london,temperature_2m,LOF,25.1,,False,0.0,0,1,FP,1.000884,0.0,93.14,1.0,0.10221540528889135,0.092308,44.0,14.0,,,
2025-07-13 14:00:00,london,temperature_2m,LOF,24.7,,False,0.0,0,1,FP,1.115009,0.0,95.74,1.0,0.10221540528889135,0.092308,44.0,14.0,,,
2025-07-13 15:00:00,london,temperature_2m,LOF,26.0,,False,0.0,0,1,FP,1.007862,0.0,93.95,1.0,0.10221540528889135,0.092308,44.0,14.0,,,
2025-07-13 17:00:00,london,temperature_2m,LOF,27.4,,False,0.0,0,1,FP,1.289473,0.0,96.25,1.0,0.10221540528889135,0.092308,44.0,14.0,,,
2025-07-13 18:00:00,london,temperature_2m,LOF,27.7,,False,0.0,0,1,FP,1.02394,0.0,94.54,1.0,0.10221540528889135,0.092308,44.0,14.0,,,
2025-07-13 19:00:00,london,temperature_2m,LOF,27.4,,False,0.0,0,1,FP,1.289473,0.0,96.25,1.0,0.10221540528889135,0.092308,44.0,14.0,,,
2025-07-13 20:00:00,london,temperature_2m,LOF,27.4,,False,0.0,0,1,FP,1.289473,0.0,96.25,1.0,0.10221540528889135,0.092308,44.0,14.0,,,
2025-07-13 22:00:00,london,temperature_2m,LOF,23.4,,False,0.0,0,1,FP,1.0,0.0,92.35,1.0,0.10221540528889135,0.092308,44.0,14.0,,,
2025-07-14 06:00:00,london,temperature_2m,LOF,18.3,,False,0.0,0,1,FP,49219431.606483,0.448276,98.99,1.0,0.10221540528889135,0.092308,44.0,14.0,,,
2025-07-14 10:00:00,london,temperature_2m,LOF,22.6,,False,0.0,0,1,FP,45433321.559832,0.413793,98.64,1.0,0.10221540528889135,0.092308,44.0,14.0,,,
2025-07-14 12:00:00,london,temperature_2m,LOF,24.9,,False,0.0,0,1,FP,1.000636,0.0,93.07,1.0,0.10221540528889135,0.092308,44.0,14.0,,,
2025-07-14 13:00:00,london,temperature_2m,LOF,23.6,,False,0.0,0,1,FP,1.011485,0.0,94.14,1.0,0.10221540528889135,0.092308,44.0,14.0,,,
2025-07-14 14:00:00,london,temperature_2m,LOF,24.4,,False,0.0,0,1,FP,1.058161,0.0,95.0,1.0,0.10221540528889135,0.092308,44.0,14.0,,,
2025-07-14 17:00:00,london,temperature_2m,LOF,23.4,,False,0.0,0,1,FP,1.0,0.0,92.35,1.0,0.10221540528889135,0.092308,44.0,14.0,,,
2025-07-14 19:00:00,london,temperature_2m,LOF,22.7,,False,0.0,0,1,FP,1.0,0.0,92.44,1.0,0.10221540528889135,0.092308,44.0,14.0,,,
2025-07-15 15:00:00,london,temperature_2m,LOF,20.9,,False,0.0,0,1,FP,49219431.606483,0.448276,98.99,1.0,0.10221540528889135,0.092308,44.0,14.0,,,
2025-07-15 19:00:00,london,temperature_2m,LOF,20.9,,False,0.0,0,1,FP,49219431.606483,0.448276,98.99,1.0,0.10221540528889135,0.092308,44.0,14.0,,,
2025-07-16 16:00:00,london,temperature_2m,LOF,23.3,,False,0.0,0,1,FP,1.0,0.0,92.49,1.0,0.10221540528889135,0.092308,44.0,14.0,,,
2025-07-16 17:00:00,london,temperature_2m,LOF,23.8,,False,0.0,0,1,FP,1.166078,0.0,96.0,1.0,0.10221540528889135,0.092308,44.0,14.0,,,
2025-07-16 18:00:00,london,temperature_2m,LOF,23.6,,False,0.0,0,1,FP,1.011485,0.0,94.14,1.0,0.10221540528889135,0.092308,44.0,14.0,,,
2025-07-16 20:00:00,london,temperature_2m,LOF,22.7,,False,0.0,0,1,FP,1.0,0.0,92.44,1.0,0.10221540528889135,0.092308,44.0,14.0,,,
2025-07-17 12:00:00,london,temperature_2m,LOF,23.6,,False,0.0,0,1,FP,1.011485,0.0,94.14,1.0,0.10221540528889135,0.092308,44.0,14.0,,,
2025-07-17 13:00:00,london,temperature_2m,LOF,23.9,,False,0.0,0,1,FP,1.040629,0.0,94.72,1.0,0.10221540528889135,0.092308,44.0,14.0,,,
2025-07-17 14:00:00,london,temperature_2m,LOF,24.8,,False,0.0,0,1,FP,1.064488,0.0,95.13,1.0,0.10221540528889135,0.092308,44.0,14.0,,,
2025-07-17 16:00:00,london,temperature_2m,LOF,25.1,,False,0.0,0,1,FP,1.000884,0.0,93.14,1.0,0.10221540528889135,0.092308,44.0,14.0,,,
2025-07-17 20:00:00,london,temperature_2m,LOF,23.9,,False,0.0,0,1,FP,1.040629,0.0,94.72,1.0,0.10221540528889135,0.092308,44.0,14.0,,,
2025-07-17 21:00:00,london,temperature_2m,LOF,22.6,,False,0.0,0,1,FP,45433321.559832,0.413793,98.64,1.0,0.10221540528889135,0.092308,44.0,14.0,,,
2025-07-18 11:00:00,london,temperature_2m,LOF,24.2,,False,0.0,0,1,FP,1.012953,0.0,94.23,1.0,0.10221540528889135,0.092308,44.0,14.0,,,
2025-07-18 15:00:00,london,temperature_2m,LOF,29.4,,False,0.0,0,1,FP,1.028711,0.0,94.59,1.0,0.10221540528889135,0.092308,44.0,14.0,,,
2025-07-18 18:00:00,london,temperature_2m,LOF,28.4,,False,0.0,0,1,FP,1.016873,0.0,94.32,1.0,0.10221540528889135,0.092308,44.0,14.0,,,
2025-07-18 19:00:00,london,temperature_2m,LOF,27.5,,False,0.0,0,1,FP,1.069373,0.0,95.28,1.0,0.10221540528889135,0.092308,44.0,14.0,,,
2025-07-18 20:00:00,london,temperature_2m,LOF,26.4,,False,0.0,0,1,FP,1.069792,0.0,95.34,1.0,0.10221540528889135,0.092308,44.0,14.0,,,
2025-07-18 21:00:00,london,temperature_2m,LOF,25.1,,False,0.0,0,1,FP,1.000884,0.0,93.14,1.0,0.10221540528889135,0.092308,44.0,14.0,,,
2025-07-18 22:00:00,london,temperature_2m,LOF,23.9,,False,0.0,0,1,FP,1.040629,0.0,94.72,1.0,0.10221540528889135,0.092308,44.0,14.0,,,
2025-07-20 16:00:00,london,temperature_2m,LOF,20.2,,False,0.0,0,1,FP,45433321.559831,0.413793,98.37,1.0,0.10221540528889135,0.092308,44.0,14.0,,,
2025-07-20 20:00:00,london,temperature_2m,LOF,18.3,,False,0.0,0,1,FP,49219431.606483,0.448276,98.99,1.0,0.10221540528889135,0.092308,44.0,14.0,,,
2025-07-20 21:00:00,london,temperature_2m,LOF,17.3,,False,0.0,0,1,FP,41647211.513178,0.37931,97.95,1.0,0.10221540528889135,0.092308,44.0,14.0,,,
2025-07-21 11:00:00,london,temperature_2m,LOF,19.3,,False,0.0,0,1,FP,94408772.631087,0.859847,99.79,1.0,0.10221540528889135,0.092308,44.0,14.0,,,
2025-07-21 17:00:00,london,temperature_2m,LOF,22.6,,False,0.0,0,1,FP,45433321.559832,0.413793,98.64,1.0,0.10221540528889135,0.092308,44.0,14.0,,,
2025-07-21 21:00:00,london,temperature_2m,LOF,18.7,,False,0.0,0,1,FP,33924464.565077,0.308974,97.69,1.0,0.10221540528889135,0.092308,44.0,14.0,,,
2025-07-22 11:00:00,london,temperature_2m,LOF,20.2,,False,0.0,0,1,FP,45433321.559831,0.413793,98.37,1.0,0.10221540528889135,0.092308,44.0,14.0,,,
2025-07-22 18:00:00,london,temperature_2m,LOF,20.9,,False,0.0,0,1,FP,49219431.606483,0.448276,98.99,1.0,0.10221540528889135,0.092308,44.0,14.0,,,
2025-07-22 20:00:00,london,temperature_2m,LOF,20.3,,False,0.0,0,1,FP,90866642.119662,0.827586,99.69,1.0,0.10221540528889135,0.092308,44.0,14.0,,,
2025-07-22 22:00:00,london,temperature_2m,LOF,18.7,,False,0.0,0,1,FP,33924464.565077,0.308974,97.69,1.0,0.10221540528889135,0.092308,44.0,14.0,,,
2025-07-23 00:00:00,london,temperature_2m,LOF,17.7,,False,0.0,0,1,FP,30288881.37322,0.275862,97.5,1.0,0.10221540528889135,0.092308,44.0,14.0,,,
2025-07-23 11:00:00,london,temperature_2m,LOF,18.7,,False,0.0,0,1,FP,33924464.565077,0.308974,97.69,1.0,0.10221540528889135,0.092308,44.0,14.0,,,
2025-07-23 12:00:00,london,temperature_2m,LOF,20.2,,False,0.0,0,1,FP,45433321.559831,0.413793,98.37,1.0,0.10221540528889135,0.092308,44.0,14.0,,,
2025-07-24 18:00:00,london,temperature_2m,LOF,19.3,,False,0.0,0,1,FP,94408772.631087,0.859847,99.79,1.0,0.10221540528889135,0.092308,44.0,14.0,,,
2025-07-24 23:00:00,london,temperature_2m,LOF,17.3,,False,0.0,0,1,FP,41647211.513178,0.37931,97.95,1.0,0.10221540528889135,0.092308,44.0,14.0,,,
2025-07-25 16:00:00,london,temperature_2m,LOF,24.9,,False,0.0,0,1,FP,1.000636,0.0,93.07,1.0,0.10221540528889135,0.092308,44.0,14.0,,,
2025-07-25 20:00:00,london,temperature_2m,LOF,24.2,,False,0.0,0,1,FP,1.012953,0.0,94.23,1.0,0.10221540528889135,0.092308,44.0,14.0,,,
2025-07-25 21:00:00,london,temperature_2m,LOF,22.7,,False,0.0,0,1,FP,1.0,0.0,92.44,1.0,0.10221540528889135,0.092308,44.0,14.0,,,
2025-07-25 23:00:00,london,temperature_2m,LOF,20.3,,False,0.0,0,1,FP,90866642.119662,0.827586,99.69,1.0,0.10221540528889135,0.092308,44.0,14.0,,,
2025-07-26 03:00:00,london,temperature_2m,LOF,17.3,,False,0.0,0,1,FP,41647211.513178,0.37931,97.95,1.0,0.10221540528889135,0.092308,44.0,14.0,,,
2025-07-26 09:00:00,london,temperature_2m,LOF,19.7,,False,0.0,0,1,FP,60577761.746441,0.551724,99.28,1.0,0.10221540528889135,0.092308,44.0,14.0,,,
2025-07-26 19:00:00,london,temperature_2m,LOF,22.7,,False,0.0,0,1,FP,1.0,0.0,92.44,1.0,0.10221540528889135,0.092308,44.0,14.0,,,
2025-07-27 18:00:00,london,temperature_2m,LOF,20.2,,False,0.0,0,1,FP,45433321.559831,0.413793,98.37,1.0,0.10221540528889135,0.092308,44.0,14.0,,,
2025-07-28 03:00:00,london,temperature_2m,LOF,16.3,,False,0.0,0,1,FP,41647211.513178,0.37931,97.95,1.0,0.10221540528889135,0.092308,44.0,14.0,,,
2025-07-28 13:00:00,london,temperature_2m,LOF,23.4,,False,0.0,0,1,FP,1.0,0.0,92.35,1.0,0.10221540528889135,0.092308,44.0,14.0,,,
2025-07-28 14:00:00,london,temperature_2m,LOF,23.6,,False,0.0,0,1,FP,1.011485,0.0,94.14,1.0,0.10221540528889135,0.092308,44.0,14.0,,,
2025-07-28 16:00:00,london,temperature_2m,LOF,23.9,,False,0.0,0,1,FP,1.040629,0.0,94.72,1.0,0.10221540528889135,0.092308,44.0,14.0,,,
2025-07-29 12:00:00,london,temperature_2m,LOF,20.2,,False,0.0,0,1,FP,45433321.559831,0.413793,98.37,1.0,0.10221540528889135,0.092308,44.0,14.0,,,
2025-07-30 01:00:00,london,temperature_2m,LOF,17.7,,False,0.0,0,1,FP,30288881.37322,0.275862,97.5,1.0,0.10221540528889135,0.092308,44.0,14.0,,,
2025-07-30 16:00:00,london,temperature_2m,LOF,24.4,,False,0.0,0,1,FP,1.058161,0.0,95.0,1.0,0.10221540528889135,0.092308,44.0,14.0,,,
2025-07-30 17:00:00,london,temperature_2m,LOF,24.7,,False,0.0,0,1,FP,1.115009,0.0,95.74,1.0,0.10221540528889135,0.092308,44.0,14.0,,,
2025-07-30 18:00:00,london,temperature_2m,LOF,24.2,,False,0.0,0,1,FP,1.012953,0.0,94.23,1.0,0.10221540528889135,0.092308,44.0,14.0,,,
2025-07-30 21:00:00,london,temperature_2m,LOF,22.6,,False,0.0,0,1,FP,45433321.559832,0.413793,98.64,1.0,0.10221540528889135,0.092308,44.0,14.0,,,
2025-07-30 23:00:00,london,temperature_2m,LOF,20.9,,False,0.0,0,1,FP,49219431.606483,0.448276,98.99,1.0,0.10221540528889135,0.092308,44.0,14.0,,,
2025-07-31 14:00:00,london,temperature_2m,LOF,22.6,,False,0.0,0,1,FP,45433321.559832,0.413793,98.64,1.0,0.10221540528889135,0.092308,44.0,14.0,,,
2025-07-31 17:00:00,london,temperature_2m,LOF,19.7,,False,0.0,0,1,FP,60577761.746441,0.551724,99.28,1.0,0.10221540528889135,0.092308,44.0,14.0,,,
2025-08-01 13:00:00,london,temperature_2m,LOF,19.7,,False,0.0,0,1,FP,60577761.746441,0.551724,99.28,1.0,0.10221540528889135,0.092308,44.0,14.0,,,
2025-08-01 23:00:00,london,temperature_2m,LOF,16.3,,False,0.0,0,1,FP,41647211.513178,0.37931,97.95,1.0,0.10221540528889135,0.092308,44.0,14.0,,,
2025-08-02 19:00:00,london,temperature_2m,LOF,19.7,,False,0.0,0,1,FP,60577761.746441,0.551724,99.28,1.0,0.10221540528889135,0.092308,44.0,14.0,,,
2025-08-04 15:00:00,london,temperature_2m,LOF,20.9,,False,0.0,0,1,FP,49219431.606483,0.448276,98.99,1.0,0.10221540528889135,0.092308,44.0,14.0,,,
2025-08-04 16:00:00,london,temperature_2m,LOF,20.3,,False,0.0,0,1,FP,90866642.119662,0.827586,99.69,1.0,0.10221540528889135,0.092308,44.0,14.0,,,
2025-08-05 04:00:00,london,temperature_2m,LOF,14.0,,False,0.0,0,1,FP,7511751.401293,0.068415,96.69,1.0,0.10221540528889135,0.092308,44.0,14.0,,,
2025-08-06 20:00:00,london,temperature_2m,LOF,19.3,,False,0.0,0,1,FP,94408772.631087,0.859847,99.79,1.0,0.10221540528889135,0.092308,44.0,14.0,,,
2025-08-08 04:00:00,london,temperature_2m,LOF,16.3,,False,0.0,0,1,FP,41647211.513178,0.37931,97.95,1.0,0.10221540528889135,0.092308,44.0,14.0,,,
2025-08-08 15:00:00,london,temperature_2m,LOF,24.2,,False,0.0,0,1,FP,1.012953,0.0,94.23,1.0,0.10221540528889135,0.092308,44.0,14.0,,,
2025-08-08 16:00:00,london,temperature_2m,LOF,24.8,,False,0.0,0,1,FP,1.064488,0.0,95.13,1.0,0.10221540528889135,0.092308,44.0,14.0,,,
2025-08-08 17:00:00,london,temperature_2m,LOF,25.1,,False,0.0,0,1,FP,1.000884,0.0,93.14,1.0,0.10221540528889135,0.092308,44.0,14.0,,,
2025-08-08 18:00:00,london,temperature_2m,LOF,24.8,,False,0.0,0,1,FP,1.064488,0.0,95.13,1.0,0.10221540528889135,0.092308,44.0,14.0,,,
2025-08-09 14:00:00,london,temperature_2m,LOF,23.9,,False,0.0,0,1,FP,1.040629,0.0,94.72,1.0,0.10221540528889135,0.092308,44.0,14.0,,,
2025-08-09 15:00:00,london,temperature_2m,LOF,24.2,,False,0.0,0,1,FP,1.012953,0.0,94.23,1.0,0.10221540528889135,0.092308,44.0,14.0,,,
2025-08-09 17:00:00,london,temperature_2m,LOF,24.8,,False,0.0,0,1,FP,1.064488,0.0,95.13,1.0,0.10221540528889135,0.092308,44.0,14.0,,,
2025-08-09 18:00:00,london,temperature_2m,LOF,23.9,,False,0.0,0,1,FP,1.040629,0.0,94.72,1.0,0.10221540528889135,0.092308,44.0,14.0,,,
2025-08-10 16:00:00,london,temperature_2m,LOF,25.9,,False,0.0,0,1,FP,1.001738,0.0,93.39,1.0,0.10221540528889135,0.092308,44.0,14.0,,,
2025-08-10 19:00:00,london,temperature_2m,LOF,25.7,,False,0.0,0,1,FP,1.023406,0.0,94.5,1.0,0.10221540528889135,0.092308,44.0,14.0,,,
2025-08-10 21:00:00,london,temperature_2m,LOF,23.6,,False,0.0,0,1,FP,1.011485,0.0,94.14,1.0,0.10221540528889135,0.092308,44.0,14.0,,,
2025-08-11 12:00:00,london,temperature_2m,LOF,26.2,,False,0.0,0,1,FP,1.055628,0.0,94.9,1.0,0.10221540528889135,0.092308,44.0,14.0,,,
2025-08-11 13:00:00,london,temperature_2m,LOF,27.4,,False,0.0,0,1,FP,1.289473,0.0,96.25,1.0,0.10221540528889135,0.092308,44.0,14.0,,,
2025-08-11 14:00:00,london,temperature_2m,LOF,28.6,,False,0.0,0,1,FP,1.003566,0.0,93.72,1.0,0.10221540528889135,0.092308,44.0,14.0,,,
2025-08-11 15:00:00,london,temperature_2m,LOF,29.4,,False,0.0,0,1,FP,1.028711,0.0,94.59,1.0,0.10221540528889135,0.092308,44.0,14.0,,,
2025-08-11 16:00:00,london,temperature_2m,LOF,29.6,,False,0.0,0,1,FP,1.062631,0.0,95.06,1.0,0.10221540528889135,0.092308,44.0,14.0,,,
2025-08-11 17:00:00,london,temperature_2m,LOF,29.3,,False,0.0,0,1,FP,1.010025,0.0,94.04,1.0,0.10221540528889135,0.092308,44.0,14.0,,,
2025-08-11 18:00:00,london,temperature_2m,LOF,28.2,,False,0.0,0,1,FP,1.004532,0.0,93.74,1.0,0.10221540528889135,0.092308,44.0,14.0,,,
2025-08-11 19:00:00,london,temperature_2m,LOF,26.5,,False,0.0,0,1,FP,1.045289,0.0,94.81,1.0,0.10221540528889135,0.092308,44.0,14.0,,,
2025-08-11 22:00:00,london,temperature_2m,LOF,23.3,,False,0.0,0,1,FP,1.0,0.0,92.49,1.0,0.10221540528889135,0.092308,44.0,14.0,,,
2025-08-12 11:00:00,london,temperature_2m,LOF,26.5,,False,0.0,0,1,FP,1.045289,0.0,94.81,1.0,0.10221540528889135,0.092308,44.0,14.0,,,
2025-08-12 12:00:00,london,temperature_2m,LOF,28.1,,False,0.0,0,1,FP,1.004648,0.0,93.77,1.0,0.10221540528889135,0.092308,44.0,14.0,,,
2025-08-12 13:00:00,london,temperature_2m,LOF,29.4,,False,0.0,0,1,FP,1.028711,0.0,94.59,1.0,0.10221540528889135,0.092308,44.0,14.0,,,
2025-08-12 14:00:00,london,temperature_2m,LOF,30.8,,False,0.0,0,1,FP,1.077379,0.0,95.38,1.0,0.10221540528889135,0.092308,44.0,14.0,,,
2025-08-12 15:00:00,london,temperature_2m,LOF,30.9,,False,0.0,0,1,FP,1.089752,0.0,95.47,1.0,0.10221540528889135,0.092308,44.0,14.0,,,
2025-08-12 16:00:00,london,temperature_2m,LOF,31.0,,False,0.0,0,1,FP,1.104248,0.0,95.56,1.0,0.10221540528889135,0.092308,44.0,14.0,,,
2025-08-12 17:00:00,london,temperature_2m,LOF,30.5,,False,0.0,0,1,FP,1.066085,0.0,95.19,1.0,0.10221540528889135,0.092308,44.0,14.0,,,
2025-08-12 18:00:00,london,temperature_2m,LOF,29.9,,False,0.0,0,1,FP,1.091194,0.0,95.48,1.0,0.10221540528889135,0.092308,44.0,14.0,,,
2025-08-12 20:00:00,london,temperature_2m,LOF,27.4,,False,0.0,0,1,FP,1.289473,0.0,96.25,1.0,0.10221540528889135,0.092308,44.0,14.0,,,
2025-08-12 21:00:00,london,temperature_2m,LOF,25.9,,False,0.0,0,1,FP,1.001738,0.0,93.39,1.0,0.10221540528889135,0.092308,44.0,14.0,,,
2025-08-12 23:00:00,london,temperature_2m,LOF,23.6,,False,0.0,0,1,FP,1.011485,0.0,94.14,1.0,0.10221540528889135,0.092308,44.0,14.0,,,
2025-08-13 07:00:00,london,temperature_2m,LOF,18.3,,False,0.0,0,1,FP,49219431.606483,0.448276,98.99,1.0,0.10221540528889135,0.092308,44.0,14.0,,,
2025-08-13 11:00:00,london,temperature_2m,LOF,24.9,,False,0.0,0,1,FP,1.000636,0.0,93.07,1.0,0.10221540528889135,0.092308,44.0,14.0,,,
2025-08-13 12:00:00,london,temperature_2m,LOF,26.4,,False,0.0,0,1,FP,1.069792,0.0,95.34,1.0,0.10221540528889135,0.092308,44.0,14.0,,,
2025-08-13 13:00:00,london,temperature_2m,LOF,27.8,,False,0.0,0,1,FP,1.023491,0.0,94.52,1.0,0.10221540528889135,0.092308,44.0,14.0,,,
2025-08-13 16:00:00,london,temperature_2m,LOF,25.9,,False,0.0,0,1,FP,1.001738,0.0,93.39,1.0,0.10221540528889135,0.092308,44.0,14.0,,,
2025-08-13 17:00:00,london,temperature_2m,LOF,24.4,,False,0.0,0,1,FP,1.058161,0.0,95.0,1.0,0.10221540528889135,0.092308,44.0,14.0,,,
2025-08-13 18:00:00,london,temperature_2m,LOF,23.9,,False,0.0,0,1,FP,1.040629,0.0,94.72,1.0,0.10221540528889135,0.092308,44.0,14.0,,,
2025-08-14 15:00:00,london,temperature_2m,LOF,26.4,,False,0.0,0,1,FP,1.069792,0.0,95.34,1.0,0.10221540528889135,0.092308,44.0,14.0,,,
2025-08-14 19:00:00,london,temperature_2m,LOF,26.5,,False,0.0,0,1,FP,1.045289,0.0,94.81,1.0,0.10221540528889135,0.092308,44.0,14.0,,,
2025-08-14 21:00:00,london,temperature_2m,LOF,24.4,,False,0.0,0,1,FP,1.058161,0.0,95.0,1.0,0.10221540528889135,0.092308,44.0,14.0,,,
2025-08-15 04:00:00,london,temperature_2m,LOF,18.3,,False,0.0,0,1,FP,49219431.606483,0.448276,98.99,1.0,0.10221540528889135,0.092308,44.0,14.0,,,
2025-08-15 11:00:00,london,temperature_2m,LOF,24.2,,False,0.0,0,1,FP,1.012953,0.0,94.23,1.0,0.10221540528889135,0.092308,44.0,14.0,,,
2025-08-15 12:00:00,london,temperature_2m,LOF,25.9,,False,0.0,0,1,FP,1.001738,0.0,93.39,1.0,0.10221540528889135,0.092308,44.0,14.0,,,
2025-08-15 13:00:00,london,temperature_2m,LOF,27.2,,False,0.0,0,1,FP,1.164979,0.0,95.95,1.0,0.10221540528889135,0.092308,44.0,14.0,,,
2025-08-15 14:00:00,london,temperature_2m,LOF,28.2,,False,0.0,0,1,FP,1.004532,0.0,93.74,1.0,0.10221540528889135,0.092308,44.0,14.0,,,
2025-08-15 16:00:00,london,temperature_2m,LOF,29.5,,False,0.0,0,1,FP,1.032698,0.0,94.64,1.0,0.10221540528889135,0.092308,44.0,14.0,,,
2025-08-15 17:00:00,london,temperature_2m,LOF,29.4,,False,0.0,0,1,FP,1.028711,0.0,94.59,1.0,0.10221540528889135,0.092308,44.0,14.0,,,
2025-08-15 19:00:00,london,temperature_2m,LOF,28.0,,False,0.0,0,1,FP,1.010594,0.0,94.07,1.0,0.10221540528889135,0.092308,44.0,14.0,,,
2025-08-16 01:00:00,london,temperature_2m,LOF,19.7,,False,0.0,0,1,FP,60577761.746441,0.551724,99.28,1.0,0.10221540528889135,0.092308,44.0,14.0,,,
2025-08-17 00:00:00,london,temperature_2m,LOF,16.3,,False,0.0,0,1,FP,41647211.513178,0.37931,97.95,1.0,0.10221540528889135,0.092308,44.0,14.0,,,
2025-08-17 17:00:00,london,temperature_2m,LOF,24.4,,False,0.0,0,1,FP,1.058161,0.0,95.0,1.0,0.10221540528889135,0.092308,44.0,14.0,,,
2025-08-18 01:00:00,london,temperature_2m,LOF,17.3,,False,0.0,0,1,FP,41647211.513178,0.37931,97.95,1.0,0.10221540528889135,0.092308,44.0,14.0,,,
2025-08-18 12:00:00,london,temperature_2m,LOF,20.3,,False,0.0,0,1,FP,90866642.119662,0.827586,99.69,1.0,0.10221540528889135,0.092308,44.0,14.0,,,
2025-08-18 19:00:00,london,temperature_2m,LOF,20.2,,False,0.0,0,1,FP,45433321.559831,0.413793,98.37,1.0,0.10221540528889135,0.092308,44.0,14.0,,,
2025-08-19 05:00:00,london,temperature_2m,LOF,15.3,,False,0.0,0,1,FP,7540828.517608,0.06868,96.89,1.0,0.10221540528889135,0.092308,44.0,14.0,,,
2025-08-19 13:00:00,london,temperature_2m,LOF,23.6,,False,0.0,0,1,FP,1.011485,0.0,94.14,1.0,0.10221540528889135,0.092308,44.0,14.0,,,
2025-08-19 14:00:00,london,temperature_2m,LOF,24.4,,False,0.0,0,1,FP,1.058161,0.0,95.0,1.0,0.10221540528889135,0.092308,44.0,14.0,,,
2025-08-20 07:00:00,london,temperature_2m,LOF,15.3,,False,0.0,0,1,FP,7540828.517608,0.06868,96.89,1.0,0.10221540528889135,0.092308,44.0,14.0,,,
2025-08-23 00:00:00,london,temperature_2m,LOF,18.3,,False,0.0,0,1,FP,49219431.606483,0.448276,98.99,1.0,0.10221540528889135,0.092308,44.0,14.0,,,
2025-08-23 01:00:00,london,temperature_2m,LOF,18.3,,False,0.0,0,1,FP,49219431.606483,0.448276,98.99,1.0,0.10221540528889135,0.092308,44.0,14.0,,,
2025-08-23 09:00:00,london,temperature_2m,LOF,17.3,,False,0.0,0,1,FP,41647211.513178,0.37931,97.95,1.0,0.10221540528889135,0.092308,44.0,14.0,,,
2025-08-24 16:00:00,london,temperature_2m,LOF,23.6,,False,0.0,0,1,FP,1.011485,0.0,94.14,1.0,0.10221540528889135,0.092308,44.0,14.0,,,
2025-08-24 17:00:00,london,temperature_2m,LOF,23.4,,False,0.0,0,1,FP,1.0,0.0,92.35,1.0,0.10221540528889135,0.092308,44.0,14.0,,,
2025-08-24 22:00:00,london,temperature_2m,LOF,19.3,,False,0.0,0,1,FP,94408772.631087,0.859847,99.79,1.0,0.10221540528889135,0.092308,44.0,14.0,,,
2025-08-24 23:00:00,london,temperature_2m,LOF,18.7,,False,0.0,0,1,FP,33924464.565077,0.308974,97.69,1.0,0.10221540528889135,0.092308,44.0,14.0,,,
2025-08-25 02:00:00,london,temperature_2m,LOF,16.3,,False,0.0,0,1,FP,41647211.513178,0.37931,97.95,1.0,0.10221540528889135,0.092308,44.0,14.0,,,
2025-08-25 11:00:00,london,temperature_2m,LOF,22.7,,False,0.0,0,1,FP,1.0,0.0,92.44,1.0,0.10221540528889135,0.092308,44.0,14.0,,,
2025-08-25 12:00:00,london,temperature_2m,LOF,23.9,,False,0.0,0,1,FP,1.040629,0.0,94.72,1.0,0.10221540528889135,0.092308,44.0,14.0,,,
2025-08-25 13:00:00,london,temperature_2m,LOF,24.8,,False,0.0,0,1,FP,1.064488,0.0,95.13,1.0,0.10221540528889135,0.092308,44.0,14.0,,,
2025-08-25 15:00:00,london,temperature_2m,LOF,26.0,,False,0.0,0,1,FP,1.007862,0.0,93.95,1.0,0.10221540528889135,0.092308,44.0,14.0,,,
2025-08-25 16:00:00,london,temperature_2m,LOF,26.0,,False,0.0,0,1,FP,1.007862,0.0,93.95,1.0,0.10221540528889135,0.092308,44.0,14.0,,,
2025-08-25 17:00:00,london,temperature_2m,LOF,25.6,,False,0.0,0,1,FP,1.069489,0.0,95.31,1.0,0.10221540528889135,0.092308,44.0,14.0,,,
2025-08-25 18:00:00,london,temperature_2m,LOF,24.8,,False,0.0,0,1,FP,1.064488,0.0,95.13,1.0,0.10221540528889135,0.092308,44.0,14.0,,,
2025-08-25 19:00:00,london,temperature_2m,LOF,23.8,,False,0.0,0,1,FP,1.166078,0.0,96.0,1.0,0.10221540528889135,0.092308,44.0,14.0,,,
2025-08-26 12:00:00,london,temperature_2m,LOF,22.6,,False,0.0,0,1,FP,45433321.559832,0.413793,98.64,1.0,0.10221540528889135,0.092308,44.0,14.0,,,
2025-08-26 16:00:00,london,temperature_2m,LOF,25.2,,False,0.0,0,1,FP,1.001326,0.0,93.33,1.0,0.10221540528889135,0.092308,44.0,14.0,,,
2025-08-26 17:00:00,london,temperature_2m,LOF,24.3,,False,0.0,0,1,FP,1.146977,0.0,95.87,1.0,0.10221540528889135,0.092308,44.0,14.0,,,
2025-08-26 19:00:00,london,temperature_2m,LOF,22.7,,False,0.0,0,1,FP,1.0,0.0,92.44,1.0,0.10221540528889135,0.092308,44.0,14.0,,,
2025-08-28 14:00:00,london,temperature_2m,LOF,20.3,,False,0.0,0,1,FP,90866642.119662,0.827586,99.69,1.0,0.10221540528889135,0.092308,44.0,14.0,,,
2025-08-28 16:00:00,london,temperature_2m,LOF,19.7,,False,0.0,0,1,FP,60577761.746441,0.551724,99.28,1.0,0.10221540528889135,0.092308,44.0,14.0,,,
2025-08-29 01:00:00,london,temperature_2m,LOF,15.3,,False,0.0,0,1,FP,7540828.517608,0.06868,96.89,1.0,0.10221540528889135,0.092308,44.0,14.0,,,
2025-08-29 04:00:00,london,temperature_2m,LOF,15.3,,False,0.0,0,1,FP,7540828.517608,0.06868,96.89,1.0,0.10221540528889135,0.092308,44.0,14.0,,,
2025-08-29 09:00:00,london,temperature_2m,LOF,15.3,,False,0.0,0,1,FP,7540828.517608,0.06868,96.89,1.0,0.10221540528889135,0.092308,44.0,14.0,,,
2025-08-29 16:00:00,london,temperature_2m,LOF,18.3,,False,0.0,0,1,FP,49219431.606483,0.448276,98.99,1.0,0.10221540528889135,0.092308,44.0,14.0,,,
2025-08-29 22:00:00,london,temperature_2m,LOF,16.3,,False,0.0,0,1,FP,41647211.513178,0.37931,97.95,1.0,0.10221540528889135,0.092308,44.0,14.0,,,
2025-08-31 10:00:00,london,temperature_2m,LOF,17.7,,False,0.0,0,1,FP,30288881.37322,0.275862,97.5,1.0,0.10221540528889135,0.092308,44.0,14.0,,,
2025-08-31 23:00:00,london,temperature_2m,LOF,15.3,,False,0.0,0,1,FP,7540828.517608,0.06868,96.89,1.0,0.10221540528889135,0.092308,44.0,14.0,,,
2025-09-01 18:00:00,london,temperature_2m,LOF,18.7,,False,0.0,0,1,FP,33924464.565077,0.308974,97.69,1.0,0.10221540528889135,0.092308,44.0,14.0,,,
2025-09-03 16:00:00,london,temperature_2m,LOF,19.7,,False,0.0,0,1,FP,60577761.746441,0.551724,99.28,1.0,0.10221540528889135,0.092308,44.0,14.0,,,
2025-09-04 15:00:00,london,temperature_2m,LOF,18.7,,False,0.0,0,1,FP,33924464.565077,0.308974,97.69,1.0,0.10221540528889135,0.092308,44.0,14.0,,,
2025-09-04 17:00:00,london,temperature_2m,LOF,18.3,,False,0.0,0,1,FP,49219431.606483,0.448276,98.99,1.0,0.10221540528889135,0.092308,44.0,14.0,,,
2025-09-06 19:00:00,london,temperature_2m,LOF,20.2,,False,0.0,0,1,FP,45433321.559831,0.413793,98.37,1.0,0.10221540528889135,0.092308,44.0,14.0,,,
2025-09-07 10:00:00,london,temperature_2m,LOF,19.7,,False,0.0,0,1,FP,60577761.746441,0.551724,99.28,1.0,0.10221540528889135,0.092308,44.0,14.0,,,
2025-09-07 15:00:00,london,temperature_2m,LOF,23.9,,False,0.0,0,1,FP,1.040629,0.0,94.72,1.0,0.10221540528889135,0.092308,44.0,14.0,,,
2025-09-07 16:00:00,london,temperature_2m,LOF,23.8,,False,0.0,0,1,FP,1.166078,0.0,96.0,1.0,0.10221540528889135,0.092308,44.0,14.0,,,
2025-09-08 02:00:00,london,temperature_2m,LOF,15.3,,False,0.0,0,1,FP,7540828.517608,0.06868,96.89,1.0,0.10221540528889135,0.092308,44.0,14.0,,,
2025-09-08 19:00:00,london,temperature_2m,LOF,17.7,,False,0.0,0,1,FP,30288881.37322,0.275862,97.5,1.0,0.10221540528889135,0.092308,44.0,14.0,,,
2025-09-09 14:00:00,london,temperature_2m,LOF,19.7,,False,0.0,0,1,FP,60577761.746441,0.551724,99.28,1.0,0.10221540528889135,0.092308,44.0,14.0,,,
2025-09-09 17:00:00,london,temperature_2m,LOF,19.3,,False,0.0,0,1,FP,94408772.631087,0.859847,99.79,1.0,0.10221540528889135,0.092308,44.0,14.0,,,
2025-09-09 18:00:00,london,temperature_2m,LOF,18.7,,False,0.0,0,1,FP,33924464.565077,0.308974,97.69,1.0,0.10221540528889135,0.092308,44.0,14.0,,,
2025-09-09 23:00:00,london,temperature_2m,LOF,15.3,,False,0.0,0,1,FP,7540828.517608,0.06868,96.89,1.0,0.10221540528889135,0.092308,44.0,14.0,,,
2025-09-10 10:00:00,london,temperature_2m,LOF,15.3,,False,0.0,0,1,FP,7540828.517608,0.06868,96.89,1.0,0.10221540528889135,0.092308,44.0,14.0,,,
2025-09-10 20:00:00,london,temperature_2m,LOF,15.3,,False,0.0,0,1,FP,7540828.517608,0.06868,96.89,1.0,0.10221540528889135,0.092308,44.0,14.0,,,
2025-09-14 20:00:00,london,temperature_2m,LOF,17.7,,False,0.0,0,1,FP,30288881.37322,0.275862,97.5,1.0,0.10221540528889135,0.092308,44.0,14.0,,,
2025-09-16 16:00:00,london,temperature_2m,LOF,18.3,,False,0.0,0,1,FP,49219431.606483,0.448276,98.99,1.0,0.10221540528889135,0.092308,44.0,14.0,,,
2025-09-17 14:00:00,london,temperature_2m,LOF,18.3,,False,0.0,0,1,FP,49219431.606483,0.448276,98.99,1.0,0.10221540528889135,0.092308,44.0,14.0,,,
2025-09-17 23:00:00,london,temperature_2m,LOF,17.7,,False,0.0,0,1,FP,30288881.37322,0.275862,97.5,1.0,0.10221540528889135,0.092308,44.0,14.0,,,
2025-09-18 00:00:00,london,temperature_2m,LOF,17.7,,False,0.0,0,1,FP,30288881.37322,0.275862,97.5,1.0,0.10221540528889135,0.092308,44.0,14.0,,,
2025-09-18 03:00:00,london,temperature_2m,LOF,17.7,,False,0.0,0,1,FP,30288881.37322,0.275862,97.5,1.0,0.10221540528889135,0.092308,44.0,14.0,,,
2025-09-18 08:00:00,london,temperature_2m,LOF,17.7,,False,0.0,0,1,FP,30288881.37322,0.275862,97.5,1.0,0.10221540528889135,0.092308,44.0,14.0,,,
2025-09-18 21:00:00,london,temperature_2m,LOF,17.3,,False,0.0,0,1,FP,41647211.513178,0.37931,97.95,1.0,0.10221540528889135,0.092308,44.0,14.0,,,
2025-09-19 06:00:00,london,temperature_2m,LOF,15.3,,False,0.0,0,1,FP,7540828.517608,0.06868,96.89,1.0,0.10221540528889135,0.092308,44.0,14.0,,,
2025-09-19 14:00:00,london,temperature_2m,LOF,25.1,,False,0.0,0,1,FP,1.000884,0.0,93.14,1.0,0.10221540528889135,0.092308,44.0,14.0,,,
2025-09-19 16:00:00,london,temperature_2m,LOF,24.9,,False,0.0,0,1,FP,1.000636,0.0,93.07,1.0,0.10221540528889135,0.092308,44.0,14.0,,,
2025-09-19 17:00:00,london,temperature_2m,LOF,23.8,,False,0.0,0,1,FP,1.166078,0.0,96.0,1.0,0.10221540528889135,0.092308,44.0,14.0,,,
2025-09-20 12:00:00,london,temperature_2m,LOF,19.7,,False,0.0,0,1,FP,60577761.746441,0.551724,99.28,1.0,0.10221540528889135,0.092308,44.0,14.0,,,
2025-09-20 20:00:00,london,temperature_2m,LOF,16.3,,False,0.0,0,1,FP,41647211.513178,0.37931,97.95,1.0,0.10221540528889135,0.092308,44.0,14.0,,,
2025-09-25 15:00:00,london,temperature_2m,LOF,18.3,,False,0.0,0,1,FP,49219431.606483,0.448276,98.99,1.0,0.10221540528889135,0.092308,44.0,14.0,,,
2025-09-26 17:00:00,london,temperature_2m,LOF,15.3,,False,0.0,0,1,FP,7540828.517608,0.06868,96.89,1.0,0.10221540528889135,0.092308,44.0,14.0,,,
2025-09-28 10:00:00,london,temperature_2m,LOF,15.3,,False,0.0,0,1,FP,7540828.517608,0.06868,96.89,1.0,0.10221540528889135,0.092308,44.0,14.0,,,
2025-09-29 15:00:00,london,temperature_2m,LOF,17.7,,False,0.0,0,1,FP,30288881.37322,0.275862,97.5,1.0,0.10221540528889135,0.092308,44.0,14.0,,,
2025-09-29 23:00:00,london,temperature_2m,LOF,14.0,,False,0.0,0,1,FP,7511751.401293,0.068415,96.69,1.0,0.10221540528889135,0.092308,44.0,14.0,,,
2025-09-30 13:00:00,london,temperature_2m,LOF,17.3,,False,0.0,0,1,FP,41647211.513178,0.37931,97.95,1.0,0.10221540528889135,0.092308,44.0,14.0,,,
2025-09-30 16:00:00,london,temperature_2m,LOF,18.3,,False,0.0,0,1,FP,49219431.606483,0.448276,98.99,1.0,0.10221540528889135,0.092308,44.0,14.0,,,
2025-10-02 14:00:00,london,temperature_2m,LOF,18.3,,False,0.0,0,1,FP,49219431.606483,0.448276,98.99,1.0,0.10221540528889135,0.092308,44.0,14.0,,,
2025-10-02 17:00:00,london,temperature_2m,LOF,17.7,,False,0.0,0,1,FP,30288881.37322,0.275862,97.5,1.0,0.10221540528889135,0.092308,44.0,14.0,,,
2025-10-02 19:00:00,london,temperature_2m,LOF,16.3,,False,0.0,0,1,FP,41647211.513178,0.37931,97.95,1.0,0.10221540528889135,0.092308,44.0,14.0,,,
2025-10-03 05:00:00,london,temperature_2m,LOF,15.3,,False,0.0,0,1,FP,7540828.517608,0.06868,96.89,1.0,0.10221540528889135,0.092308,44.0,14.0,,,
2025-10-03 18:00:00,london,temperature_2m,LOF,16.3,,False,0.0,0,1,FP,41647211.513178,0.37931,97.95,1.0,0.10221540528889135,0.092308,44.0,14.0,,,
2025-10-05 13:00:00,london,temperature_2m,LOF,15.3,,False,0.0,0,1,FP,7540828.517608,0.06868,96.89,1.0,0.10221540528889135,0.092308,44.0,14.0,,,
2025-10-13 14:00:00,london,temperature_2m,LOF,15.3,,False,0.0,0,1,FP,7540828.517608,0.06868,96.89,1.0,0.10221540528889135,0.092308,44.0,14.0,,,
2025-10-16 19:00:00,london,temperature_2m,LOF,14.0,,False,0.0,0,1,FP,7511751.401293,0.068415,96.69,1.0,0.10221540528889135,0.092308,44.0,14.0,,,
2025-10-18 11:00:00,london,temperature_2m,LOF,14.0,,False,0.0,0,1,FP,7511751.401293,0.068415,96.69,1.0,0.10221540528889135,0.092308,44.0,14.0,,,
2025-10-20 17:00:00,london,temperature_2m,LOF,14.0,,False,0.0,0,1,FP,7511751.401293,0.068415,96.69,1.0,0.10221540528889135,0.092308,44.0,14.0,,,
2025-10-21 14:00:00,london,temperature_2m,LOF,15.3,,False,0.0,0,1,FP,7540828.517608,0.06868,96.89,1.0,0.10221540528889135,0.092308,44.0,14.0,,,
2025-10-31 22:00:00,london,temperature_2m,LOF,15.3,,False,0.0,0,1,FP,7540828.517608,0.06868,96.89,1.0,0.10221540528889135,0.092308,44.0,14.0,,,
2025-11-04 04:00:00,london,temperature_2m,LOF,14.0,,False,0.0,0,1,FP,7511751.401293,0.068415,96.69,1.0,0.10221540528889135,0.092308,44.0,14.0,,,
2025-11-05 20:00:00,london,temperature_2m,LOF,15.3,,False,0.0,0,1,FP,7540828.517608,0.06868,96.89,1.0,0.10221540528889135,0.092308,44.0,14.0,,,
2025-11-09 13:00:00,london,temperature_2m,LOF,14.0,,False,0.0,0,1,FP,7511751.401293,0.068415,96.69,1.0,0.10221540528889135,0.092308,44.0,14.0,,,
2025-11-13 10:00:00,london,temperature_2m,LOF,14.0,,False,0.0,0,1,FP,7511751.401293,0.068415,96.69,1.0,0.10221540528889135,0.092308,44.0,14.0,,,
2025-11-14 15:00:00,london,temperature_2m,LOF,14.0,,False,0.0,0,1,FP,7511751.401293,0.068415,96.69,1.0,0.10221540528889135,0.092308,44.0,14.0,,,
2025-11-14 17:00:00,london,temperature_2m,LOF,14.0,,False,0.0,0,1,FP,7511751.401293,0.068415,96.69,1.0,0.10221540528889135,0.092308,44.0,14.0,,,
2025-11-18 04:00:00,london,temperature_2m,LOF,0.6,,False,0.0,0,1,FP,1.0,0.0,92.07,1.0,0.10221540528889135,0.092308,44.0,14.0,,,
2025-11-18 08:00:00,london,temperature_2m,LOF,0.1,,False,0.0,0,1,FP,1.002716,0.0,93.54,1.0,0.10221540528889135,0.092308,44.0,14.0,,,
2025-11-18 13:00:00,london,temperature_2m,LOF,5.5,,False,0.0,0,1,FP,11264178.005473,0.102591,97.09,1.0,0.10221540528889135,0.092308,44.0,14.0,,,
2025-11-19 05:00:00,london,temperature_2m,LOF,3.1,,False,0.0,0,1,FP,94652752.166315,0.862069,99.88,1.0,0.10221540528889135,0.092308,44.0,14.0,,,
2025-11-19 08:00:00,london,temperature_2m,LOF,3.9,,False,0.0,0,1,FP,45357624.510619,0.413104,98.21,1.0,0.10221540528889135,0.092308,44.0,14.0,,,
2025-11-19 19:00:00,london,temperature_2m,LOF,2.9,,False,0.0,0,1,FP,45433321.559831,0.413793,98.52,1.0,0.10221540528889135,0.092308,44.0,14.0,,,
2025-11-19 20:00:00,london,temperature_2m,LOF,2.6,,False,0.0,0,1,FP,71356565.031787,0.649894,99.57,1.0,0.10221540528889135,0.092308,44.0,14.0,,,
2025-11-20 00:00:00,london,temperature_2m,LOF,0.6,,False,0.0,0,1,FP,1.0,0.0,92.07,1.0,0.10221540528889135,0.092308,44.0,14.0,,,
2025-11-20 01:00:00,london,temperature_2m,LOF,0.4,,False,0.0,0,1,FP,1.002237,0.0,93.46,1.0,0.10221540528889135,0.092308,44.0,14.0,,,
2025-11-20 04:00:00,london,temperature_2m,LOF,-0.5,,False,0.0,0,1,FP,1.105179,0.0,95.66,1.0,0.10221540528889135,0.092308,44.0,14.0,,,
2025-11-20 05:00:00,london,temperature_2m,LOF,-0.9,,False,0.0,0,1,FP,1.019284,0.0,94.41,1.0,0.10221540528889135,0.092308,44.0,14.0,,,
2025-11-20 06:00:00,london,temperature_2m,LOF,-1.2,,False,0.0,0,1,FP,1.104477,0.0,95.6,1.0,0.10221540528889135,0.092308,44.0,14.0,,,
2025-11-20 07:00:00,london,temperature_2m,LOF,-1.3,,False,0.0,0,1,FP,1.025986,0.0,94.56,1.0,0.10221540528889135,0.092308,44.0,14.0,,,
2025-11-20 08:00:00,london,temperature_2m,LOF,-1.4,,False,0.0,0,1,FP,1.075023,0.0,95.36,1.0,0.10221540528889135,0.092308,44.0,14.0,,,
2025-11-20 09:00:00,london,temperature_2m,LOF,-1.3,,False,0.0,0,1,FP,1.025986,0.0,94.56,1.0,0.10221540528889135,0.092308,44.0,14.0,,,
2025-11-20 10:00:00,london,temperature_2m,LOF,-0.6,,False,0.0,0,1,FP,1.192283,0.0,96.11,1.0,0.10221540528889135,0.092308,44.0,14.0,,,
2025-11-20 11:00:00,london,temperature_2m,LOF,0.4,,False,0.0,0,1,FP,1.002237,0.0,93.46,1.0,0.10221540528889135,0.092308,44.0,14.0,,,
2025-11-20 15:00:00,london,temperature_2m,LOF,3.6,,False,0.0,0,1,FP,64363871.793094,0.586207,99.43,1.0,0.10221540528889135,0.092308,44.0,14.0,,,
2025-11-20 21:00:00,london,temperature_2m,LOF,2.4,,False,0.0,0,1,FP,1.000117,0.0,92.59,1.0,0.10221540528889135,0.092308,44.0,14.0,,,
2025-11-20 22:00:00,london,temperature_2m,LOF,2.1,,False,0.0,0,1,FP,106011082.306273,0.965517,99.96,1.0,0.10221540528889135,0.092308,44.0,14.0,,,
2025-11-21 02:00:00,london,temperature_2m,LOF,1.9,,False,0.0,0,1,FP,1.000432,0.0,92.77,1.0,0.10221540528889135,0.092308,44.0,14.0,,,
2025-11-21 03:00:00,london,temperature_2m,LOF,1.6,,False,0.0,0,1,FP,15144441.18661,0.137931,97.3,1.0,0.10221540528889135,0.092308,44.0,14.0,,,
2025-11-21 04:00:00,london,temperature_2m,LOF,1.3,,False,0.0,0,1,FP,1.007495,0.0,93.88,1.0,0.10221540528889135,0.092308,44.0,14.0,,,
2025-11-21 05:00:00,london,temperature_2m,LOF,1.3,,False,0.0,0,1,FP,1.007495,0.0,93.88,1.0,0.10221540528889135,0.092308,44.0,14.0,,,
2025-11-21 06:00:00,london,temperature_2m,LOF,1.2,,False,0.0,0,1,FP,1.003416,0.0,93.65,1.0,0.10221540528889135,0.092308,44.0,14.0,,,
2025-11-21 07:00:00,london,temperature_2m,LOF,0.8,,False,0.0,0,1,FP,1.001256,0.0,93.23,1.0,0.10221540528889135,0.092308,44.0,14.0,,,
2025-11-21 08:00:00,london,temperature_2m,LOF,0.6,,False,0.0,0,1,FP,1.0,0.0,92.07,1.0,0.10221540528889135,0.092308,44.0,14.0,,,
2025-11-21 09:00:00,london,temperature_2m,LOF,0.6,,False,0.0,0,1,FP,1.0,0.0,92.07,1.0,0.10221540528889135,0.092308,44.0,14.0,,,
2025-11-21 10:00:00,london,temperature_2m,LOF,1.2,,False,0.0,0,1,FP,1.003416,0.0,93.65,1.0,0.10221540528889135,0.092308,44.0,14.0,,,
2025-11-21 18:00:00,london,temperature_2m,LOF,3.4,,False,0.0,0,1,FP,48929597.630348,0.445636,98.76,1.0,0.10221540528889135,0.092308,44.0,14.0,,,
2025-11-21 21:00:00,london,temperature_2m,LOF,1.9,,False,0.0,0,1,FP,1.000432,0.0,92.77,1.0,0.10221540528889135,0.092308,44.0,14.0,,,
2025-11-22 01:00:00,london,temperature_2m,LOF,1.1,,False,0.0,0,1,FP,1.000436,0.0,92.95,1.0,0.10221540528889135,0.092308,44.0,14.0,,,
2025-11-26 00:00:00,london,temperature_2m,LOF,3.4,,False,0.0,0,1,FP,48929597.630348,0.445636,98.76,1.0,0.10221540528889135,0.092308,44.0,14.0,,,
2025-11-26 04:00:00,london,temperature_2m,LOF,1.6,,False,0.0,0,1,FP,15144441.18661,0.137931,97.3,1.0,0.10221540528889135,0.092308,44.0,14.0,,,
2025-11-26 06:00:00,london,temperature_2m,LOF,1.2,,False,0.0,0,1,FP,1.003416,0.0,93.65,1.0,0.10221540528889135,0.092308,44.0,14.0,,,
2025-11-26 11:00:00,london,temperature_2m,LOF,1.2,,False,0.0,0,1,FP,1.003416,0.0,93.65,1.0,0.10221540528889135,0.092308,44.0,14.0,,,
2025-11-26 19:00:00,london,temperature_2m,LOF,5.0,,False,0.0,0,1,FP,3786111.046653,0.034483,96.47,1.0,0.10221540528889135,0.092308,44.0,14.0,,,
2025-11-30 00:00:00,london,temperature_2m,LOF,5.0,,False,0.0,0,1,FP,3786111.046653,0.034483,96.47,1.0,0.10221540528889135,0.092308,44.0,14.0,,,
2025-11-30 02:00:00,london,temperature_2m,LOF,5.5,,False,0.0,0,1,FP,11264178.005473,0.102591,97.09,1.0,0.10221540528889135,0.092308,44.0,14.0,,,
2025-11-30 04:00:00,london,temperature_2m,LOF,5.0,,False,0.0,0,1,FP,3786111.046653,0.034483,96.47,1.0,0.10221540528889135,0.092308,44.0,14.0,,,
2025-12-03 08:00:00,london,temperature_2m,LOF,3.4,,False,0.0,0,1,FP,48929597.630348,0.445636,98.76,1.0,0.10221540528889135,0.092308,44.0,14.0,,,
2025-12-04 18:00:00,london,temperature_2m,LOF,5.5,,False,0.0,0,1,FP,11264178.005473,0.102591,97.09,1.0,0.10221540528889135,0.092308,44.0,14.0,,,
2025-12-05 02:00:00,london,temperature_2m,LOF,1.6,,False,0.0,0,1,FP,15144441.18661,0.137931,97.3,1.0,0.10221540528889135,0.092308,44.0,14.0,,,
2025-12-05 03:00:00,london,temperature_2m,LOF,1.1,,False,0.0,0,1,FP,1.000436,0.0,92.95,1.0,0.10221540528889135,0.092308,44.0,14.0,,,
2025-12-05 06:00:00,london,temperature_2m,LOF,-0.3,,False,0.0,0,1,FP,1.0,0.0,92.19,1.0,0.10221540528889135,0.092308,44.0,14.0,,,
2025-12-05 08:00:00,london,temperature_2m,LOF,-0.3,,False,0.0,0,1,FP,1.0,0.0,92.19,1.0,0.10221540528889135,0.092308,44.0,14.0,,,
2025-12-05 09:00:00,london,temperature_2m,LOF,1.1,,False,0.0,0,1,FP,1.000436,0.0,92.95,1.0,0.10221540528889135,0.092308,44.0,14.0,,,
2025-12-17 04:00:00,london,temperature_2m,LOF,3.6,,False,0.0,0,1,FP,64363871.793094,0.586207,99.43,1.0,0.10221540528889135,0.092308,44.0,14.0,,,
2025-12-17 05:00:00,london,temperature_2m,LOF,3.1,,False,0.0,0,1,FP,94652752.166315,0.862069,99.88,1.0,0.10221540528889135,0.092308,44.0,14.0,,,
2025-12-17 09:00:00,london,temperature_2m,LOF,1.9,,False,0.0,0,1,FP,1.000432,0.0,92.77,1.0,0.10221540528889135,0.092308,44.0,14.0,,,
2025-12-20 06:00:00,london,temperature_2m,LOF,5.0,,False,0.0,0,1,FP,3786111.046653,0.034483,96.47,1.0,0.10221540528889135,0.092308,44.0,14.0,,,
2025-12-25 01:00:00,london,temperature_2m,LOF,3.4,,False,0.0,0,1,FP,48929597.630348,0.445636,98.76,1.0,0.10221540528889135,0.092308,44.0,14.0,,,
2025-12-25 03:00:00,london,temperature_2m,LOF,3.6,,False,0.0,0,1,FP,64363871.793094,0.586207,99.43,1.0,0.10221540528889135,0.092308,44.0,14.0,,,
2025-12-25 06:00:00,london,temperature_2m,LOF,3.6,,False,0.0,0,1,FP,64363871.793094,0.586207,99.43,1.0,0.10221540528889135,0.092308,44.0,14.0,,,
2025-12-25 08:00:00,london,temperature_2m,LOF,3.1,,False,0.0,0,1,FP,94652752.166315,0.862069,99.88,1.0,0.10221540528889135,0.092308,44.0,14.0,,,
2025-12-26 02:00:00,london,temperature_2m,LOF,3.4,,False,0.0,0,1,FP,48929597.630348,0.445636,98.76,1.0,0.10221540528889135,0.092308,44.0,14.0,,,
2025-12-26 03:00:00,london,temperature_2m,LOF,3.4,,False,0.0,0,1,FP,48929597.630348,0.445636,98.76,1.0,0.10221540528889135,0.092308,44.0,14.0,,,
2025-12-26 04:00:00,london,temperature_2m,LOF,3.4,,False,0.0,0,1,FP,48929597.630348,0.445636,98.76,1.0,0.10221540528889135,0.092308,44.0,14.0,,,
2025-12-26 18:00:00,london,temperature_2m,LOF,5.0,,False,0.0,0,1,FP,3786111.046653,0.034483,96.47,1.0,0.10221540528889135,0.092308,44.0,14.0,,,
2025-12-27 10:00:00,london,temperature_2m,LOF,3.4,,False,0.0,0,1,FP,48929597.630348,0.445636,98.76,1.0,0.10221540528889135,0.092308,44.0,14.0,,,
2025-12-29 03:00:00,london,temperature_2m,LOF,3.6,,False,0.0,0,1,FP,64363871.793094,0.586207,99.43,1.0,0.10221540528889135,0.092308,44.0,14.0,,,
2025-12-29 08:00:00,london,temperature_2m,LOF,3.9,,False,0.0,0,1,FP,45357624.510619,0.413104,98.21,1.0,0.10221540528889135,0.092308,44.0,14.0,,,
2025-12-30 02:00:00,london,temperature_2m,LOF,5.5,,False,0.0,0,1,FP,11264178.005473,0.102591,97.09,1.0,0.10221540528889135,0.092308,44.0,14.0,,,
2025-12-30 10:00:00,london,temperature_2m,LOF,3.9,,False,0.0,0,1,FP,45357624.510619,0.413104,98.21,1.0,0.10221540528889135,0.092308,44.0,14.0,,,
2025-12-30 12:00:00,london,temperature_2m,LOF,5.0,,False,0.0,0,1,FP,3786111.046653,0.034483,96.47,1.0,0.10221540528889135,0.092308,44.0,14.0,,,
2025-12-30 20:00:00,london,temperature_2m,LOF,2.9,,False,0.0,0,1,FP,45433321.559831,0.413793,98.52,1.0,0.10221540528889135,0.092308,44.0,14.0,,,
2025-12-30 23:00:00,london,temperature_2m,LOF,1.9,,False,0.0,0,1,FP,1.000432,0.0,92.77,1.0,0.10221540528889135,0.092308,44.0,14.0,,,
2025-12-31 00:00:00,london,temperature_2m,LOF,1.6,,False,0.0,0,1,FP,15144441.18661,0.137931,97.3,1.0,0.10221540528889135,0.092308,44.0,14.0,,,
2025-12-31 04:00:00,london,temperature_2m,LOF,0.7,,False,0.0,0,1,FP,1.0,0.0,92.27,1.0,0.10221540528889135,0.092308,44.0,14.0,,,
2025-12-31 05:00:00,london,temperature_2m,LOF,0.6,,False,0.0,0,1,FP,1.0,0.0,92.07,1.0,0.10221540528889135,0.092308,44.0,14.0,,,
2025-12-31 06:00:00,london,temperature_2m,LOF,0.4,,False,0.0,0,1,FP,1.002237,0.0,93.46,1.0,0.10221540528889135,0.092308,44.0,14.0,,,
2025-12-31 08:00:00,london,temperature_2m,LOF,-1.2,,False,0.0,0,1,FP,1.104477,0.0,95.6,1.0,0.10221540528889135,0.092308,44.0,14.0,,,
2025-12-31 09:00:00,london,temperature_2m,LOF,-1.3,,False,0.0,0,1,FP,1.025986,0.0,94.56,1.0,0.10221540528889135,0.092308,44.0,14.0,,,
2025-12-31 11:00:00,london,temperature_2m,LOF,0.7,,False,0.0,0,1,FP,1.0,0.0,92.27,1.0,0.10221540528889135,0.092308,44.0,14.0,,,
2025-12-31 19:00:00,london,temperature_2m,LOF,0.6,,False,0.0,0,1,FP,1.0,0.0,92.07,1.0,0.10221540528889135,0.092308,44.0,14.0,,,
2025-12-31 21:00:00,london,temperature_2m,LOF,-0.3,,False,0.0,0,1,FP,1.0,0.0,92.19,1.0,0.10221540528889135,0.092308,44.0,14.0,,,
2025-12-31 23:00:00,london,temperature_2m,LOF,-0.9,,False,0.0,0,1,FP,1.019284,0.0,94.41,1.0,0.10221540528889135,0.092308,44.0,14.0,,,
2026-01-01 01:00:00,london,temperature_2m,LOF,-0.6,,False,0.0,0,1,FP,1.192283,0.0,96.11,1.0,0.10221540528889135,0.092308,44.0,14.0,,,
2026-01-01 02:00:00,london,temperature_2m,LOF,-0.3,,False,0.0,0,1,FP,1.0,0.0,92.19,1.0,0.10221540528889135,0.092308,44.0,14.0,,,
2026-01-01 03:00:00,london,temperature_2m,LOF,0.1,,False,0.0,0,1,FP,1.002716,0.0,93.54,1.0,0.10221540528889135,0.092308,44.0,14.0,,,
2026-01-01 05:00:00,london,temperature_2m,LOF,0.1,,False,0.0,0,1,FP,1.002716,0.0,93.54,1.0,0.10221540528889135,0.092308,44.0,14.0,,,
2026-01-01 06:00:00,london,temperature_2m,LOF,0.6,,False,0.0,0,1,FP,1.0,0.0,92.07,1.0,0.10221540528889135,0.092308,44.0,14.0,,,
2026-01-01 09:00:00,london,temperature_2m,LOF,1.9,,False,0.0,0,1,FP,1.000432,0.0,92.77,1.0,0.10221540528889135,0.092308,44.0,14.0,,,
2026-01-01 23:00:00,london,temperature_2m,LOF,3.6,,False,0.0,0,1,FP,64363871.793094,0.586207,99.43,1.0,0.10221540528889135,0.092308,44.0,14.0,,,
2026-01-02 03:00:00,london,temperature_2m,LOF,2.4,,False,0.0,0,1,FP,1.000117,0.0,92.59,1.0,0.10221540528889135,0.092308,44.0,14.0,,,
2026-01-02 09:00:00,london,temperature_2m,LOF,1.1,,False,0.0,0,1,FP,1.000436,0.0,92.95,1.0,0.10221540528889135,0.092308,44.0,14.0,,,
2026-01-02 10:00:00,london,temperature_2m,LOF,1.3,,False,0.0,0,1,FP,1.007495,0.0,93.88,1.0,0.10221540528889135,0.092308,44.0,14.0,,,
2026-01-02 20:00:00,london,temperature_2m,LOF,0.6,,False,0.0,0,1,FP,1.0,0.0,92.07,1.0,0.10221540528889135,0.092308,44.0,14.0,,,
2026-01-03 00:00:00,london,temperature_2m,LOF,-0.6,,False,0.0,0,1,FP,1.192283,0.0,96.11,1.0,0.10221540528889135,0.092308,44.0,14.0,,,
2026-01-03 05:00:00,london,temperature_2m,LOF,0.4,,False,0.0,0,1,FP,1.002237,0.0,93.46,1.0,0.10221540528889135,0.092308,44.0,14.0,,,
2026-01-03 09:00:00,london,temperature_2m,LOF,-0.6,,False,0.0,0,1,FP,1.192283,0.0,96.11,1.0,0.10221540528889135,0.092308,44.0,14.0,,,
2026-01-03 10:00:00,london,temperature_2m,LOF,-0.6,,False,0.0,0,1,FP,1.192283,0.0,96.11,1.0,0.10221540528889135,0.092308,44.0,14.0,,,
2026-01-03 12:00:00,london,temperature_2m,LOF,0.8,,False,0.0,0,1,FP,1.001256,0.0,93.23,1.0,0.10221540528889135,0.092308,44.0,14.0,,,
2026-01-03 13:00:00,london,temperature_2m,LOF,1.9,,False,0.0,0,1,FP,1.000432,0.0,92.77,1.0,0.10221540528889135,0.092308,44.0,14.0,,,
2026-01-03 16:00:00,london,temperature_2m,LOF,1.9,,False,0.0,0,1,FP,1.000432,0.0,92.77,1.0,0.10221540528889135,0.092308,44.0,14.0,,,
2026-01-03 22:00:00,london,temperature_2m,LOF,-0.7,,False,0.0,0,1,FP,1.115507,0.0,95.76,1.0,0.10221540528889135,0.092308,44.0,14.0,,,
2026-01-03 23:00:00,london,temperature_2m,LOF,-1.0,,False,0.0,0,1,FP,1.156031,0.0,95.91,1.0,0.10221540528889135,0.092308,44.0,14.0,,,
2026-01-04 00:00:00,london,temperature_2m,LOF,-1.1,,False,0.0,0,1,FP,1.359734,0.0,96.29,1.0,0.10221540528889135,0.092308,44.0,14.0,,,
2026-01-04 01:00:00,london,temperature_2m,LOF,-1.5,,False,0.0,0,1,FP,1.068711,0.0,95.24,1.0,0.10221540528889135,0.092308,44.0,14.0,,,
2026-01-04 02:00:00,london,temperature_2m,LOF,-1.6,,False,0.0,0,1,FP,1.109577,0.0,95.7,1.0,0.10221540528889135,0.092308,44.0,14.0,,,
2026-01-04 03:00:00,london,temperature_2m,LOF,-1.8,,False,0.0,0,1,FP,1.058037,0.0,94.95,1.0,0.10221540528889135,0.092308,44.0,14.0,,,
2026-01-04 04:00:00,london,temperature_2m,LOF,-1.9,,False,0.0,0,1,FP,1.098596,0.0,95.5,1.0,0.10221540528889135,0.092308,44.0,14.0,,,
2026-01-04 05:00:00,london,temperature_2m,LOF,-2.0,,False,0.0,0,1,FP,1.083235,0.0,95.41,1.0,0.10221540528889135,0.092308,44.0,14.0,,,
2026-01-04 06:00:00,london,temperature_2m,LOF,-1.9,,False,0.0,0,1,FP,1.098596,0.0,95.5,1.0,0.10221540528889135,0.092308,44.0,14.0,,,
2026-01-04 07:00:00,london,temperature_2m,LOF,-2.4,,False,0.0,0,1,FP,1.059375,0.0,95.03,1.0,0.10221540528889135,0.092308,44.0,14.0,,,
2026-01-04 08:00:00,london,temperature_2m,LOF,-2.8,,False,0.0,0,1,FP,1.028885,0.0,94.61,1.0,0.10221540528889135,0.092308,44.0,14.0,,,
2026-01-04 10:00:00,london,temperature_2m,LOF,-3.0,,False,0.0,0,1,FP,1.009387,0.0,94.01,1.0,0.10221540528889135,0.092308,44.0,14.0,,,
2026-01-04 11:00:00,london,temperature_2m,LOF,-2.2,,False,0.0,0,1,FP,1.145215,0.0,95.84,1.0,0.10221540528889135,0.092308,44.0,14.0,,,
2026-01-04 12:00:00,london,temperature_2m,LOF,-0.7,,False,0.0,0,1,FP,1.115507,0.0,95.76,1.0,0.10221540528889135,0.092308,44.0,14.0,,,
2026-01-04 15:00:00,london,temperature_2m,LOF,1.6,,False,0.0,0,1,FP,15144441.18661,0.137931,97.3,1.0,0.10221540528889135,0.092308,44.0,14.0,,,
2026-01-04 18:00:00,london,temperature_2m,LOF,0.1,,False,0.0,0,1,FP,1.002716,0.0,93.54,1.0,0.10221540528889135,0.092308,44.0,14.0,,,
2026-01-04 19:00:00,london,temperature_2m,LOF,0.1,,False,0.0,0,1,FP,1.002716,0.0,93.54,1.0,0.10221540528889135,0.092308,44.0,14.0,,,
2026-01-04 21:00:00,london,temperature_2m,LOF,-0.6,,False,0.0,0,1,FP,1.192283,0.0,96.11,1.0,0.10221540528889135,0.092308,44.0,14.0,,,
2026-01-04 22:00:00,london,temperature_2m,LOF,-0.9,,False,0.0,0,1,FP,1.019284,0.0,94.41,1.0,0.10221540528889135,0.092308,44.0,14.0,,,
2026-01-04 23:00:00,london,temperature_2m,LOF,-1.2,,False,0.0,0,1,FP,1.104477,0.0,95.6,1.0,0.10221540528889135,0.092308,44.0,14.0,,,
2026-01-05 00:00:00,london,temperature_2m,LOF,-1.5,,False,0.0,0,1,FP,1.068711,0.0,95.24,1.0,0.10221540528889135,0.092308,44.0,14.0,,,
2026-01-05 01:00:00,london,temperature_2m,LOF,-1.7,,False,0.0,0,1,FP,1.060414,0.0,95.05,1.0,0.10221540528889135,0.092308,44.0,14.0,,,
2026-01-05 02:00:00,london,temperature_2m,LOF,-1.9,,False,0.0,0,1,FP,1.098596,0.0,95.5,1.0,0.10221540528889135,0.092308,44.0,14.0,,,
2026-01-05 03:00:00,london,temperature_2m,LOF,-2.2,,False,0.0,0,1,FP,1.145215,0.0,95.84,1.0,0.10221540528889135,0.092308,44.0,14.0,,,
2026-01-05 04:00:00,london,temperature_2m,LOF,-2.3,,False,0.0,0,1,FP,1.083475,0.0,95.45,1.0,0.10221540528889135,0.092308,44.0,14.0,,,
2026-01-05 05:00:00,london,temperature_2m,LOF,-2.8,,False,0.0,0,1,FP,1.028885,0.0,94.61,1.0,0.10221540528889135,0.092308,44.0,14.0,,,
2026-01-05 06:00:00,london,temperature_2m,LOF,-1.9,,False,0.0,0,1,FP,1.098596,0.0,95.5,1.0,0.10221540528889135,0.092308,44.0,14.0,,,
2026-01-05 07:00:00,london,temperature_2m,LOF,-1.2,,False,0.0,0,1,FP,1.104477,0.0,95.6,1.0,0.10221540528889135,0.092308,44.0,14.0,,,
2026-01-05 08:00:00,london,temperature_2m,LOF,-2.0,,False,0.0,0,1,FP,1.083235,0.0,95.41,1.0,0.10221540528889135,0.092308,44.0,14.0,,,
2026-01-05 11:00:00,london,temperature_2m,LOF,-2.2,,False,0.0,0,1,FP,1.145215,0.0,95.84,1.0,0.10221540528889135,0.092308,44.0,14.0,,,
2026-01-05 12:00:00,london,temperature_2m,LOF,-1.0,,False,0.0,0,1,FP,1.156031,0.0,95.91,1.0,0.10221540528889135,0.092308,44.0,14.0,,,
2026-01-05 14:00:00,london,temperature_2m,LOF,1.1,,False,0.0,0,1,FP,1.000436,0.0,92.95,1.0,0.10221540528889135,0.092308,44.0,14.0,,,
2026-01-05 15:00:00,london,temperature_2m,LOF,1.3,,False,0.0,0,1,FP,1.007495,0.0,93.88,1.0,0.10221540528889135,0.092308,44.0,14.0,,,
2026-01-05 18:00:00,london,temperature_2m,LOF,-0.6,,False,0.0,0,1,FP,1.192283,0.0,96.11,1.0,0.10221540528889135,0.092308,44.0,14.0,,,
2026-01-05 20:00:00,london,temperature_2m,LOF,-0.9,,False,0.0,0,1,FP,1.019284,0.0,94.41,1.0,0.10221540528889135,0.092308,44.0,14.0,,,
2026-01-05 21:00:00,london,temperature_2m,LOF,-1.2,,False,0.0,0,1,FP,1.104477,0.0,95.6,1.0,0.10221540528889135,0.092308,44.0,14.0,,,
2026-01-05 22:00:00,london,temperature_2m,LOF,-1.5,,False,0.0,0,1,FP,1.068711,0.0,95.24,1.0,0.10221540528889135,0.092308,44.0,14.0,,,
2026-01-05 23:00:00,london,temperature_2m,LOF,-1.9,,False,0.0,0,1,FP,1.098596,0.0,95.5,1.0,0.10221540528889135,0.092308,44.0,14.0,,,
2026-01-06 00:00:00,london,temperature_2m,LOF,-2.1,,False,0.0,0,1,FP,1.129391,0.0,95.8,1.0,0.10221540528889135,0.092308,44.0,14.0,,,
2026-01-06 03:00:00,london,temperature_2m,LOF,-4.0,,False,0.0,0,1,FP,1.013371,0.0,94.3,1.0,0.10221540528889135,0.092308,44.0,14.0,,,
2026-01-06 04:00:00,london,temperature_2m,LOF,-4.2,,False,0.0,0,1,FP,1.055768,0.0,94.93,1.0,0.10221540528889135,0.092308,44.0,14.0,,,
2026-01-06 05:00:00,london,temperature_2m,LOF,-4.4,,False,0.0,0,1,FP,1.18707,0.0,96.06,1.0,0.10221540528889135,0.092308,44.0,14.0,,,
2026-01-06 06:00:00,london,temperature_2m,LOF,-4.5,,False,0.0,0,1,FP,1.234417,0.0,96.21,1.0,0.10221540528889135,0.092308,44.0,14.0,,,
2026-01-06 07:00:00,london,temperature_2m,LOF,-5.1,,False,0.0,0,1,FP,1.690983,0.0,96.32,1.0,0.10221540528889135,0.092308,44.0,14.0,,,
2026-01-06 08:00:00,london,temperature_2m,LOF,-5.2,,False,0.0,0,1,FP,1.802588,0.0,96.34,1.0,0.10221540528889135,0.092308,44.0,14.0,,,
2026-01-06 09:00:00,london,temperature_2m,LOF,-5.1,,False,0.0,0,1,FP,1.690983,0.0,96.32,1.0,0.10221540528889135,0.092308,44.0,14.0,,,
2026-01-06 10:00:00,london,temperature_2m,LOF,-4.6,,False,0.0,0,1,FP,1.285147,0.0,96.23,1.0,0.10221540528889135,0.092308,44.0,14.0,,,
2026-01-06 12:00:00,london,temperature_2m,LOF,-1.6,,False,0.0,0,1,FP,1.109577,0.0,95.7,1.0,0.10221540528889135,0.092308,44.0,14.0,,,
2026-01-06 13:00:00,london,temperature_2m,LOF,0.6,,False,0.0,0,1,FP,1.0,0.0,92.07,1.0,0.10221540528889135,0.092308,44.0,14.0,,,
2026-01-06 14:00:00,london,temperature_2m,LOF,1.2,,False,0.0,0,1,FP,1.003416,0.0,93.65,1.0,0.10221540528889135,0.092308,44.0,14.0,,,
2026-01-06 19:00:00,london,temperature_2m,LOF,1.9,,False,0.0,0,1,FP,1.000432,0.0,92.77,1.0,0.10221540528889135,0.092308,44.0,14.0,,,
2026-01-06 23:00:00,london,temperature_2m,LOF,3.4,,False,0.0,0,1,FP,48929597.630348,0.445636,98.76,1.0,0.10221540528889135,0.092308,44.0,14.0,,,
2026-01-07 08:00:00,london,temperature_2m,LOF,0.7,,False,0.0,0,1,FP,1.0,0.0,92.27,1.0,0.10221540528889135,0.092308,44.0,14.0,,,
2026-01-07 09:00:00,london,temperature_2m,LOF,0.7,,False,0.0,0,1,FP,1.0,0.0,92.27,1.0,0.10221540528889135,0.092308,44.0,14.0,,,
2026-01-07 14:00:00,london,temperature_2m,LOF,5.5,,False,0.0,0,1,FP,11264178.005473,0.102591,97.09,1.0,0.10221540528889135,0.092308,44.0,14.0,,,
2026-01-07 15:00:00,london,temperature_2m,LOF,5.5,,False,0.0,0,1,FP,11264178.005473,0.102591,97.09,1.0,0.10221540528889135,0.092308,44.0,14.0,,,
2026-01-07 18:00:00,london,temperature_2m,LOF,3.6,,False,0.0,0,1,FP,64363871.793094,0.586207,99.43,1.0,0.10221540528889135,0.092308,44.0,14.0,,,
2026-01-08 00:00:00,london,temperature_2m,LOF,1.3,,False,0.0,0,1,FP,1.007495,0.0,93.88,1.0,0.10221540528889135,0.092308,44.0,14.0,,,
2026-01-08 01:00:00,london,temperature_2m,LOF,2.1,,False,0.0,0,1,FP,106011082.306273,0.965517,99.96,1.0,0.10221540528889135,0.092308,44.0,14.0,,,
2026-01-08 03:00:00,london,temperature_2m,LOF,2.4,,False,0.0,0,1,FP,1.000117,0.0,92.59,1.0,0.10221540528889135,0.092308,44.0,14.0,,,
2026-01-08 07:00:00,london,temperature_2m,LOF,1.9,,False,0.0,0,1,FP,1.000432,0.0,92.77,1.0,0.10221540528889135,0.092308,44.0,14.0,,,
2026-01-08 10:00:00,london,temperature_2m,LOF,2.6,,False,0.0,0,1,FP,71356565.031787,0.649894,99.57,1.0,0.10221540528889135,0.092308,44.0,14.0,,,
2026-01-09 07:00:00,london,temperature_2m,LOF,1.9,,False,0.0,0,1,FP,1.000432,0.0,92.77,1.0,0.10221540528889135,0.092308,44.0,14.0,,,
2026-01-09 19:00:00,london,temperature_2m,LOF,3.9,,False,0.0,0,1,FP,45357624.510619,0.413104,98.21,1.0,0.10221540528889135,0.092308,44.0,14.0,,,
2026-01-10 00:00:00,london,temperature_2m,LOF,2.9,,False,0.0,0,1,FP,45433321.559831,0.413793,98.52,1.0,0.10221540528889135,0.092308,44.0,14.0,,,
2026-01-10 03:00:00,london,temperature_2m,LOF,1.6,,False,0.0,0,1,FP,15144441.18661,0.137931,97.3,1.0,0.10221540528889135,0.092308,44.0,14.0,,,
2026-01-10 05:00:00,london,temperature_2m,LOF,1.2,,False,0.0,0,1,FP,1.003416,0.0,93.65,1.0,0.10221540528889135,0.092308,44.0,14.0,,,
2026-01-10 07:00:00,london,temperature_2m,LOF,0.8,,False,0.0,0,1,FP,1.001256,0.0,93.23,1.0,0.10221540528889135,0.092308,44.0,14.0,,,
2026-01-10 16:00:00,london,temperature_2m,LOF,3.1,,False,0.0,0,1,FP,94652752.166315,0.862069,99.88,1.0,0.10221540528889135,0.092308,44.0,14.0,,,
2026-01-10 20:00:00,london,temperature_2m,LOF,0.6,,False,0.0,0,1,FP,1.0,0.0,92.07,1.0,0.10221540528889135,0.092308,44.0,14.0,,,
2026-01-10 23:00:00,london,temperature_2m,LOF,-0.6,,False,0.0,0,1,FP,1.192283,0.0,96.11,1.0,0.10221540528889135,0.092308,44.0,14.0,,,
2026-01-11 00:00:00,london,temperature_2m,LOF,-0.3,,False,0.0,0,1,FP,1.0,0.0,92.19,1.0,0.10221540528889135,0.092308,44.0,14.0,,,
2026-01-11 01:00:00,london,temperature_2m,LOF,-1.5,,False,0.0,0,1,FP,1.068711,0.0,95.24,1.0,0.10221540528889135,0.092308,44.0,14.0,,,
2026-01-11 06:00:00,london,temperature_2m,LOF,0.1,,False,0.0,0,1,FP,1.002716,0.0,93.54,1.0,0.10221540528889135,0.092308,44.0,14.0,,,
2026-01-11 08:00:00,london,temperature_2m,LOF,1.6,,False,0.0,0,1,FP,15144441.18661,0.137931,97.3,1.0,0.10221540528889135,0.092308,44.0,14.0,,,
2026-01-11 09:00:00,london,temperature_2m,LOF,2.9,,False,0.0,0,1,FP,45433321.559831,0.413793,98.52,1.0,0.10221540528889135,0.092308,44.0,14.0,,,
2026-01-14 06:00:00,london,temperature_2m,LOF,1.1,,False,0.0,0,1,FP,1.000436,0.0,92.95,1.0,0.10221540528889135,0.092308,44.0,14.0,,,
2026-01-14 09:00:00,london,temperature_2m,LOF,-0.7,,False,0.0,0,1,FP,1.115507,0.0,95.76,1.0,0.10221540528889135,0.092308,44.0,14.0,,,
2026-01-14 10:00:00,london,temperature_2m,LOF,0.1,,False,0.0,0,1,FP,1.002716,0.0,93.54,1.0,0.10221540528889135,0.092308,44.0,14.0,,,
2026-01-17 22:00:00,london,temperature_2m,LOF,5.0,,False,0.0,0,1,FP,3786111.046653,0.034483,96.47,1.0,0.10221540528889135,0.092308,44.0,14.0,,,
2026-01-21 05:00:00,london,temperature_2m,LOF,5.5,,False,0.0,0,1,FP,11264178.005473,0.102591,97.09,1.0,0.10221540528889135,0.092308,44.0,14.0,,,
2026-01-24 07:00:00,london,temperature_2m,LOF,5.5,,False,0.0,0,1,FP,11264178.005473,0.102591,97.09,1.0,0.10221540528889135,0.092308,44.0,14.0,,,
2026-01-26 03:00:00,london,temperature_2m,LOF,5.0,,False,0.0,0,1,FP,3786111.046653,0.034483,96.47,1.0,0.10221540528889135,0.092308,44.0,14.0,,,
2026-01-28 10:00:00,london,temperature_2m,LOF,2.6,,False,0.0,0,1,FP,71356565.031787,0.649894,99.57,1.0,0.10221540528889135,0.092308,44.0,14.0,,,
2026-01-28 23:00:00,london,temperature_2m,LOF,2.6,,False,0.0,0,1,FP,71356565.031787,0.649894,99.57,1.0,0.10221540528889135,0.092308,44.0,14.0,,,
2026-01-29 02:00:00,london,temperature_2m,LOF,2.9,,False,0.0,0,1,FP,45433321.559831,0.413793,98.52,1.0,0.10221540528889135,0.092308,44.0,14.0,,,
2026-01-29 03:00:00,london,temperature_2m,LOF,2.6,,False,0.0,0,1,FP,71356565.031787,0.649894,99.57,1.0,0.10221540528889135,0.092308,44.0,14.0,,,
2026-01-29 05:00:00,london,temperature_2m,LOF,1.9,,False,0.0,0,1,FP,1.000432,0.0,92.77,1.0,0.10221540528889135,0.092308,44.0,14.0,,,
2026-01-29 07:00:00,london,temperature_2m,LOF,1.9,,False,0.0,0,1,FP,1.000432,0.0,92.77,1.0,0.10221540528889135,0.092308,44.0,14.0,,,
2026-01-29 19:00:00,london,temperature_2m,LOF,5.0,,False,0.0,0,1,FP,3786111.046653,0.034483,96.47,1.0,0.10221540528889135,0.092308,44.0,14.0,,,
2026-01-30 02:00:00,london,temperature_2m,LOF,3.9,,False,0.0,0,1,FP,45357624.510619,0.413104,98.21,1.0,0.10221540528889135,0.092308,44.0,14.0,,,
2026-01-30 03:00:00,london,temperature_2m,LOF,3.9,,False,0.0,0,1,FP,45357624.510619,0.413104,98.21,1.0,0.10221540528889135,0.092308,44.0,14.0,,,
2026-02-02 09:00:00,london,temperature_2m,LOF,5.5,,False,0.0,0,1,FP,11264178.005473,0.102591,97.09,1.0,0.10221540528889135,0.092308,44.0,14.0,,,
2026-02-03 12:00:00,london,temperature_2m,LOF,5.0,,False,0.0,0,1,FP,3786111.046653,0.034483,96.47,1.0,0.10221540528889135,0.092308,44.0,14.0,,,
2026-02-03 13:00:00,london,temperature_2m,LOF,5.0,,False,0.0,0,1,FP,3786111.046653,0.034483,96.47,1.0,0.10221540528889135,0.092308,44.0,14.0,,,
2026-02-04 02:00:00,london,temperature_2m,LOF,2.9,,False,0.0,0,1,FP,45433321.559831,0.413793,98.52,1.0,0.10221540528889135,0.092308,44.0,14.0,,,
2026-02-13 20:00:00,london,temperature_2m,LOF,5.0,,False,0.0,0,1,FP,3786111.046653,0.034483,96.47,1.0,0.10221540528889135,0.092308,44.0,14.0,,,
2026-02-14 02:00:00,london,temperature_2m,LOF,3.6,,False,0.0,0,1,FP,64363871.793094,0.586207,99.43,1.0,0.10221540528889135,0.092308,44.0,14.0,,,
2026-02-14 09:00:00,london,temperature_2m,LOF,1.2,,False,0.0,0,1,FP,1.003416,0.0,93.65,1.0,0.10221540528889135,0.092308,44.0,14.0,,,
2026-02-14 15:00:00,london,temperature_2m,LOF,5.5,,False,0.0,0,1,FP,11264178.005473,0.102591,97.09,1.0,0.10221540528889135,0.092308,44.0,14.0,,,
2026-02-15 01:00:00,london,temperature_2m,LOF,3.1,,False,0.0,0,1,FP,94652752.166315,0.862069,99.88,1.0,0.10221540528889135,0.092308,44.0,14.0,,,
2026-02-15 03:00:00,london,temperature_2m,LOF,3.4,,False,0.0,0,1,FP,48929597.630348,0.445636,98.76,1.0,0.10221540528889135,0.092308,44.0,14.0,,,
2026-02-15 11:00:00,london,temperature_2m,LOF,3.9,,False,0.0,0,1,FP,45357624.510619,0.413104,98.21,1.0,0.10221540528889135,0.092308,44.0,14.0,,,
2026-02-15 12:00:00,london,temperature_2m,LOF,3.9,,False,0.0,0,1,FP,45357624.510619,0.413104,98.21,1.0,0.10221540528889135,0.092308,44.0,14.0,,,
2026-02-15 14:00:00,london,temperature_2m,LOF,5.5,,False,0.0,0,1,FP,11264178.005473,0.102591,97.09,1.0,0.10221540528889135,0.092308,44.0,14.0,,,
2026-02-17 08:00:00,london,temperature_2m,LOF,2.1,,False,0.0,0,1,FP,106011082.306273,0.965517,99.96,1.0,0.10221540528889135,0.092308,44.0,14.0,,,
2026-02-17 10:00:00,london,temperature_2m,LOF,2.9,,False,0.0,0,1,FP,45433321.559831,0.413793,98.52,1.0,0.10221540528889135,0.092308,44.0,14.0,,,
2026-02-17 11:00:00,london,temperature_2m,LOF,3.9,,False,0.0,0,1,FP,45357624.510619,0.413104,98.21,1.0,0.10221540528889135,0.092308,44.0,14.0,,,
2026-02-17 17:00:00,london,temperature_2m,LOF,5.5,,False,0.0,0,1,FP,11264178.005473,0.102591,97.09,1.0,0.10221540528889135,0.092308,44.0,14.0,,,
2026-02-17 20:00:00,london,temperature_2m,LOF,3.4,,False,0.0,0,1,FP,48929597.630348,0.445636,98.76,1.0,0.10221540528889135,0.092308,44.0,14.0,,,
2026-02-17 22:00:00,london,temperature_2m,LOF,2.6,,False,0.0,0,1,FP,71356565.031787,0.649894,99.57,1.0,0.10221540528889135,0.092308,44.0,14.0,,,
2026-02-17 23:00:00,london,temperature_2m,LOF,2.4,,False,0.0,0,1,FP,1.000117,0.0,92.59,1.0,0.10221540528889135,0.092308,44.0,14.0,,,
2026-02-18 02:00:00,london,temperature_2m,LOF,2.4,,False,0.0,0,1,FP,1.000117,0.0,92.59,1.0,0.10221540528889135,0.092308,44.0,14.0,,,
2026-02-18 08:00:00,london,temperature_2m,LOF,3.6,,False,0.0,0,1,FP,64363871.793094,0.586207,99.43,1.0,0.10221540528889135,0.092308,44.0,14.0,,,
2026-02-20 04:00:00,london,temperature_2m,LOF,5.0,,False,0.0,0,1,FP,3786111.046653,0.034483,96.47,1.0,0.10221540528889135,0.092308,44.0,14.0,,,
2026-02-25 14:00:00,london,temperature_2m,LOF,16.3,,False,0.0,0,1,FP,41647211.513178,0.37931,97.95,1.0,0.10221540528889135,0.092308,44.0,14.0,,,
2026-03-09 17:00:00,london,temperature_2m,LOF,14.0,,False,0.0,0,1,FP,7511751.401293,0.068415,96.69,1.0,0.10221540528889135,0.092308,44.0,14.0,,,
2026-03-14 03:00:00,london,temperature_2m,LOF,2.4,,False,0.0,0,1,FP,1.000117,0.0,92.59,1.0,0.10221540528889135,0.092308,44.0,14.0,,,
2026-03-14 23:00:00,london,temperature_2m,LOF,5.5,,False,0.0,0,1,FP,11264178.005473,0.102591,97.09,1.0,0.10221540528889135,0.092308,44.0,14.0,,,
2026-03-15 06:00:00,london,temperature_2m,LOF,2.4,,False,0.0,0,1,FP,1.000117,0.0,92.59,1.0,0.10221540528889135,0.092308,44.0,14.0,,,
2026-03-18 15:00:00,london,temperature_2m,LOF,17.3,,False,0.0,0,1,FP,41647211.513178,0.37931,97.95,1.0,0.10221540528889135,0.092308,44.0,14.0,,,
2026-03-22 03:00:00,london,temperature_2m,LOF,3.9,,False,0.0,0,1,FP,45357624.510619,0.413104,98.21,1.0,0.10221540528889135,0.092308,44.0,14.0,,,
2026-03-22 07:00:00,london,temperature_2m,LOF,1.1,,False,0.0,0,1,FP,1.000436,0.0,92.95,1.0,0.10221540528889135,0.092308,44.0,14.0,,,
2026-03-22 08:00:00,london,temperature_2m,LOF,1.9,,False,0.0,0,1,FP,1.000432,0.0,92.77,1.0,0.10221540528889135,0.092308,44.0,14.0,,,
2026-03-22 09:00:00,london,temperature_2m,LOF,3.4,,False,0.0,0,1,FP,48929597.630348,0.445636,98.76,1.0,0.10221540528889135,0.092308,44.0,14.0,,,
2026-03-26 04:00:00,london,temperature_2m,LOF,2.9,,False,0.0,0,1,FP,45433321.559831,0.413793,98.52,1.0,0.10221540528889135,0.092308,44.0,14.0,,,
2026-03-29 00:00:00,london,temperature_2m,LOF,5.0,,False,0.0,0,1,FP,3786111.046653,0.034483,96.47,1.0,0.10221540528889135,0.092308,44.0,14.0,,,
2026-04-06 03:00:00,london,temperature_2m,LOF,5.0,,False,0.0,0,1,FP,3786111.046653,0.034483,96.47,1.0,0.10221540528889135,0.092308,44.0,14.0,,,
2026-04-07 15:00:00,london,temperature_2m,LOF,20.2,,False,0.0,0,1,FP,45433321.559831,0.413793,98.37,1.0,0.10221540528889135,0.092308,44.0,14.0,,,
2026-04-08 13:00:00,london,temperature_2m,LOF,24.4,,False,0.0,0,1,FP,1.058161,0.0,95.0,1.0,0.10221540528889135,0.092308,44.0,14.0,,,
2026-04-08 15:00:00,london,temperature_2m,LOF,25.9,,False,0.0,0,1,FP,1.001738,0.0,93.39,1.0,0.10221540528889135,0.092308,44.0,14.0,,,
2026-04-08 18:00:00,london,temperature_2m,LOF,24.8,,False,0.0,0,1,FP,1.064488,0.0,95.13,1.0,0.10221540528889135,0.092308,44.0,14.0,,,
2026-04-08 19:00:00,london,temperature_2m,LOF,24.2,,False,0.0,0,1,FP,1.012953,0.0,94.23,1.0,0.10221540528889135,0.092308,44.0,14.0,,,
2026-04-08 20:00:00,london,temperature_2m,LOF,22.6,,False,0.0,0,1,FP,45433321.559832,0.413793,98.64,1.0,0.10221540528889135,0.092308,44.0,14.0,,,
2026-04-09 12:00:00,london,temperature_2m,LOF,20.2,,False,0.0,0,1,FP,45433321.559831,0.413793,98.37,1.0,0.10221540528889135,0.092308,44.0,14.0,,,
2026-04-09 14:00:00,london,temperature_2m,LOF,20.9,,False,0.0,0,1,FP,49219431.606483,0.448276,98.99,1.0,0.10221540528889135,0.092308,44.0,14.0,,,
2026-04-12 16:00:00,london,temperature_2m,LOF,14.0,,False,0.0,0,1,FP,7511751.401293,0.068415,96.69,1.0,0.10221540528889135,0.092308,44.0,14.0,,,
2026-04-13 05:00:00,london,temperature_2m,LOF,5.5,,False,0.0,0,1,FP,11264178.005473,0.102591,97.09,1.0,0.10221540528889135,0.092308,44.0,14.0,,,
2026-04-14 05:00:00,london,temperature_2m,LOF,5.5,,False,0.0,0,1,FP,11264178.005473,0.102591,97.09,1.0,0.10221540528889135,0.092308,44.0,14.0,,,
2026-04-14 11:00:00,london,temperature_2m,LOF,14.0,,False,0.0,0,1,FP,7511751.401293,0.068415,96.69,1.0,0.10221540528889135,0.092308,44.0,14.0,,,
2026-04-15 17:00:00,london,temperature_2m,LOF,15.3,,False,0.0,0,1,FP,7540828.517608,0.06868,96.89,1.0,0.10221540528889135,0.092308,44.0,14.0,,,
2026-04-16 17:00:00,london,temperature_2m,LOF,16.3,,False,0.0,0,1,FP,41647211.513178,0.37931,97.95,1.0,0.10221540528889135,0.092308,44.0,14.0,,,
2026-04-17 11:00:00,london,temperature_2m,LOF,14.0,,False,0.0,0,1,FP,7511751.401293,0.068415,96.69,1.0,0.10221540528889135,0.092308,44.0,14.0,,,
2026-04-24 04:00:00,london,temperature_2m,LOF,5.5,,False,0.0,0,1,FP,11264178.005473,0.102591,97.09,1.0,0.10221540528889135,0.092308,44.0,14.0,,,
2026-04-24 17:00:00,london,temperature_2m,LOF,18.3,,False,0.0,0,1,FP,49219431.606483,0.448276,98.99,1.0,0.10221540528889135,0.092308,44.0,14.0,,,
2026-04-25 13:00:00,london,temperature_2m,LOF,18.3,,False,0.0,0,1,FP,49219431.606483,0.448276,98.99,1.0,0.10221540528889135,0.092308,44.0,14.0,,,
2026-04-25 15:00:00,london,temperature_2m,LOF,20.9,,False,0.0,0,1,FP,49219431.606483,0.448276,98.99,1.0,0.10221540528889135,0.092308,44.0,14.0,,,
2026-04-26 00:00:00,london,temperature_2m,LOF,14.0,,False,0.0,0,1,FP,7511751.401293,0.068415,96.69,1.0,0.10221540528889135,0.092308,44.0,14.0,,,
2026-04-27 22:00:00,london,temperature_2m,LOF,14.0,,False,0.0,0,1,FP,7511751.401293,0.068415,96.69,1.0,0.10221540528889135,0.092308,44.0,14.0,,,
2024-01-09 20:00:00,london,apparent_temperature,LOF,-5.4,,False,0.0,0,1,FP,28813104.302885,0.2,99.67,1.133186,0.006674619025368454,0.820896,5.0,17.0,,,
2024-01-15 21:00:00,london,apparent_temperature,LOF,-7.7,,False,0.0,0,1,FP,57626207.60577,0.4,99.87,1.133186,0.006674619025368454,0.820896,5.0,17.0,,,
2024-01-15 23:00:00,london,apparent_temperature,LOF,-7.7,,False,0.0,0,1,FP,57626207.60577,0.4,99.87,1.133186,0.006674619025368454,0.820896,5.0,17.0,,,
2024-01-16 07:00:00,london,apparent_temperature,LOF,-7.7,,False,0.0,0,1,FP,57626207.60577,0.4,99.87,1.133186,0.006674619025368454,0.820896,5.0,17.0,,,
2024-01-16 23:00:00,london,apparent_temperature,LOF,-5.3,,False,0.0,0,1,FP,28813104.302885,0.2,99.67,1.133186,0.006674619025368454,0.820896,5.0,17.0,,,
2024-01-17 21:00:00,london,apparent_temperature,LOF,-5.4,,False,0.0,0,1,FP,28813104.302885,0.2,99.67,1.133186,0.006674619025368454,0.820896,5.0,17.0,,,
2024-06-24 17:00:00,london,apparent_temperature,LOF,26.9,,False,0.0,0,1,FP,28813104.302884,0.2,99.63,1.133186,0.006674619025368454,0.820896,5.0,17.0,,,
2024-07-19 16:00:00,london,apparent_temperature,LOF,29.0,,False,0.0,0,1,FP,57626207.605772,0.4,99.91,1.133186,0.006674619025368454,0.820896,5.0,17.0,,,
2024-08-02 15:00:00,london,apparent_temperature,LOF,26.7,,False,0.0,0,1,FP,28813104.302886,0.2,99.7,1.133186,0.006674619025368454,0.820896,5.0,17.0,,,
2025-01-11 03:00:00,london,apparent_temperature,LOF,-5.3,,False,0.0,0,1,FP,28813104.302885,0.2,99.67,1.133186,0.006674619025368454,0.820896,5.0,17.0,,,
2025-01-11 10:00:00,london,apparent_temperature,LOF,-5.9,,False,0.0,0,1,FP,115252414.21154,0.8,100.0,1.133186,0.006674619025368454,0.820896,5.0,17.0,,,
2025-01-12 00:00:00,london,apparent_temperature,LOF,-7.0,,False,0.0,0,1,FP,57626207.60577,0.4,99.87,1.133186,0.006674619025368454,0.820896,5.0,17.0,,,
2025-01-12 02:00:00,london,apparent_temperature,LOF,-5.3,,False,0.0,0,1,FP,28813104.302885,0.2,99.67,1.133186,0.006674619025368454,0.820896,5.0,17.0,,,
2025-01-12 07:00:00,london,apparent_temperature,LOF,-7.0,,False,0.0,0,1,FP,57626207.60577,0.4,99.87,1.133186,0.006674619025368454,0.820896,5.0,17.0,,,
2025-06-13 19:00:00,london,apparent_temperature,LOF,26.9,,False,0.0,0,1,FP,28813104.302884,0.2,99.63,1.133186,0.006674619025368454,0.820896,5.0,17.0,,,
2025-06-16 15:00:00,london,apparent_temperature,LOF,25.8,,False,0.0,0,1,FP,86439310.908652,0.6,99.96,1.133186,0.006674619025368454,0.820896,5.0,17.0,,,
2025-06-18 17:00:00,london,apparent_temperature,LOF,27.5,,False,0.0,0,1,FP,57626207.605772,0.4,99.91,1.133186,0.006674619025368454,0.820896,5.0,17.0,,,
2025-06-19 11:00:00,london,apparent_temperature,LOF,28.0,,False,0.0,0,1,FP,86439310.908657,0.6,99.98,1.133186,0.006674619025368454,0.820896,5.0,17.0,,,
2025-06-20 16:00:00,london,apparent_temperature,LOF,27.2,,False,0.0,0,1,FP,86439310.908657,0.6,99.98,1.133186,0.006674619025368454,0.820896,5.0,17.0,,,
2025-06-21 23:00:00,london,apparent_temperature,LOF,25.4,,False,0.0,0,1,FP,28813104.302884,0.2,99.63,1.133186,0.006674619025368454,0.820896,5.0,17.0,,,
2025-06-22 00:00:00,london,apparent_temperature,LOF,25.4,,False,0.0,0,1,FP,28813104.302884,0.2,99.63,1.133186,0.006674619025368454,0.820896,5.0,17.0,,,
2025-06-25 18:00:00,london,apparent_temperature,LOF,26.7,,False,0.0,0,1,FP,28813104.302886,0.2,99.7,1.133186,0.006674619025368454,0.820896,5.0,17.0,,,
2025-06-28 17:00:00,london,apparent_temperature,LOF,29.5,,False,0.0,0,1,FP,86439310.908657,0.6,99.98,1.133186,0.006674619025368454,0.820896,5.0,17.0,,,
2025-06-28 18:00:00,london,apparent_temperature,LOF,29.2,,False,0.0,0,1,FP,57626207.605772,0.4,99.91,1.133186,0.006674619025368454,0.820896,5.0,17.0,,,
2025-06-28 19:00:00,london,apparent_temperature,LOF,28.0,,False,0.0,0,1,FP,86439310.908657,0.6,99.98,1.133186,0.006674619025368454,0.820896,5.0,17.0,,,
2025-06-29 13:00:00,london,apparent_temperature,LOF,29.0,,False,0.0,0,1,FP,57626207.605772,0.4,99.91,1.133186,0.006674619025368454,0.820896,5.0,17.0,,,
2025-06-29 17:00:00,london,apparent_temperature,LOF,29.7,,False,0.0,0,1,FP,57626207.605772,0.4,99.91,1.133186,0.006674619025368454,0.820896,5.0,17.0,,,
2025-06-30 11:00:00,london,apparent_temperature,LOF,29.2,,False,0.0,0,1,FP,57626207.605772,0.4,99.91,1.133186,0.006674619025368454,0.820896,5.0,17.0,,,
2025-06-30 22:00:00,london,apparent_temperature,LOF,28.4,,False,0.0,0,1,FP,86439310.908649,0.6,99.95,1.133186,0.006674619025368454,0.820896,5.0,17.0,,,
2025-06-30 23:00:00,london,apparent_temperature,LOF,27.5,,False,0.0,0,1,FP,57626207.605772,0.4,99.91,1.133186,0.006674619025368454,0.820896,5.0,17.0,,,
2025-07-01 02:00:00,london,apparent_temperature,LOF,26.7,,False,0.0,0,1,FP,28813104.302886,0.2,99.7,1.133186,0.006674619025368454,0.820896,5.0,17.0,,,
2025-07-01 05:00:00,london,apparent_temperature,LOF,25.4,,False,0.0,0,1,FP,28813104.302884,0.2,99.63,1.133186,0.006674619025368454,0.820896,5.0,17.0,,,
2025-07-01 08:00:00,london,apparent_temperature,LOF,26.9,,False,0.0,0,1,FP,28813104.302884,0.2,99.63,1.133186,0.006674619025368454,0.820896,5.0,17.0,,,
2025-07-10 13:00:00,london,apparent_temperature,LOF,29.5,,False,0.0,0,1,FP,86439310.908657,0.6,99.98,1.133186,0.006674619025368454,0.820896,5.0,17.0,,,
2025-07-10 20:00:00,london,apparent_temperature,LOF,26.7,,False,0.0,0,1,FP,28813104.302886,0.2,99.7,1.133186,0.006674619025368454,0.820896,5.0,17.0,,,
2025-07-11 11:00:00,london,apparent_temperature,LOF,27.5,,False,0.0,0,1,FP,57626207.605772,0.4,99.91,1.133186,0.006674619025368454,0.820896,5.0,17.0,,,
2025-07-12 15:00:00,london,apparent_temperature,LOF,29.0,,False,0.0,0,1,FP,57626207.605772,0.4,99.91,1.133186,0.006674619025368454,0.820896,5.0,17.0,,,
2025-07-13 16:00:00,london,apparent_temperature,LOF,27.6,,False,0.0,0,1,FP,57626207.605772,0.4,99.91,1.133186,0.006674619025368454,0.820896,5.0,17.0,,,
2025-07-18 18:00:00,london,apparent_temperature,LOF,27.2,,False,0.0,0,1,FP,86439310.908657,0.6,99.98,1.133186,0.006674619025368454,0.820896,5.0,17.0,,,
2025-08-11 13:00:00,london,apparent_temperature,LOF,28.4,,False,0.0,0,1,FP,86439310.908649,0.6,99.95,1.133186,0.006674619025368454,0.820896,5.0,17.0,,,
2025-08-11 14:00:00,london,apparent_temperature,LOF,29.7,,False,0.0,0,1,FP,57626207.605772,0.4,99.91,1.133186,0.006674619025368454,0.820896,5.0,17.0,,,
2025-08-13 11:00:00,london,apparent_temperature,LOF,25.8,,False,0.0,0,1,FP,86439310.908652,0.6,99.96,1.133186,0.006674619025368454,0.820896,5.0,17.0,,,
2025-08-13 13:00:00,london,apparent_temperature,LOF,29.2,,False,0.0,0,1,FP,57626207.605772,0.4,99.91,1.133186,0.006674619025368454,0.820896,5.0,17.0,,,
2025-08-13 14:00:00,london,apparent_temperature,LOF,26.9,,False,0.0,0,1,FP,28813104.302884,0.2,99.63,1.133186,0.006674619025368454,0.820896,5.0,17.0,,,
2025-08-15 17:00:00,london,apparent_temperature,LOF,28.6,,False,0.0,0,1,FP,115252414.211543,0.8,100.0,1.133186,0.006674619025368454,0.820896,5.0,17.0,,,
2025-09-19 15:00:00,london,apparent_temperature,LOF,25.4,,False,0.0,0,1,FP,28813104.302884,0.2,99.63,1.133186,0.006674619025368454,0.820896,5.0,17.0,,,
2025-11-20 09:00:00,london,apparent_temperature,LOF,-5.4,,False,0.0,0,1,FP,28813104.302885,0.2,99.67,1.133186,0.006674619025368454,0.820896,5.0,17.0,,,
2026-01-03 23:00:00,london,apparent_temperature,LOF,-5.4,,False,0.0,0,1,FP,28813104.302885,0.2,99.67,1.133186,0.006674619025368454,0.820896,5.0,17.0,,,
2026-01-05 00:00:00,london,apparent_temperature,LOF,-5.3,,False,0.0,0,1,FP,28813104.302885,0.2,99.67,1.133186,0.006674619025368454,0.820896,5.0,17.0,,,
2026-01-06 01:00:00,london,apparent_temperature,LOF,-7.0,,False,0.0,0,1,FP,57626207.60577,0.4,99.87,1.133186,0.006674619025368454,0.820896,5.0,17.0,,,
2024-01-04 18:00:00,london,precipitation,LOF,4.8,,False,0.0,0,1,FP,2.145179,0.0,99.89,1.555557,0.0022827753852065584,0.106383,75.0,58.0,,,
2024-01-04 19:00:00,london,precipitation,LOF,8.0,,False,0.0,0,1,FP,4.557599,0.0,99.95,1.555557,0.0022827753852065584,0.106383,75.0,58.0,,,
2024-01-04 20:00:00,london,precipitation,LOF,6.3,,False,0.0,0,1,FP,3.122878,0.0,99.93,1.555557,0.0022827753852065584,0.106383,75.0,58.0,,,
2024-01-04 23:00:00,london,precipitation,LOF,4.5,,False,0.0,0,1,FP,1.989523,0.0,99.86,1.555557,0.0022827753852065584,0.106383,75.0,58.0,,,
2024-02-07 01:00:00,london,precipitation,LOF,5.5,,False,0.0,0,1,FP,2.583942,0.0,99.9,1.555557,0.0022827753852065584,0.106383,75.0,58.0,,,
2024-02-22 15:00:00,london,precipitation,LOF,4.0,,False,0.0,0,1,FP,1.736546,0.0,99.82,1.555557,0.0022827753852065584,0.106383,75.0,58.0,,,
2024-03-29 10:00:00,london,precipitation,LOF,3.9,,False,0.0,0,1,FP,1.66918,0.0,99.81,1.555557,0.0022827753852065584,0.106383,75.0,58.0,,,
2024-07-05 09:00:00,london,precipitation,LOF,4.7,,False,0.0,0,1,FP,2.083435,0.0,99.88,1.555557,0.0022827753852065584,0.106383,75.0,58.0,,,
2024-07-07 16:00:00,london,precipitation,LOF,4.3,,False,0.0,0,1,FP,1.9033,0.0,99.83,1.555557,0.0022827753852065584,0.106383,75.0,58.0,,,
2024-07-09 04:00:00,london,precipitation,LOF,6.1,,False,0.0,0,1,FP,3.024959,0.0,99.92,1.555557,0.0022827753852065584,0.106383,75.0,58.0,,,
2024-08-01 20:00:00,london,precipitation,LOF,6.2,,False,0.0,0,1,FP,3.077153,0.0,99.93,1.555557,0.0022827753852065584,0.106383,75.0,58.0,,,
2024-09-06 06:00:00,london,precipitation,LOF,3.8,,False,0.0,0,1,FP,1.623443,0.0,99.79,1.555557,0.0022827753852065584,0.106383,75.0,58.0,,,
2024-09-08 02:00:00,london,precipitation,LOF,5.0,,False,0.0,0,1,FP,2.246601,0.0,99.89,1.555557,0.0022827753852065584,0.106383,75.0,58.0,,,
2024-09-22 04:00:00,london,precipitation,LOF,7.1,,False,0.0,0,1,FP,3.774768,0.0,99.94,1.555557,0.0022827753852065584,0.106383,75.0,58.0,,,
2024-09-23 05:00:00,london,precipitation,LOF,7.1,,False,0.0,0,1,FP,3.774768,0.0,99.94,1.555557,0.0022827753852065584,0.106383,75.0,58.0,,,
2024-09-23 06:00:00,london,precipitation,LOF,9.5,,False,0.0,0,1,FP,5.913475,0.0,99.96,1.555557,0.0022827753852065584,0.106383,75.0,58.0,,,
2024-09-23 07:00:00,london,precipitation,LOF,4.3,,False,0.0,0,1,FP,1.9033,0.0,99.83,1.555557,0.0022827753852065584,0.106383,75.0,58.0,,,
2024-09-23 08:00:00,london,precipitation,LOF,3.9,,False,0.0,0,1,FP,1.66918,0.0,99.81,1.555557,0.0022827753852065584,0.106383,75.0,58.0,,,
2024-09-23 09:00:00,london,precipitation,LOF,4.3,,False,0.0,0,1,FP,1.9033,0.0,99.83,1.555557,0.0022827753852065584,0.106383,75.0,58.0,,,
2024-09-26 06:00:00,london,precipitation,LOF,4.7,,False,0.0,0,1,FP,2.083435,0.0,99.88,1.555557,0.0022827753852065584,0.106383,75.0,58.0,,,
2024-09-30 06:00:00,london,precipitation,LOF,4.4,,False,0.0,0,1,FP,1.944299,0.0,99.85,1.555557,0.0022827753852065584,0.106383,75.0,58.0,,,
2024-10-01 17:00:00,london,precipitation,LOF,3.8,,False,0.0,0,1,FP,1.623443,0.0,99.79,1.555557,0.0022827753852065584,0.106383,75.0,58.0,,,
2024-10-07 21:00:00,london,precipitation,LOF,6.1,,False,0.0,0,1,FP,3.024959,0.0,99.92,1.555557,0.0022827753852065584,0.106383,75.0,58.0,,,
2024-10-14 09:00:00,london,precipitation,LOF,3.9,,False,0.0,0,1,FP,1.66918,0.0,99.81,1.555557,0.0022827753852065584,0.106383,75.0,58.0,,,
2025-05-12 15:00:00,london,precipitation,LOF,4.2,,False,0.0,0,1,FP,1.850449,0.0,99.82,1.555557,0.0022827753852065584,0.106383,75.0,58.0,,,
2025-06-14 01:00:00,london,precipitation,LOF,3.9,,False,0.0,0,1,FP,1.66918,0.0,99.81,1.555557,0.0022827753852065584,0.106383,75.0,58.0,,,
2025-07-19 07:00:00,london,precipitation,LOF,5.0,,False,0.0,0,1,FP,2.246601,0.0,99.89,1.555557,0.0022827753852065584,0.106383,75.0,58.0,,,
2025-07-19 08:00:00,london,precipitation,LOF,4.6,,False,0.0,0,1,FP,2.032146,0.0,99.87,1.555557,0.0022827753852065584,0.106383,75.0,58.0,,,
2025-07-31 09:00:00,london,precipitation,LOF,4.5,,False,0.0,0,1,FP,1.989523,0.0,99.86,1.555557,0.0022827753852065584,0.106383,75.0,58.0,,,
2025-07-31 15:00:00,london,precipitation,LOF,9.7,,False,0.0,0,1,FP,6.10355,0.0,99.96,1.555557,0.0022827753852065584,0.106383,75.0,58.0,,,
2025-08-29 06:00:00,london,precipitation,LOF,5.6,,False,0.0,0,1,FP,2.654979,0.0,99.91,1.555557,0.0022827753852065584,0.106383,75.0,58.0,,,
2025-09-03 04:00:00,london,precipitation,LOF,4.4,,False,0.0,0,1,FP,1.944299,0.0,99.85,1.555557,0.0022827753852065584,0.106383,75.0,58.0,,,
2025-09-03 11:00:00,london,precipitation,LOF,5.8,,False,0.0,0,1,FP,2.798531,0.0,99.91,1.555557,0.0022827753852065584,0.106383,75.0,58.0,,,
2025-09-03 14:00:00,london,precipitation,LOF,3.8,,False,0.0,0,1,FP,1.623443,0.0,99.79,1.555557,0.0022827753852065584,0.106383,75.0,58.0,,,
2025-10-23 05:00:00,london,precipitation,LOF,6.6,,False,0.0,0,1,FP,3.355193,0.0,99.94,1.555557,0.0022827753852065584,0.106383,75.0,58.0,,,
2025-11-23 10:00:00,london,precipitation,LOF,4.6,,False,0.0,0,1,FP,2.032146,0.0,99.87,1.555557,0.0022827753852065584,0.106383,75.0,58.0,,,
2026-01-27 08:00:00,london,precipitation,LOF,4.6,,False,0.0,0,1,FP,2.032146,0.0,99.87,1.555557,0.0022827753852065584,0.106383,75.0,58.0,,,
2024-03-28 04:00:00,london,surface_pressure,ECOD,971.2,,False,0.0,0,1,FP,6.008911,0.576155,99.52,5.989109,0.004887612237129766,0.991736,,,,,
2025-01-06 07:00:00,london,surface_pressure,ECOD,970.8,,False,0.0,0,1,FP,6.049733,0.580578,99.54,5.989109,0.004887612237129766,0.991736,,,,,
2025-01-06 08:00:00,london,surface_pressure,ECOD,970.0,,False,0.0,0,1,FP,6.070787,0.582859,99.55,5.989109,0.004887612237129766,0.991736,,,,,
2025-01-06 09:00:00,london,surface_pressure,ECOD,969.5,,False,0.0,0,1,FP,6.092293,0.585189,99.56,5.989109,0.004887612237129766,0.991736,,,,,
2025-02-05 23:00:00,london,surface_pressure,ECOD,1040.8,,False,0.0,0,1,FP,6.049733,0.580578,99.54,5.989109,0.004887612237129766,0.991736,,,,,
2025-02-06 00:00:00,london,surface_pressure,ECOD,1041.0,,False,0.0,0,1,FP,6.070787,0.582859,99.55,5.989109,0.004887612237129766,0.991736,,,,,
2025-02-06 01:00:00,london,surface_pressure,ECOD,1041.0,,False,0.0,0,1,FP,6.070787,0.582859,99.55,5.989109,0.004887612237129766,0.991736,,,,,
2025-02-06 02:00:00,london,surface_pressure,ECOD,1041.5,,False,0.0,0,1,FP,6.207362,0.597656,99.61,5.989109,0.004887612237129766,0.991736,,,,,
2025-02-06 03:00:00,london,surface_pressure,ECOD,1041.5,,False,0.0,0,1,FP,6.207362,0.597656,99.61,5.989109,0.004887612237129766,0.991736,,,,,
2025-02-06 04:00:00,london,surface_pressure,ECOD,1041.3,,False,0.0,0,1,FP,6.136745,0.590005,99.57,5.989109,0.004887612237129766,0.991736,,,,,
2025-02-06 05:00:00,london,surface_pressure,ECOD,1041.2,,False,0.0,0,1,FP,6.114272,0.58757,99.57,5.989109,0.004887612237129766,0.991736,,,,,
2025-02-06 06:00:00,london,surface_pressure,ECOD,1041.4,,False,0.0,0,1,FP,6.159734,0.592496,99.59,5.989109,0.004887612237129766,0.991736,,,,,
2025-02-06 07:00:00,london,surface_pressure,ECOD,1041.7,,False,0.0,0,1,FP,6.283348,0.605889,99.64,5.989109,0.004887612237129766,0.991736,,,,,
2025-02-06 08:00:00,london,surface_pressure,ECOD,1041.6,,False,0.0,0,1,FP,6.257373,0.603075,99.62,5.989109,0.004887612237129766,0.991736,,,,,
2025-02-06 09:00:00,london,surface_pressure,ECOD,1042.0,,False,0.0,0,1,FP,6.337416,0.611747,99.66,5.989109,0.004887612237129766,0.991736,,,,,
2025-02-06 10:00:00,london,surface_pressure,ECOD,1042.0,,False,0.0,0,1,FP,6.337416,0.611747,99.66,5.989109,0.004887612237129766,0.991736,,,,,
2025-02-06 11:00:00,london,surface_pressure,ECOD,1041.7,,False,0.0,0,1,FP,6.283348,0.605889,99.64,5.989109,0.004887612237129766,0.991736,,,,,
2025-02-06 12:00:00,london,surface_pressure,ECOD,1041.4,,False,0.0,0,1,FP,6.159734,0.592496,99.59,5.989109,0.004887612237129766,0.991736,,,,,
2025-02-06 13:00:00,london,surface_pressure,ECOD,1040.6,,False,0.0,0,1,FP,6.029114,0.578344,99.53,5.989109,0.004887612237129766,0.991736,,,,,
2024-01-18 07:00:00,london,soil_temperature_7_to_28cm,LOF,1.7,,False,0.0,0,1,FP,99333370.156486,0.542102,100.0,1.0,0.012278360049275504,0.884956,5.0,77.0,,,
2025-06-20 20:00:00,london,soil_temperature_7_to_28cm,LOF,24.7,,False,0.0,0,1,FP,36647453.381533,0.2,99.78,1.0,0.012278360049275504,0.884956,5.0,77.0,,,
2025-06-20 23:00:00,london,soil_temperature_7_to_28cm,LOF,24.7,,False,0.0,0,1,FP,36647453.381533,0.2,99.78,1.0,0.012278360049275504,0.884956,5.0,77.0,,,
2025-06-21 19:00:00,london,soil_temperature_7_to_28cm,LOF,24.7,,False,0.0,0,1,FP,36647453.381533,0.2,99.78,1.0,0.012278360049275504,0.884956,5.0,77.0,,,
2025-06-22 05:00:00,london,soil_temperature_7_to_28cm,LOF,24.7,,False,0.0,0,1,FP,36647453.381533,0.2,99.78,1.0,0.012278360049275504,0.884956,5.0,77.0,,,
2025-06-30 22:00:00,london,soil_temperature_7_to_28cm,LOF,25.9,,False,0.0,0,1,FP,36647453.381533,0.2,99.8,1.0,0.012278360049275504,0.884956,5.0,77.0,,,
2025-06-30 23:00:00,london,soil_temperature_7_to_28cm,LOF,25.9,,False,0.0,0,1,FP,36647453.381533,0.2,99.8,1.0,0.012278360049275504,0.884956,5.0,77.0,,,
2025-07-01 00:00:00,london,soil_temperature_7_to_28cm,LOF,25.9,,False,0.0,0,1,FP,36647453.381533,0.2,99.8,1.0,0.012278360049275504,0.884956,5.0,77.0,,,
2025-07-01 01:00:00,london,soil_temperature_7_to_28cm,LOF,25.9,,False,0.0,0,1,FP,36647453.381533,0.2,99.8,1.0,0.012278360049275504,0.884956,5.0,77.0,,,
2025-07-01 16:00:00,london,soil_temperature_7_to_28cm,LOF,26.3,,False,0.0,0,1,FP,1.246933,0.0,99.62,1.0,0.012278360049275504,0.884956,5.0,77.0,,,
2025-07-01 18:00:00,london,soil_temperature_7_to_28cm,LOF,26.8,,False,0.0,0,1,FP,1.052178,0.0,99.61,1.0,0.012278360049275504,0.884956,5.0,77.0,,,
2025-07-01 19:00:00,london,soil_temperature_7_to_28cm,LOF,27.0,,False,0.0,0,1,FP,1.039557,0.0,99.6,1.0,0.012278360049275504,0.884956,5.0,77.0,,,
2025-07-02 02:00:00,london,soil_temperature_7_to_28cm,LOF,27.0,,False,0.0,0,1,FP,1.039557,0.0,99.6,1.0,0.012278360049275504,0.884956,5.0,77.0,,,
2025-07-02 03:00:00,london,soil_temperature_7_to_28cm,LOF,26.9,,False,0.0,0,1,FP,1.052178,0.0,99.61,1.0,0.012278360049275504,0.884956,5.0,77.0,,,
2025-07-02 07:00:00,london,soil_temperature_7_to_28cm,LOF,26.1,,False,0.0,0,1,FP,73294905.763069,0.4,99.99,1.0,0.012278360049275504,0.884956,5.0,77.0,,,
2025-07-12 21:00:00,london,soil_temperature_7_to_28cm,LOF,26.1,,False,0.0,0,1,FP,73294905.763069,0.4,99.99,1.0,0.012278360049275504,0.884956,5.0,77.0,,,
2025-07-12 22:00:00,london,soil_temperature_7_to_28cm,LOF,26.1,,False,0.0,0,1,FP,73294905.763069,0.4,99.99,1.0,0.012278360049275504,0.884956,5.0,77.0,,,
2025-07-14 00:00:00,london,soil_temperature_7_to_28cm,LOF,25.3,,False,0.0,0,1,FP,146589810.526134,0.8,100.0,1.0,0.012278360049275504,0.884956,5.0,77.0,,,
2024-01-04 20:00:00,london,soil_moisture_7_to_28cm,LOF,0.43,,False,0.0,0,1,FP,70121649.544066,0.112434,99.98,1.0,0.012278360049275504,0.964286,5.0,77.0,,,
2024-02-18 09:00:00,london,soil_moisture_7_to_28cm,LOF,0.43,,False,0.0,0,1,FP,70121649.544066,0.112434,99.98,1.0,0.012278360049275504,0.964286,5.0,77.0,,,
2025-07-19 17:00:00,london,soil_moisture_7_to_28cm,LOF,0.156,,False,0.0,0,1,FP,1.000301,0.0,99.53,1.0,0.012278360049275504,0.964286,5.0,77.0,,,
2025-07-19 18:00:00,london,soil_moisture_7_to_28cm,LOF,0.156,,False,0.0,0,1,FP,1.000301,0.0,99.53,1.0,0.012278360049275504,0.964286,5.0,77.0,,,
2025-07-19 19:00:00,london,soil_moisture_7_to_28cm,LOF,0.157,,False,0.0,0,1,FP,75931824.983528,0.12175,100.0,1.0,0.012278360049275504,0.964286,5.0,77.0,,,
2025-07-20 11:00:00,london,soil_moisture_7_to_28cm,LOF,0.162,,False,0.0,0,1,FP,70121649.544066,0.112434,99.98,1.0,0.012278360049275504,0.964286,5.0,77.0,,,
2025-07-20 12:00:00,london,soil_moisture_7_to_28cm,LOF,0.162,,False,0.0,0,1,FP,70121649.544066,0.112434,99.98,1.0,0.012278360049275504,0.964286,5.0,77.0,,,
2024-06-21 13:00:00,new_york,temperature_2m,LOF,35.5,,False,0.0,0,1,FP,1.0,0.0,99.16,1.0,0.012278360049275504,0.647059,5.0,77.0,,,
2024-06-21 14:00:00,new_york,temperature_2m,LOF,35.5,,False,0.0,0,1,FP,1.0,0.0,99.16,1.0,0.012278360049275504,0.647059,5.0,77.0,,,
2024-06-23 12:00:00,new_york,temperature_2m,LOF,34.4,,False,0.0,0,1,FP,37455757.452693,0.4,99.92,1.0,0.012278360049275504,0.647059,5.0,77.0,,,
2024-06-23 13:00:00,new_york,temperature_2m,LOF,35.5,,False,0.0,0,1,FP,1.0,0.0,99.16,1.0,0.012278360049275504,0.647059,5.0,77.0,,,
2024-06-26 16:00:00,new_york,temperature_2m,LOF,35.5,,False,0.0,0,1,FP,1.0,0.0,99.16,1.0,0.012278360049275504,0.647059,5.0,77.0,,,
2024-07-07 13:00:00,new_york,temperature_2m,LOF,32.6,,False,0.0,0,1,FP,18727879.226346,0.2,99.63,1.0,0.012278360049275504,0.647059,5.0,77.0,,,
2024-07-15 19:00:00,new_york,temperature_2m,LOF,33.9,,False,0.0,0,1,FP,18727879.226346,0.2,99.63,1.0,0.012278360049275504,0.647059,5.0,77.0,,,
2024-07-16 13:00:00,new_york,temperature_2m,LOF,33.6,,False,0.0,0,1,FP,18727879.226346,0.2,99.63,1.0,0.012278360049275504,0.647059,5.0,77.0,,,
2024-08-01 16:00:00,new_york,temperature_2m,LOF,33.9,,False,0.0,0,1,FP,18727879.226346,0.2,99.63,1.0,0.012278360049275504,0.647059,5.0,77.0,,,
2024-08-06 13:00:00,new_york,temperature_2m,LOF,32.6,,False,0.0,0,1,FP,18727879.226346,0.2,99.63,1.0,0.012278360049275504,0.647059,5.0,77.0,,,
2024-08-28 14:00:00,new_york,temperature_2m,LOF,32.6,,False,0.0,0,1,FP,18727879.226346,0.2,99.63,1.0,0.012278360049275504,0.647059,5.0,77.0,,,
2024-12-22 20:00:00,new_york,temperature_2m,LOF,-10.5,,False,0.0,0,1,FP,18727879.226345,0.2,99.57,1.0,0.012278360049275504,0.647059,5.0,77.0,,,
2024-12-23 00:00:00,new_york,temperature_2m,LOF,-12.8,,False,0.0,0,1,FP,18727879.226346,0.2,99.63,1.0,0.012278360049275504,0.647059,5.0,77.0,,,
2024-12-23 05:00:00,new_york,temperature_2m,LOF,-14.4,,False,0.0,0,1,FP,1.0,0.0,99.19,1.0,0.012278360049275504,0.647059,5.0,77.0,,,
2024-12-23 09:00:00,new_york,temperature_2m,LOF,-14.4,,False,0.0,0,1,FP,1.0,0.0,99.19,1.0,0.012278360049275504,0.647059,5.0,77.0,,,
2025-01-20 23:00:00,new_york,temperature_2m,LOF,-10.5,,False,0.0,0,1,FP,18727879.226345,0.2,99.57,1.0,0.012278360049275504,0.647059,5.0,77.0,,,
2025-01-22 06:00:00,new_york,temperature_2m,LOF,-16.1,,False,0.0,0,1,FP,1.177778,0.0,99.35,1.0,0.012278360049275504,0.647059,5.0,77.0,,,
2025-01-22 21:00:00,new_york,temperature_2m,LOF,-10.0,,False,0.0,0,1,FP,56183635.679035,0.6,99.94,1.0,0.012278360049275504,0.647059,5.0,77.0,,,
2025-01-25 06:00:00,new_york,temperature_2m,LOF,-12.5,,False,0.0,0,1,FP,74911513.905381,0.8,99.99,1.0,0.012278360049275504,0.647059,5.0,77.0,,,
2025-01-25 07:00:00,new_york,temperature_2m,LOF,-12.8,,False,0.0,0,1,FP,18727879.226346,0.2,99.63,1.0,0.012278360049275504,0.647059,5.0,77.0,,,
2025-02-19 05:00:00,new_york,temperature_2m,LOF,-8.8,,False,0.0,0,1,FP,18727879.226346,0.2,99.7,1.0,0.012278360049275504,0.647059,5.0,77.0,,,
2025-06-22 15:00:00,new_york,temperature_2m,LOF,33.6,,False,0.0,0,1,FP,18727879.226346,0.2,99.63,1.0,0.012278360049275504,0.647059,5.0,77.0,,,
2025-06-23 14:00:00,new_york,temperature_2m,LOF,40.2,,False,0.0,0,1,FP,1.046212,0.0,99.3,1.0,0.012278360049275504,0.647059,5.0,77.0,,,
2025-06-23 15:00:00,new_york,temperature_2m,LOF,40.2,,False,0.0,0,1,FP,1.046212,0.0,99.3,1.0,0.012278360049275504,0.647059,5.0,77.0,,,
2025-06-23 18:00:00,new_york,temperature_2m,LOF,37.5,,False,0.0,0,1,FP,1.092308,0.0,99.32,1.0,0.012278360049275504,0.647059,5.0,77.0,,,
2025-06-23 19:00:00,new_york,temperature_2m,LOF,35.4,,False,0.0,0,1,FP,1.0,0.0,99.21,1.0,0.012278360049275504,0.647059,5.0,77.0,,,
2025-06-23 20:00:00,new_york,temperature_2m,LOF,33.6,,False,0.0,0,1,FP,18727879.226346,0.2,99.63,1.0,0.012278360049275504,0.647059,5.0,77.0,,,
2025-06-24 14:00:00,new_york,temperature_2m,LOF,40.4,,False,0.0,0,1,FP,1.11371,0.0,99.33,1.0,0.012278360049275504,0.647059,5.0,77.0,,,
2025-06-24 15:00:00,new_york,temperature_2m,LOF,40.2,,False,0.0,0,1,FP,1.046212,0.0,99.3,1.0,0.012278360049275504,0.647059,5.0,77.0,,,
2025-06-24 16:00:00,new_york,temperature_2m,LOF,39.7,,False,0.0,0,1,FP,1.037987,0.0,99.29,1.0,0.012278360049275504,0.647059,5.0,77.0,,,
2025-06-24 18:00:00,new_york,temperature_2m,LOF,38.8,,False,0.0,0,1,FP,1.488889,0.0,99.36,1.0,0.012278360049275504,0.647059,5.0,77.0,,,
2025-06-24 22:00:00,new_york,temperature_2m,LOF,35.4,,False,0.0,0,1,FP,1.0,0.0,99.21,1.0,0.012278360049275504,0.647059,5.0,77.0,,,
2025-06-25 11:00:00,new_york,temperature_2m,LOF,35.1,,False,0.0,0,1,FP,74911513.905384,0.8,100.0,1.0,0.012278360049275504,0.647059,5.0,77.0,,,
2025-06-25 12:00:00,new_york,temperature_2m,LOF,36.5,,False,0.0,0,1,FP,1.026563,0.0,99.26,1.0,0.012278360049275504,0.647059,5.0,77.0,,,
2025-06-25 14:00:00,new_york,temperature_2m,LOF,38.2,,False,0.0,0,1,FP,1.026263,0.0,99.25,1.0,0.012278360049275504,0.647059,5.0,77.0,,,
2025-06-25 18:00:00,new_york,temperature_2m,LOF,37.0,,False,0.0,0,1,FP,1.004762,0.0,99.23,1.0,0.012278360049275504,0.647059,5.0,77.0,,,
2025-06-29 18:00:00,new_york,temperature_2m,LOF,32.6,,False,0.0,0,1,FP,18727879.226346,0.2,99.63,1.0,0.012278360049275504,0.647059,5.0,77.0,,,
2025-06-30 12:00:00,new_york,temperature_2m,LOF,34.4,,False,0.0,0,1,FP,37455757.452693,0.4,99.92,1.0,0.012278360049275504,0.647059,5.0,77.0,,,
2025-07-06 18:00:00,new_york,temperature_2m,LOF,33.9,,False,0.0,0,1,FP,18727879.226346,0.2,99.63,1.0,0.012278360049275504,0.647059,5.0,77.0,,,
2025-07-08 16:00:00,new_york,temperature_2m,LOF,37.0,,False,0.0,0,1,FP,1.004762,0.0,99.23,1.0,0.012278360049275504,0.647059,5.0,77.0,,,
2025-07-25 11:00:00,new_york,temperature_2m,LOF,33.6,,False,0.0,0,1,FP,18727879.226346,0.2,99.63,1.0,0.012278360049275504,0.647059,5.0,77.0,,,
2025-07-25 12:00:00,new_york,temperature_2m,LOF,35.3,,False,0.0,0,1,FP,56183635.679035,0.6,99.94,1.0,0.012278360049275504,0.647059,5.0,77.0,,,
2025-07-25 13:00:00,new_york,temperature_2m,LOF,36.5,,False,0.0,0,1,FP,1.026563,0.0,99.26,1.0,0.012278360049275504,0.647059,5.0,77.0,,,
2025-07-28 14:00:00,new_york,temperature_2m,LOF,34.6,,False,0.0,0,1,FP,56183635.679038,0.6,99.97,1.0,0.012278360049275504,0.647059,5.0,77.0,,,
2025-07-28 18:00:00,new_york,temperature_2m,LOF,34.6,,False,0.0,0,1,FP,56183635.679038,0.6,99.97,1.0,0.012278360049275504,0.647059,5.0,77.0,,,
2025-07-28 19:00:00,new_york,temperature_2m,LOF,33.9,,False,0.0,0,1,FP,18727879.226346,0.2,99.63,1.0,0.012278360049275504,0.647059,5.0,77.0,,,
2025-07-29 15:00:00,new_york,temperature_2m,LOF,38.8,,False,0.0,0,1,FP,1.488889,0.0,99.36,1.0,0.012278360049275504,0.647059,5.0,77.0,,,
2025-07-29 16:00:00,new_york,temperature_2m,LOF,38.0,,False,0.0,0,1,FP,1.022078,0.0,99.25,1.0,0.012278360049275504,0.647059,5.0,77.0,,,
2025-07-30 13:00:00,new_york,temperature_2m,LOF,36.7,,False,0.0,0,1,FP,1.172337,0.0,99.34,1.0,0.012278360049275504,0.647059,5.0,77.0,,,
2025-07-30 14:00:00,new_york,temperature_2m,LOF,37.5,,False,0.0,0,1,FP,1.092308,0.0,99.32,1.0,0.012278360049275504,0.647059,5.0,77.0,,,
2025-08-17 16:00:00,new_york,temperature_2m,LOF,35.3,,False,0.0,0,1,FP,56183635.679035,0.6,99.94,1.0,0.012278360049275504,0.647059,5.0,77.0,,,
2025-12-28 04:00:00,new_york,temperature_2m,LOF,-10.5,,False,0.0,0,1,FP,18727879.226345,0.2,99.57,1.0,0.012278360049275504,0.647059,5.0,77.0,,,
2026-01-20 11:00:00,new_york,temperature_2m,LOF,-9.7,,False,0.0,0,1,FP,18727879.226346,0.2,99.7,1.0,0.012278360049275504,0.647059,5.0,77.0,,,
2026-01-27 05:00:00,new_york,temperature_2m,LOF,-10.5,,False,0.0,0,1,FP,18727879.226345,0.2,99.57,1.0,0.012278360049275504,0.647059,5.0,77.0,,,
2026-01-27 09:00:00,new_york,temperature_2m,LOF,-12.8,,False,0.0,0,1,FP,18727879.226346,0.2,99.63,1.0,0.012278360049275504,0.647059,5.0,77.0,,,
2026-01-27 11:00:00,new_york,temperature_2m,LOF,-11.3,,False,0.0,0,1,FP,18727879.226346,0.2,99.63,1.0,0.012278360049275504,0.647059,5.0,77.0,,,
2026-01-27 19:00:00,new_york,temperature_2m,LOF,-9.7,,False,0.0,0,1,FP,18727879.226346,0.2,99.7,1.0,0.012278360049275504,0.647059,5.0,77.0,,,
2026-01-28 05:00:00,new_york,temperature_2m,LOF,-11.7,,False,0.0,0,1,FP,56183635.679038,0.6,99.97,1.0,0.012278360049275504,0.647059,5.0,77.0,,,
2026-01-28 06:00:00,new_york,temperature_2m,LOF,-12.3,,False,0.0,0,1,FP,74911513.905384,0.8,100.0,1.0,0.012278360049275504,0.647059,5.0,77.0,,,
2026-01-29 01:00:00,new_york,temperature_2m,LOF,-14.0,,False,0.0,0,1,FP,18727879.226346,0.2,99.63,1.0,0.012278360049275504,0.647059,5.0,77.0,,,
2026-01-29 06:00:00,new_york,temperature_2m,LOF,-14.5,,False,0.0,0,1,FP,74911513.905381,0.8,99.99,1.0,0.012278360049275504,0.647059,5.0,77.0,,,
2026-01-29 10:00:00,new_york,temperature_2m,LOF,-13.8,,False,0.0,0,1,FP,37455757.452692,0.4,99.91,1.0,0.012278360049275504,0.647059,5.0,77.0,,,
2026-01-29 14:00:00,new_york,temperature_2m,LOF,-8.8,,False,0.0,0,1,FP,18727879.226346,0.2,99.7,1.0,0.012278360049275504,0.647059,5.0,77.0,,,
2026-01-30 06:00:00,new_york,temperature_2m,LOF,-14.3,,False,0.0,0,1,FP,1.0,0.0,99.17,1.0,0.012278360049275504,0.647059,5.0,77.0,,,
2026-01-30 10:00:00,new_york,temperature_2m,LOF,-14.4,,False,0.0,0,1,FP,1.0,0.0,99.19,1.0,0.012278360049275504,0.647059,5.0,77.0,,,
2026-01-31 02:00:00,new_york,temperature_2m,LOF,-17.0,,False,0.0,0,1,FP,1.006667,0.0,99.24,1.0,0.012278360049275504,0.647059,5.0,77.0,,,
2026-01-31 03:00:00,new_york,temperature_2m,LOF,-16.5,,False,0.0,0,1,FP,1.004762,0.0,99.22,1.0,0.012278360049275504,0.647059,5.0,77.0,,,
2026-01-31 04:00:00,new_york,temperature_2m,LOF,-17.4,,False,0.0,0,1,FP,1.026667,0.0,99.28,1.0,0.012278360049275504,0.647059,5.0,77.0,,,
2026-01-31 05:00:00,new_york,temperature_2m,LOF,-17.5,,False,0.0,0,1,FP,1.026667,0.0,99.28,1.0,0.012278360049275504,0.647059,5.0,77.0,,,
2026-01-31 07:00:00,new_york,temperature_2m,LOF,-18.0,,False,0.0,0,1,FP,1.133613,0.0,99.34,1.0,0.012278360049275504,0.647059,5.0,77.0,,,
2026-01-31 08:00:00,new_york,temperature_2m,LOF,-18.3,,False,0.0,0,1,FP,1.442781,0.0,99.35,1.0,0.012278360049275504,0.647059,5.0,77.0,,,
2026-01-31 12:00:00,new_york,temperature_2m,LOF,-11.7,,False,0.0,0,1,FP,56183635.679038,0.6,99.97,1.0,0.012278360049275504,0.647059,5.0,77.0,,,
2026-01-31 17:00:00,new_york,temperature_2m,LOF,-8.8,,False,0.0,0,1,FP,18727879.226346,0.2,99.7,1.0,0.012278360049275504,0.647059,5.0,77.0,,,
2026-01-31 20:00:00,new_york,temperature_2m,LOF,-11.3,,False,0.0,0,1,FP,18727879.226346,0.2,99.63,1.0,0.012278360049275504,0.647059,5.0,77.0,,,
2026-02-01 00:00:00,new_york,temperature_2m,LOF,-11.3,,False,0.0,0,1,FP,18727879.226346,0.2,99.63,1.0,0.012278360049275504,0.647059,5.0,77.0,,,
2026-02-01 06:00:00,new_york,temperature_2m,LOF,-13.2,,False,0.0,0,1,FP,56183635.679038,0.6,99.97,1.0,0.012278360049275504,0.647059,5.0,77.0,,,
2026-02-01 11:00:00,new_york,temperature_2m,LOF,-12.8,,False,0.0,0,1,FP,18727879.226346,0.2,99.63,1.0,0.012278360049275504,0.647059,5.0,77.0,,,
2026-02-01 21:00:00,new_york,temperature_2m,LOF,-8.8,,False,0.0,0,1,FP,18727879.226346,0.2,99.7,1.0,0.012278360049275504,0.647059,5.0,77.0,,,
2026-02-04 01:00:00,new_york,temperature_2m,LOF,-10.0,,False,0.0,0,1,FP,56183635.679035,0.6,99.94,1.0,0.012278360049275504,0.647059,5.0,77.0,,,
2026-02-05 09:00:00,new_york,temperature_2m,LOF,-11.5,,False,0.0,0,1,FP,54028658.942705,0.576986,99.93,1.0,0.012278360049275504,0.647059,5.0,77.0,,,
2026-02-06 04:00:00,new_york,temperature_2m,LOF,-11.3,,False,0.0,0,1,FP,18727879.226346,0.2,99.63,1.0,0.012278360049275504,0.647059,5.0,77.0,,,
2026-02-07 12:00:00,new_york,temperature_2m,LOF,-13.8,,False,0.0,0,1,FP,37455757.452692,0.4,99.91,1.0,0.012278360049275504,0.647059,5.0,77.0,,,
2026-02-07 18:00:00,new_york,temperature_2m,LOF,-14.3,,False,0.0,0,1,FP,1.0,0.0,99.17,1.0,0.012278360049275504,0.647059,5.0,77.0,,,
2026-02-07 22:00:00,new_york,temperature_2m,LOF,-15.9,,False,0.0,0,1,FP,1.052747,0.0,99.31,1.0,0.012278360049275504,0.647059,5.0,77.0,,,
2026-02-07 23:00:00,new_york,temperature_2m,LOF,-16.5,,False,0.0,0,1,FP,1.004762,0.0,99.22,1.0,0.012278360049275504,0.647059,5.0,77.0,,,
2026-02-08 00:00:00,new_york,temperature_2m,LOF,-17.0,,False,0.0,0,1,FP,1.006667,0.0,99.24,1.0,0.012278360049275504,0.647059,5.0,77.0,,,
2026-02-08 01:00:00,new_york,temperature_2m,LOF,-17.4,,False,0.0,0,1,FP,1.026667,0.0,99.28,1.0,0.012278360049275504,0.647059,5.0,77.0,,,
2026-02-08 02:00:00,new_york,temperature_2m,LOF,-15.9,,False,0.0,0,1,FP,1.052747,0.0,99.31,1.0,0.012278360049275504,0.647059,5.0,77.0,,,
2026-02-08 05:00:00,new_york,temperature_2m,LOF,-17.2,,False,0.0,0,1,FP,1.01448,0.0,99.24,1.0,0.012278360049275504,0.647059,5.0,77.0,,,
2026-02-08 06:00:00,new_york,temperature_2m,LOF,-17.5,,False,0.0,0,1,FP,1.026667,0.0,99.28,1.0,0.012278360049275504,0.647059,5.0,77.0,,,
2026-02-08 09:00:00,new_york,temperature_2m,LOF,-16.8,,False,0.0,0,1,FP,1.035714,0.0,99.29,1.0,0.012278360049275504,0.647059,5.0,77.0,,,
2026-02-08 13:00:00,new_york,temperature_2m,LOF,-13.8,,False,0.0,0,1,FP,37455757.452692,0.4,99.91,1.0,0.012278360049275504,0.647059,5.0,77.0,,,
2026-02-09 00:00:00,new_york,temperature_2m,LOF,-13.7,,False,0.0,0,1,FP,1.0,0.0,99.18,1.0,0.012278360049275504,0.647059,5.0,77.0,,,
2026-02-09 02:00:00,new_york,temperature_2m,LOF,-13.7,,False,0.0,0,1,FP,1.0,0.0,99.18,1.0,0.012278360049275504,0.647059,5.0,77.0,,,
2026-02-09 09:00:00,new_york,temperature_2m,LOF,-13.2,,False,0.0,0,1,FP,56183635.679038,0.6,99.97,1.0,0.012278360049275504,0.647059,5.0,77.0,,,
2026-02-10 06:00:00,new_york,temperature_2m,LOF,-9.7,,False,0.0,0,1,FP,18727879.226346,0.2,99.7,1.0,0.012278360049275504,0.647059,5.0,77.0,,,
2026-02-10 07:00:00,new_york,temperature_2m,LOF,-9.7,,False,0.0,0,1,FP,18727879.226346,0.2,99.7,1.0,0.012278360049275504,0.647059,5.0,77.0,,,
2024-06-21 13:00:00,new_york,apparent_temperature,LOF,39.1,,False,0.0,0,1,FP,1.057143,0.0,99.3,1.0,0.012278360049275504,0.705128,5.0,77.0,,,
2024-06-22 13:00:00,new_york,apparent_temperature,LOF,40.1,,False,0.0,0,1,FP,1.011429,0.0,99.2,1.0,0.012278360049275504,0.705128,5.0,77.0,,,
2024-06-26 13:00:00,new_york,apparent_temperature,LOF,36.9,,False,0.0,0,1,FP,15397066.55505,0.2,99.72,1.0,0.012278360049275504,0.705128,5.0,77.0,,,
2024-06-26 16:00:00,new_york,apparent_temperature,LOF,37.6,,False,0.0,0,1,FP,15397066.55505,0.2,99.72,1.0,0.012278360049275504,0.705128,5.0,77.0,,,
2024-06-30 15:00:00,new_york,apparent_temperature,LOF,36.0,,False,0.0,0,1,FP,30794132.110101,0.4,99.96,1.0,0.012278360049275504,0.705128,5.0,77.0,,,
2024-07-05 13:00:00,new_york,apparent_temperature,LOF,37.3,,False,0.0,0,1,FP,15397066.555049,0.2,99.68,1.0,0.012278360049275504,0.705128,5.0,77.0,,,
2024-07-06 12:00:00,new_york,apparent_temperature,LOF,38.0,,False,0.0,0,1,FP,1.071111,0.0,99.33,1.0,0.012278360049275504,0.705128,5.0,77.0,,,
2024-07-06 13:00:00,new_york,apparent_temperature,LOF,39.4,,False,0.0,0,1,FP,1.133333,0.0,99.36,1.0,0.012278360049275504,0.705128,5.0,77.0,,,
2024-07-08 13:00:00,new_york,apparent_temperature,LOF,37.3,,False,0.0,0,1,FP,15397066.555049,0.2,99.68,1.0,0.012278360049275504,0.705128,5.0,77.0,,,
2024-07-15 14:00:00,new_york,apparent_temperature,LOF,37.9,,False,0.0,0,1,FP,1.0,0.0,99.14,1.0,0.012278360049275504,0.705128,5.0,77.0,,,
2024-07-16 14:00:00,new_york,apparent_temperature,LOF,37.3,,False,0.0,0,1,FP,15397066.555049,0.2,99.68,1.0,0.012278360049275504,0.705128,5.0,77.0,,,
2024-07-17 16:00:00,new_york,apparent_temperature,LOF,36.9,,False,0.0,0,1,FP,15397066.55505,0.2,99.72,1.0,0.012278360049275504,0.705128,5.0,77.0,,,
2024-08-01 13:00:00,new_york,apparent_temperature,LOF,38.1,,False,0.0,0,1,FP,1.217143,0.0,99.41,1.0,0.012278360049275504,0.705128,5.0,77.0,,,
2024-08-01 15:00:00,new_york,apparent_temperature,LOF,37.6,,False,0.0,0,1,FP,15397066.55505,0.2,99.72,1.0,0.012278360049275504,0.705128,5.0,77.0,,,
2024-08-03 14:00:00,new_york,apparent_temperature,LOF,37.3,,False,0.0,0,1,FP,15397066.555049,0.2,99.68,1.0,0.012278360049275504,0.705128,5.0,77.0,,,
2024-08-06 13:00:00,new_york,apparent_temperature,LOF,37.9,,False,0.0,0,1,FP,1.0,0.0,99.14,1.0,0.012278360049275504,0.705128,5.0,77.0,,,
2024-08-28 15:00:00,new_york,apparent_temperature,LOF,36.9,,False,0.0,0,1,FP,15397066.55505,0.2,99.72,1.0,0.012278360049275504,0.705128,5.0,77.0,,,
2024-12-23 00:00:00,new_york,apparent_temperature,LOF,-17.3,,False,0.0,0,1,FP,30794132.110099,0.4,99.92,1.0,0.012278360049275504,0.705128,5.0,77.0,,,
2024-12-23 03:00:00,new_york,apparent_temperature,LOF,-18.4,,False,0.0,0,1,FP,15397066.55505,0.2,99.72,1.0,0.012278360049275504,0.705128,5.0,77.0,,,
2024-12-23 04:00:00,new_york,apparent_temperature,LOF,-18.6,,False,0.0,0,1,FP,18476479.666061,0.24,99.81,1.0,0.012278360049275504,0.705128,5.0,77.0,,,
2024-12-23 09:00:00,new_york,apparent_temperature,LOF,-18.6,,False,0.0,0,1,FP,18476479.666061,0.24,99.81,1.0,0.012278360049275504,0.705128,5.0,77.0,,,
2025-01-20 08:00:00,new_york,apparent_temperature,LOF,-15.4,,False,0.0,0,1,FP,1.0,0.0,99.11,1.0,0.012278360049275504,0.705128,5.0,77.0,,,
2025-01-21 02:00:00,new_york,apparent_temperature,LOF,-17.3,,False,0.0,0,1,FP,30794132.110099,0.4,99.92,1.0,0.012278360049275504,0.705128,5.0,77.0,,,
2025-01-21 05:00:00,new_york,apparent_temperature,LOF,-19.5,,False,0.0,0,1,FP,1.0,0.0,99.17,1.0,0.012278360049275504,0.705128,5.0,77.0,,,
2025-01-21 07:00:00,new_york,apparent_temperature,LOF,-20.5,,False,0.0,0,1,FP,1.017143,0.0,99.24,1.0,0.012278360049275504,0.705128,5.0,77.0,,,
2025-01-22 03:00:00,new_york,apparent_temperature,LOF,-18.0,,False,0.0,0,1,FP,1.0,0.0,99.14,1.0,0.012278360049275504,0.705128,5.0,77.0,,,
2025-01-22 06:00:00,new_york,apparent_temperature,LOF,-20.7,,False,0.0,0,1,FP,1.1,0.0,99.35,1.0,0.012278360049275504,0.705128,5.0,77.0,,,
2025-01-22 07:00:00,new_york,apparent_temperature,LOF,-21.3,,False,0.0,0,1,FP,1.03,0.0,99.26,1.0,0.012278360049275504,0.705128,5.0,77.0,,,
2025-01-22 08:00:00,new_york,apparent_temperature,LOF,-21.3,,False,0.0,0,1,FP,1.03,0.0,99.26,1.0,0.012278360049275504,0.705128,5.0,77.0,,,
2025-01-22 09:00:00,new_york,apparent_temperature,LOF,-19.5,,False,0.0,0,1,FP,1.0,0.0,99.17,1.0,0.012278360049275504,0.705128,5.0,77.0,,,
2025-01-23 09:00:00,new_york,apparent_temperature,LOF,-15.4,,False,0.0,0,1,FP,1.0,0.0,99.11,1.0,0.012278360049275504,0.705128,5.0,77.0,,,
2025-06-22 21:00:00,new_york,apparent_temperature,LOF,36.0,,False,0.0,0,1,FP,30794132.110101,0.4,99.96,1.0,0.012278360049275504,0.705128,5.0,77.0,,,
2025-06-23 10:00:00,new_york,apparent_temperature,LOF,39.0,,False,0.0,0,1,FP,1.004545,0.0,99.19,1.0,0.012278360049275504,0.705128,5.0,77.0,,,
2025-06-23 13:00:00,new_york,apparent_temperature,LOF,44.1,,False,0.0,0,1,FP,1.012595,0.0,99.22,1.0,0.012278360049275504,0.705128,5.0,77.0,,,
2025-06-23 14:00:00,new_york,apparent_temperature,LOF,44.6,,False,0.0,0,1,FP,1.012595,0.0,99.22,1.0,0.012278360049275504,0.705128,5.0,77.0,,,
2025-06-23 15:00:00,new_york,apparent_temperature,LOF,44.2,,False,0.0,0,1,FP,1.012595,0.0,99.22,1.0,0.012278360049275504,0.705128,5.0,77.0,,,
2025-06-23 17:00:00,new_york,apparent_temperature,LOF,41.8,,False,0.0,0,1,FP,1.315152,0.0,99.43,1.0,0.012278360049275504,0.705128,5.0,77.0,,,
2025-06-23 18:00:00,new_york,apparent_temperature,LOF,41.1,,False,0.0,0,1,FP,1.163143,0.0,99.37,1.0,0.012278360049275504,0.705128,5.0,77.0,,,
2025-06-24 10:00:00,new_york,apparent_temperature,LOF,38.1,,False,0.0,0,1,FP,1.217143,0.0,99.41,1.0,0.012278360049275504,0.705128,5.0,77.0,,,
2025-06-24 12:00:00,new_york,apparent_temperature,LOF,41.0,,False,0.0,0,1,FP,1.072308,0.0,99.33,1.0,0.012278360049275504,0.705128,5.0,77.0,,,
2025-06-24 15:00:00,new_york,apparent_temperature,LOF,40.0,,False,0.0,0,1,FP,1.016667,0.0,99.23,1.0,0.012278360049275504,0.705128,5.0,77.0,,,
2025-06-24 16:00:00,new_york,apparent_temperature,LOF,39.1,,False,0.0,0,1,FP,1.057143,0.0,99.3,1.0,0.012278360049275504,0.705128,5.0,77.0,,,
2025-06-24 18:00:00,new_york,apparent_temperature,LOF,37.6,,False,0.0,0,1,FP,15397066.55505,0.2,99.72,1.0,0.012278360049275504,0.705128,5.0,77.0,,,
2025-06-24 19:00:00,new_york,apparent_temperature,LOF,36.9,,False,0.0,0,1,FP,15397066.55505,0.2,99.72,1.0,0.012278360049275504,0.705128,5.0,77.0,,,
2025-06-24 21:00:00,new_york,apparent_temperature,LOF,37.4,,False,0.0,0,1,FP,46191197.665151,0.6,99.99,1.0,0.012278360049275504,0.705128,5.0,77.0,,,
2025-06-25 11:00:00,new_york,apparent_temperature,LOF,38.1,,False,0.0,0,1,FP,1.217143,0.0,99.41,1.0,0.012278360049275504,0.705128,5.0,77.0,,,
2025-06-25 12:00:00,new_york,apparent_temperature,LOF,39.9,,False,0.0,0,1,FP,1.047619,0.0,99.29,1.0,0.012278360049275504,0.705128,5.0,77.0,,,
2025-06-25 13:00:00,new_york,apparent_temperature,LOF,40.8,,False,0.0,0,1,FP,1.265497,0.0,99.43,1.0,0.012278360049275504,0.705128,5.0,77.0,,,
2025-06-25 14:00:00,new_york,apparent_temperature,LOF,40.4,,False,0.0,0,1,FP,1.185,0.0,99.4,1.0,0.012278360049275504,0.705128,5.0,77.0,,,
2025-06-25 17:00:00,new_york,apparent_temperature,LOF,38.7,,False,0.0,0,1,FP,1.063636,0.0,99.32,1.0,0.012278360049275504,0.705128,5.0,77.0,,,
2025-07-08 12:00:00,new_york,apparent_temperature,LOF,38.8,,False,0.0,0,1,FP,1.181818,0.0,99.39,1.0,0.012278360049275504,0.705128,5.0,77.0,,,
2025-07-08 14:00:00,new_york,apparent_temperature,LOF,40.4,,False,0.0,0,1,FP,1.185,0.0,99.4,1.0,0.012278360049275504,0.705128,5.0,77.0,,,
2025-07-08 16:00:00,new_york,apparent_temperature,LOF,38.7,,False,0.0,0,1,FP,1.063636,0.0,99.32,1.0,0.012278360049275504,0.705128,5.0,77.0,,,
2025-07-25 12:00:00,new_york,apparent_temperature,LOF,40.1,,False,0.0,0,1,FP,1.011429,0.0,99.2,1.0,0.012278360049275504,0.705128,5.0,77.0,,,
2025-07-25 13:00:00,new_york,apparent_temperature,LOF,40.9,,False,0.0,0,1,FP,1.128745,0.0,99.36,1.0,0.012278360049275504,0.705128,5.0,77.0,,,
2025-07-29 11:00:00,new_york,apparent_temperature,LOF,38.7,,False,0.0,0,1,FP,1.063636,0.0,99.32,1.0,0.012278360049275504,0.705128,5.0,77.0,,,
2025-07-29 12:00:00,new_york,apparent_temperature,LOF,40.3,,False,0.0,0,1,FP,1.046111,0.0,99.29,1.0,0.012278360049275504,0.705128,5.0,77.0,,,
2025-07-29 14:00:00,new_york,apparent_temperature,LOF,42.4,,False,0.0,0,1,FP,2.367913,0.0,99.44,1.0,0.012278360049275504,0.705128,5.0,77.0,,,
2025-07-29 19:00:00,new_york,apparent_temperature,LOF,37.6,,False,0.0,0,1,FP,15397066.55505,0.2,99.72,1.0,0.012278360049275504,0.705128,5.0,77.0,,,
2025-07-30 11:00:00,new_york,apparent_temperature,LOF,37.9,,False,0.0,0,1,FP,1.0,0.0,99.14,1.0,0.012278360049275504,0.705128,5.0,77.0,,,
2025-07-30 12:00:00,new_york,apparent_temperature,LOF,39.0,,False,0.0,0,1,FP,1.004545,0.0,99.19,1.0,0.012278360049275504,0.705128,5.0,77.0,,,
2025-07-30 13:00:00,new_york,apparent_temperature,LOF,40.1,,False,0.0,0,1,FP,1.011429,0.0,99.2,1.0,0.012278360049275504,0.705128,5.0,77.0,,,
2025-07-30 14:00:00,new_york,apparent_temperature,LOF,40.4,,False,0.0,0,1,FP,1.185,0.0,99.4,1.0,0.012278360049275504,0.705128,5.0,77.0,,,
2025-07-30 17:00:00,new_york,apparent_temperature,LOF,37.9,,False,0.0,0,1,FP,1.0,0.0,99.14,1.0,0.012278360049275504,0.705128,5.0,77.0,,,
2025-08-14 15:00:00,new_york,apparent_temperature,LOF,36.0,,False,0.0,0,1,FP,30794132.110101,0.4,99.96,1.0,0.012278360049275504,0.705128,5.0,77.0,,,
2025-08-17 14:00:00,new_york,apparent_temperature,LOF,37.1,,False,0.0,0,1,FP,46191197.665151,0.6,99.99,1.0,0.012278360049275504,0.705128,5.0,77.0,,,
2025-08-17 16:00:00,new_york,apparent_temperature,LOF,37.1,,False,0.0,0,1,FP,46191197.665151,0.6,99.99,1.0,0.012278360049275504,0.705128,5.0,77.0,,,
2026-01-21 02:00:00,new_york,apparent_temperature,LOF,-18.1,,False,0.0,0,1,FP,30794132.110099,0.4,99.92,1.0,0.012278360049275504,0.705128,5.0,77.0,,,
2026-01-24 04:00:00,new_york,apparent_temperature,LOF,-18.0,,False,0.0,0,1,FP,1.0,0.0,99.14,1.0,0.012278360049275504,0.705128,5.0,77.0,,,
2026-01-24 05:00:00,new_york,apparent_temperature,LOF,-18.4,,False,0.0,0,1,FP,15397066.55505,0.2,99.72,1.0,0.012278360049275504,0.705128,5.0,77.0,,,
2026-01-24 11:00:00,new_york,apparent_temperature,LOF,-17.3,,False,0.0,0,1,FP,30794132.110099,0.4,99.92,1.0,0.012278360049275504,0.705128,5.0,77.0,,,
2026-01-24 13:00:00,new_york,apparent_temperature,LOF,-15.3,,False,0.0,0,1,FP,30794132.110101,0.4,99.96,1.0,0.012278360049275504,0.705128,5.0,77.0,,,
2026-01-25 14:00:00,new_york,apparent_temperature,LOF,-18.0,,False,0.0,0,1,FP,1.0,0.0,99.14,1.0,0.012278360049275504,0.705128,5.0,77.0,,,
2026-01-27 20:00:00,new_york,apparent_temperature,LOF,-16.0,,False,0.0,0,1,FP,30794132.1101,0.4,99.94,1.0,0.012278360049275504,0.705128,5.0,77.0,,,
2026-01-28 09:00:00,new_york,apparent_temperature,LOF,-18.1,,False,0.0,0,1,FP,30794132.110099,0.4,99.92,1.0,0.012278360049275504,0.705128,5.0,77.0,,,
2026-01-29 00:00:00,new_york,apparent_temperature,LOF,-18.6,,False,0.0,0,1,FP,18476479.666061,0.24,99.81,1.0,0.012278360049275504,0.705128,5.0,77.0,,,
2026-01-29 03:00:00,new_york,apparent_temperature,LOF,-18.8,,False,0.0,0,1,FP,61588263.220198,0.8,100.0,1.0,0.012278360049275504,0.705128,5.0,77.0,,,
2026-01-29 07:00:00,new_york,apparent_temperature,LOF,-20.2,,False,0.0,0,1,FP,46191197.665148,0.6,99.98,1.0,0.012278360049275504,0.705128,5.0,77.0,,,
2026-01-29 08:00:00,new_york,apparent_temperature,LOF,-20.5,,False,0.0,0,1,FP,1.017143,0.0,99.24,1.0,0.012278360049275504,0.705128,5.0,77.0,,,
2026-01-29 09:00:00,new_york,apparent_temperature,LOF,-19.9,,False,0.0,0,1,FP,15397066.555051,0.2,99.75,1.0,0.012278360049275504,0.705128,5.0,77.0,,,
2026-01-29 21:00:00,new_york,apparent_temperature,LOF,-15.3,,False,0.0,0,1,FP,30794132.110101,0.4,99.96,1.0,0.012278360049275504,0.705128,5.0,77.0,,,
2026-01-30 03:00:00,new_york,apparent_temperature,LOF,-18.1,,False,0.0,0,1,FP,30794132.110099,0.4,99.92,1.0,0.012278360049275504,0.705128,5.0,77.0,,,
2026-01-30 04:00:00,new_york,apparent_temperature,LOF,-18.7,,False,0.0,0,1,FP,1.04,0.0,99.28,1.0,0.012278360049275504,0.705128,5.0,77.0,,,
2026-01-30 07:00:00,new_york,apparent_temperature,LOF,-20.7,,False,0.0,0,1,FP,1.1,0.0,99.35,1.0,0.012278360049275504,0.705128,5.0,77.0,,,
2026-01-30 08:00:00,new_york,apparent_temperature,LOF,-20.9,,False,0.0,0,1,FP,1.0,0.0,99.1,1.0,0.012278360049275504,0.705128,5.0,77.0,,,
2026-01-30 20:00:00,new_york,apparent_temperature,LOF,-18.0,,False,0.0,0,1,FP,1.0,0.0,99.14,1.0,0.012278360049275504,0.705128,5.0,77.0,,,
2026-01-31 01:00:00,new_york,apparent_temperature,LOF,-20.7,,False,0.0,0,1,FP,1.1,0.0,99.35,1.0,0.012278360049275504,0.705128,5.0,77.0,,,
2026-01-31 02:00:00,new_york,apparent_temperature,LOF,-22.0,,False,0.0,0,1,FP,1.024274,0.0,99.25,1.0,0.012278360049275504,0.705128,5.0,77.0,,,
2026-01-31 03:00:00,new_york,apparent_temperature,LOF,-21.4,,False,0.0,0,1,FP,1.177143,0.0,99.38,1.0,0.012278360049275504,0.705128,5.0,77.0,,,
2026-01-31 08:00:00,new_york,apparent_temperature,LOF,-23.0,,False,0.0,0,1,FP,1.032749,0.0,99.27,1.0,0.012278360049275504,0.705128,5.0,77.0,,,
2026-01-31 21:00:00,new_york,apparent_temperature,LOF,-15.4,,False,0.0,0,1,FP,1.0,0.0,99.11,1.0,0.012278360049275504,0.705128,5.0,77.0,,,
2026-02-01 01:00:00,new_york,apparent_temperature,LOF,-18.4,,False,0.0,0,1,FP,15397066.55505,0.2,99.72,1.0,0.012278360049275504,0.705128,5.0,77.0,,,
2026-02-01 07:00:00,new_york,apparent_temperature,LOF,-20.9,,False,0.0,0,1,FP,1.0,0.0,99.1,1.0,0.012278360049275504,0.705128,5.0,77.0,,,
2026-02-01 22:00:00,new_york,apparent_temperature,LOF,-15.4,,False,0.0,0,1,FP,1.0,0.0,99.11,1.0,0.012278360049275504,0.705128,5.0,77.0,,,
2026-02-05 23:00:00,new_york,apparent_temperature,LOF,-16.0,,False,0.0,0,1,FP,30794132.1101,0.4,99.94,1.0,0.012278360049275504,0.705128,5.0,77.0,,,
2026-02-06 03:00:00,new_york,apparent_temperature,LOF,-16.0,,False,0.0,0,1,FP,30794132.1101,0.4,99.94,1.0,0.012278360049275504,0.705128,5.0,77.0,,,
2026-02-07 13:00:00,new_york,apparent_temperature,LOF,-21.4,,False,0.0,0,1,FP,1.177143,0.0,99.38,1.0,0.012278360049275504,0.705128,5.0,77.0,,,
2026-02-07 15:00:00,new_york,apparent_temperature,LOF,-19.8,,False,0.0,0,1,FP,1.0,0.0,99.17,1.0,0.012278360049275504,0.705128,5.0,77.0,,,
2026-02-07 18:00:00,new_york,apparent_temperature,LOF,-21.8,,False,0.0,0,1,FP,1.228688,0.0,99.42,1.0,0.012278360049275504,0.705128,5.0,77.0,,,
2026-02-07 20:00:00,new_york,apparent_temperature,LOF,-22.1,,False,0.0,0,1,FP,1.023333,0.0,99.24,1.0,0.012278360049275504,0.705128,5.0,77.0,,,
2026-02-07 22:00:00,new_york,apparent_temperature,LOF,-22.9,,False,0.0,0,1,FP,1.062308,0.0,99.31,1.0,0.012278360049275504,0.705128,5.0,77.0,,,
2026-02-08 01:00:00,new_york,apparent_temperature,LOF,-24.3,,False,0.0,0,1,FP,1.036444,0.0,99.28,1.0,0.012278360049275504,0.705128,5.0,77.0,,,
2026-02-08 02:00:00,new_york,apparent_temperature,LOF,-23.0,,False,0.0,0,1,FP,1.032749,0.0,99.27,1.0,0.012278360049275504,0.705128,5.0,77.0,,,
2026-02-08 06:00:00,new_york,apparent_temperature,LOF,-24.4,,False,0.0,0,1,FP,1.07963,0.0,99.34,1.0,0.012278360049275504,0.705128,5.0,77.0,,,
2026-02-08 07:00:00,new_york,apparent_temperature,LOF,-24.6,,False,0.0,0,1,FP,1.166,0.0,99.37,1.0,0.012278360049275504,0.705128,5.0,77.0,,,
2026-02-08 10:00:00,new_york,apparent_temperature,LOF,-23.0,,False,0.0,0,1,FP,1.032749,0.0,99.27,1.0,0.012278360049275504,0.705128,5.0,77.0,,,
2026-02-08 11:00:00,new_york,apparent_temperature,LOF,-21.7,,False,0.0,0,1,FP,1.465556,0.0,99.43,1.0,0.012278360049275504,0.705128,5.0,77.0,,,
2026-02-08 13:00:00,new_york,apparent_temperature,LOF,-19.9,,False,0.0,0,1,FP,15397066.555051,0.2,99.75,1.0,0.012278360049275504,0.705128,5.0,77.0,,,
2026-02-08 21:00:00,new_york,apparent_temperature,LOF,-18.4,,False,0.0,0,1,FP,15397066.55505,0.2,99.72,1.0,0.012278360049275504,0.705128,5.0,77.0,,,
2026-02-09 02:00:00,new_york,apparent_temperature,LOF,-19.8,,False,0.0,0,1,FP,1.0,0.0,99.17,1.0,0.012278360049275504,0.705128,5.0,77.0,,,
2026-02-09 07:00:00,new_york,apparent_temperature,LOF,-20.2,,False,0.0,0,1,FP,46191197.665148,0.6,99.98,1.0,0.012278360049275504,0.705128,5.0,77.0,,,
2026-02-09 08:00:00,new_york,apparent_temperature,LOF,-19.5,,False,0.0,0,1,FP,1.0,0.0,99.17,1.0,0.012278360049275504,0.705128,5.0,77.0,,,
2024-01-06 20:00:00,new_york,precipitation,LOF,3.0,,False,0.0,0,1,FP,144270744.401974,0.25,99.92,1.075,0.002285325525633921,0.225225,10.0,71.0,,,
2024-01-13 00:00:00,new_york,precipitation,LOF,3.2,,False,0.0,0,1,FP,577082974.607894,1.0,99.99,1.075,0.002285325525633921,0.225225,10.0,71.0,,,
2024-03-02 15:00:00,new_york,precipitation,LOF,3.0,,False,0.0,0,1,FP,144270744.401974,0.25,99.92,1.075,0.002285325525633921,0.225225,10.0,71.0,,,
2024-05-27 22:00:00,new_york,precipitation,LOF,10.4,,False,0.0,0,1,FP,1.774494,0.0,99.89,1.075,0.002285325525633921,0.225225,10.0,71.0,,,
2024-05-29 22:00:00,new_york,precipitation,LOF,3.2,,False,0.0,0,1,FP,577082974.607894,1.0,99.99,1.075,0.002285325525633921,0.225225,10.0,71.0,,,
2024-06-06 14:00:00,new_york,precipitation,LOF,3.0,,False,0.0,0,1,FP,144270744.401974,0.25,99.92,1.075,0.002285325525633921,0.225225,10.0,71.0,,,
2024-07-31 18:00:00,new_york,precipitation,LOF,3.0,,False,0.0,0,1,FP,144270744.401974,0.25,99.92,1.075,0.002285325525633921,0.225225,10.0,71.0,,,
2024-08-19 15:00:00,new_york,precipitation,LOF,3.0,,False,0.0,0,1,FP,144270744.401974,0.25,99.92,1.075,0.002285325525633921,0.225225,10.0,71.0,,,
2024-11-21 19:00:00,new_york,precipitation,LOF,3.2,,False,0.0,0,1,FP,577082974.607894,1.0,99.99,1.075,0.002285325525633921,0.225225,10.0,71.0,,,
2024-11-22 00:00:00,new_york,precipitation,LOF,3.2,,False,0.0,0,1,FP,577082974.607894,1.0,99.99,1.075,0.002285325525633921,0.225225,10.0,71.0,,,
2024-11-28 11:00:00,new_york,precipitation,LOF,3.0,,False,0.0,0,1,FP,144270744.401974,0.25,99.92,1.075,0.002285325525633921,0.225225,10.0,71.0,,,
2025-07-31 14:00:00,new_york,precipitation,LOF,3.0,,False,0.0,0,1,FP,144270744.401974,0.25,99.92,1.075,0.002285325525633921,0.225225,10.0,71.0,,,
2025-12-02 16:00:00,new_york,precipitation,LOF,3.0,,False,0.0,0,1,FP,144270744.401974,0.25,99.92,1.075,0.002285325525633921,0.225225,10.0,71.0,,,
2025-12-19 04:00:00,new_york,precipitation,LOF,3.0,,False,0.0,0,1,FP,144270744.401974,0.25,99.92,1.075,0.002285325525633921,0.225225,10.0,71.0,,,
2024-07-16 21:00:00,new_york,soil_temperature_7_to_28cm,LOF,29.3,,False,0.0,0,1,FP,64894459.867431,0.6,99.98,1.055556,0.006674619025368454,0.753968,5.0,17.0,,,
2024-07-16 22:00:00,new_york,soil_temperature_7_to_28cm,LOF,29.3,,False,0.0,0,1,FP,64894459.867431,0.6,99.98,1.055556,0.006674619025368454,0.753968,5.0,17.0,,,
2025-01-22 08:00:00,new_york,soil_temperature_7_to_28cm,LOF,-3.1,,False,0.0,0,1,FP,21631487.289144,0.2,99.73,1.055556,0.006674619025368454,0.753968,5.0,17.0,,,
2025-01-22 10:00:00,new_york,soil_temperature_7_to_28cm,LOF,-3.7,,False,0.0,0,1,FP,21631487.289143,0.2,99.68,1.055556,0.006674619025368454,0.753968,5.0,17.0,,,
2025-01-22 11:00:00,new_york,soil_temperature_7_to_28cm,LOF,-3.9,,False,0.0,0,1,FP,21631487.289143,0.2,99.68,1.055556,0.006674619025368454,0.753968,5.0,17.0,,,
2025-01-22 14:00:00,new_york,soil_temperature_7_to_28cm,LOF,-3.7,,False,0.0,0,1,FP,21631487.289143,0.2,99.68,1.055556,0.006674619025368454,0.753968,5.0,17.0,,,
2025-01-22 15:00:00,new_york,soil_temperature_7_to_28cm,LOF,-3.4,,False,0.0,0,1,FP,43262973.578287,0.4,99.91,1.055556,0.006674619025368454,0.753968,5.0,17.0,,,
2025-01-22 19:00:00,new_york,soil_temperature_7_to_28cm,LOF,-2.9,,False,0.0,0,1,FP,43262973.578287,0.4,99.91,1.055556,0.006674619025368454,0.753968,5.0,17.0,,,
2025-01-23 00:00:00,new_york,soil_temperature_7_to_28cm,LOF,-3.4,,False,0.0,0,1,FP,43262973.578287,0.4,99.91,1.055556,0.006674619025368454,0.753968,5.0,17.0,,,
2025-01-23 01:00:00,new_york,soil_temperature_7_to_28cm,LOF,-3.7,,False,0.0,0,1,FP,21631487.289143,0.2,99.68,1.055556,0.006674619025368454,0.753968,5.0,17.0,,,
2025-01-23 02:00:00,new_york,soil_temperature_7_to_28cm,LOF,-3.9,,False,0.0,0,1,FP,21631487.289143,0.2,99.68,1.055556,0.006674619025368454,0.753968,5.0,17.0,,,
2025-01-23 05:00:00,new_york,soil_temperature_7_to_28cm,LOF,-4.7,,False,0.0,0,1,FP,86525946.156573,0.8,99.99,1.055556,0.006674619025368454,0.753968,5.0,17.0,,,
2025-01-23 06:00:00,new_york,soil_temperature_7_to_28cm,LOF,-4.9,,False,0.0,0,1,FP,43262973.578288,0.4,99.93,1.055556,0.006674619025368454,0.753968,5.0,17.0,,,
2025-01-23 15:00:00,new_york,soil_temperature_7_to_28cm,LOF,-3.9,,False,0.0,0,1,FP,21631487.289143,0.2,99.68,1.055556,0.006674619025368454,0.753968,5.0,17.0,,,
2025-01-23 18:00:00,new_york,soil_temperature_7_to_28cm,LOF,-2.9,,False,0.0,0,1,FP,43262973.578287,0.4,99.91,1.055556,0.006674619025368454,0.753968,5.0,17.0,,,
2025-01-23 21:00:00,new_york,soil_temperature_7_to_28cm,LOF,-2.7,,False,0.0,0,1,FP,21631487.289143,0.2,99.68,1.055556,0.006674619025368454,0.753968,5.0,17.0,,,
2025-01-23 22:00:00,new_york,soil_temperature_7_to_28cm,LOF,-2.7,,False,0.0,0,1,FP,21631487.289143,0.2,99.68,1.055556,0.006674619025368454,0.753968,5.0,17.0,,,
2025-01-24 00:00:00,new_york,soil_temperature_7_to_28cm,LOF,-2.9,,False,0.0,0,1,FP,43262973.578287,0.4,99.91,1.055556,0.006674619025368454,0.753968,5.0,17.0,,,
2025-01-24 12:00:00,new_york,soil_temperature_7_to_28cm,LOF,-4.6,,False,0.0,0,1,FP,38936676.480458,0.36,99.88,1.055556,0.006674619025368454,0.753968,5.0,17.0,,,
2025-01-24 17:00:00,new_york,soil_temperature_7_to_28cm,LOF,-2.7,,False,0.0,0,1,FP,21631487.289143,0.2,99.68,1.055556,0.006674619025368454,0.753968,5.0,17.0,,,
2025-01-25 01:00:00,new_york,soil_temperature_7_to_28cm,LOF,-2.7,,False,0.0,0,1,FP,21631487.289143,0.2,99.68,1.055556,0.006674619025368454,0.753968,5.0,17.0,,,
2025-01-25 15:00:00,new_york,soil_temperature_7_to_28cm,LOF,-3.1,,False,0.0,0,1,FP,21631487.289144,0.2,99.73,1.055556,0.006674619025368454,0.753968,5.0,17.0,,,
2025-01-25 21:00:00,new_york,soil_temperature_7_to_28cm,LOF,-1.9,,False,0.0,0,1,FP,21631487.289143,0.2,99.68,1.055556,0.006674619025368454,0.753968,5.0,17.0,,,
2025-01-26 03:00:00,new_york,soil_temperature_7_to_28cm,LOF,-1.9,,False,0.0,0,1,FP,21631487.289143,0.2,99.68,1.055556,0.006674619025368454,0.753968,5.0,17.0,,,
2025-01-26 10:00:00,new_york,soil_temperature_7_to_28cm,LOF,-2.4,,False,0.0,0,1,FP,86525946.156573,0.8,99.99,1.055556,0.006674619025368454,0.753968,5.0,17.0,,,
2025-06-25 05:00:00,new_york,soil_temperature_7_to_28cm,LOF,30.3,,False,0.0,0,1,FP,64894459.867431,0.6,99.98,1.055556,0.006674619025368454,0.753968,5.0,17.0,,,
2025-06-25 09:00:00,new_york,soil_temperature_7_to_28cm,LOF,29.7,,False,0.0,0,1,FP,19956964.544566,0.184518,99.61,1.055556,0.006674619025368454,0.753968,5.0,17.0,,,
2025-06-25 10:00:00,new_york,soil_temperature_7_to_28cm,LOF,29.7,,False,0.0,0,1,FP,19956964.544566,0.184518,99.61,1.055556,0.006674619025368454,0.753968,5.0,17.0,,,
2025-06-26 00:00:00,new_york,soil_temperature_7_to_28cm,LOF,31.1,,False,0.0,0,1,FP,64894459.867427,0.6,99.95,1.055556,0.006674619025368454,0.753968,5.0,17.0,,,
2025-06-26 10:00:00,new_york,soil_temperature_7_to_28cm,LOF,29.7,,False,0.0,0,1,FP,19956964.544566,0.184518,99.61,1.055556,0.006674619025368454,0.753968,5.0,17.0,,,
2025-07-29 22:00:00,new_york,soil_temperature_7_to_28cm,LOF,31.3,,False,0.0,0,1,FP,43262973.578288,0.4,99.94,1.055556,0.006674619025368454,0.753968,5.0,17.0,,,
2025-07-30 01:00:00,new_york,soil_temperature_7_to_28cm,LOF,31.3,,False,0.0,0,1,FP,43262973.578288,0.4,99.94,1.055556,0.006674619025368454,0.753968,5.0,17.0,,,
2025-07-30 03:00:00,new_york,soil_temperature_7_to_28cm,LOF,31.1,,False,0.0,0,1,FP,64894459.867427,0.6,99.95,1.055556,0.006674619025368454,0.753968,5.0,17.0,,,
2025-07-30 05:00:00,new_york,soil_temperature_7_to_28cm,LOF,30.9,,False,0.0,0,1,FP,86525946.156575,0.8,100.0,1.055556,0.006674619025368454,0.753968,5.0,17.0,,,
2025-07-31 09:00:00,new_york,soil_temperature_7_to_28cm,LOF,30.3,,False,0.0,0,1,FP,64894459.867431,0.6,99.98,1.055556,0.006674619025368454,0.753968,5.0,17.0,,,
2026-01-25 15:00:00,new_york,soil_temperature_7_to_28cm,LOF,-3.4,,False,0.0,0,1,FP,43262973.578287,0.4,99.91,1.055556,0.006674619025368454,0.753968,5.0,17.0,,,
2026-01-25 22:00:00,new_york,soil_temperature_7_to_28cm,LOF,-3.9,,False,0.0,0,1,FP,21631487.289143,0.2,99.68,1.055556,0.006674619025368454,0.753968,5.0,17.0,,,
2026-01-26 16:00:00,new_york,soil_temperature_7_to_28cm,LOF,-3.1,,False,0.0,0,1,FP,21631487.289144,0.2,99.73,1.055556,0.006674619025368454,0.753968,5.0,17.0,,,
2026-02-07 15:00:00,new_york,soil_temperature_7_to_28cm,LOF,-3.1,,False,0.0,0,1,FP,21631487.289144,0.2,99.73,1.055556,0.006674619025368454,0.753968,5.0,17.0,,,
2026-02-07 18:00:00,new_york,soil_temperature_7_to_28cm,LOF,-3.7,,False,0.0,0,1,FP,21631487.289143,0.2,99.68,1.055556,0.006674619025368454,0.753968,5.0,17.0,,,
2026-02-07 20:00:00,new_york,soil_temperature_7_to_28cm,LOF,-4.9,,False,0.0,0,1,FP,43262973.578288,0.4,99.93,1.055556,0.006674619025368454,0.753968,5.0,17.0,,,
2026-02-08 11:00:00,new_york,soil_temperature_7_to_28cm,LOF,-8.5,,False,0.0,0,1,FP,64894459.86743,0.6,99.96,1.055556,0.006674619025368454,0.753968,5.0,17.0,,,
2026-02-08 12:00:00,new_york,soil_temperature_7_to_28cm,LOF,-8.5,,False,0.0,0,1,FP,64894459.86743,0.6,99.96,1.055556,0.006674619025368454,0.753968,5.0,17.0,,,
2026-02-09 23:00:00,new_york,soil_temperature_7_to_28cm,LOF,-4.9,,False,0.0,0,1,FP,43262973.578288,0.4,99.93,1.055556,0.006674619025368454,0.753968,5.0,17.0,,,
2026-02-10 03:00:00,new_york,soil_temperature_7_to_28cm,LOF,-4.6,,False,0.0,0,1,FP,38936676.480458,0.36,99.88,1.055556,0.006674619025368454,0.753968,5.0,17.0,,,
2026-02-10 12:00:00,new_york,soil_temperature_7_to_28cm,LOF,-4.6,,False,0.0,0,1,FP,38936676.480458,0.36,99.88,1.055556,0.006674619025368454,0.753968,5.0,17.0,,,
2026-02-11 00:00:00,new_york,soil_temperature_7_to_28cm,LOF,-1.9,,False,0.0,0,1,FP,21631487.289143,0.2,99.68,1.055556,0.006674619025368454,0.753968,5.0,17.0,,,
2026-02-11 10:00:00,new_york,soil_temperature_7_to_28cm,LOF,-1.9,,False,0.0,0,1,FP,21631487.289143,0.2,99.68,1.055556,0.006674619025368454,0.753968,5.0,17.0,,,
2025-12-02 20:00:00,new_york,soil_moisture_7_to_28cm,LOF,0.12,,False,0.0,0,1,FP,70911012.7074,0.020453,99.98,1.0,0.012278360049275504,0.966387,5.0,77.0,,,
2024-01-06 09:00:00,paris,temperature_2m,LOF,3.1,,False,0.0,0,1,FP,85880648.489782,0.940985,99.87,3180765.721844,0.04345707630414606,0.15896,46.0,12.0,,,
2024-01-07 03:00:00,paris,temperature_2m,LOF,3.1,,False,0.0,0,1,FP,85880648.489782,0.940985,99.87,3180765.721844,0.04345707630414606,0.15896,46.0,12.0,,,
2024-01-07 18:00:00,paris,temperature_2m,LOF,2.9,,False,0.0,0,1,FP,59976647.251067,0.657158,99.18,3180765.721844,0.04345707630414606,0.15896,46.0,12.0,,,
2024-01-12 04:00:00,paris,temperature_2m,LOF,1.0,,False,0.0,0,1,FP,47711471.827657,0.52277,98.59,3180765.721844,0.04345707630414606,0.15896,46.0,12.0,,,
2024-01-12 12:00:00,paris,temperature_2m,LOF,2.6,,False,0.0,0,1,FP,79519119.046095,0.871283,99.62,3180765.721844,0.04345707630414606,0.15896,46.0,12.0,,,
2024-01-13 02:00:00,paris,temperature_2m,LOF,-0.1,,False,0.0,0,1,FP,15903824.609219,0.174257,96.87,3180765.721844,0.04345707630414606,0.15896,46.0,12.0,,,
2024-01-13 03:00:00,paris,temperature_2m,LOF,-0.1,,False,0.0,0,1,FP,15903824.609219,0.174257,96.87,3180765.721844,0.04345707630414606,0.15896,46.0,12.0,,,
2024-01-15 15:00:00,paris,temperature_2m,LOF,4.5,,False,0.0,0,1,FP,79519119.046095,0.871283,99.62,3180765.721844,0.04345707630414606,0.15896,46.0,12.0,,,
2024-01-15 19:00:00,paris,temperature_2m,LOF,-0.1,,False,0.0,0,1,FP,15903824.609219,0.174257,96.87,3180765.721844,0.04345707630414606,0.15896,46.0,12.0,,,
2024-01-16 15:00:00,paris,temperature_2m,LOF,3.1,,False,0.0,0,1,FP,85880648.489782,0.940985,99.87,3180765.721844,0.04345707630414606,0.15896,46.0,12.0,,,
2024-01-17 08:00:00,paris,temperature_2m,LOF,1.1,,False,0.0,0,1,FP,60434530.715032,0.662175,99.32,3180765.721844,0.04345707630414606,0.15896,46.0,12.0,,,
2024-01-17 17:00:00,paris,temperature_2m,LOF,1.0,,False,0.0,0,1,FP,47711471.827657,0.52277,98.59,3180765.721844,0.04345707630414606,0.15896,46.0,12.0,,,
2024-01-17 18:00:00,paris,temperature_2m,LOF,0.8,,False,0.0,0,1,FP,38169177.662125,0.418216,98.31,3180765.721844,0.04345707630414606,0.15896,46.0,12.0,,,
2024-01-18 09:00:00,paris,temperature_2m,LOF,-0.1,,False,0.0,0,1,FP,15903824.609219,0.174257,96.87,3180765.721844,0.04345707630414606,0.15896,46.0,12.0,,,
2024-01-18 18:00:00,paris,temperature_2m,LOF,0.8,,False,0.0,0,1,FP,38169177.662125,0.418216,98.31,3180765.721844,0.04345707630414606,0.15896,46.0,12.0,,,
2024-01-19 16:00:00,paris,temperature_2m,LOF,3.4,,False,0.0,0,1,FP,57253765.993188,0.627324,98.91,3180765.721844,0.04345707630414606,0.15896,46.0,12.0,,,
2024-01-20 15:00:00,paris,temperature_2m,LOF,0.8,,False,0.0,0,1,FP,38169177.662125,0.418216,98.31,3180765.721844,0.04345707630414606,0.15896,46.0,12.0,,,
2024-01-21 07:00:00,paris,temperature_2m,LOF,2.1,,False,0.0,0,1,FP,88119590.834323,0.965517,99.96,3180765.721844,0.04345707630414606,0.15896,46.0,12.0,,,
2024-01-27 00:00:00,paris,temperature_2m,LOF,2.9,,False,0.0,0,1,FP,59976647.251067,0.657158,99.18,3180765.721844,0.04345707630414606,0.15896,46.0,12.0,,,
2024-01-27 11:00:00,paris,temperature_2m,LOF,-0.1,,False,0.0,0,1,FP,15903824.609219,0.174257,96.87,3180765.721844,0.04345707630414606,0.15896,46.0,12.0,,,
2024-01-27 23:00:00,paris,temperature_2m,LOF,-0.1,,False,0.0,0,1,FP,15903824.609219,0.174257,96.87,3180765.721844,0.04345707630414606,0.15896,46.0,12.0,,,
2024-01-28 09:00:00,paris,temperature_2m,LOF,-0.1,,False,0.0,0,1,FP,15903824.609219,0.174257,96.87,3180765.721844,0.04345707630414606,0.15896,46.0,12.0,,,
2024-01-29 03:00:00,paris,temperature_2m,LOF,3.4,,False,0.0,0,1,FP,57253765.993188,0.627324,98.91,3180765.721844,0.04345707630414606,0.15896,46.0,12.0,,,
2024-01-29 09:00:00,paris,temperature_2m,LOF,5.0,,False,0.0,0,1,FP,22257253.080277,0.24387,97.06,3180765.721844,0.04345707630414606,0.15896,46.0,12.0,,,
2024-02-02 02:00:00,paris,temperature_2m,LOF,2.6,,False,0.0,0,1,FP,79519119.046095,0.871283,99.62,3180765.721844,0.04345707630414606,0.15896,46.0,12.0,,,
2024-02-12 00:00:00,paris,temperature_2m,LOF,6.0,,False,0.0,0,1,FP,25268481.32248,0.276864,97.43,3180765.721844,0.04345707630414606,0.15896,46.0,12.0,,,
2024-02-12 22:00:00,paris,temperature_2m,LOF,3.9,,False,0.0,0,1,FP,82699883.767939,0.906134,99.78,3180765.721844,0.04345707630414606,0.15896,46.0,12.0,,,
2024-02-24 19:00:00,paris,temperature_2m,LOF,6.0,,False,0.0,0,1,FP,25268481.32248,0.276864,97.43,3180765.721844,0.04345707630414606,0.15896,46.0,12.0,,,
2024-02-24 20:00:00,paris,temperature_2m,LOF,5.5,,False,0.0,0,1,FP,57253765.993189,0.627324,99.04,3180765.721844,0.04345707630414606,0.15896,46.0,12.0,,,
2024-02-24 22:00:00,paris,temperature_2m,LOF,5.5,,False,0.0,0,1,FP,57253765.993189,0.627324,99.04,3180765.721844,0.04345707630414606,0.15896,46.0,12.0,,,
2024-02-25 06:00:00,paris,temperature_2m,LOF,3.6,,False,0.0,0,1,FP,38169177.662125,0.418216,98.31,3180765.721844,0.04345707630414606,0.15896,46.0,12.0,,,
2024-02-26 07:00:00,paris,temperature_2m,LOF,5.0,,False,0.0,0,1,FP,22257253.080277,0.24387,97.06,3180765.721844,0.04345707630414606,0.15896,46.0,12.0,,,
2024-02-27 09:00:00,paris,temperature_2m,LOF,3.9,,False,0.0,0,1,FP,82699883.767939,0.906134,99.78,3180765.721844,0.04345707630414606,0.15896,46.0,12.0,,,
2024-03-04 01:00:00,paris,temperature_2m,LOF,1.0,,False,0.0,0,1,FP,47711471.827657,0.52277,98.59,3180765.721844,0.04345707630414606,0.15896,46.0,12.0,,,
2024-03-04 02:00:00,paris,temperature_2m,LOF,1.1,,False,0.0,0,1,FP,60434530.715032,0.662175,99.32,3180765.721844,0.04345707630414606,0.15896,46.0,12.0,,,
2024-03-04 07:00:00,paris,temperature_2m,LOF,-0.1,,False,0.0,0,1,FP,15903824.609219,0.174257,96.87,3180765.721844,0.04345707630414606,0.15896,46.0,12.0,,,
2024-03-05 07:00:00,paris,temperature_2m,LOF,6.0,,False,0.0,0,1,FP,25268481.32248,0.276864,97.43,3180765.721844,0.04345707630414606,0.15896,46.0,12.0,,,
2024-03-05 08:00:00,paris,temperature_2m,LOF,6.0,,False,0.0,0,1,FP,25268481.32248,0.276864,97.43,3180765.721844,0.04345707630414606,0.15896,46.0,12.0,,,
2024-03-05 21:00:00,paris,temperature_2m,LOF,5.0,,False,0.0,0,1,FP,22257253.080277,0.24387,97.06,3180765.721844,0.04345707630414606,0.15896,46.0,12.0,,,
2024-03-05 23:00:00,paris,temperature_2m,LOF,4.5,,False,0.0,0,1,FP,79519119.046095,0.871283,99.62,3180765.721844,0.04345707630414606,0.15896,46.0,12.0,,,
2024-03-07 02:00:00,paris,temperature_2m,LOF,1.1,,False,0.0,0,1,FP,60434530.715032,0.662175,99.32,3180765.721844,0.04345707630414606,0.15896,46.0,12.0,,,
2024-03-07 06:00:00,paris,temperature_2m,LOF,1.1,,False,0.0,0,1,FP,60434530.715032,0.662175,99.32,3180765.721844,0.04345707630414606,0.15896,46.0,12.0,,,
2024-03-07 08:00:00,paris,temperature_2m,LOF,1.1,,False,0.0,0,1,FP,60434530.715032,0.662175,99.32,3180765.721844,0.04345707630414606,0.15896,46.0,12.0,,,
2024-03-08 04:00:00,paris,temperature_2m,LOF,3.9,,False,0.0,0,1,FP,82699883.767939,0.906134,99.78,3180765.721844,0.04345707630414606,0.15896,46.0,12.0,,,
2024-03-08 07:00:00,paris,temperature_2m,LOF,2.6,,False,0.0,0,1,FP,79519119.046095,0.871283,99.62,3180765.721844,0.04345707630414606,0.15896,46.0,12.0,,,
2024-03-11 07:00:00,paris,temperature_2m,LOF,3.6,,False,0.0,0,1,FP,38169177.662125,0.418216,98.31,3180765.721844,0.04345707630414606,0.15896,46.0,12.0,,,
2024-03-20 05:00:00,paris,temperature_2m,LOF,6.0,,False,0.0,0,1,FP,25268481.32248,0.276864,97.43,3180765.721844,0.04345707630414606,0.15896,46.0,12.0,,,
2024-03-21 13:00:00,paris,temperature_2m,LOF,15.3,,False,0.0,0,1,FP,12671076.535136,0.138836,96.68,3180765.721844,0.04345707630414606,0.15896,46.0,12.0,,,
2024-03-23 20:00:00,paris,temperature_2m,LOF,6.0,,False,0.0,0,1,FP,25268481.32248,0.276864,97.43,3180765.721844,0.04345707630414606,0.15896,46.0,12.0,,,
2024-03-23 23:00:00,paris,temperature_2m,LOF,5.0,,False,0.0,0,1,FP,22257253.080277,0.24387,97.06,3180765.721844,0.04345707630414606,0.15896,46.0,12.0,,,
2024-03-24 04:00:00,paris,temperature_2m,LOF,3.9,,False,0.0,0,1,FP,82699883.767939,0.906134,99.78,3180765.721844,0.04345707630414606,0.15896,46.0,12.0,,,
2024-03-24 07:00:00,paris,temperature_2m,LOF,3.6,,False,0.0,0,1,FP,38169177.662125,0.418216,98.31,3180765.721844,0.04345707630414606,0.15896,46.0,12.0,,,
2024-03-25 05:00:00,paris,temperature_2m,LOF,1.0,,False,0.0,0,1,FP,47711471.827657,0.52277,98.59,3180765.721844,0.04345707630414606,0.15896,46.0,12.0,,,
2024-03-27 00:00:00,paris,temperature_2m,LOF,5.5,,False,0.0,0,1,FP,57253765.993189,0.627324,99.04,3180765.721844,0.04345707630414606,0.15896,46.0,12.0,,,
2024-04-06 17:00:00,paris,temperature_2m,LOF,22.6,,False,0.0,0,1,FP,9542295.165532,0.104554,96.5,3180765.721844,0.04345707630414606,0.15896,46.0,12.0,,,
2024-04-08 16:00:00,paris,temperature_2m,LOF,21.3,,False,0.0,0,1,FP,69976824.880563,0.766729,99.46,3180765.721844,0.04345707630414606,0.15896,46.0,12.0,,,
2024-04-10 04:00:00,paris,temperature_2m,LOF,6.0,,False,0.0,0,1,FP,25268481.32248,0.276864,97.43,3180765.721844,0.04345707630414606,0.15896,46.0,12.0,,,
2024-04-10 05:00:00,paris,temperature_2m,LOF,5.5,,False,0.0,0,1,FP,57253765.993189,0.627324,99.04,3180765.721844,0.04345707630414606,0.15896,46.0,12.0,,,
2024-04-10 16:00:00,paris,temperature_2m,LOF,15.3,,False,0.0,0,1,FP,12671076.535136,0.138836,96.68,3180765.721844,0.04345707630414606,0.15896,46.0,12.0,,,
2024-04-11 11:00:00,paris,temperature_2m,LOF,15.0,,False,0.0,0,1,FP,25185111.972417,0.275951,97.25,3180765.721844,0.04345707630414606,0.15896,46.0,12.0,,,
2024-04-13 19:00:00,paris,temperature_2m,LOF,22.6,,False,0.0,0,1,FP,9542295.165532,0.104554,96.5,3180765.721844,0.04345707630414606,0.15896,46.0,12.0,,,
2024-04-14 15:00:00,paris,temperature_2m,LOF,18.3,,False,0.0,0,1,FP,31807648.218437,0.348513,98.02,3180765.721844,0.04345707630414606,0.15896,46.0,12.0,,,
2024-04-17 04:00:00,paris,temperature_2m,LOF,5.0,,False,0.0,0,1,FP,22257253.080277,0.24387,97.06,3180765.721844,0.04345707630414606,0.15896,46.0,12.0,,,
2024-04-18 05:00:00,paris,temperature_2m,LOF,3.6,,False,0.0,0,1,FP,38169177.662125,0.418216,98.31,3180765.721844,0.04345707630414606,0.15896,46.0,12.0,,,
2024-04-18 09:00:00,paris,temperature_2m,LOF,5.0,,False,0.0,0,1,FP,22257253.080277,0.24387,97.06,3180765.721844,0.04345707630414606,0.15896,46.0,12.0,,,
2024-04-20 01:00:00,paris,temperature_2m,LOF,5.0,,False,0.0,0,1,FP,22257253.080277,0.24387,97.06,3180765.721844,0.04345707630414606,0.15896,46.0,12.0,,,
2024-04-20 04:00:00,paris,temperature_2m,LOF,3.9,,False,0.0,0,1,FP,82699883.767939,0.906134,99.78,3180765.721844,0.04345707630414606,0.15896,46.0,12.0,,,
2024-04-20 09:00:00,paris,temperature_2m,LOF,6.0,,False,0.0,0,1,FP,25268481.32248,0.276864,97.43,3180765.721844,0.04345707630414606,0.15896,46.0,12.0,,,
2024-04-21 07:00:00,paris,temperature_2m,LOF,3.9,,False,0.0,0,1,FP,82699883.767939,0.906134,99.78,3180765.721844,0.04345707630414606,0.15896,46.0,12.0,,,
2024-04-22 02:00:00,paris,temperature_2m,LOF,3.6,,False,0.0,0,1,FP,38169177.662125,0.418216,98.31,3180765.721844,0.04345707630414606,0.15896,46.0,12.0,,,
2024-04-22 08:00:00,paris,temperature_2m,LOF,3.4,,False,0.0,0,1,FP,57253765.993188,0.627324,98.91,3180765.721844,0.04345707630414606,0.15896,46.0,12.0,,,
2024-04-23 04:00:00,paris,temperature_2m,LOF,2.1,,False,0.0,0,1,FP,88119590.834323,0.965517,99.96,3180765.721844,0.04345707630414606,0.15896,46.0,12.0,,,
2024-04-25 08:00:00,paris,temperature_2m,LOF,3.6,,False,0.0,0,1,FP,38169177.662125,0.418216,98.31,3180765.721844,0.04345707630414606,0.15896,46.0,12.0,,,
2024-04-27 15:00:00,paris,temperature_2m,LOF,15.0,,False,0.0,0,1,FP,25185111.972417,0.275951,97.25,3180765.721844,0.04345707630414606,0.15896,46.0,12.0,,,
2024-04-28 18:00:00,paris,temperature_2m,LOF,15.3,,False,0.0,0,1,FP,12671076.535136,0.138836,96.68,3180765.721844,0.04345707630414606,0.15896,46.0,12.0,,,
2024-05-07 17:00:00,paris,temperature_2m,LOF,18.3,,False,0.0,0,1,FP,31807648.218437,0.348513,98.02,3180765.721844,0.04345707630414606,0.15896,46.0,12.0,,,
2024-05-09 14:00:00,paris,temperature_2m,LOF,18.7,,False,0.0,0,1,FP,25446118.77475,0.27881,97.61,3180765.721844,0.04345707630414606,0.15896,46.0,12.0,,,
2024-05-11 12:00:00,paris,temperature_2m,LOF,21.3,,False,0.0,0,1,FP,69976824.880563,0.766729,99.46,3180765.721844,0.04345707630414606,0.15896,46.0,12.0,,,
2024-05-11 13:00:00,paris,temperature_2m,LOF,22.6,,False,0.0,0,1,FP,9542295.165532,0.104554,96.5,3180765.721844,0.04345707630414606,0.15896,46.0,12.0,,,
2024-05-11 21:00:00,paris,temperature_2m,LOF,19.3,,False,0.0,0,1,FP,54073001.271344,0.592472,98.76,3180765.721844,0.04345707630414606,0.15896,46.0,12.0,,,
2024-05-12 19:00:00,paris,temperature_2m,LOF,19.3,,False,0.0,0,1,FP,54073001.271344,0.592472,98.76,3180765.721844,0.04345707630414606,0.15896,46.0,12.0,,,
2024-05-13 13:00:00,paris,temperature_2m,LOF,18.3,,False,0.0,0,1,FP,31807648.218437,0.348513,98.02,3180765.721844,0.04345707630414606,0.15896,46.0,12.0,,,
2024-05-15 18:00:00,paris,temperature_2m,LOF,18.7,,False,0.0,0,1,FP,25446118.77475,0.27881,97.61,3180765.721844,0.04345707630414606,0.15896,46.0,12.0,,,
2024-05-16 17:00:00,paris,temperature_2m,LOF,18.3,,False,0.0,0,1,FP,31807648.218437,0.348513,98.02,3180765.721844,0.04345707630414606,0.15896,46.0,12.0,,,
2024-05-18 16:00:00,paris,temperature_2m,LOF,19.7,,False,0.0,0,1,FP,31755189.697526,0.347938,97.84,3180765.721844,0.04345707630414606,0.15896,46.0,12.0,,,
2024-05-19 19:00:00,paris,temperature_2m,LOF,18.3,,False,0.0,0,1,FP,31807648.218437,0.348513,98.02,3180765.721844,0.04345707630414606,0.15896,46.0,12.0,,,
2024-05-20 12:00:00,paris,temperature_2m,LOF,19.3,,False,0.0,0,1,FP,54073001.271344,0.592472,98.76,3180765.721844,0.04345707630414606,0.15896,46.0,12.0,,,
2024-05-22 13:00:00,paris,temperature_2m,LOF,18.3,,False,0.0,0,1,FP,31807648.218437,0.348513,98.02,3180765.721844,0.04345707630414606,0.15896,46.0,12.0,,,
2024-05-22 17:00:00,paris,temperature_2m,LOF,18.7,,False,0.0,0,1,FP,25446118.77475,0.27881,97.61,3180765.721844,0.04345707630414606,0.15896,46.0,12.0,,,
2024-05-22 18:00:00,paris,temperature_2m,LOF,18.7,,False,0.0,0,1,FP,25446118.77475,0.27881,97.61,3180765.721844,0.04345707630414606,0.15896,46.0,12.0,,,
2024-05-23 15:00:00,paris,temperature_2m,LOF,18.3,,False,0.0,0,1,FP,31807648.218437,0.348513,98.02,3180765.721844,0.04345707630414606,0.15896,46.0,12.0,,,
2024-05-24 15:00:00,paris,temperature_2m,LOF,18.7,,False,0.0,0,1,FP,25446118.77475,0.27881,97.61,3180765.721844,0.04345707630414606,0.15896,46.0,12.0,,,
2024-05-26 08:00:00,paris,temperature_2m,LOF,15.3,,False,0.0,0,1,FP,12671076.535136,0.138836,96.68,3180765.721844,0.04345707630414606,0.15896,46.0,12.0,,,
2024-06-02 12:00:00,paris,temperature_2m,LOF,15.0,,False,0.0,0,1,FP,25185111.972417,0.275951,97.25,3180765.721844,0.04345707630414606,0.15896,46.0,12.0,,,
2024-06-03 20:00:00,paris,temperature_2m,LOF,19.3,,False,0.0,0,1,FP,54073001.271344,0.592472,98.76,3180765.721844,0.04345707630414606,0.15896,46.0,12.0,,,
2024-06-04 00:00:00,paris,temperature_2m,LOF,15.0,,False,0.0,0,1,FP,25185111.972417,0.275951,97.25,3180765.721844,0.04345707630414606,0.15896,46.0,12.0,,,
2024-06-04 01:00:00,paris,temperature_2m,LOF,15.3,,False,0.0,0,1,FP,12671076.535136,0.138836,96.68,3180765.721844,0.04345707630414606,0.15896,46.0,12.0,,,
2024-06-04 20:00:00,paris,temperature_2m,LOF,19.7,,False,0.0,0,1,FP,31755189.697526,0.347938,97.84,3180765.721844,0.04345707630414606,0.15896,46.0,12.0,,,
2024-06-06 14:00:00,paris,temperature_2m,LOF,18.3,,False,0.0,0,1,FP,31807648.218437,0.348513,98.02,3180765.721844,0.04345707630414606,0.15896,46.0,12.0,,,
2024-06-09 12:00:00,paris,temperature_2m,LOF,18.3,,False,0.0,0,1,FP,31807648.218437,0.348513,98.02,3180765.721844,0.04345707630414606,0.15896,46.0,12.0,,,
2024-06-11 06:00:00,paris,temperature_2m,LOF,6.0,,False,0.0,0,1,FP,25268481.32248,0.276864,97.43,3180765.721844,0.04345707630414606,0.15896,46.0,12.0,,,
2024-06-13 23:00:00,paris,temperature_2m,LOF,15.3,,False,0.0,0,1,FP,12671076.535136,0.138836,96.68,3180765.721844,0.04345707630414606,0.15896,46.0,12.0,,,
2024-06-14 00:00:00,paris,temperature_2m,LOF,15.0,,False,0.0,0,1,FP,25185111.972417,0.275951,97.25,3180765.721844,0.04345707630414606,0.15896,46.0,12.0,,,
2024-06-14 20:00:00,paris,temperature_2m,LOF,18.7,,False,0.0,0,1,FP,25446118.77475,0.27881,97.61,3180765.721844,0.04345707630414606,0.15896,46.0,12.0,,,
2024-06-15 00:00:00,paris,temperature_2m,LOF,15.0,,False,0.0,0,1,FP,25185111.972417,0.275951,97.25,3180765.721844,0.04345707630414606,0.15896,46.0,12.0,,,
2024-06-18 01:00:00,paris,temperature_2m,LOF,15.0,,False,0.0,0,1,FP,25185111.972417,0.275951,97.25,3180765.721844,0.04345707630414606,0.15896,46.0,12.0,,,
2024-06-18 13:00:00,paris,temperature_2m,LOF,21.3,,False,0.0,0,1,FP,69976824.880563,0.766729,99.46,3180765.721844,0.04345707630414606,0.15896,46.0,12.0,,,
2024-06-19 02:00:00,paris,temperature_2m,LOF,15.0,,False,0.0,0,1,FP,25185111.972417,0.275951,97.25,3180765.721844,0.04345707630414606,0.15896,46.0,12.0,,,
2024-06-19 08:00:00,paris,temperature_2m,LOF,15.0,,False,0.0,0,1,FP,25185111.972417,0.275951,97.25,3180765.721844,0.04345707630414606,0.15896,46.0,12.0,,,
2024-06-19 16:00:00,paris,temperature_2m,LOF,19.7,,False,0.0,0,1,FP,31755189.697526,0.347938,97.84,3180765.721844,0.04345707630414606,0.15896,46.0,12.0,,,
2024-06-20 11:00:00,paris,temperature_2m,LOF,18.7,,False,0.0,0,1,FP,25446118.77475,0.27881,97.61,3180765.721844,0.04345707630414606,0.15896,46.0,12.0,,,
2024-06-20 12:00:00,paris,temperature_2m,LOF,19.3,,False,0.0,0,1,FP,54073001.271344,0.592472,98.76,3180765.721844,0.04345707630414606,0.15896,46.0,12.0,,,
2024-06-22 04:00:00,paris,temperature_2m,LOF,15.0,,False,0.0,0,1,FP,25185111.972417,0.275951,97.25,3180765.721844,0.04345707630414606,0.15896,46.0,12.0,,,
2024-06-22 10:00:00,paris,temperature_2m,LOF,15.0,,False,0.0,0,1,FP,25185111.972417,0.275951,97.25,3180765.721844,0.04345707630414606,0.15896,46.0,12.0,,,
2024-06-22 17:00:00,paris,temperature_2m,LOF,19.3,,False,0.0,0,1,FP,54073001.271344,0.592472,98.76,3180765.721844,0.04345707630414606,0.15896,46.0,12.0,,,
2024-06-23 12:00:00,paris,temperature_2m,LOF,18.3,,False,0.0,0,1,FP,31807648.218437,0.348513,98.02,3180765.721844,0.04345707630414606,0.15896,46.0,12.0,,,
2024-06-27 05:00:00,paris,temperature_2m,LOF,18.3,,False,0.0,0,1,FP,31807648.218437,0.348513,98.02,3180765.721844,0.04345707630414606,0.15896,46.0,12.0,,,
2024-06-27 23:00:00,paris,temperature_2m,LOF,19.3,,False,0.0,0,1,FP,54073001.271344,0.592472,98.76,3180765.721844,0.04345707630414606,0.15896,46.0,12.0,,,
2024-06-29 11:00:00,paris,temperature_2m,LOF,19.7,,False,0.0,0,1,FP,31755189.697526,0.347938,97.84,3180765.721844,0.04345707630414606,0.15896,46.0,12.0,,,
2024-06-29 17:00:00,paris,temperature_2m,LOF,19.3,,False,0.0,0,1,FP,54073001.271344,0.592472,98.76,3180765.721844,0.04345707630414606,0.15896,46.0,12.0,,,
2024-06-30 13:00:00,paris,temperature_2m,LOF,21.3,,False,0.0,0,1,FP,69976824.880563,0.766729,99.46,3180765.721844,0.04345707630414606,0.15896,46.0,12.0,,,
2024-07-01 19:00:00,paris,temperature_2m,LOF,19.7,,False,0.0,0,1,FP,31755189.697526,0.347938,97.84,3180765.721844,0.04345707630414606,0.15896,46.0,12.0,,,
2024-07-02 04:00:00,paris,temperature_2m,LOF,15.3,,False,0.0,0,1,FP,12671076.535136,0.138836,96.68,3180765.721844,0.04345707630414606,0.15896,46.0,12.0,,,
2024-07-02 14:00:00,paris,temperature_2m,LOF,18.3,,False,0.0,0,1,FP,31807648.218437,0.348513,98.02,3180765.721844,0.04345707630414606,0.15896,46.0,12.0,,,
2024-07-02 19:00:00,paris,temperature_2m,LOF,18.3,,False,0.0,0,1,FP,31807648.218437,0.348513,98.02,3180765.721844,0.04345707630414606,0.15896,46.0,12.0,,,
2024-07-03 20:00:00,paris,temperature_2m,LOF,18.7,,False,0.0,0,1,FP,25446118.77475,0.27881,97.61,3180765.721844,0.04345707630414606,0.15896,46.0,12.0,,,
2024-07-04 15:00:00,paris,temperature_2m,LOF,19.7,,False,0.0,0,1,FP,31755189.697526,0.347938,97.84,3180765.721844,0.04345707630414606,0.15896,46.0,12.0,,,
2024-07-05 21:00:00,paris,temperature_2m,LOF,21.3,,False,0.0,0,1,FP,69976824.880563,0.766729,99.46,3180765.721844,0.04345707630414606,0.15896,46.0,12.0,,,
2024-07-08 21:00:00,paris,temperature_2m,LOF,21.3,,False,0.0,0,1,FP,69976824.880563,0.766729,99.46,3180765.721844,0.04345707630414606,0.15896,46.0,12.0,,,
2024-07-09 22:00:00,paris,temperature_2m,LOF,19.3,,False,0.0,0,1,FP,54073001.271344,0.592472,98.76,3180765.721844,0.04345707630414606,0.15896,46.0,12.0,,,
2024-07-10 00:00:00,paris,temperature_2m,LOF,18.3,,False,0.0,0,1,FP,31807648.218437,0.348513,98.02,3180765.721844,0.04345707630414606,0.15896,46.0,12.0,,,
2024-07-11 10:00:00,paris,temperature_2m,LOF,18.7,,False,0.0,0,1,FP,25446118.77475,0.27881,97.61,3180765.721844,0.04345707630414606,0.15896,46.0,12.0,,,
2024-07-12 05:00:00,paris,temperature_2m,LOF,15.3,,False,0.0,0,1,FP,12671076.535136,0.138836,96.68,3180765.721844,0.04345707630414606,0.15896,46.0,12.0,,,
2024-07-12 17:00:00,paris,temperature_2m,LOF,19.3,,False,0.0,0,1,FP,54073001.271344,0.592472,98.76,3180765.721844,0.04345707630414606,0.15896,46.0,12.0,,,
2024-07-12 19:00:00,paris,temperature_2m,LOF,18.3,,False,0.0,0,1,FP,31807648.218437,0.348513,98.02,3180765.721844,0.04345707630414606,0.15896,46.0,12.0,,,
2024-07-14 19:00:00,paris,temperature_2m,LOF,22.6,,False,0.0,0,1,FP,9542295.165532,0.104554,96.5,3180765.721844,0.04345707630414606,0.15896,46.0,12.0,,,
2024-07-15 21:00:00,paris,temperature_2m,LOF,22.6,,False,0.0,0,1,FP,9542295.165532,0.104554,96.5,3180765.721844,0.04345707630414606,0.15896,46.0,12.0,,,
2024-07-16 11:00:00,paris,temperature_2m,LOF,19.7,,False,0.0,0,1,FP,31755189.697526,0.347938,97.84,3180765.721844,0.04345707630414606,0.15896,46.0,12.0,,,
2024-07-17 03:00:00,paris,temperature_2m,LOF,15.3,,False,0.0,0,1,FP,12671076.535136,0.138836,96.68,3180765.721844,0.04345707630414606,0.15896,46.0,12.0,,,
2024-07-18 23:00:00,paris,temperature_2m,LOF,22.6,,False,0.0,0,1,FP,9542295.165532,0.104554,96.5,3180765.721844,0.04345707630414606,0.15896,46.0,12.0,,,
2024-07-21 09:00:00,paris,temperature_2m,LOF,19.7,,False,0.0,0,1,FP,31755189.697526,0.347938,97.84,3180765.721844,0.04345707630414606,0.15896,46.0,12.0,,,
2024-07-21 10:00:00,paris,temperature_2m,LOF,21.3,,False,0.0,0,1,FP,69976824.880563,0.766729,99.46,3180765.721844,0.04345707630414606,0.15896,46.0,12.0,,,
2024-07-23 09:00:00,paris,temperature_2m,LOF,19.7,,False,0.0,0,1,FP,31755189.697526,0.347938,97.84,3180765.721844,0.04345707630414606,0.15896,46.0,12.0,,,
2024-07-23 10:00:00,paris,temperature_2m,LOF,19.7,,False,0.0,0,1,FP,31755189.697526,0.347938,97.84,3180765.721844,0.04345707630414606,0.15896,46.0,12.0,,,
2024-07-24 23:00:00,paris,temperature_2m,LOF,21.3,,False,0.0,0,1,FP,69976824.880563,0.766729,99.46,3180765.721844,0.04345707630414606,0.15896,46.0,12.0,,,
2024-07-27 14:00:00,paris,temperature_2m,LOF,19.7,,False,0.0,0,1,FP,31755189.697526,0.347938,97.84,3180765.721844,0.04345707630414606,0.15896,46.0,12.0,,,
2024-07-28 21:00:00,paris,temperature_2m,LOF,21.3,,False,0.0,0,1,FP,69976824.880563,0.766729,99.46,3180765.721844,0.04345707630414606,0.15896,46.0,12.0,,,
2024-07-29 23:00:00,paris,temperature_2m,LOF,22.6,,False,0.0,0,1,FP,9542295.165532,0.104554,96.5,3180765.721844,0.04345707630414606,0.15896,46.0,12.0,,,
2024-08-01 00:00:00,paris,temperature_2m,LOF,22.6,,False,0.0,0,1,FP,9542295.165532,0.104554,96.5,3180765.721844,0.04345707630414606,0.15896,46.0,12.0,,,
2024-08-02 01:00:00,paris,temperature_2m,LOF,19.7,,False,0.0,0,1,FP,31755189.697526,0.347938,97.84,3180765.721844,0.04345707630414606,0.15896,46.0,12.0,,,
2024-08-03 07:00:00,paris,temperature_2m,LOF,15.0,,False,0.0,0,1,FP,25185111.972417,0.275951,97.25,3180765.721844,0.04345707630414606,0.15896,46.0,12.0,,,
2024-08-04 00:00:00,paris,temperature_2m,LOF,19.7,,False,0.0,0,1,FP,31755189.697526,0.347938,97.84,3180765.721844,0.04345707630414606,0.15896,46.0,12.0,,,
2024-08-06 01:00:00,paris,temperature_2m,LOF,18.7,,False,0.0,0,1,FP,25446118.77475,0.27881,97.61,3180765.721844,0.04345707630414606,0.15896,46.0,12.0,,,
2024-08-06 02:00:00,paris,temperature_2m,LOF,18.3,,False,0.0,0,1,FP,31807648.218437,0.348513,98.02,3180765.721844,0.04345707630414606,0.15896,46.0,12.0,,,
2024-08-08 03:00:00,paris,temperature_2m,LOF,18.3,,False,0.0,0,1,FP,31807648.218437,0.348513,98.02,3180765.721844,0.04345707630414606,0.15896,46.0,12.0,,,
2024-08-08 12:00:00,paris,temperature_2m,LOF,22.6,,False,0.0,0,1,FP,9542295.165532,0.104554,96.5,3180765.721844,0.04345707630414606,0.15896,46.0,12.0,,,
2024-08-09 03:00:00,paris,temperature_2m,LOF,19.7,,False,0.0,0,1,FP,31755189.697526,0.347938,97.84,3180765.721844,0.04345707630414606,0.15896,46.0,12.0,,,
2024-08-10 07:00:00,paris,temperature_2m,LOF,15.0,,False,0.0,0,1,FP,25185111.972417,0.275951,97.25,3180765.721844,0.04345707630414606,0.15896,46.0,12.0,,,
2024-08-10 11:00:00,paris,temperature_2m,LOF,21.3,,False,0.0,0,1,FP,69976824.880563,0.766729,99.46,3180765.721844,0.04345707630414606,0.15896,46.0,12.0,,,
2024-08-11 02:00:00,paris,temperature_2m,LOF,19.3,,False,0.0,0,1,FP,54073001.271344,0.592472,98.76,3180765.721844,0.04345707630414606,0.15896,46.0,12.0,,,
2024-08-15 04:00:00,paris,temperature_2m,LOF,19.7,,False,0.0,0,1,FP,31755189.697526,0.347938,97.84,3180765.721844,0.04345707630414606,0.15896,46.0,12.0,,,
2024-08-15 06:00:00,paris,temperature_2m,LOF,18.3,,False,0.0,0,1,FP,31807648.218437,0.348513,98.02,3180765.721844,0.04345707630414606,0.15896,46.0,12.0,,,
2024-08-15 11:00:00,paris,temperature_2m,LOF,21.3,,False,0.0,0,1,FP,69976824.880563,0.766729,99.46,3180765.721844,0.04345707630414606,0.15896,46.0,12.0,,,
2024-08-16 02:00:00,paris,temperature_2m,LOF,18.7,,False,0.0,0,1,FP,25446118.77475,0.27881,97.61,3180765.721844,0.04345707630414606,0.15896,46.0,12.0,,,
2024-08-18 19:00:00,paris,temperature_2m,LOF,19.7,,False,0.0,0,1,FP,31755189.697526,0.347938,97.84,3180765.721844,0.04345707630414606,0.15896,46.0,12.0,,,
2024-08-20 11:00:00,paris,temperature_2m,LOF,21.3,,False,0.0,0,1,FP,69976824.880563,0.766729,99.46,3180765.721844,0.04345707630414606,0.15896,46.0,12.0,,,
2024-08-23 09:00:00,paris,temperature_2m,LOF,19.3,,False,0.0,0,1,FP,54073001.271344,0.592472,98.76,3180765.721844,0.04345707630414606,0.15896,46.0,12.0,,,
2024-08-23 10:00:00,paris,temperature_2m,LOF,19.7,,False,0.0,0,1,FP,31755189.697526,0.347938,97.84,3180765.721844,0.04345707630414606,0.15896,46.0,12.0,,,
2024-08-26 14:00:00,paris,temperature_2m,LOF,22.6,,False,0.0,0,1,FP,9542295.165532,0.104554,96.5,3180765.721844,0.04345707630414606,0.15896,46.0,12.0,,,
2024-08-28 04:00:00,paris,temperature_2m,LOF,15.0,,False,0.0,0,1,FP,25185111.972417,0.275951,97.25,3180765.721844,0.04345707630414606,0.15896,46.0,12.0,,,
2024-08-29 04:00:00,paris,temperature_2m,LOF,18.3,,False,0.0,0,1,FP,31807648.218437,0.348513,98.02,3180765.721844,0.04345707630414606,0.15896,46.0,12.0,,,
2024-08-30 06:00:00,paris,temperature_2m,LOF,15.3,,False,0.0,0,1,FP,12671076.535136,0.138836,96.68,3180765.721844,0.04345707630414606,0.15896,46.0,12.0,,,
2024-08-30 07:00:00,paris,temperature_2m,LOF,15.0,,False,0.0,0,1,FP,25185111.972417,0.275951,97.25,3180765.721844,0.04345707630414606,0.15896,46.0,12.0,,,
2024-09-01 08:00:00,paris,temperature_2m,LOF,19.3,,False,0.0,0,1,FP,54073001.271344,0.592472,98.76,3180765.721844,0.04345707630414606,0.15896,46.0,12.0,,,
2024-09-02 10:00:00,paris,temperature_2m,LOF,19.3,,False,0.0,0,1,FP,54073001.271344,0.592472,98.76,3180765.721844,0.04345707630414606,0.15896,46.0,12.0,,,
2024-09-03 00:00:00,paris,temperature_2m,LOF,19.7,,False,0.0,0,1,FP,31755189.697526,0.347938,97.84,3180765.721844,0.04345707630414606,0.15896,46.0,12.0,,,
2024-09-03 02:00:00,paris,temperature_2m,LOF,18.7,,False,0.0,0,1,FP,25446118.77475,0.27881,97.61,3180765.721844,0.04345707630414606,0.15896,46.0,12.0,,,
2024-09-03 17:00:00,paris,temperature_2m,LOF,21.3,,False,0.0,0,1,FP,69976824.880563,0.766729,99.46,3180765.721844,0.04345707630414606,0.15896,46.0,12.0,,,
2024-09-04 16:00:00,paris,temperature_2m,LOF,21.3,,False,0.0,0,1,FP,69976824.880563,0.766729,99.46,3180765.721844,0.04345707630414606,0.15896,46.0,12.0,,,
2024-09-04 21:00:00,paris,temperature_2m,LOF,18.7,,False,0.0,0,1,FP,25446118.77475,0.27881,97.61,3180765.721844,0.04345707630414606,0.15896,46.0,12.0,,,
2024-09-06 18:00:00,paris,temperature_2m,LOF,22.6,,False,0.0,0,1,FP,9542295.165532,0.104554,96.5,3180765.721844,0.04345707630414606,0.15896,46.0,12.0,,,
2024-09-06 20:00:00,paris,temperature_2m,LOF,19.7,,False,0.0,0,1,FP,31755189.697526,0.347938,97.84,3180765.721844,0.04345707630414606,0.15896,46.0,12.0,,,
2024-09-08 13:00:00,paris,temperature_2m,LOF,19.7,,False,0.0,0,1,FP,31755189.697526,0.347938,97.84,3180765.721844,0.04345707630414606,0.15896,46.0,12.0,,,
2024-09-09 03:00:00,paris,temperature_2m,LOF,15.3,,False,0.0,0,1,FP,12671076.535136,0.138836,96.68,3180765.721844,0.04345707630414606,0.15896,46.0,12.0,,,
2024-09-14 07:00:00,paris,temperature_2m,LOF,6.0,,False,0.0,0,1,FP,25268481.32248,0.276864,97.43,3180765.721844,0.04345707630414606,0.15896,46.0,12.0,,,
2024-09-14 12:00:00,paris,temperature_2m,LOF,15.0,,False,0.0,0,1,FP,25185111.972417,0.275951,97.25,3180765.721844,0.04345707630414606,0.15896,46.0,12.0,,,
2024-09-18 11:00:00,paris,temperature_2m,LOF,18.7,,False,0.0,0,1,FP,25446118.77475,0.27881,97.61,3180765.721844,0.04345707630414606,0.15896,46.0,12.0,,,
2024-09-19 08:00:00,paris,temperature_2m,LOF,15.0,,False,0.0,0,1,FP,25185111.972417,0.275951,97.25,3180765.721844,0.04345707630414606,0.15896,46.0,12.0,,,
2024-09-19 10:00:00,paris,temperature_2m,LOF,18.3,,False,0.0,0,1,FP,31807648.218437,0.348513,98.02,3180765.721844,0.04345707630414606,0.15896,46.0,12.0,,,
2024-09-20 18:00:00,paris,temperature_2m,LOF,18.7,,False,0.0,0,1,FP,25446118.77475,0.27881,97.61,3180765.721844,0.04345707630414606,0.15896,46.0,12.0,,,
2024-09-22 18:00:00,paris,temperature_2m,LOF,18.7,,False,0.0,0,1,FP,25446118.77475,0.27881,97.61,3180765.721844,0.04345707630414606,0.15896,46.0,12.0,,,
2024-09-24 21:00:00,paris,temperature_2m,LOF,15.3,,False,0.0,0,1,FP,12671076.535136,0.138836,96.68,3180765.721844,0.04345707630414606,0.15896,46.0,12.0,,,
2024-09-26 08:00:00,paris,temperature_2m,LOF,15.3,,False,0.0,0,1,FP,12671076.535136,0.138836,96.68,3180765.721844,0.04345707630414606,0.15896,46.0,12.0,,,
2024-09-29 05:00:00,paris,temperature_2m,LOF,4.5,,False,0.0,0,1,FP,79519119.046095,0.871283,99.62,3180765.721844,0.04345707630414606,0.15896,46.0,12.0,,,
2024-10-02 18:00:00,paris,temperature_2m,LOF,15.3,,False,0.0,0,1,FP,12671076.535136,0.138836,96.68,3180765.721844,0.04345707630414606,0.15896,46.0,12.0,,,
2024-10-04 17:00:00,paris,temperature_2m,LOF,15.3,,False,0.0,0,1,FP,12671076.535136,0.138836,96.68,3180765.721844,0.04345707630414606,0.15896,46.0,12.0,,,
2024-10-04 18:00:00,paris,temperature_2m,LOF,15.0,,False,0.0,0,1,FP,25185111.972417,0.275951,97.25,3180765.721844,0.04345707630414606,0.15896,46.0,12.0,,,
2024-10-07 11:00:00,paris,temperature_2m,LOF,15.3,,False,0.0,0,1,FP,12671076.535136,0.138836,96.68,3180765.721844,0.04345707630414606,0.15896,46.0,12.0,,,
2024-10-11 07:00:00,paris,temperature_2m,LOF,6.0,,False,0.0,0,1,FP,25268481.32248,0.276864,97.43,3180765.721844,0.04345707630414606,0.15896,46.0,12.0,,,
2024-10-12 19:00:00,paris,temperature_2m,LOF,15.0,,False,0.0,0,1,FP,25185111.972417,0.275951,97.25,3180765.721844,0.04345707630414606,0.15896,46.0,12.0,,,
2024-10-15 19:00:00,paris,temperature_2m,LOF,18.3,,False,0.0,0,1,FP,31807648.218437,0.348513,98.02,3180765.721844,0.04345707630414606,0.15896,46.0,12.0,,,
2024-10-21 12:00:00,paris,temperature_2m,LOF,18.7,,False,0.0,0,1,FP,25446118.77475,0.27881,97.61,3180765.721844,0.04345707630414606,0.15896,46.0,12.0,,,
2024-10-21 20:00:00,paris,temperature_2m,LOF,15.0,,False,0.0,0,1,FP,25185111.972417,0.275951,97.25,3180765.721844,0.04345707630414606,0.15896,46.0,12.0,,,
2024-10-25 15:00:00,paris,temperature_2m,LOF,18.3,,False,0.0,0,1,FP,31807648.218437,0.348513,98.02,3180765.721844,0.04345707630414606,0.15896,46.0,12.0,,,
2024-10-27 19:00:00,paris,temperature_2m,LOF,15.3,,False,0.0,0,1,FP,12671076.535136,0.138836,96.68,3180765.721844,0.04345707630414606,0.15896,46.0,12.0,,,
2024-11-11 06:00:00,paris,temperature_2m,LOF,5.5,,False,0.0,0,1,FP,57253765.993189,0.627324,99.04,3180765.721844,0.04345707630414606,0.15896,46.0,12.0,,,
2024-11-20 08:00:00,paris,temperature_2m,LOF,2.6,,False,0.0,0,1,FP,79519119.046095,0.871283,99.62,3180765.721844,0.04345707630414606,0.15896,46.0,12.0,,,
2024-11-20 21:00:00,paris,temperature_2m,LOF,2.6,,False,0.0,0,1,FP,79519119.046095,0.871283,99.62,3180765.721844,0.04345707630414606,0.15896,46.0,12.0,,,
2024-11-21 02:00:00,paris,temperature_2m,LOF,1.0,,False,0.0,0,1,FP,47711471.827657,0.52277,98.59,3180765.721844,0.04345707630414606,0.15896,46.0,12.0,,,
2024-11-21 09:00:00,paris,temperature_2m,LOF,0.8,,False,0.0,0,1,FP,38169177.662125,0.418216,98.31,3180765.721844,0.04345707630414606,0.15896,46.0,12.0,,,
2024-11-21 10:00:00,paris,temperature_2m,LOF,0.8,,False,0.0,0,1,FP,38169177.662125,0.418216,98.31,3180765.721844,0.04345707630414606,0.15896,46.0,12.0,,,
2024-11-21 11:00:00,paris,temperature_2m,LOF,1.0,,False,0.0,0,1,FP,47711471.827657,0.52277,98.59,3180765.721844,0.04345707630414606,0.15896,46.0,12.0,,,
2024-11-21 12:00:00,paris,temperature_2m,LOF,1.1,,False,0.0,0,1,FP,60434530.715032,0.662175,99.32,3180765.721844,0.04345707630414606,0.15896,46.0,12.0,,,
2024-11-21 14:00:00,paris,temperature_2m,LOF,1.0,,False,0.0,0,1,FP,47711471.827657,0.52277,98.59,3180765.721844,0.04345707630414606,0.15896,46.0,12.0,,,
2024-11-21 17:00:00,paris,temperature_2m,LOF,0.8,,False,0.0,0,1,FP,38169177.662125,0.418216,98.31,3180765.721844,0.04345707630414606,0.15896,46.0,12.0,,,
2024-11-21 18:00:00,paris,temperature_2m,LOF,0.8,,False,0.0,0,1,FP,38169177.662125,0.418216,98.31,3180765.721844,0.04345707630414606,0.15896,46.0,12.0,,,
2024-11-21 22:00:00,paris,temperature_2m,LOF,-0.1,,False,0.0,0,1,FP,15903824.609219,0.174257,96.87,3180765.721844,0.04345707630414606,0.15896,46.0,12.0,,,
2024-11-23 04:00:00,paris,temperature_2m,LOF,1.1,,False,0.0,0,1,FP,60434530.715032,0.662175,99.32,3180765.721844,0.04345707630414606,0.15896,46.0,12.0,,,
2024-11-23 05:00:00,paris,temperature_2m,LOF,1.0,,False,0.0,0,1,FP,47711471.827657,0.52277,98.59,3180765.721844,0.04345707630414606,0.15896,46.0,12.0,,,
2024-11-23 06:00:00,paris,temperature_2m,LOF,1.1,,False,0.0,0,1,FP,60434530.715032,0.662175,99.32,3180765.721844,0.04345707630414606,0.15896,46.0,12.0,,,
2024-11-23 08:00:00,paris,temperature_2m,LOF,1.0,,False,0.0,0,1,FP,47711471.827657,0.52277,98.59,3180765.721844,0.04345707630414606,0.15896,46.0,12.0,,,
2024-11-23 11:00:00,paris,temperature_2m,LOF,2.9,,False,0.0,0,1,FP,59976647.251067,0.657158,99.18,3180765.721844,0.04345707630414606,0.15896,46.0,12.0,,,
2024-11-28 06:00:00,paris,temperature_2m,LOF,5.5,,False,0.0,0,1,FP,57253765.993189,0.627324,99.04,3180765.721844,0.04345707630414606,0.15896,46.0,12.0,,,
2024-11-29 04:00:00,paris,temperature_2m,LOF,2.1,,False,0.0,0,1,FP,88119590.834323,0.965517,99.96,3180765.721844,0.04345707630414606,0.15896,46.0,12.0,,,
2024-11-29 06:00:00,paris,temperature_2m,LOF,1.1,,False,0.0,0,1,FP,60434530.715032,0.662175,99.32,3180765.721844,0.04345707630414606,0.15896,46.0,12.0,,,
2024-11-29 07:00:00,paris,temperature_2m,LOF,1.1,,False,0.0,0,1,FP,60434530.715032,0.662175,99.32,3180765.721844,0.04345707630414606,0.15896,46.0,12.0,,,
2024-11-30 02:00:00,paris,temperature_2m,LOF,2.1,,False,0.0,0,1,FP,88119590.834323,0.965517,99.96,3180765.721844,0.04345707630414606,0.15896,46.0,12.0,,,
2024-11-30 04:00:00,paris,temperature_2m,LOF,1.1,,False,0.0,0,1,FP,60434530.715032,0.662175,99.32,3180765.721844,0.04345707630414606,0.15896,46.0,12.0,,,
2024-11-30 12:00:00,paris,temperature_2m,LOF,2.6,,False,0.0,0,1,FP,79519119.046095,0.871283,99.62,3180765.721844,0.04345707630414606,0.15896,46.0,12.0,,,
2024-11-30 15:00:00,paris,temperature_2m,LOF,6.0,,False,0.0,0,1,FP,25268481.32248,0.276864,97.43,3180765.721844,0.04345707630414606,0.15896,46.0,12.0,,,
2024-11-30 22:00:00,paris,temperature_2m,LOF,3.6,,False,0.0,0,1,FP,38169177.662125,0.418216,98.31,3180765.721844,0.04345707630414606,0.15896,46.0,12.0,,,
2024-12-01 01:00:00,paris,temperature_2m,LOF,2.6,,False,0.0,0,1,FP,79519119.046095,0.871283,99.62,3180765.721844,0.04345707630414606,0.15896,46.0,12.0,,,
2024-12-01 04:00:00,paris,temperature_2m,LOF,1.1,,False,0.0,0,1,FP,60434530.715032,0.662175,99.32,3180765.721844,0.04345707630414606,0.15896,46.0,12.0,,,
2024-12-01 05:00:00,paris,temperature_2m,LOF,1.1,,False,0.0,0,1,FP,60434530.715032,0.662175,99.32,3180765.721844,0.04345707630414606,0.15896,46.0,12.0,,,
2024-12-01 09:00:00,paris,temperature_2m,LOF,2.6,,False,0.0,0,1,FP,79519119.046095,0.871283,99.62,3180765.721844,0.04345707630414606,0.15896,46.0,12.0,,,
2024-12-03 05:00:00,paris,temperature_2m,LOF,5.5,,False,0.0,0,1,FP,57253765.993189,0.627324,99.04,3180765.721844,0.04345707630414606,0.15896,46.0,12.0,,,
2024-12-03 20:00:00,paris,temperature_2m,LOF,5.5,,False,0.0,0,1,FP,57253765.993189,0.627324,99.04,3180765.721844,0.04345707630414606,0.15896,46.0,12.0,,,
2024-12-03 23:00:00,paris,temperature_2m,LOF,3.6,,False,0.0,0,1,FP,38169177.662125,0.418216,98.31,3180765.721844,0.04345707630414606,0.15896,46.0,12.0,,,
2024-12-04 00:00:00,paris,temperature_2m,LOF,2.9,,False,0.0,0,1,FP,59976647.251067,0.657158,99.18,3180765.721844,0.04345707630414606,0.15896,46.0,12.0,,,
2024-12-04 10:00:00,paris,temperature_2m,LOF,3.4,,False,0.0,0,1,FP,57253765.993188,0.627324,98.91,3180765.721844,0.04345707630414606,0.15896,46.0,12.0,,,
2024-12-09 05:00:00,paris,temperature_2m,LOF,5.0,,False,0.0,0,1,FP,22257253.080277,0.24387,97.06,3180765.721844,0.04345707630414606,0.15896,46.0,12.0,,,
2024-12-09 06:00:00,paris,temperature_2m,LOF,5.0,,False,0.0,0,1,FP,22257253.080277,0.24387,97.06,3180765.721844,0.04345707630414606,0.15896,46.0,12.0,,,
2024-12-09 09:00:00,paris,temperature_2m,LOF,6.0,,False,0.0,0,1,FP,25268481.32248,0.276864,97.43,3180765.721844,0.04345707630414606,0.15896,46.0,12.0,,,
2024-12-09 23:00:00,paris,temperature_2m,LOF,5.0,,False,0.0,0,1,FP,22257253.080277,0.24387,97.06,3180765.721844,0.04345707630414606,0.15896,46.0,12.0,,,
2024-12-10 17:00:00,paris,temperature_2m,LOF,6.0,,False,0.0,0,1,FP,25268481.32248,0.276864,97.43,3180765.721844,0.04345707630414606,0.15896,46.0,12.0,,,
2024-12-11 00:00:00,paris,temperature_2m,LOF,5.5,,False,0.0,0,1,FP,57253765.993189,0.627324,99.04,3180765.721844,0.04345707630414606,0.15896,46.0,12.0,,,
2024-12-11 01:00:00,paris,temperature_2m,LOF,5.5,,False,0.0,0,1,FP,57253765.993189,0.627324,99.04,3180765.721844,0.04345707630414606,0.15896,46.0,12.0,,,
2024-12-11 05:00:00,paris,temperature_2m,LOF,5.0,,False,0.0,0,1,FP,22257253.080277,0.24387,97.06,3180765.721844,0.04345707630414606,0.15896,46.0,12.0,,,
2024-12-11 07:00:00,paris,temperature_2m,LOF,5.0,,False,0.0,0,1,FP,22257253.080277,0.24387,97.06,3180765.721844,0.04345707630414606,0.15896,46.0,12.0,,,
2024-12-11 18:00:00,paris,temperature_2m,LOF,5.0,,False,0.0,0,1,FP,22257253.080277,0.24387,97.06,3180765.721844,0.04345707630414606,0.15896,46.0,12.0,,,
2024-12-12 22:00:00,paris,temperature_2m,LOF,3.6,,False,0.0,0,1,FP,38169177.662125,0.418216,98.31,3180765.721844,0.04345707630414606,0.15896,46.0,12.0,,,
2024-12-13 23:00:00,paris,temperature_2m,LOF,-0.1,,False,0.0,0,1,FP,15903824.609219,0.174257,96.87,3180765.721844,0.04345707630414606,0.15896,46.0,12.0,,,
2024-12-14 15:00:00,paris,temperature_2m,LOF,3.6,,False,0.0,0,1,FP,38169177.662125,0.418216,98.31,3180765.721844,0.04345707630414606,0.15896,46.0,12.0,,,
2024-12-15 09:00:00,paris,temperature_2m,LOF,2.9,,False,0.0,0,1,FP,59976647.251067,0.657158,99.18,3180765.721844,0.04345707630414606,0.15896,46.0,12.0,,,
2024-12-17 18:00:00,paris,temperature_2m,LOF,6.0,,False,0.0,0,1,FP,25268481.32248,0.276864,97.43,3180765.721844,0.04345707630414606,0.15896,46.0,12.0,,,
2024-12-19 23:00:00,paris,temperature_2m,LOF,3.4,,False,0.0,0,1,FP,57253765.993188,0.627324,98.91,3180765.721844,0.04345707630414606,0.15896,46.0,12.0,,,
2024-12-20 05:00:00,paris,temperature_2m,LOF,2.9,,False,0.0,0,1,FP,59976647.251067,0.657158,99.18,3180765.721844,0.04345707630414606,0.15896,46.0,12.0,,,
2024-12-20 06:00:00,paris,temperature_2m,LOF,2.9,,False,0.0,0,1,FP,59976647.251067,0.657158,99.18,3180765.721844,0.04345707630414606,0.15896,46.0,12.0,,,
2024-12-20 08:00:00,paris,temperature_2m,LOF,3.1,,False,0.0,0,1,FP,85880648.489782,0.940985,99.87,3180765.721844,0.04345707630414606,0.15896,46.0,12.0,,,
2024-12-20 12:00:00,paris,temperature_2m,LOF,5.0,,False,0.0,0,1,FP,22257253.080277,0.24387,97.06,3180765.721844,0.04345707630414606,0.15896,46.0,12.0,,,
2024-12-22 10:00:00,paris,temperature_2m,LOF,6.0,,False,0.0,0,1,FP,25268481.32248,0.276864,97.43,3180765.721844,0.04345707630414606,0.15896,46.0,12.0,,,
2024-12-23 00:00:00,paris,temperature_2m,LOF,5.5,,False,0.0,0,1,FP,57253765.993189,0.627324,99.04,3180765.721844,0.04345707630414606,0.15896,46.0,12.0,,,
2024-12-23 22:00:00,paris,temperature_2m,LOF,5.5,,False,0.0,0,1,FP,57253765.993189,0.627324,99.04,3180765.721844,0.04345707630414606,0.15896,46.0,12.0,,,
2024-12-26 21:00:00,paris,temperature_2m,LOF,5.0,,False,0.0,0,1,FP,22257253.080277,0.24387,97.06,3180765.721844,0.04345707630414606,0.15896,46.0,12.0,,,
2024-12-27 03:00:00,paris,temperature_2m,LOF,2.6,,False,0.0,0,1,FP,79519119.046095,0.871283,99.62,3180765.721844,0.04345707630414606,0.15896,46.0,12.0,,,
2024-12-27 05:00:00,paris,temperature_2m,LOF,0.8,,False,0.0,0,1,FP,38169177.662125,0.418216,98.31,3180765.721844,0.04345707630414606,0.15896,46.0,12.0,,,
2024-12-27 15:00:00,paris,temperature_2m,LOF,5.0,,False,0.0,0,1,FP,22257253.080277,0.24387,97.06,3180765.721844,0.04345707630414606,0.15896,46.0,12.0,,,
2024-12-27 18:00:00,paris,temperature_2m,LOF,3.6,,False,0.0,0,1,FP,38169177.662125,0.418216,98.31,3180765.721844,0.04345707630414606,0.15896,46.0,12.0,,,
2024-12-27 19:00:00,paris,temperature_2m,LOF,3.1,,False,0.0,0,1,FP,85880648.489782,0.940985,99.87,3180765.721844,0.04345707630414606,0.15896,46.0,12.0,,,
2024-12-28 10:00:00,paris,temperature_2m,LOF,-0.1,,False,0.0,0,1,FP,15903824.609219,0.174257,96.87,3180765.721844,0.04345707630414606,0.15896,46.0,12.0,,,
2024-12-28 15:00:00,paris,temperature_2m,LOF,0.8,,False,0.0,0,1,FP,38169177.662125,0.418216,98.31,3180765.721844,0.04345707630414606,0.15896,46.0,12.0,,,
2024-12-28 18:00:00,paris,temperature_2m,LOF,1.0,,False,0.0,0,1,FP,47711471.827657,0.52277,98.59,3180765.721844,0.04345707630414606,0.15896,46.0,12.0,,,
2024-12-28 21:00:00,paris,temperature_2m,LOF,1.0,,False,0.0,0,1,FP,47711471.827657,0.52277,98.59,3180765.721844,0.04345707630414606,0.15896,46.0,12.0,,,
2024-12-29 12:00:00,paris,temperature_2m,LOF,2.6,,False,0.0,0,1,FP,79519119.046095,0.871283,99.62,3180765.721844,0.04345707630414606,0.15896,46.0,12.0,,,
2024-12-29 13:00:00,paris,temperature_2m,LOF,3.1,,False,0.0,0,1,FP,85880648.489782,0.940985,99.87,3180765.721844,0.04345707630414606,0.15896,46.0,12.0,,,
2024-12-29 15:00:00,paris,temperature_2m,LOF,4.5,,False,0.0,0,1,FP,79519119.046095,0.871283,99.62,3180765.721844,0.04345707630414606,0.15896,46.0,12.0,,,
2024-12-30 00:00:00,paris,temperature_2m,LOF,3.4,,False,0.0,0,1,FP,57253765.993188,0.627324,98.91,3180765.721844,0.04345707630414606,0.15896,46.0,12.0,,,
2024-12-30 09:00:00,paris,temperature_2m,LOF,3.6,,False,0.0,0,1,FP,38169177.662125,0.418216,98.31,3180765.721844,0.04345707630414606,0.15896,46.0,12.0,,,
2024-12-30 11:00:00,paris,temperature_2m,LOF,3.4,,False,0.0,0,1,FP,57253765.993188,0.627324,98.91,3180765.721844,0.04345707630414606,0.15896,46.0,12.0,,,
2024-12-30 14:00:00,paris,temperature_2m,LOF,3.6,,False,0.0,0,1,FP,38169177.662125,0.418216,98.31,3180765.721844,0.04345707630414606,0.15896,46.0,12.0,,,
2024-12-30 17:00:00,paris,temperature_2m,LOF,3.4,,False,0.0,0,1,FP,57253765.993188,0.627324,98.91,3180765.721844,0.04345707630414606,0.15896,46.0,12.0,,,
2024-12-31 01:00:00,paris,temperature_2m,LOF,2.6,,False,0.0,0,1,FP,79519119.046095,0.871283,99.62,3180765.721844,0.04345707630414606,0.15896,46.0,12.0,,,
2024-12-31 07:00:00,paris,temperature_2m,LOF,2.1,,False,0.0,0,1,FP,88119590.834323,0.965517,99.96,3180765.721844,0.04345707630414606,0.15896,46.0,12.0,,,
2025-01-01 08:00:00,paris,temperature_2m,LOF,5.0,,False,0.0,0,1,FP,22257253.080277,0.24387,97.06,3180765.721844,0.04345707630414606,0.15896,46.0,12.0,,,
2025-01-03 15:00:00,paris,temperature_2m,LOF,3.9,,False,0.0,0,1,FP,82699883.767939,0.906134,99.78,3180765.721844,0.04345707630414606,0.15896,46.0,12.0,,,
2025-01-03 17:00:00,paris,temperature_2m,LOF,3.6,,False,0.0,0,1,FP,38169177.662125,0.418216,98.31,3180765.721844,0.04345707630414606,0.15896,46.0,12.0,,,
2025-01-03 19:00:00,paris,temperature_2m,LOF,0.8,,False,0.0,0,1,FP,38169177.662125,0.418216,98.31,3180765.721844,0.04345707630414606,0.15896,46.0,12.0,,,
2025-01-04 13:00:00,paris,temperature_2m,LOF,0.8,,False,0.0,0,1,FP,38169177.662125,0.418216,98.31,3180765.721844,0.04345707630414606,0.15896,46.0,12.0,,,
2025-01-05 00:00:00,paris,temperature_2m,LOF,0.8,,False,0.0,0,1,FP,38169177.662125,0.418216,98.31,3180765.721844,0.04345707630414606,0.15896,46.0,12.0,,,
2025-01-07 09:00:00,paris,temperature_2m,LOF,3.6,,False,0.0,0,1,FP,38169177.662125,0.418216,98.31,3180765.721844,0.04345707630414606,0.15896,46.0,12.0,,,
2025-01-07 12:00:00,paris,temperature_2m,LOF,3.6,,False,0.0,0,1,FP,38169177.662125,0.418216,98.31,3180765.721844,0.04345707630414606,0.15896,46.0,12.0,,,
2025-01-07 13:00:00,paris,temperature_2m,LOF,5.0,,False,0.0,0,1,FP,22257253.080277,0.24387,97.06,3180765.721844,0.04345707630414606,0.15896,46.0,12.0,,,
2025-01-07 20:00:00,paris,temperature_2m,LOF,5.0,,False,0.0,0,1,FP,22257253.080277,0.24387,97.06,3180765.721844,0.04345707630414606,0.15896,46.0,12.0,,,
2025-01-09 11:00:00,paris,temperature_2m,LOF,2.9,,False,0.0,0,1,FP,59976647.251067,0.657158,99.18,3180765.721844,0.04345707630414606,0.15896,46.0,12.0,,,
2025-01-10 00:00:00,paris,temperature_2m,LOF,2.6,,False,0.0,0,1,FP,79519119.046095,0.871283,99.62,3180765.721844,0.04345707630414606,0.15896,46.0,12.0,,,
2025-01-10 01:00:00,paris,temperature_2m,LOF,2.6,,False,0.0,0,1,FP,79519119.046095,0.871283,99.62,3180765.721844,0.04345707630414606,0.15896,46.0,12.0,,,
2025-01-11 05:00:00,paris,temperature_2m,LOF,1.1,,False,0.0,0,1,FP,60434530.715032,0.662175,99.32,3180765.721844,0.04345707630414606,0.15896,46.0,12.0,,,
2025-01-11 22:00:00,paris,temperature_2m,LOF,2.1,,False,0.0,0,1,FP,88119590.834323,0.965517,99.96,3180765.721844,0.04345707630414606,0.15896,46.0,12.0,,,
2025-01-12 18:00:00,paris,temperature_2m,LOF,3.4,,False,0.0,0,1,FP,57253765.993188,0.627324,98.91,3180765.721844,0.04345707630414606,0.15896,46.0,12.0,,,
2025-01-12 20:00:00,paris,temperature_2m,LOF,2.1,,False,0.0,0,1,FP,88119590.834323,0.965517,99.96,3180765.721844,0.04345707630414606,0.15896,46.0,12.0,,,
2025-01-13 05:00:00,paris,temperature_2m,LOF,1.1,,False,0.0,0,1,FP,60434530.715032,0.662175,99.32,3180765.721844,0.04345707630414606,0.15896,46.0,12.0,,,
2025-01-14 14:00:00,paris,temperature_2m,LOF,1.0,,False,0.0,0,1,FP,47711471.827657,0.52277,98.59,3180765.721844,0.04345707630414606,0.15896,46.0,12.0,,,
2025-01-15 06:00:00,paris,temperature_2m,LOF,0.8,,False,0.0,0,1,FP,38169177.662125,0.418216,98.31,3180765.721844,0.04345707630414606,0.15896,46.0,12.0,,,
2025-01-15 07:00:00,paris,temperature_2m,LOF,1.1,,False,0.0,0,1,FP,60434530.715032,0.662175,99.32,3180765.721844,0.04345707630414606,0.15896,46.0,12.0,,,
2025-01-15 21:00:00,paris,temperature_2m,LOF,3.4,,False,0.0,0,1,FP,57253765.993188,0.627324,98.91,3180765.721844,0.04345707630414606,0.15896,46.0,12.0,,,
2025-01-16 21:00:00,paris,temperature_2m,LOF,2.1,,False,0.0,0,1,FP,88119590.834323,0.965517,99.96,3180765.721844,0.04345707630414606,0.15896,46.0,12.0,,,
2025-01-17 00:00:00,paris,temperature_2m,LOF,-0.1,,False,0.0,0,1,FP,15903824.609219,0.174257,96.87,3180765.721844,0.04345707630414606,0.15896,46.0,12.0,,,
2025-01-17 06:00:00,paris,temperature_2m,LOF,1.0,,False,0.0,0,1,FP,47711471.827657,0.52277,98.59,3180765.721844,0.04345707630414606,0.15896,46.0,12.0,,,
2025-01-17 21:00:00,paris,temperature_2m,LOF,1.1,,False,0.0,0,1,FP,60434530.715032,0.662175,99.32,3180765.721844,0.04345707630414606,0.15896,46.0,12.0,,,
2025-01-18 11:00:00,paris,temperature_2m,LOF,0.8,,False,0.0,0,1,FP,38169177.662125,0.418216,98.31,3180765.721844,0.04345707630414606,0.15896,46.0,12.0,,,
2025-01-18 12:00:00,paris,temperature_2m,LOF,1.0,,False,0.0,0,1,FP,47711471.827657,0.52277,98.59,3180765.721844,0.04345707630414606,0.15896,46.0,12.0,,,
2025-01-19 13:00:00,paris,temperature_2m,LOF,-0.1,,False,0.0,0,1,FP,15903824.609219,0.174257,96.87,3180765.721844,0.04345707630414606,0.15896,46.0,12.0,,,
2025-01-20 03:00:00,paris,temperature_2m,LOF,-0.1,,False,0.0,0,1,FP,15903824.609219,0.174257,96.87,3180765.721844,0.04345707630414606,0.15896,46.0,12.0,,,
2025-01-20 04:00:00,paris,temperature_2m,LOF,-0.1,,False,0.0,0,1,FP,15903824.609219,0.174257,96.87,3180765.721844,0.04345707630414606,0.15896,46.0,12.0,,,
2025-01-21 13:00:00,paris,temperature_2m,LOF,2.9,,False,0.0,0,1,FP,59976647.251067,0.657158,99.18,3180765.721844,0.04345707630414606,0.15896,46.0,12.0,,,
2025-01-21 19:00:00,paris,temperature_2m,LOF,0.8,,False,0.0,0,1,FP,38169177.662125,0.418216,98.31,3180765.721844,0.04345707630414606,0.15896,46.0,12.0,,,
2025-01-22 06:00:00,paris,temperature_2m,LOF,2.1,,False,0.0,0,1,FP,88119590.834323,0.965517,99.96,3180765.721844,0.04345707630414606,0.15896,46.0,12.0,,,
2025-01-23 07:00:00,paris,temperature_2m,LOF,4.5,,False,0.0,0,1,FP,79519119.046095,0.871283,99.62,3180765.721844,0.04345707630414606,0.15896,46.0,12.0,,,
2025-01-23 10:00:00,paris,temperature_2m,LOF,5.0,,False,0.0,0,1,FP,22257253.080277,0.24387,97.06,3180765.721844,0.04345707630414606,0.15896,46.0,12.0,,,
2025-01-23 11:00:00,paris,temperature_2m,LOF,5.0,,False,0.0,0,1,FP,22257253.080277,0.24387,97.06,3180765.721844,0.04345707630414606,0.15896,46.0,12.0,,,
2025-01-26 05:00:00,paris,temperature_2m,LOF,2.6,,False,0.0,0,1,FP,79519119.046095,0.871283,99.62,3180765.721844,0.04345707630414606,0.15896,46.0,12.0,,,
2025-01-26 08:00:00,paris,temperature_2m,LOF,1.0,,False,0.0,0,1,FP,47711471.827657,0.52277,98.59,3180765.721844,0.04345707630414606,0.15896,46.0,12.0,,,
2025-01-26 10:00:00,paris,temperature_2m,LOF,1.1,,False,0.0,0,1,FP,60434530.715032,0.662175,99.32,3180765.721844,0.04345707630414606,0.15896,46.0,12.0,,,
2025-01-26 15:00:00,paris,temperature_2m,LOF,6.0,,False,0.0,0,1,FP,25268481.32248,0.276864,97.43,3180765.721844,0.04345707630414606,0.15896,46.0,12.0,,,
2025-01-30 06:00:00,paris,temperature_2m,LOF,6.0,,False,0.0,0,1,FP,25268481.32248,0.276864,97.43,3180765.721844,0.04345707630414606,0.15896,46.0,12.0,,,
2025-01-30 09:00:00,paris,temperature_2m,LOF,5.5,,False,0.0,0,1,FP,57253765.993189,0.627324,99.04,3180765.721844,0.04345707630414606,0.15896,46.0,12.0,,,
2025-01-31 00:00:00,paris,temperature_2m,LOF,2.1,,False,0.0,0,1,FP,88119590.834323,0.965517,99.96,3180765.721844,0.04345707630414606,0.15896,46.0,12.0,,,
2025-01-31 02:00:00,paris,temperature_2m,LOF,1.0,,False,0.0,0,1,FP,47711471.827657,0.52277,98.59,3180765.721844,0.04345707630414606,0.15896,46.0,12.0,,,
2025-01-31 05:00:00,paris,temperature_2m,LOF,0.8,,False,0.0,0,1,FP,38169177.662125,0.418216,98.31,3180765.721844,0.04345707630414606,0.15896,46.0,12.0,,,
2025-01-31 07:00:00,paris,temperature_2m,LOF,1.0,,False,0.0,0,1,FP,47711471.827657,0.52277,98.59,3180765.721844,0.04345707630414606,0.15896,46.0,12.0,,,
2025-01-31 13:00:00,paris,temperature_2m,LOF,3.9,,False,0.0,0,1,FP,82699883.767939,0.906134,99.78,3180765.721844,0.04345707630414606,0.15896,46.0,12.0,,,
2025-01-31 21:00:00,paris,temperature_2m,LOF,2.1,,False,0.0,0,1,FP,88119590.834323,0.965517,99.96,3180765.721844,0.04345707630414606,0.15896,46.0,12.0,,,
2025-02-01 00:00:00,paris,temperature_2m,LOF,2.9,,False,0.0,0,1,FP,59976647.251067,0.657158,99.18,3180765.721844,0.04345707630414606,0.15896,46.0,12.0,,,
2025-02-01 01:00:00,paris,temperature_2m,LOF,2.9,,False,0.0,0,1,FP,59976647.251067,0.657158,99.18,3180765.721844,0.04345707630414606,0.15896,46.0,12.0,,,
2025-02-01 02:00:00,paris,temperature_2m,LOF,2.9,,False,0.0,0,1,FP,59976647.251067,0.657158,99.18,3180765.721844,0.04345707630414606,0.15896,46.0,12.0,,,
2025-02-01 12:00:00,paris,temperature_2m,LOF,2.1,,False,0.0,0,1,FP,88119590.834323,0.965517,99.96,3180765.721844,0.04345707630414606,0.15896,46.0,12.0,,,
2025-02-01 13:00:00,paris,temperature_2m,LOF,3.6,,False,0.0,0,1,FP,38169177.662125,0.418216,98.31,3180765.721844,0.04345707630414606,0.15896,46.0,12.0,,,
2025-02-01 20:00:00,paris,temperature_2m,LOF,3.1,,False,0.0,0,1,FP,85880648.489782,0.940985,99.87,3180765.721844,0.04345707630414606,0.15896,46.0,12.0,,,
2025-02-02 16:00:00,paris,temperature_2m,LOF,6.0,,False,0.0,0,1,FP,25268481.32248,0.276864,97.43,3180765.721844,0.04345707630414606,0.15896,46.0,12.0,,,
2025-02-03 21:00:00,paris,temperature_2m,LOF,3.6,,False,0.0,0,1,FP,38169177.662125,0.418216,98.31,3180765.721844,0.04345707630414606,0.15896,46.0,12.0,,,
2025-02-04 00:00:00,paris,temperature_2m,LOF,0.8,,False,0.0,0,1,FP,38169177.662125,0.418216,98.31,3180765.721844,0.04345707630414606,0.15896,46.0,12.0,,,
2025-02-04 04:00:00,paris,temperature_2m,LOF,0.8,,False,0.0,0,1,FP,38169177.662125,0.418216,98.31,3180765.721844,0.04345707630414606,0.15896,46.0,12.0,,,
2025-02-04 06:00:00,paris,temperature_2m,LOF,1.0,,False,0.0,0,1,FP,47711471.827657,0.52277,98.59,3180765.721844,0.04345707630414606,0.15896,46.0,12.0,,,
2025-02-04 11:00:00,paris,temperature_2m,LOF,1.0,,False,0.0,0,1,FP,47711471.827657,0.52277,98.59,3180765.721844,0.04345707630414606,0.15896,46.0,12.0,,,
2025-02-04 20:00:00,paris,temperature_2m,LOF,1.0,,False,0.0,0,1,FP,47711471.827657,0.52277,98.59,3180765.721844,0.04345707630414606,0.15896,46.0,12.0,,,
2025-02-05 00:00:00,paris,temperature_2m,LOF,0.8,,False,0.0,0,1,FP,38169177.662125,0.418216,98.31,3180765.721844,0.04345707630414606,0.15896,46.0,12.0,,,
2025-02-05 08:00:00,paris,temperature_2m,LOF,3.9,,False,0.0,0,1,FP,82699883.767939,0.906134,99.78,3180765.721844,0.04345707630414606,0.15896,46.0,12.0,,,
2025-02-05 10:00:00,paris,temperature_2m,LOF,3.6,,False,0.0,0,1,FP,38169177.662125,0.418216,98.31,3180765.721844,0.04345707630414606,0.15896,46.0,12.0,,,
2025-02-06 06:00:00,paris,temperature_2m,LOF,3.6,,False,0.0,0,1,FP,38169177.662125,0.418216,98.31,3180765.721844,0.04345707630414606,0.15896,46.0,12.0,,,
2025-02-06 10:00:00,paris,temperature_2m,LOF,2.6,,False,0.0,0,1,FP,79519119.046095,0.871283,99.62,3180765.721844,0.04345707630414606,0.15896,46.0,12.0,,,
2025-02-07 00:00:00,paris,temperature_2m,LOF,3.1,,False,0.0,0,1,FP,85880648.489782,0.940985,99.87,3180765.721844,0.04345707630414606,0.15896,46.0,12.0,,,
2025-02-07 02:00:00,paris,temperature_2m,LOF,3.1,,False,0.0,0,1,FP,85880648.489782,0.940985,99.87,3180765.721844,0.04345707630414606,0.15896,46.0,12.0,,,
2025-02-07 03:00:00,paris,temperature_2m,LOF,3.6,,False,0.0,0,1,FP,38169177.662125,0.418216,98.31,3180765.721844,0.04345707630414606,0.15896,46.0,12.0,,,
2025-02-07 04:00:00,paris,temperature_2m,LOF,3.4,,False,0.0,0,1,FP,57253765.993188,0.627324,98.91,3180765.721844,0.04345707630414606,0.15896,46.0,12.0,,,
2025-02-07 06:00:00,paris,temperature_2m,LOF,2.9,,False,0.0,0,1,FP,59976647.251067,0.657158,99.18,3180765.721844,0.04345707630414606,0.15896,46.0,12.0,,,
2025-02-08 04:00:00,paris,temperature_2m,LOF,6.0,,False,0.0,0,1,FP,25268481.32248,0.276864,97.43,3180765.721844,0.04345707630414606,0.15896,46.0,12.0,,,
2025-02-08 15:00:00,paris,temperature_2m,LOF,6.0,,False,0.0,0,1,FP,25268481.32248,0.276864,97.43,3180765.721844,0.04345707630414606,0.15896,46.0,12.0,,,
2025-02-08 19:00:00,paris,temperature_2m,LOF,6.0,,False,0.0,0,1,FP,25268481.32248,0.276864,97.43,3180765.721844,0.04345707630414606,0.15896,46.0,12.0,,,
2025-02-08 22:00:00,paris,temperature_2m,LOF,5.0,,False,0.0,0,1,FP,22257253.080277,0.24387,97.06,3180765.721844,0.04345707630414606,0.15896,46.0,12.0,,,
2025-02-09 03:00:00,paris,temperature_2m,LOF,4.5,,False,0.0,0,1,FP,79519119.046095,0.871283,99.62,3180765.721844,0.04345707630414606,0.15896,46.0,12.0,,,
2025-02-09 14:00:00,paris,temperature_2m,LOF,6.0,,False,0.0,0,1,FP,25268481.32248,0.276864,97.43,3180765.721844,0.04345707630414606,0.15896,46.0,12.0,,,
2025-02-10 09:00:00,paris,temperature_2m,LOF,3.4,,False,0.0,0,1,FP,57253765.993188,0.627324,98.91,3180765.721844,0.04345707630414606,0.15896,46.0,12.0,,,
2025-02-10 13:00:00,paris,temperature_2m,LOF,4.5,,False,0.0,0,1,FP,79519119.046095,0.871283,99.62,3180765.721844,0.04345707630414606,0.15896,46.0,12.0,,,
2025-02-11 01:00:00,paris,temperature_2m,LOF,3.4,,False,0.0,0,1,FP,57253765.993188,0.627324,98.91,3180765.721844,0.04345707630414606,0.15896,46.0,12.0,,,
2025-02-11 07:00:00,paris,temperature_2m,LOF,3.4,,False,0.0,0,1,FP,57253765.993188,0.627324,98.91,3180765.721844,0.04345707630414606,0.15896,46.0,12.0,,,
2025-02-11 08:00:00,paris,temperature_2m,LOF,3.4,,False,0.0,0,1,FP,57253765.993188,0.627324,98.91,3180765.721844,0.04345707630414606,0.15896,46.0,12.0,,,
2025-02-11 15:00:00,paris,temperature_2m,LOF,6.0,,False,0.0,0,1,FP,25268481.32248,0.276864,97.43,3180765.721844,0.04345707630414606,0.15896,46.0,12.0,,,
2025-02-11 19:00:00,paris,temperature_2m,LOF,5.5,,False,0.0,0,1,FP,57253765.993189,0.627324,99.04,3180765.721844,0.04345707630414606,0.15896,46.0,12.0,,,
2025-02-12 03:00:00,paris,temperature_2m,LOF,1.1,,False,0.0,0,1,FP,60434530.715032,0.662175,99.32,3180765.721844,0.04345707630414606,0.15896,46.0,12.0,,,
2025-02-12 04:00:00,paris,temperature_2m,LOF,1.0,,False,0.0,0,1,FP,47711471.827657,0.52277,98.59,3180765.721844,0.04345707630414606,0.15896,46.0,12.0,,,
2025-02-12 07:00:00,paris,temperature_2m,LOF,2.1,,False,0.0,0,1,FP,88119590.834323,0.965517,99.96,3180765.721844,0.04345707630414606,0.15896,46.0,12.0,,,
2025-02-12 20:00:00,paris,temperature_2m,LOF,5.0,,False,0.0,0,1,FP,22257253.080277,0.24387,97.06,3180765.721844,0.04345707630414606,0.15896,46.0,12.0,,,
2025-02-13 11:00:00,paris,temperature_2m,LOF,3.6,,False,0.0,0,1,FP,38169177.662125,0.418216,98.31,3180765.721844,0.04345707630414606,0.15896,46.0,12.0,,,
2025-02-13 19:00:00,paris,temperature_2m,LOF,5.0,,False,0.0,0,1,FP,22257253.080277,0.24387,97.06,3180765.721844,0.04345707630414606,0.15896,46.0,12.0,,,
2025-02-14 04:00:00,paris,temperature_2m,LOF,0.8,,False,0.0,0,1,FP,38169177.662125,0.418216,98.31,3180765.721844,0.04345707630414606,0.15896,46.0,12.0,,,
2025-02-14 11:00:00,paris,temperature_2m,LOF,-0.1,,False,0.0,0,1,FP,15903824.609219,0.174257,96.87,3180765.721844,0.04345707630414606,0.15896,46.0,12.0,,,
2025-02-14 12:00:00,paris,temperature_2m,LOF,0.8,,False,0.0,0,1,FP,38169177.662125,0.418216,98.31,3180765.721844,0.04345707630414606,0.15896,46.0,12.0,,,
2025-02-14 17:00:00,paris,temperature_2m,LOF,4.5,,False,0.0,0,1,FP,79519119.046095,0.871283,99.62,3180765.721844,0.04345707630414606,0.15896,46.0,12.0,,,
2025-02-14 22:00:00,paris,temperature_2m,LOF,1.0,,False,0.0,0,1,FP,47711471.827657,0.52277,98.59,3180765.721844,0.04345707630414606,0.15896,46.0,12.0,,,
2025-02-15 00:00:00,paris,temperature_2m,LOF,-0.1,,False,0.0,0,1,FP,15903824.609219,0.174257,96.87,3180765.721844,0.04345707630414606,0.15896,46.0,12.0,,,
2025-02-15 14:00:00,paris,temperature_2m,LOF,3.1,,False,0.0,0,1,FP,85880648.489782,0.940985,99.87,3180765.721844,0.04345707630414606,0.15896,46.0,12.0,,,
2025-02-15 19:00:00,paris,temperature_2m,LOF,3.1,,False,0.0,0,1,FP,85880648.489782,0.940985,99.87,3180765.721844,0.04345707630414606,0.15896,46.0,12.0,,,
2025-02-16 11:00:00,paris,temperature_2m,LOF,1.0,,False,0.0,0,1,FP,47711471.827657,0.52277,98.59,3180765.721844,0.04345707630414606,0.15896,46.0,12.0,,,
2025-02-16 13:00:00,paris,temperature_2m,LOF,3.9,,False,0.0,0,1,FP,82699883.767939,0.906134,99.78,3180765.721844,0.04345707630414606,0.15896,46.0,12.0,,,
2025-02-17 04:00:00,paris,temperature_2m,LOF,-0.1,,False,0.0,0,1,FP,15903824.609219,0.174257,96.87,3180765.721844,0.04345707630414606,0.15896,46.0,12.0,,,
2025-02-17 23:00:00,paris,temperature_2m,LOF,1.1,,False,0.0,0,1,FP,60434530.715032,0.662175,99.32,3180765.721844,0.04345707630414606,0.15896,46.0,12.0,,,
2025-02-18 11:00:00,paris,temperature_2m,LOF,1.1,,False,0.0,0,1,FP,60434530.715032,0.662175,99.32,3180765.721844,0.04345707630414606,0.15896,46.0,12.0,,,
2025-02-18 13:00:00,paris,temperature_2m,LOF,4.5,,False,0.0,0,1,FP,79519119.046095,0.871283,99.62,3180765.721844,0.04345707630414606,0.15896,46.0,12.0,,,
2025-02-19 12:00:00,paris,temperature_2m,LOF,4.5,,False,0.0,0,1,FP,79519119.046095,0.871283,99.62,3180765.721844,0.04345707630414606,0.15896,46.0,12.0,,,
2025-02-23 07:00:00,paris,temperature_2m,LOF,3.9,,False,0.0,0,1,FP,82699883.767939,0.906134,99.78,3180765.721844,0.04345707630414606,0.15896,46.0,12.0,,,
2025-02-27 08:00:00,paris,temperature_2m,LOF,3.1,,False,0.0,0,1,FP,85880648.489782,0.940985,99.87,3180765.721844,0.04345707630414606,0.15896,46.0,12.0,,,
2025-03-01 03:00:00,paris,temperature_2m,LOF,2.9,,False,0.0,0,1,FP,59976647.251067,0.657158,99.18,3180765.721844,0.04345707630414606,0.15896,46.0,12.0,,,
2025-03-01 21:00:00,paris,temperature_2m,LOF,3.9,,False,0.0,0,1,FP,82699883.767939,0.906134,99.78,3180765.721844,0.04345707630414606,0.15896,46.0,12.0,,,
2025-03-02 05:00:00,paris,temperature_2m,LOF,1.1,,False,0.0,0,1,FP,60434530.715032,0.662175,99.32,3180765.721844,0.04345707630414606,0.15896,46.0,12.0,,,
2025-03-02 06:00:00,paris,temperature_2m,LOF,0.8,,False,0.0,0,1,FP,38169177.662125,0.418216,98.31,3180765.721844,0.04345707630414606,0.15896,46.0,12.0,,,
2025-03-03 06:00:00,paris,temperature_2m,LOF,-0.1,,False,0.0,0,1,FP,15903824.609219,0.174257,96.87,3180765.721844,0.04345707630414606,0.15896,46.0,12.0,,,
2025-03-03 10:00:00,paris,temperature_2m,LOF,0.8,,False,0.0,0,1,FP,38169177.662125,0.418216,98.31,3180765.721844,0.04345707630414606,0.15896,46.0,12.0,,,
2025-03-05 00:00:00,paris,temperature_2m,LOF,5.0,,False,0.0,0,1,FP,22257253.080277,0.24387,97.06,3180765.721844,0.04345707630414606,0.15896,46.0,12.0,,,
2025-03-12 10:00:00,paris,temperature_2m,LOF,3.1,,False,0.0,0,1,FP,85880648.489782,0.940985,99.87,3180765.721844,0.04345707630414606,0.15896,46.0,12.0,,,
2025-03-13 04:00:00,paris,temperature_2m,LOF,3.6,,False,0.0,0,1,FP,38169177.662125,0.418216,98.31,3180765.721844,0.04345707630414606,0.15896,46.0,12.0,,,
2025-03-13 07:00:00,paris,temperature_2m,LOF,2.6,,False,0.0,0,1,FP,79519119.046095,0.871283,99.62,3180765.721844,0.04345707630414606,0.15896,46.0,12.0,,,
2025-03-13 21:00:00,paris,temperature_2m,LOF,3.9,,False,0.0,0,1,FP,82699883.767939,0.906134,99.78,3180765.721844,0.04345707630414606,0.15896,46.0,12.0,,,
2025-03-14 07:00:00,paris,temperature_2m,LOF,-0.1,,False,0.0,0,1,FP,15903824.609219,0.174257,96.87,3180765.721844,0.04345707630414606,0.15896,46.0,12.0,,,
2025-03-14 13:00:00,paris,temperature_2m,LOF,5.5,,False,0.0,0,1,FP,57253765.993189,0.627324,99.04,3180765.721844,0.04345707630414606,0.15896,46.0,12.0,,,
2025-03-15 09:00:00,paris,temperature_2m,LOF,1.0,,False,0.0,0,1,FP,47711471.827657,0.52277,98.59,3180765.721844,0.04345707630414606,0.15896,46.0,12.0,,,
2025-03-15 11:00:00,paris,temperature_2m,LOF,2.9,,False,0.0,0,1,FP,59976647.251067,0.657158,99.18,3180765.721844,0.04345707630414606,0.15896,46.0,12.0,,,
2025-03-15 12:00:00,paris,temperature_2m,LOF,3.4,,False,0.0,0,1,FP,57253765.993188,0.627324,98.91,3180765.721844,0.04345707630414606,0.15896,46.0,12.0,,,
2025-03-15 22:00:00,paris,temperature_2m,LOF,5.0,,False,0.0,0,1,FP,22257253.080277,0.24387,97.06,3180765.721844,0.04345707630414606,0.15896,46.0,12.0,,,
2025-03-16 03:00:00,paris,temperature_2m,LOF,3.6,,False,0.0,0,1,FP,38169177.662125,0.418216,98.31,3180765.721844,0.04345707630414606,0.15896,46.0,12.0,,,
2025-03-16 12:00:00,paris,temperature_2m,LOF,5.5,,False,0.0,0,1,FP,57253765.993189,0.627324,99.04,3180765.721844,0.04345707630414606,0.15896,46.0,12.0,,,
2025-03-17 08:00:00,paris,temperature_2m,LOF,0.8,,False,0.0,0,1,FP,38169177.662125,0.418216,98.31,3180765.721844,0.04345707630414606,0.15896,46.0,12.0,,,
2025-03-20 08:00:00,paris,temperature_2m,LOF,5.5,,False,0.0,0,1,FP,57253765.993189,0.627324,99.04,3180765.721844,0.04345707630414606,0.15896,46.0,12.0,,,
2025-03-28 06:00:00,paris,temperature_2m,LOF,3.9,,False,0.0,0,1,FP,82699883.767939,0.906134,99.78,3180765.721844,0.04345707630414606,0.15896,46.0,12.0,,,
2025-04-01 07:00:00,paris,temperature_2m,LOF,5.0,,False,0.0,0,1,FP,22257253.080277,0.24387,97.06,3180765.721844,0.04345707630414606,0.15896,46.0,12.0,,,
2025-04-04 20:00:00,paris,temperature_2m,LOF,18.7,,False,0.0,0,1,FP,25446118.77475,0.27881,97.61,3180765.721844,0.04345707630414606,0.15896,46.0,12.0,,,
2025-04-08 09:00:00,paris,temperature_2m,LOF,6.0,,False,0.0,0,1,FP,25268481.32248,0.276864,97.43,3180765.721844,0.04345707630414606,0.15896,46.0,12.0,,,
2025-04-09 15:00:00,paris,temperature_2m,LOF,18.3,,False,0.0,0,1,FP,31807648.218437,0.348513,98.02,3180765.721844,0.04345707630414606,0.15896,46.0,12.0,,,
2025-04-09 20:00:00,paris,temperature_2m,LOF,15.3,,False,0.0,0,1,FP,12671076.535136,0.138836,96.68,3180765.721844,0.04345707630414606,0.15896,46.0,12.0,,,
2025-04-14 18:00:00,paris,temperature_2m,LOF,19.3,,False,0.0,0,1,FP,54073001.271344,0.592472,98.76,3180765.721844,0.04345707630414606,0.15896,46.0,12.0,,,
2025-04-14 19:00:00,paris,temperature_2m,LOF,19.7,,False,0.0,0,1,FP,31755189.697526,0.347938,97.84,3180765.721844,0.04345707630414606,0.15896,46.0,12.0,,,
2025-04-15 14:00:00,paris,temperature_2m,LOF,18.3,,False,0.0,0,1,FP,31807648.218437,0.348513,98.02,3180765.721844,0.04345707630414606,0.15896,46.0,12.0,,,
2025-04-18 12:00:00,paris,temperature_2m,LOF,15.3,,False,0.0,0,1,FP,12671076.535136,0.138836,96.68,3180765.721844,0.04345707630414606,0.15896,46.0,12.0,,,
2025-04-24 19:00:00,paris,temperature_2m,LOF,15.3,,False,0.0,0,1,FP,12671076.535136,0.138836,96.68,3180765.721844,0.04345707630414606,0.15896,46.0,12.0,,,
2025-04-25 16:00:00,paris,temperature_2m,LOF,15.3,,False,0.0,0,1,FP,12671076.535136,0.138836,96.68,3180765.721844,0.04345707630414606,0.15896,46.0,12.0,,,
2025-04-26 16:00:00,paris,temperature_2m,LOF,18.7,,False,0.0,0,1,FP,25446118.77475,0.27881,97.61,3180765.721844,0.04345707630414606,0.15896,46.0,12.0,,,
2025-04-27 19:00:00,paris,temperature_2m,LOF,19.7,,False,0.0,0,1,FP,31755189.697526,0.347938,97.84,3180765.721844,0.04345707630414606,0.15896,46.0,12.0,,,
2025-04-28 12:00:00,paris,temperature_2m,LOF,19.3,,False,0.0,0,1,FP,54073001.271344,0.592472,98.76,3180765.721844,0.04345707630414606,0.15896,46.0,12.0,,,
2025-04-29 21:00:00,paris,temperature_2m,LOF,22.6,,False,0.0,0,1,FP,9542295.165532,0.104554,96.5,3180765.721844,0.04345707630414606,0.15896,46.0,12.0,,,
2025-05-01 23:00:00,paris,temperature_2m,LOF,22.6,,False,0.0,0,1,FP,9542295.165532,0.104554,96.5,3180765.721844,0.04345707630414606,0.15896,46.0,12.0,,,
2025-05-03 19:00:00,paris,temperature_2m,LOF,19.3,,False,0.0,0,1,FP,54073001.271344,0.592472,98.76,3180765.721844,0.04345707630414606,0.15896,46.0,12.0,,,
2025-05-03 20:00:00,paris,temperature_2m,LOF,18.7,,False,0.0,0,1,FP,25446118.77475,0.27881,97.61,3180765.721844,0.04345707630414606,0.15896,46.0,12.0,,,
2025-05-06 18:00:00,paris,temperature_2m,LOF,15.0,,False,0.0,0,1,FP,25185111.972417,0.275951,97.25,3180765.721844,0.04345707630414606,0.15896,46.0,12.0,,,
2025-05-11 11:00:00,paris,temperature_2m,LOF,19.7,,False,0.0,0,1,FP,31755189.697526,0.347938,97.84,3180765.721844,0.04345707630414606,0.15896,46.0,12.0,,,
2025-05-11 12:00:00,paris,temperature_2m,LOF,21.3,,False,0.0,0,1,FP,69976824.880563,0.766729,99.46,3180765.721844,0.04345707630414606,0.15896,46.0,12.0,,,
2025-05-14 14:00:00,paris,temperature_2m,LOF,22.6,,False,0.0,0,1,FP,9542295.165532,0.104554,96.5,3180765.721844,0.04345707630414606,0.15896,46.0,12.0,,,
2025-05-16 19:00:00,paris,temperature_2m,LOF,18.7,,False,0.0,0,1,FP,25446118.77475,0.27881,97.61,3180765.721844,0.04345707630414606,0.15896,46.0,12.0,,,
2025-05-18 11:00:00,paris,temperature_2m,LOF,15.0,,False,0.0,0,1,FP,25185111.972417,0.275951,97.25,3180765.721844,0.04345707630414606,0.15896,46.0,12.0,,,
2025-05-19 13:00:00,paris,temperature_2m,LOF,19.7,,False,0.0,0,1,FP,31755189.697526,0.347938,97.84,3180765.721844,0.04345707630414606,0.15896,46.0,12.0,,,
2025-05-22 17:00:00,paris,temperature_2m,LOF,18.3,,False,0.0,0,1,FP,31807648.218437,0.348513,98.02,3180765.721844,0.04345707630414606,0.15896,46.0,12.0,,,
2025-05-24 14:00:00,paris,temperature_2m,LOF,18.3,,False,0.0,0,1,FP,31807648.218437,0.348513,98.02,3180765.721844,0.04345707630414606,0.15896,46.0,12.0,,,
2025-05-25 02:00:00,paris,temperature_2m,LOF,15.3,,False,0.0,0,1,FP,12671076.535136,0.138836,96.68,3180765.721844,0.04345707630414606,0.15896,46.0,12.0,,,
2025-05-25 05:00:00,paris,temperature_2m,LOF,15.0,,False,0.0,0,1,FP,25185111.972417,0.275951,97.25,3180765.721844,0.04345707630414606,0.15896,46.0,12.0,,,
2025-05-25 17:00:00,paris,temperature_2m,LOF,19.7,,False,0.0,0,1,FP,31755189.697526,0.347938,97.84,3180765.721844,0.04345707630414606,0.15896,46.0,12.0,,,
2025-05-25 22:00:00,paris,temperature_2m,LOF,15.3,,False,0.0,0,1,FP,12671076.535136,0.138836,96.68,3180765.721844,0.04345707630414606,0.15896,46.0,12.0,,,
2025-05-26 16:00:00,paris,temperature_2m,LOF,18.7,,False,0.0,0,1,FP,25446118.77475,0.27881,97.61,3180765.721844,0.04345707630414606,0.15896,46.0,12.0,,,
2025-05-28 03:00:00,paris,temperature_2m,LOF,15.3,,False,0.0,0,1,FP,12671076.535136,0.138836,96.68,3180765.721844,0.04345707630414606,0.15896,46.0,12.0,,,
2025-05-30 04:00:00,paris,temperature_2m,LOF,15.0,,False,0.0,0,1,FP,25185111.972417,0.275951,97.25,3180765.721844,0.04345707630414606,0.15896,46.0,12.0,,,
2025-05-30 09:00:00,paris,temperature_2m,LOF,18.7,,False,0.0,0,1,FP,25446118.77475,0.27881,97.61,3180765.721844,0.04345707630414606,0.15896,46.0,12.0,,,
2025-05-31 03:00:00,paris,temperature_2m,LOF,18.3,,False,0.0,0,1,FP,31807648.218437,0.348513,98.02,3180765.721844,0.04345707630414606,0.15896,46.0,12.0,,,
2025-06-02 19:00:00,paris,temperature_2m,LOF,21.3,,False,0.0,0,1,FP,69976824.880563,0.766729,99.46,3180765.721844,0.04345707630414606,0.15896,46.0,12.0,,,
2025-06-03 11:00:00,paris,temperature_2m,LOF,21.3,,False,0.0,0,1,FP,69976824.880563,0.766729,99.46,3180765.721844,0.04345707630414606,0.15896,46.0,12.0,,,
2025-06-03 13:00:00,paris,temperature_2m,LOF,22.6,,False,0.0,0,1,FP,9542295.165532,0.104554,96.5,3180765.721844,0.04345707630414606,0.15896,46.0,12.0,,,
2025-06-03 20:00:00,paris,temperature_2m,LOF,22.6,,False,0.0,0,1,FP,9542295.165532,0.104554,96.5,3180765.721844,0.04345707630414606,0.15896,46.0,12.0,,,
2025-06-04 00:00:00,paris,temperature_2m,LOF,18.3,,False,0.0,0,1,FP,31807648.218437,0.348513,98.02,3180765.721844,0.04345707630414606,0.15896,46.0,12.0,,,
2025-06-04 03:00:00,paris,temperature_2m,LOF,15.3,,False,0.0,0,1,FP,12671076.535136,0.138836,96.68,3180765.721844,0.04345707630414606,0.15896,46.0,12.0,,,
2025-06-05 11:00:00,paris,temperature_2m,LOF,15.3,,False,0.0,0,1,FP,12671076.535136,0.138836,96.68,3180765.721844,0.04345707630414606,0.15896,46.0,12.0,,,
2025-06-05 14:00:00,paris,temperature_2m,LOF,18.7,,False,0.0,0,1,FP,25446118.77475,0.27881,97.61,3180765.721844,0.04345707630414606,0.15896,46.0,12.0,,,
2025-06-06 12:00:00,paris,temperature_2m,LOF,18.3,,False,0.0,0,1,FP,31807648.218437,0.348513,98.02,3180765.721844,0.04345707630414606,0.15896,46.0,12.0,,,
2025-06-10 11:00:00,paris,temperature_2m,LOF,19.3,,False,0.0,0,1,FP,54073001.271344,0.592472,98.76,3180765.721844,0.04345707630414606,0.15896,46.0,12.0,,,
2025-06-14 02:00:00,paris,temperature_2m,LOF,21.3,,False,0.0,0,1,FP,69976824.880563,0.766729,99.46,3180765.721844,0.04345707630414606,0.15896,46.0,12.0,,,
2025-06-20 07:00:00,paris,temperature_2m,LOF,19.3,,False,0.0,0,1,FP,54073001.271344,0.592472,98.76,3180765.721844,0.04345707630414606,0.15896,46.0,12.0,,,
2025-06-23 13:00:00,paris,temperature_2m,LOF,22.6,,False,0.0,0,1,FP,9542295.165532,0.104554,96.5,3180765.721844,0.04345707630414606,0.15896,46.0,12.0,,,
2025-06-26 07:00:00,paris,temperature_2m,LOF,18.3,,False,0.0,0,1,FP,31807648.218437,0.348513,98.02,3180765.721844,0.04345707630414606,0.15896,46.0,12.0,,,
2025-06-26 12:00:00,paris,temperature_2m,LOF,22.6,,False,0.0,0,1,FP,9542295.165532,0.104554,96.5,3180765.721844,0.04345707630414606,0.15896,46.0,12.0,,,
2025-06-27 00:00:00,paris,temperature_2m,LOF,21.3,,False,0.0,0,1,FP,69976824.880563,0.766729,99.46,3180765.721844,0.04345707630414606,0.15896,46.0,12.0,,,
2025-06-27 08:00:00,paris,temperature_2m,LOF,19.7,,False,0.0,0,1,FP,31755189.697526,0.347938,97.84,3180765.721844,0.04345707630414606,0.15896,46.0,12.0,,,
2025-06-28 00:00:00,paris,temperature_2m,LOF,22.6,,False,0.0,0,1,FP,9542295.165532,0.104554,96.5,3180765.721844,0.04345707630414606,0.15896,46.0,12.0,,,
2025-06-28 04:00:00,paris,temperature_2m,LOF,19.3,,False,0.0,0,1,FP,54073001.271344,0.592472,98.76,3180765.721844,0.04345707630414606,0.15896,46.0,12.0,,,
2025-06-30 04:00:00,paris,temperature_2m,LOF,21.3,,False,0.0,0,1,FP,69976824.880563,0.766729,99.46,3180765.721844,0.04345707630414606,0.15896,46.0,12.0,,,
2025-07-06 10:00:00,paris,temperature_2m,LOF,15.3,,False,0.0,0,1,FP,12671076.535136,0.138836,96.68,3180765.721844,0.04345707630414606,0.15896,46.0,12.0,,,
2025-07-06 15:00:00,paris,temperature_2m,LOF,18.3,,False,0.0,0,1,FP,31807648.218437,0.348513,98.02,3180765.721844,0.04345707630414606,0.15896,46.0,12.0,,,
2025-07-07 23:00:00,paris,temperature_2m,LOF,15.0,,False,0.0,0,1,FP,25185111.972417,0.275951,97.25,3180765.721844,0.04345707630414606,0.15896,46.0,12.0,,,
2025-07-13 03:00:00,paris,temperature_2m,LOF,19.7,,False,0.0,0,1,FP,31755189.697526,0.347938,97.84,3180765.721844,0.04345707630414606,0.15896,46.0,12.0,,,
2025-07-13 04:00:00,paris,temperature_2m,LOF,18.7,,False,0.0,0,1,FP,25446118.77475,0.27881,97.61,3180765.721844,0.04345707630414606,0.15896,46.0,12.0,,,
2025-07-15 01:00:00,paris,temperature_2m,LOF,19.3,,False,0.0,0,1,FP,54073001.271344,0.592472,98.76,3180765.721844,0.04345707630414606,0.15896,46.0,12.0,,,
2025-07-16 10:00:00,paris,temperature_2m,LOF,19.7,,False,0.0,0,1,FP,31755189.697526,0.347938,97.84,3180765.721844,0.04345707630414606,0.15896,46.0,12.0,,,
2025-07-16 15:00:00,paris,temperature_2m,LOF,21.3,,False,0.0,0,1,FP,69976824.880563,0.766729,99.46,3180765.721844,0.04345707630414606,0.15896,46.0,12.0,,,
2025-07-16 22:00:00,paris,temperature_2m,LOF,19.7,,False,0.0,0,1,FP,31755189.697526,0.347938,97.84,3180765.721844,0.04345707630414606,0.15896,46.0,12.0,,,
2025-07-20 04:00:00,paris,temperature_2m,LOF,18.7,,False,0.0,0,1,FP,25446118.77475,0.27881,97.61,3180765.721844,0.04345707630414606,0.15896,46.0,12.0,,,
2025-07-22 10:00:00,paris,temperature_2m,LOF,18.7,,False,0.0,0,1,FP,25446118.77475,0.27881,97.61,3180765.721844,0.04345707630414606,0.15896,46.0,12.0,,,
2025-07-22 15:00:00,paris,temperature_2m,LOF,21.3,,False,0.0,0,1,FP,69976824.880563,0.766729,99.46,3180765.721844,0.04345707630414606,0.15896,46.0,12.0,,,
2025-07-24 02:00:00,paris,temperature_2m,LOF,15.3,,False,0.0,0,1,FP,12671076.535136,0.138836,96.68,3180765.721844,0.04345707630414606,0.15896,46.0,12.0,,,
2025-07-26 10:00:00,paris,temperature_2m,LOF,19.3,,False,0.0,0,1,FP,54073001.271344,0.592472,98.76,3180765.721844,0.04345707630414606,0.15896,46.0,12.0,,,
2025-07-27 11:00:00,paris,temperature_2m,LOF,19.3,,False,0.0,0,1,FP,54073001.271344,0.592472,98.76,3180765.721844,0.04345707630414606,0.15896,46.0,12.0,,,
2025-07-27 12:00:00,paris,temperature_2m,LOF,19.7,,False,0.0,0,1,FP,31755189.697526,0.347938,97.84,3180765.721844,0.04345707630414606,0.15896,46.0,12.0,,,
2025-07-29 22:00:00,paris,temperature_2m,LOF,18.3,,False,0.0,0,1,FP,31807648.218437,0.348513,98.02,3180765.721844,0.04345707630414606,0.15896,46.0,12.0,,,
2025-07-31 19:00:00,paris,temperature_2m,LOF,22.6,,False,0.0,0,1,FP,9542295.165532,0.104554,96.5,3180765.721844,0.04345707630414606,0.15896,46.0,12.0,,,
2025-08-01 20:00:00,paris,temperature_2m,LOF,19.3,,False,0.0,0,1,FP,54073001.271344,0.592472,98.76,3180765.721844,0.04345707630414606,0.15896,46.0,12.0,,,
2025-08-02 01:00:00,paris,temperature_2m,LOF,15.0,,False,0.0,0,1,FP,25185111.972417,0.275951,97.25,3180765.721844,0.04345707630414606,0.15896,46.0,12.0,,,
2025-08-02 14:00:00,paris,temperature_2m,LOF,19.7,,False,0.0,0,1,FP,31755189.697526,0.347938,97.84,3180765.721844,0.04345707630414606,0.15896,46.0,12.0,,,
2025-08-05 04:00:00,paris,temperature_2m,LOF,19.3,,False,0.0,0,1,FP,54073001.271344,0.592472,98.76,3180765.721844,0.04345707630414606,0.15896,46.0,12.0,,,
2025-08-05 10:00:00,paris,temperature_2m,LOF,18.7,,False,0.0,0,1,FP,25446118.77475,0.27881,97.61,3180765.721844,0.04345707630414606,0.15896,46.0,12.0,,,
2025-08-06 00:00:00,paris,temperature_2m,LOF,15.3,,False,0.0,0,1,FP,12671076.535136,0.138836,96.68,3180765.721844,0.04345707630414606,0.15896,46.0,12.0,,,
2025-08-06 19:00:00,paris,temperature_2m,LOF,22.6,,False,0.0,0,1,FP,9542295.165532,0.104554,96.5,3180765.721844,0.04345707630414606,0.15896,46.0,12.0,,,
2025-08-06 22:00:00,paris,temperature_2m,LOF,19.3,,False,0.0,0,1,FP,54073001.271344,0.592472,98.76,3180765.721844,0.04345707630414606,0.15896,46.0,12.0,,,
2025-08-07 00:00:00,paris,temperature_2m,LOF,18.7,,False,0.0,0,1,FP,25446118.77475,0.27881,97.61,3180765.721844,0.04345707630414606,0.15896,46.0,12.0,,,
2025-08-08 02:00:00,paris,temperature_2m,LOF,19.3,,False,0.0,0,1,FP,54073001.271344,0.592472,98.76,3180765.721844,0.04345707630414606,0.15896,46.0,12.0,,,
2025-08-13 06:00:00,paris,temperature_2m,LOF,19.3,,False,0.0,0,1,FP,54073001.271344,0.592472,98.76,3180765.721844,0.04345707630414606,0.15896,46.0,12.0,,,
2025-08-16 07:00:00,paris,temperature_2m,LOF,18.3,,False,0.0,0,1,FP,31807648.218437,0.348513,98.02,3180765.721844,0.04345707630414606,0.15896,46.0,12.0,,,
2025-08-16 23:00:00,paris,temperature_2m,LOF,21.3,,False,0.0,0,1,FP,69976824.880563,0.766729,99.46,3180765.721844,0.04345707630414606,0.15896,46.0,12.0,,,
2025-08-17 07:00:00,paris,temperature_2m,LOF,15.3,,False,0.0,0,1,FP,12671076.535136,0.138836,96.68,3180765.721844,0.04345707630414606,0.15896,46.0,12.0,,,
2025-08-20 17:00:00,paris,temperature_2m,LOF,19.7,,False,0.0,0,1,FP,31755189.697526,0.347938,97.84,3180765.721844,0.04345707630414606,0.15896,46.0,12.0,,,
2025-08-21 22:00:00,paris,temperature_2m,LOF,18.7,,False,0.0,0,1,FP,25446118.77475,0.27881,97.61,3180765.721844,0.04345707630414606,0.15896,46.0,12.0,,,
2025-08-25 00:00:00,paris,temperature_2m,LOF,18.3,,False,0.0,0,1,FP,31807648.218437,0.348513,98.02,3180765.721844,0.04345707630414606,0.15896,46.0,12.0,,,
2025-08-27 04:00:00,paris,temperature_2m,LOF,19.3,,False,0.0,0,1,FP,54073001.271344,0.592472,98.76,3180765.721844,0.04345707630414606,0.15896,46.0,12.0,,,
2025-08-30 02:00:00,paris,temperature_2m,LOF,15.3,,False,0.0,0,1,FP,12671076.535136,0.138836,96.68,3180765.721844,0.04345707630414606,0.15896,46.0,12.0,,,
2025-08-31 02:00:00,paris,temperature_2m,LOF,18.7,,False,0.0,0,1,FP,25446118.77475,0.27881,97.61,3180765.721844,0.04345707630414606,0.15896,46.0,12.0,,,
2025-09-01 09:00:00,paris,temperature_2m,LOF,15.0,,False,0.0,0,1,FP,25185111.972417,0.275951,97.25,3180765.721844,0.04345707630414606,0.15896,46.0,12.0,,,
2025-09-05 16:00:00,paris,temperature_2m,LOF,21.3,,False,0.0,0,1,FP,69976824.880563,0.766729,99.46,3180765.721844,0.04345707630414606,0.15896,46.0,12.0,,,
2025-09-07 06:00:00,paris,temperature_2m,LOF,15.0,,False,0.0,0,1,FP,25185111.972417,0.275951,97.25,3180765.721844,0.04345707630414606,0.15896,46.0,12.0,,,
2025-09-07 23:00:00,paris,temperature_2m,LOF,22.6,,False,0.0,0,1,FP,9542295.165532,0.104554,96.5,3180765.721844,0.04345707630414606,0.15896,46.0,12.0,,,
2025-09-08 22:00:00,paris,temperature_2m,LOF,18.7,,False,0.0,0,1,FP,25446118.77475,0.27881,97.61,3180765.721844,0.04345707630414606,0.15896,46.0,12.0,,,
2025-09-09 23:00:00,paris,temperature_2m,LOF,18.3,,False,0.0,0,1,FP,31807648.218437,0.348513,98.02,3180765.721844,0.04345707630414606,0.15896,46.0,12.0,,,
2025-09-10 13:00:00,paris,temperature_2m,LOF,18.3,,False,0.0,0,1,FP,31807648.218437,0.348513,98.02,3180765.721844,0.04345707630414606,0.15896,46.0,12.0,,,
2025-09-10 14:00:00,paris,temperature_2m,LOF,19.7,,False,0.0,0,1,FP,31755189.697526,0.347938,97.84,3180765.721844,0.04345707630414606,0.15896,46.0,12.0,,,
2025-09-14 18:00:00,paris,temperature_2m,LOF,18.7,,False,0.0,0,1,FP,25446118.77475,0.27881,97.61,3180765.721844,0.04345707630414606,0.15896,46.0,12.0,,,
2025-09-15 02:00:00,paris,temperature_2m,LOF,18.7,,False,0.0,0,1,FP,25446118.77475,0.27881,97.61,3180765.721844,0.04345707630414606,0.15896,46.0,12.0,,,
2025-09-16 22:00:00,paris,temperature_2m,LOF,15.3,,False,0.0,0,1,FP,12671076.535136,0.138836,96.68,3180765.721844,0.04345707630414606,0.15896,46.0,12.0,,,
2025-09-18 14:00:00,paris,temperature_2m,LOF,22.6,,False,0.0,0,1,FP,9542295.165532,0.104554,96.5,3180765.721844,0.04345707630414606,0.15896,46.0,12.0,,,
2025-09-20 10:00:00,paris,temperature_2m,LOF,19.7,,False,0.0,0,1,FP,31755189.697526,0.347938,97.84,3180765.721844,0.04345707630414606,0.15896,46.0,12.0,,,
2025-09-20 11:00:00,paris,temperature_2m,LOF,19.7,,False,0.0,0,1,FP,31755189.697526,0.347938,97.84,3180765.721844,0.04345707630414606,0.15896,46.0,12.0,,,
2025-10-01 15:00:00,paris,temperature_2m,LOF,18.7,,False,0.0,0,1,FP,25446118.77475,0.27881,97.61,3180765.721844,0.04345707630414606,0.15896,46.0,12.0,,,
2025-10-06 19:00:00,paris,temperature_2m,LOF,15.0,,False,0.0,0,1,FP,25185111.972417,0.275951,97.25,3180765.721844,0.04345707630414606,0.15896,46.0,12.0,,,
2025-10-13 20:00:00,paris,temperature_2m,LOF,15.3,,False,0.0,0,1,FP,12671076.535136,0.138836,96.68,3180765.721844,0.04345707630414606,0.15896,46.0,12.0,,,
2025-10-14 18:00:00,paris,temperature_2m,LOF,15.0,,False,0.0,0,1,FP,25185111.972417,0.275951,97.25,3180765.721844,0.04345707630414606,0.15896,46.0,12.0,,,
2025-10-15 15:00:00,paris,temperature_2m,LOF,15.3,,False,0.0,0,1,FP,12671076.535136,0.138836,96.68,3180765.721844,0.04345707630414606,0.15896,46.0,12.0,,,
2025-10-20 02:00:00,paris,temperature_2m,LOF,15.0,,False,0.0,0,1,FP,25185111.972417,0.275951,97.25,3180765.721844,0.04345707630414606,0.15896,46.0,12.0,,,
2025-10-20 20:00:00,paris,temperature_2m,LOF,15.3,,False,0.0,0,1,FP,12671076.535136,0.138836,96.68,3180765.721844,0.04345707630414606,0.15896,46.0,12.0,,,
2025-10-28 16:00:00,paris,temperature_2m,LOF,15.3,,False,0.0,0,1,FP,12671076.535136,0.138836,96.68,3180765.721844,0.04345707630414606,0.15896,46.0,12.0,,,
2025-11-01 08:00:00,paris,temperature_2m,LOF,15.3,,False,0.0,0,1,FP,12671076.535136,0.138836,96.68,3180765.721844,0.04345707630414606,0.15896,46.0,12.0,,,
2025-11-14 11:00:00,paris,temperature_2m,LOF,15.0,,False,0.0,0,1,FP,25185111.972417,0.275951,97.25,3180765.721844,0.04345707630414606,0.15896,46.0,12.0,,,
2025-11-17 08:00:00,paris,temperature_2m,LOF,5.5,,False,0.0,0,1,FP,57253765.993189,0.627324,99.04,3180765.721844,0.04345707630414606,0.15896,46.0,12.0,,,
2025-11-17 09:00:00,paris,temperature_2m,LOF,5.5,,False,0.0,0,1,FP,57253765.993189,0.627324,99.04,3180765.721844,0.04345707630414606,0.15896,46.0,12.0,,,
2025-11-18 05:00:00,paris,temperature_2m,LOF,0.8,,False,0.0,0,1,FP,38169177.662125,0.418216,98.31,3180765.721844,0.04345707630414606,0.15896,46.0,12.0,,,
2025-11-18 23:00:00,paris,temperature_2m,LOF,5.5,,False,0.0,0,1,FP,57253765.993189,0.627324,99.04,3180765.721844,0.04345707630414606,0.15896,46.0,12.0,,,
2025-11-19 00:00:00,paris,temperature_2m,LOF,6.0,,False,0.0,0,1,FP,25268481.32248,0.276864,97.43,3180765.721844,0.04345707630414606,0.15896,46.0,12.0,,,
2025-11-19 20:00:00,paris,temperature_2m,LOF,5.0,,False,0.0,0,1,FP,22257253.080277,0.24387,97.06,3180765.721844,0.04345707630414606,0.15896,46.0,12.0,,,
2025-11-19 21:00:00,paris,temperature_2m,LOF,5.0,,False,0.0,0,1,FP,22257253.080277,0.24387,97.06,3180765.721844,0.04345707630414606,0.15896,46.0,12.0,,,
2025-11-20 01:00:00,paris,temperature_2m,LOF,3.4,,False,0.0,0,1,FP,57253765.993188,0.627324,98.91,3180765.721844,0.04345707630414606,0.15896,46.0,12.0,,,
2025-11-20 15:00:00,paris,temperature_2m,LOF,4.5,,False,0.0,0,1,FP,79519119.046095,0.871283,99.62,3180765.721844,0.04345707630414606,0.15896,46.0,12.0,,,
2025-11-21 03:00:00,paris,temperature_2m,LOF,1.0,,False,0.0,0,1,FP,47711471.827657,0.52277,98.59,3180765.721844,0.04345707630414606,0.15896,46.0,12.0,,,
2025-11-21 14:00:00,paris,temperature_2m,LOF,3.1,,False,0.0,0,1,FP,85880648.489782,0.940985,99.87,3180765.721844,0.04345707630414606,0.15896,46.0,12.0,,,
2025-11-21 16:00:00,paris,temperature_2m,LOF,3.6,,False,0.0,0,1,FP,38169177.662125,0.418216,98.31,3180765.721844,0.04345707630414606,0.15896,46.0,12.0,,,
2025-11-21 18:00:00,paris,temperature_2m,LOF,3.1,,False,0.0,0,1,FP,85880648.489782,0.940985,99.87,3180765.721844,0.04345707630414606,0.15896,46.0,12.0,,,
2025-11-22 17:00:00,paris,temperature_2m,LOF,1.0,,False,0.0,0,1,FP,47711471.827657,0.52277,98.59,3180765.721844,0.04345707630414606,0.15896,46.0,12.0,,,
2025-11-22 19:00:00,paris,temperature_2m,LOF,-0.1,,False,0.0,0,1,FP,15903824.609219,0.174257,96.87,3180765.721844,0.04345707630414606,0.15896,46.0,12.0,,,
2025-11-23 05:00:00,paris,temperature_2m,LOF,0.8,,False,0.0,0,1,FP,38169177.662125,0.418216,98.31,3180765.721844,0.04345707630414606,0.15896,46.0,12.0,,,
2025-11-23 07:00:00,paris,temperature_2m,LOF,1.1,,False,0.0,0,1,FP,60434530.715032,0.662175,99.32,3180765.721844,0.04345707630414606,0.15896,46.0,12.0,,,
2025-11-23 08:00:00,paris,temperature_2m,LOF,1.1,,False,0.0,0,1,FP,60434530.715032,0.662175,99.32,3180765.721844,0.04345707630414606,0.15896,46.0,12.0,,,
2025-11-26 06:00:00,paris,temperature_2m,LOF,2.9,,False,0.0,0,1,FP,59976647.251067,0.657158,99.18,3180765.721844,0.04345707630414606,0.15896,46.0,12.0,,,
2025-11-26 07:00:00,paris,temperature_2m,LOF,2.9,,False,0.0,0,1,FP,59976647.251067,0.657158,99.18,3180765.721844,0.04345707630414606,0.15896,46.0,12.0,,,
2025-11-27 07:00:00,paris,temperature_2m,LOF,3.6,,False,0.0,0,1,FP,38169177.662125,0.418216,98.31,3180765.721844,0.04345707630414606,0.15896,46.0,12.0,,,
2025-11-30 20:00:00,paris,temperature_2m,LOF,5.0,,False,0.0,0,1,FP,22257253.080277,0.24387,97.06,3180765.721844,0.04345707630414606,0.15896,46.0,12.0,,,
2025-11-30 22:00:00,paris,temperature_2m,LOF,3.9,,False,0.0,0,1,FP,82699883.767939,0.906134,99.78,3180765.721844,0.04345707630414606,0.15896,46.0,12.0,,,
2025-11-30 23:00:00,paris,temperature_2m,LOF,3.6,,False,0.0,0,1,FP,38169177.662125,0.418216,98.31,3180765.721844,0.04345707630414606,0.15896,46.0,12.0,,,
2025-12-01 00:00:00,paris,temperature_2m,LOF,3.4,,False,0.0,0,1,FP,57253765.993188,0.627324,98.91,3180765.721844,0.04345707630414606,0.15896,46.0,12.0,,,
2025-12-01 01:00:00,paris,temperature_2m,LOF,3.1,,False,0.0,0,1,FP,85880648.489782,0.940985,99.87,3180765.721844,0.04345707630414606,0.15896,46.0,12.0,,,
2025-12-01 08:00:00,paris,temperature_2m,LOF,2.6,,False,0.0,0,1,FP,79519119.046095,0.871283,99.62,3180765.721844,0.04345707630414606,0.15896,46.0,12.0,,,
2025-12-03 23:00:00,paris,temperature_2m,LOF,6.0,,False,0.0,0,1,FP,25268481.32248,0.276864,97.43,3180765.721844,0.04345707630414606,0.15896,46.0,12.0,,,
2025-12-05 01:00:00,paris,temperature_2m,LOF,2.9,,False,0.0,0,1,FP,59976647.251067,0.657158,99.18,3180765.721844,0.04345707630414606,0.15896,46.0,12.0,,,
2025-12-05 08:00:00,paris,temperature_2m,LOF,0.8,,False,0.0,0,1,FP,38169177.662125,0.418216,98.31,3180765.721844,0.04345707630414606,0.15896,46.0,12.0,,,
2025-12-05 14:00:00,paris,temperature_2m,LOF,5.5,,False,0.0,0,1,FP,57253765.993189,0.627324,99.04,3180765.721844,0.04345707630414606,0.15896,46.0,12.0,,,
2025-12-05 15:00:00,paris,temperature_2m,LOF,6.0,,False,0.0,0,1,FP,25268481.32248,0.276864,97.43,3180765.721844,0.04345707630414606,0.15896,46.0,12.0,,,
2025-12-05 16:00:00,paris,temperature_2m,LOF,6.0,,False,0.0,0,1,FP,25268481.32248,0.276864,97.43,3180765.721844,0.04345707630414606,0.15896,46.0,12.0,,,
2025-12-05 18:00:00,paris,temperature_2m,LOF,5.5,,False,0.0,0,1,FP,57253765.993189,0.627324,99.04,3180765.721844,0.04345707630414606,0.15896,46.0,12.0,,,
2025-12-08 13:00:00,paris,temperature_2m,LOF,15.0,,False,0.0,0,1,FP,25185111.972417,0.275951,97.25,3180765.721844,0.04345707630414606,0.15896,46.0,12.0,,,
2025-12-15 01:00:00,paris,temperature_2m,LOF,6.0,,False,0.0,0,1,FP,25268481.32248,0.276864,97.43,3180765.721844,0.04345707630414606,0.15896,46.0,12.0,,,
2025-12-15 11:00:00,paris,temperature_2m,LOF,6.0,,False,0.0,0,1,FP,25268481.32248,0.276864,97.43,3180765.721844,0.04345707630414606,0.15896,46.0,12.0,,,
2025-12-23 11:00:00,paris,temperature_2m,LOF,3.4,,False,0.0,0,1,FP,57253765.993188,0.627324,98.91,3180765.721844,0.04345707630414606,0.15896,46.0,12.0,,,
2025-12-23 13:00:00,paris,temperature_2m,LOF,3.6,,False,0.0,0,1,FP,38169177.662125,0.418216,98.31,3180765.721844,0.04345707630414606,0.15896,46.0,12.0,,,
2025-12-24 15:00:00,paris,temperature_2m,LOF,3.4,,False,0.0,0,1,FP,57253765.993188,0.627324,98.91,3180765.721844,0.04345707630414606,0.15896,46.0,12.0,,,
2025-12-24 19:00:00,paris,temperature_2m,LOF,1.1,,False,0.0,0,1,FP,60434530.715032,0.662175,99.32,3180765.721844,0.04345707630414606,0.15896,46.0,12.0,,,
2025-12-24 20:00:00,paris,temperature_2m,LOF,1.0,,False,0.0,0,1,FP,47711471.827657,0.52277,98.59,3180765.721844,0.04345707630414606,0.15896,46.0,12.0,,,
2025-12-24 21:00:00,paris,temperature_2m,LOF,0.8,,False,0.0,0,1,FP,38169177.662125,0.418216,98.31,3180765.721844,0.04345707630414606,0.15896,46.0,12.0,,,
2025-12-25 13:00:00,paris,temperature_2m,LOF,1.0,,False,0.0,0,1,FP,47711471.827657,0.52277,98.59,3180765.721844,0.04345707630414606,0.15896,46.0,12.0,,,
2025-12-26 13:00:00,paris,temperature_2m,LOF,0.8,,False,0.0,0,1,FP,38169177.662125,0.418216,98.31,3180765.721844,0.04345707630414606,0.15896,46.0,12.0,,,
2025-12-26 21:00:00,paris,temperature_2m,LOF,-0.1,,False,0.0,0,1,FP,15903824.609219,0.174257,96.87,3180765.721844,0.04345707630414606,0.15896,46.0,12.0,,,
2025-12-27 14:00:00,paris,temperature_2m,LOF,2.6,,False,0.0,0,1,FP,79519119.046095,0.871283,99.62,3180765.721844,0.04345707630414606,0.15896,46.0,12.0,,,
2025-12-27 19:00:00,paris,temperature_2m,LOF,-0.1,,False,0.0,0,1,FP,15903824.609219,0.174257,96.87,3180765.721844,0.04345707630414606,0.15896,46.0,12.0,,,
2025-12-28 19:00:00,paris,temperature_2m,LOF,0.8,,False,0.0,0,1,FP,38169177.662125,0.418216,98.31,3180765.721844,0.04345707630414606,0.15896,46.0,12.0,,,
2025-12-29 19:00:00,paris,temperature_2m,LOF,-0.1,,False,0.0,0,1,FP,15903824.609219,0.174257,96.87,3180765.721844,0.04345707630414606,0.15896,46.0,12.0,,,
2025-12-30 10:00:00,paris,temperature_2m,LOF,2.1,,False,0.0,0,1,FP,88119590.834323,0.965517,99.96,3180765.721844,0.04345707630414606,0.15896,46.0,12.0,,,
2025-12-30 11:00:00,paris,temperature_2m,LOF,2.1,,False,0.0,0,1,FP,88119590.834323,0.965517,99.96,3180765.721844,0.04345707630414606,0.15896,46.0,12.0,,,
2025-12-30 15:00:00,paris,temperature_2m,LOF,5.0,,False,0.0,0,1,FP,22257253.080277,0.24387,97.06,3180765.721844,0.04345707630414606,0.15896,46.0,12.0,,,
2025-12-31 12:00:00,paris,temperature_2m,LOF,-0.1,,False,0.0,0,1,FP,15903824.609219,0.174257,96.87,3180765.721844,0.04345707630414606,0.15896,46.0,12.0,,,
2026-01-01 12:00:00,paris,temperature_2m,LOF,0.8,,False,0.0,0,1,FP,38169177.662125,0.418216,98.31,3180765.721844,0.04345707630414606,0.15896,46.0,12.0,,,
2026-01-01 14:00:00,paris,temperature_2m,LOF,3.4,,False,0.0,0,1,FP,57253765.993188,0.627324,98.91,3180765.721844,0.04345707630414606,0.15896,46.0,12.0,,,
2026-01-01 15:00:00,paris,temperature_2m,LOF,3.4,,False,0.0,0,1,FP,57253765.993188,0.627324,98.91,3180765.721844,0.04345707630414606,0.15896,46.0,12.0,,,
2026-01-01 17:00:00,paris,temperature_2m,LOF,3.6,,False,0.0,0,1,FP,38169177.662125,0.418216,98.31,3180765.721844,0.04345707630414606,0.15896,46.0,12.0,,,
2026-01-01 18:00:00,paris,temperature_2m,LOF,3.4,,False,0.0,0,1,FP,57253765.993188,0.627324,98.91,3180765.721844,0.04345707630414606,0.15896,46.0,12.0,,,
2026-01-01 19:00:00,paris,temperature_2m,LOF,3.4,,False,0.0,0,1,FP,57253765.993188,0.627324,98.91,3180765.721844,0.04345707630414606,0.15896,46.0,12.0,,,
2026-01-01 20:00:00,paris,temperature_2m,LOF,2.9,,False,0.0,0,1,FP,59976647.251067,0.657158,99.18,3180765.721844,0.04345707630414606,0.15896,46.0,12.0,,,
2026-01-02 20:00:00,paris,temperature_2m,LOF,0.8,,False,0.0,0,1,FP,38169177.662125,0.418216,98.31,3180765.721844,0.04345707630414606,0.15896,46.0,12.0,,,
2026-01-02 21:00:00,paris,temperature_2m,LOF,-0.1,,False,0.0,0,1,FP,15903824.609219,0.174257,96.87,3180765.721844,0.04345707630414606,0.15896,46.0,12.0,,,
2026-01-08 03:00:00,paris,temperature_2m,LOF,2.6,,False,0.0,0,1,FP,79519119.046095,0.871283,99.62,3180765.721844,0.04345707630414606,0.15896,46.0,12.0,,,
2026-01-08 15:00:00,paris,temperature_2m,LOF,6.0,,False,0.0,0,1,FP,25268481.32248,0.276864,97.43,3180765.721844,0.04345707630414606,0.15896,46.0,12.0,,,
2026-01-09 11:00:00,paris,temperature_2m,LOF,5.5,,False,0.0,0,1,FP,57253765.993189,0.627324,99.04,3180765.721844,0.04345707630414606,0.15896,46.0,12.0,,,
2026-01-09 22:00:00,paris,temperature_2m,LOF,3.9,,False,0.0,0,1,FP,82699883.767939,0.906134,99.78,3180765.721844,0.04345707630414606,0.15896,46.0,12.0,,,
2026-01-10 20:00:00,paris,temperature_2m,LOF,2.9,,False,0.0,0,1,FP,59976647.251067,0.657158,99.18,3180765.721844,0.04345707630414606,0.15896,46.0,12.0,,,
2026-01-11 11:00:00,paris,temperature_2m,LOF,-0.1,,False,0.0,0,1,FP,15903824.609219,0.174257,96.87,3180765.721844,0.04345707630414606,0.15896,46.0,12.0,,,
2026-01-11 12:00:00,paris,temperature_2m,LOF,1.0,,False,0.0,0,1,FP,47711471.827657,0.52277,98.59,3180765.721844,0.04345707630414606,0.15896,46.0,12.0,,,
2026-01-11 13:00:00,paris,temperature_2m,LOF,2.1,,False,0.0,0,1,FP,88119590.834323,0.965517,99.96,3180765.721844,0.04345707630414606,0.15896,46.0,12.0,,,
2026-01-11 14:00:00,paris,temperature_2m,LOF,3.4,,False,0.0,0,1,FP,57253765.993188,0.627324,98.91,3180765.721844,0.04345707630414606,0.15896,46.0,12.0,,,
2026-01-11 19:00:00,paris,temperature_2m,LOF,3.9,,False,0.0,0,1,FP,82699883.767939,0.906134,99.78,3180765.721844,0.04345707630414606,0.15896,46.0,12.0,,,
2026-01-19 05:00:00,paris,temperature_2m,LOF,3.6,,False,0.0,0,1,FP,38169177.662125,0.418216,98.31,3180765.721844,0.04345707630414606,0.15896,46.0,12.0,,,
2026-01-19 08:00:00,paris,temperature_2m,LOF,2.9,,False,0.0,0,1,FP,59976647.251067,0.657158,99.18,3180765.721844,0.04345707630414606,0.15896,46.0,12.0,,,
2026-01-19 10:00:00,paris,temperature_2m,LOF,2.6,,False,0.0,0,1,FP,79519119.046095,0.871283,99.62,3180765.721844,0.04345707630414606,0.15896,46.0,12.0,,,
2026-01-23 23:00:00,paris,temperature_2m,LOF,5.5,,False,0.0,0,1,FP,57253765.993189,0.627324,99.04,3180765.721844,0.04345707630414606,0.15896,46.0,12.0,,,
2026-01-24 10:00:00,paris,temperature_2m,LOF,3.1,,False,0.0,0,1,FP,85880648.489782,0.940985,99.87,3180765.721844,0.04345707630414606,0.15896,46.0,12.0,,,
2026-01-25 21:00:00,paris,temperature_2m,LOF,6.0,,False,0.0,0,1,FP,25268481.32248,0.276864,97.43,3180765.721844,0.04345707630414606,0.15896,46.0,12.0,,,
2026-01-25 23:00:00,paris,temperature_2m,LOF,4.5,,False,0.0,0,1,FP,79519119.046095,0.871283,99.62,3180765.721844,0.04345707630414606,0.15896,46.0,12.0,,,
2026-01-26 01:00:00,paris,temperature_2m,LOF,3.6,,False,0.0,0,1,FP,38169177.662125,0.418216,98.31,3180765.721844,0.04345707630414606,0.15896,46.0,12.0,,,
2026-01-26 05:00:00,paris,temperature_2m,LOF,3.4,,False,0.0,0,1,FP,57253765.993188,0.627324,98.91,3180765.721844,0.04345707630414606,0.15896,46.0,12.0,,,
2026-01-26 12:00:00,paris,temperature_2m,LOF,4.5,,False,0.0,0,1,FP,79519119.046095,0.871283,99.62,3180765.721844,0.04345707630414606,0.15896,46.0,12.0,,,
2026-01-27 04:00:00,paris,temperature_2m,LOF,5.5,,False,0.0,0,1,FP,57253765.993189,0.627324,99.04,3180765.721844,0.04345707630414606,0.15896,46.0,12.0,,,
2026-01-27 08:00:00,paris,temperature_2m,LOF,5.0,,False,0.0,0,1,FP,22257253.080277,0.24387,97.06,3180765.721844,0.04345707630414606,0.15896,46.0,12.0,,,
2026-01-27 10:00:00,paris,temperature_2m,LOF,5.0,,False,0.0,0,1,FP,22257253.080277,0.24387,97.06,3180765.721844,0.04345707630414606,0.15896,46.0,12.0,,,
2026-01-28 08:00:00,paris,temperature_2m,LOF,3.1,,False,0.0,0,1,FP,85880648.489782,0.940985,99.87,3180765.721844,0.04345707630414606,0.15896,46.0,12.0,,,
2026-01-28 22:00:00,paris,temperature_2m,LOF,3.9,,False,0.0,0,1,FP,82699883.767939,0.906134,99.78,3180765.721844,0.04345707630414606,0.15896,46.0,12.0,,,
2026-01-28 23:00:00,paris,temperature_2m,LOF,3.6,,False,0.0,0,1,FP,38169177.662125,0.418216,98.31,3180765.721844,0.04345707630414606,0.15896,46.0,12.0,,,
2026-01-29 11:00:00,paris,temperature_2m,LOF,0.8,,False,0.0,0,1,FP,38169177.662125,0.418216,98.31,3180765.721844,0.04345707630414606,0.15896,46.0,12.0,,,
2026-01-31 10:00:00,paris,temperature_2m,LOF,5.5,,False,0.0,0,1,FP,57253765.993189,0.627324,99.04,3180765.721844,0.04345707630414606,0.15896,46.0,12.0,,,
2026-01-31 11:00:00,paris,temperature_2m,LOF,6.0,,False,0.0,0,1,FP,25268481.32248,0.276864,97.43,3180765.721844,0.04345707630414606,0.15896,46.0,12.0,,,
2026-02-02 10:00:00,paris,temperature_2m,LOF,2.6,,False,0.0,0,1,FP,79519119.046095,0.871283,99.62,3180765.721844,0.04345707630414606,0.15896,46.0,12.0,,,
2026-02-08 06:00:00,paris,temperature_2m,LOF,4.5,,False,0.0,0,1,FP,79519119.046095,0.871283,99.62,3180765.721844,0.04345707630414606,0.15896,46.0,12.0,,,
2026-02-09 05:00:00,paris,temperature_2m,LOF,3.9,,False,0.0,0,1,FP,82699883.767939,0.906134,99.78,3180765.721844,0.04345707630414606,0.15896,46.0,12.0,,,
2026-02-09 11:00:00,paris,temperature_2m,LOF,4.5,,False,0.0,0,1,FP,79519119.046095,0.871283,99.62,3180765.721844,0.04345707630414606,0.15896,46.0,12.0,,,
2026-02-14 06:00:00,paris,temperature_2m,LOF,3.6,,False,0.0,0,1,FP,38169177.662125,0.418216,98.31,3180765.721844,0.04345707630414606,0.15896,46.0,12.0,,,
2026-02-14 17:00:00,paris,temperature_2m,LOF,3.6,,False,0.0,0,1,FP,38169177.662125,0.418216,98.31,3180765.721844,0.04345707630414606,0.15896,46.0,12.0,,,
2026-02-14 18:00:00,paris,temperature_2m,LOF,3.9,,False,0.0,0,1,FP,82699883.767939,0.906134,99.78,3180765.721844,0.04345707630414606,0.15896,46.0,12.0,,,
2026-02-14 21:00:00,paris,temperature_2m,LOF,1.1,,False,0.0,0,1,FP,60434530.715032,0.662175,99.32,3180765.721844,0.04345707630414606,0.15896,46.0,12.0,,,
2026-02-14 23:00:00,paris,temperature_2m,LOF,-0.1,,False,0.0,0,1,FP,15903824.609219,0.174257,96.87,3180765.721844,0.04345707630414606,0.15896,46.0,12.0,,,
2026-02-15 08:00:00,paris,temperature_2m,LOF,-0.1,,False,0.0,0,1,FP,15903824.609219,0.174257,96.87,3180765.721844,0.04345707630414606,0.15896,46.0,12.0,,,
2026-02-15 11:00:00,paris,temperature_2m,LOF,1.1,,False,0.0,0,1,FP,60434530.715032,0.662175,99.32,3180765.721844,0.04345707630414606,0.15896,46.0,12.0,,,
2026-02-15 14:00:00,paris,temperature_2m,LOF,2.9,,False,0.0,0,1,FP,59976647.251067,0.657158,99.18,3180765.721844,0.04345707630414606,0.15896,46.0,12.0,,,
2026-02-18 05:00:00,paris,temperature_2m,LOF,3.4,,False,0.0,0,1,FP,57253765.993188,0.627324,98.91,3180765.721844,0.04345707630414606,0.15896,46.0,12.0,,,
2026-02-18 10:00:00,paris,temperature_2m,LOF,2.9,,False,0.0,0,1,FP,59976647.251067,0.657158,99.18,3180765.721844,0.04345707630414606,0.15896,46.0,12.0,,,
2026-02-19 08:00:00,paris,temperature_2m,LOF,6.0,,False,0.0,0,1,FP,25268481.32248,0.276864,97.43,3180765.721844,0.04345707630414606,0.15896,46.0,12.0,,,
2026-03-01 07:00:00,paris,temperature_2m,LOF,4.5,,False,0.0,0,1,FP,79519119.046095,0.871283,99.62,3180765.721844,0.04345707630414606,0.15896,46.0,12.0,,,
2026-03-01 08:00:00,paris,temperature_2m,LOF,4.5,,False,0.0,0,1,FP,79519119.046095,0.871283,99.62,3180765.721844,0.04345707630414606,0.15896,46.0,12.0,,,
2026-03-02 14:00:00,paris,temperature_2m,LOF,15.0,,False,0.0,0,1,FP,25185111.972417,0.275951,97.25,3180765.721844,0.04345707630414606,0.15896,46.0,12.0,,,
2026-03-03 08:00:00,paris,temperature_2m,LOF,5.5,,False,0.0,0,1,FP,57253765.993189,0.627324,99.04,3180765.721844,0.04345707630414606,0.15896,46.0,12.0,,,
2026-03-04 08:00:00,paris,temperature_2m,LOF,6.0,,False,0.0,0,1,FP,25268481.32248,0.276864,97.43,3180765.721844,0.04345707630414606,0.15896,46.0,12.0,,,
2026-03-10 14:00:00,paris,temperature_2m,LOF,15.3,,False,0.0,0,1,FP,12671076.535136,0.138836,96.68,3180765.721844,0.04345707630414606,0.15896,46.0,12.0,,,
2026-03-12 09:00:00,paris,temperature_2m,LOF,4.5,,False,0.0,0,1,FP,79519119.046095,0.871283,99.62,3180765.721844,0.04345707630414606,0.15896,46.0,12.0,,,
2026-03-14 02:00:00,paris,temperature_2m,LOF,3.1,,False,0.0,0,1,FP,85880648.489782,0.940985,99.87,3180765.721844,0.04345707630414606,0.15896,46.0,12.0,,,
2026-03-15 05:00:00,paris,temperature_2m,LOF,2.1,,False,0.0,0,1,FP,88119590.834323,0.965517,99.96,3180765.721844,0.04345707630414606,0.15896,46.0,12.0,,,
2026-03-15 08:00:00,paris,temperature_2m,LOF,1.0,,False,0.0,0,1,FP,47711471.827657,0.52277,98.59,3180765.721844,0.04345707630414606,0.15896,46.0,12.0,,,
2026-03-20 09:00:00,paris,temperature_2m,LOF,5.0,,False,0.0,0,1,FP,22257253.080277,0.24387,97.06,3180765.721844,0.04345707630414606,0.15896,46.0,12.0,,,
2026-03-22 08:00:00,paris,temperature_2m,LOF,4.5,,False,0.0,0,1,FP,79519119.046095,0.871283,99.62,3180765.721844,0.04345707630414606,0.15896,46.0,12.0,,,
2026-03-23 06:00:00,paris,temperature_2m,LOF,5.5,,False,0.0,0,1,FP,57253765.993189,0.627324,99.04,3180765.721844,0.04345707630414606,0.15896,46.0,12.0,,,
2026-03-23 07:00:00,paris,temperature_2m,LOF,5.0,,False,0.0,0,1,FP,22257253.080277,0.24387,97.06,3180765.721844,0.04345707630414606,0.15896,46.0,12.0,,,
2026-03-24 19:00:00,paris,temperature_2m,LOF,15.3,,False,0.0,0,1,FP,12671076.535136,0.138836,96.68,3180765.721844,0.04345707630414606,0.15896,46.0,12.0,,,
2026-03-25 22:00:00,paris,temperature_2m,LOF,5.0,,False,0.0,0,1,FP,22257253.080277,0.24387,97.06,3180765.721844,0.04345707630414606,0.15896,46.0,12.0,,,
2026-03-26 03:00:00,paris,temperature_2m,LOF,3.4,,False,0.0,0,1,FP,57253765.993188,0.627324,98.91,3180765.721844,0.04345707630414606,0.15896,46.0,12.0,,,
2026-03-26 05:00:00,paris,temperature_2m,LOF,2.9,,False,0.0,0,1,FP,59976647.251067,0.657158,99.18,3180765.721844,0.04345707630414606,0.15896,46.0,12.0,,,
2026-03-26 10:00:00,paris,temperature_2m,LOF,5.0,,False,0.0,0,1,FP,22257253.080277,0.24387,97.06,3180765.721844,0.04345707630414606,0.15896,46.0,12.0,,,
2026-03-27 01:00:00,paris,temperature_2m,LOF,2.9,,False,0.0,0,1,FP,59976647.251067,0.657158,99.18,3180765.721844,0.04345707630414606,0.15896,46.0,12.0,,,
2026-03-27 05:00:00,paris,temperature_2m,LOF,1.0,,False,0.0,0,1,FP,47711471.827657,0.52277,98.59,3180765.721844,0.04345707630414606,0.15896,46.0,12.0,,,
2026-03-27 06:00:00,paris,temperature_2m,LOF,0.8,,False,0.0,0,1,FP,38169177.662125,0.418216,98.31,3180765.721844,0.04345707630414606,0.15896,46.0,12.0,,,
2026-03-29 00:00:00,paris,temperature_2m,LOF,4.5,,False,0.0,0,1,FP,79519119.046095,0.871283,99.62,3180765.721844,0.04345707630414606,0.15896,46.0,12.0,,,
2026-03-29 03:00:00,paris,temperature_2m,LOF,2.9,,False,0.0,0,1,FP,59976647.251067,0.657158,99.18,3180765.721844,0.04345707630414606,0.15896,46.0,12.0,,,
2026-04-03 02:00:00,paris,temperature_2m,LOF,4.5,,False,0.0,0,1,FP,79519119.046095,0.871283,99.62,3180765.721844,0.04345707630414606,0.15896,46.0,12.0,,,
2026-04-07 15:00:00,paris,temperature_2m,LOF,22.6,,False,0.0,0,1,FP,9542295.165532,0.104554,96.5,3180765.721844,0.04345707630414606,0.15896,46.0,12.0,,,
2026-04-09 13:00:00,paris,temperature_2m,LOF,22.6,,False,0.0,0,1,FP,9542295.165532,0.104554,96.5,3180765.721844,0.04345707630414606,0.15896,46.0,12.0,,,
2026-04-11 12:00:00,paris,temperature_2m,LOF,15.3,,False,0.0,0,1,FP,12671076.535136,0.138836,96.68,3180765.721844,0.04345707630414606,0.15896,46.0,12.0,,,
2026-04-12 08:00:00,paris,temperature_2m,LOF,6.0,,False,0.0,0,1,FP,25268481.32248,0.276864,97.43,3180765.721844,0.04345707630414606,0.15896,46.0,12.0,,,
2026-04-14 13:00:00,paris,temperature_2m,LOF,15.0,,False,0.0,0,1,FP,25185111.972417,0.275951,97.25,3180765.721844,0.04345707630414606,0.15896,46.0,12.0,,,
2026-04-16 18:00:00,paris,temperature_2m,LOF,18.7,,False,0.0,0,1,FP,25446118.77475,0.27881,97.61,3180765.721844,0.04345707630414606,0.15896,46.0,12.0,,,
2026-04-19 21:00:00,paris,temperature_2m,LOF,15.0,,False,0.0,0,1,FP,25185111.972417,0.275951,97.25,3180765.721844,0.04345707630414606,0.15896,46.0,12.0,,,
2026-04-21 07:00:00,paris,temperature_2m,LOF,5.0,,False,0.0,0,1,FP,22257253.080277,0.24387,97.06,3180765.721844,0.04345707630414606,0.15896,46.0,12.0,,,
2026-04-22 16:00:00,paris,temperature_2m,LOF,18.7,,False,0.0,0,1,FP,25446118.77475,0.27881,97.61,3180765.721844,0.04345707630414606,0.15896,46.0,12.0,,,
2026-04-27 21:00:00,paris,temperature_2m,LOF,18.7,,False,0.0,0,1,FP,25446118.77475,0.27881,97.61,3180765.721844,0.04345707630414606,0.15896,46.0,12.0,,,
2024-01-09 07:00:00,paris,apparent_temperature,LOF,-7.1,,False,0.0,0,1,FP,24987635.359659,0.2,99.78,1.0,0.00891276795886596,0.787671,5.0,56.0,,,
2024-01-09 09:00:00,paris,apparent_temperature,LOF,-7.1,,False,0.0,0,1,FP,24987635.359659,0.2,99.78,1.0,0.00891276795886596,0.787671,5.0,56.0,,,
2024-01-10 06:00:00,paris,apparent_temperature,LOF,-7.7,,False,0.0,0,1,FP,49975269.719319,0.4,99.96,1.0,0.00891276795886596,0.787671,5.0,56.0,,,
2024-01-11 08:00:00,paris,apparent_temperature,LOF,-7.1,,False,0.0,0,1,FP,24987635.359659,0.2,99.78,1.0,0.00891276795886596,0.787671,5.0,56.0,,,
2024-01-16 01:00:00,paris,apparent_temperature,LOF,-7.7,,False,0.0,0,1,FP,49975269.719319,0.4,99.96,1.0,0.00891276795886596,0.787671,5.0,56.0,,,
2024-01-19 00:00:00,paris,apparent_temperature,LOF,-8.3,,False,0.0,0,1,FP,1.32,0.0,99.45,1.0,0.00891276795886596,0.787671,5.0,56.0,,,
2024-01-19 10:00:00,paris,apparent_temperature,LOF,-8.7,,False,0.0,0,1,FP,1.42,0.0,99.47,1.0,0.00891276795886596,0.787671,5.0,56.0,,,
2024-01-19 21:00:00,paris,apparent_temperature,LOF,-9.1,,False,0.0,0,1,FP,1.0,0.0,99.35,1.0,0.00891276795886596,0.787671,5.0,56.0,,,
2024-01-20 04:00:00,paris,apparent_temperature,LOF,-9.2,,False,0.0,0,1,FP,1.0,0.0,99.28,1.0,0.00891276795886596,0.787671,5.0,56.0,,,
2024-01-20 05:00:00,paris,apparent_temperature,LOF,-8.8,,False,0.0,0,1,FP,1.48,0.0,99.48,1.0,0.00891276795886596,0.787671,5.0,56.0,,,
2024-06-27 11:00:00,paris,apparent_temperature,LOF,29.2,,False,0.0,0,1,FP,24987635.359658,0.2,99.75,1.0,0.00891276795886596,0.787671,5.0,56.0,,,
2024-07-19 19:00:00,paris,apparent_temperature,LOF,31.0,,False,0.0,0,1,FP,24987635.359659,0.2,99.78,1.0,0.00891276795886596,0.787671,5.0,56.0,,,
2024-07-19 21:00:00,paris,apparent_temperature,LOF,30.0,,False,0.0,0,1,FP,49975269.719319,0.4,99.96,1.0,0.00891276795886596,0.787671,5.0,56.0,,,
2024-07-20 14:00:00,paris,apparent_temperature,LOF,31.3,,False,0.0,0,1,FP,1.673032,0.0,99.49,1.0,0.00891276795886596,0.787671,5.0,56.0,,,
2024-07-30 11:00:00,paris,apparent_temperature,LOF,31.3,,False,0.0,0,1,FP,1.673032,0.0,99.49,1.0,0.00891276795886596,0.787671,5.0,56.0,,,
2024-07-30 17:00:00,paris,apparent_temperature,LOF,36.1,,False,0.0,0,1,FP,1.1,0.0,99.41,1.0,0.00891276795886596,0.787671,5.0,56.0,,,
2024-07-31 12:00:00,paris,apparent_temperature,LOF,33.7,,False,0.0,0,1,FP,1.177143,0.0,99.43,1.0,0.00891276795886596,0.787671,5.0,56.0,,,
2024-07-31 14:00:00,paris,apparent_temperature,LOF,35.7,,False,0.0,0,1,FP,1.04,0.0,99.38,1.0,0.00891276795886596,0.787671,5.0,56.0,,,
2024-07-31 18:00:00,paris,apparent_temperature,LOF,31.3,,False,0.0,0,1,FP,1.673032,0.0,99.49,1.0,0.00891276795886596,0.787671,5.0,56.0,,,
2024-08-01 13:00:00,paris,apparent_temperature,LOF,31.8,,False,0.0,0,1,FP,1.0,0.0,99.33,1.0,0.00891276795886596,0.787671,5.0,56.0,,,
2024-08-11 18:00:00,paris,apparent_temperature,LOF,31.2,,False,0.0,0,1,FP,74962904.078975,0.6,99.98,1.0,0.00891276795886596,0.787671,5.0,56.0,,,
2024-08-12 13:00:00,paris,apparent_temperature,LOF,35.0,,False,0.0,0,1,FP,1.239244,0.0,99.44,1.0,0.00891276795886596,0.787671,5.0,56.0,,,
2024-08-12 14:00:00,paris,apparent_temperature,LOF,35.9,,False,0.0,0,1,FP,1.085714,0.0,99.4,1.0,0.00891276795886596,0.787671,5.0,56.0,,,
2024-08-12 16:00:00,paris,apparent_temperature,LOF,36.6,,False,0.0,0,1,FP,1.325,0.0,99.45,1.0,0.00891276795886596,0.787671,5.0,56.0,,,
2024-08-12 17:00:00,paris,apparent_temperature,LOF,36.1,,False,0.0,0,1,FP,1.1,0.0,99.41,1.0,0.00891276795886596,0.787671,5.0,56.0,,,
2024-08-12 18:00:00,paris,apparent_temperature,LOF,35.6,,False,0.0,0,1,FP,1.011429,0.0,99.36,1.0,0.00891276795886596,0.787671,5.0,56.0,,,
2024-08-12 19:00:00,paris,apparent_temperature,LOF,34.7,,False,0.0,0,1,FP,1.067016,0.0,99.39,1.0,0.00891276795886596,0.787671,5.0,56.0,,,
2025-05-02 15:00:00,paris,apparent_temperature,LOF,29.2,,False,0.0,0,1,FP,24987635.359658,0.2,99.75,1.0,0.00891276795886596,0.787671,5.0,56.0,,,
2025-06-12 14:00:00,paris,apparent_temperature,LOF,31.0,,False,0.0,0,1,FP,24987635.359659,0.2,99.78,1.0,0.00891276795886596,0.787671,5.0,56.0,,,
2025-06-13 14:00:00,paris,apparent_temperature,LOF,34.1,,False,0.0,0,1,FP,1.0,0.0,99.31,1.0,0.00891276795886596,0.787671,5.0,56.0,,,
2025-06-13 16:00:00,paris,apparent_temperature,LOF,34.1,,False,0.0,0,1,FP,1.0,0.0,99.31,1.0,0.00891276795886596,0.787671,5.0,56.0,,,
2025-06-13 18:00:00,paris,apparent_temperature,LOF,33.4,,False,0.0,0,1,FP,1.024762,0.0,99.37,1.0,0.00891276795886596,0.787671,5.0,56.0,,,
2025-06-13 21:00:00,paris,apparent_temperature,LOF,31.0,,False,0.0,0,1,FP,24987635.359659,0.2,99.78,1.0,0.00891276795886596,0.787671,5.0,56.0,,,
2025-06-21 14:00:00,paris,apparent_temperature,LOF,34.1,,False,0.0,0,1,FP,1.0,0.0,99.31,1.0,0.00891276795886596,0.787671,5.0,56.0,,,
2025-06-21 15:00:00,paris,apparent_temperature,LOF,35.1,,False,0.0,0,1,FP,1.378938,0.0,99.47,1.0,0.00891276795886596,0.787671,5.0,56.0,,,
2025-06-21 18:00:00,paris,apparent_temperature,LOF,34.4,,False,0.0,0,1,FP,1.0,0.0,99.33,1.0,0.00891276795886596,0.787671,5.0,56.0,,,
2025-06-21 19:00:00,paris,apparent_temperature,LOF,33.7,,False,0.0,0,1,FP,1.177143,0.0,99.43,1.0,0.00891276795886596,0.787671,5.0,56.0,,,
2025-06-25 14:00:00,paris,apparent_temperature,LOF,33.0,,False,0.0,0,1,FP,99950538.438637,0.8,100.0,1.0,0.00891276795886596,0.787671,5.0,56.0,,,
2025-06-25 15:00:00,paris,apparent_temperature,LOF,36.0,,False,0.0,0,1,FP,1.0,0.0,99.29,1.0,0.00891276795886596,0.787671,5.0,56.0,,,
2025-06-25 18:00:00,paris,apparent_temperature,LOF,35.3,,False,0.0,0,1,FP,1.288571,0.0,99.44,1.0,0.00891276795886596,0.787671,5.0,56.0,,,
2025-06-28 13:00:00,paris,apparent_temperature,LOF,30.0,,False,0.0,0,1,FP,49975269.719319,0.4,99.96,1.0,0.00891276795886596,0.787671,5.0,56.0,,,
2025-06-28 15:00:00,paris,apparent_temperature,LOF,29.2,,False,0.0,0,1,FP,24987635.359658,0.2,99.75,1.0,0.00891276795886596,0.787671,5.0,56.0,,,
2025-06-29 14:00:00,paris,apparent_temperature,LOF,31.0,,False,0.0,0,1,FP,24987635.359659,0.2,99.78,1.0,0.00891276795886596,0.787671,5.0,56.0,,,
2025-06-29 18:00:00,paris,apparent_temperature,LOF,30.9,,False,0.0,0,1,FP,74962904.078978,0.6,99.99,1.0,0.00891276795886596,0.787671,5.0,56.0,,,
2025-06-30 17:00:00,paris,apparent_temperature,LOF,35.9,,False,0.0,0,1,FP,1.085714,0.0,99.4,1.0,0.00891276795886596,0.787671,5.0,56.0,,,
2025-06-30 18:00:00,paris,apparent_temperature,LOF,34.4,,False,0.0,0,1,FP,1.0,0.0,99.33,1.0,0.00891276795886596,0.787671,5.0,56.0,,,
2025-06-30 19:00:00,paris,apparent_temperature,LOF,33.5,,False,0.0,0,1,FP,1.377143,0.0,99.46,1.0,0.00891276795886596,0.787671,5.0,56.0,,,
2025-06-30 23:00:00,paris,apparent_temperature,LOF,30.9,,False,0.0,0,1,FP,74962904.078978,0.6,99.99,1.0,0.00891276795886596,0.787671,5.0,56.0,,,
2025-07-01 13:00:00,paris,apparent_temperature,LOF,37.6,,False,0.0,0,1,FP,2.197235,0.0,99.51,1.0,0.00891276795886596,0.787671,5.0,56.0,,,
2025-07-01 17:00:00,paris,apparent_temperature,LOF,37.5,,False,0.0,0,1,FP,2.064069,0.0,99.5,1.0,0.00891276795886596,0.787671,5.0,56.0,,,
2025-07-01 18:00:00,paris,apparent_temperature,LOF,37.1,,False,0.0,0,1,FP,2.066667,0.0,99.5,1.0,0.00891276795886596,0.787671,5.0,56.0,,,
2025-07-01 21:00:00,paris,apparent_temperature,LOF,35.8,,False,0.0,0,1,FP,1.219048,0.0,99.43,1.0,0.00891276795886596,0.787671,5.0,56.0,,,
2025-07-01 23:00:00,paris,apparent_temperature,LOF,33.8,,False,0.0,0,1,FP,1.03,0.0,99.37,1.0,0.00891276795886596,0.787671,5.0,56.0,,,
2025-07-02 00:00:00,paris,apparent_temperature,LOF,33.5,,False,0.0,0,1,FP,1.377143,0.0,99.46,1.0,0.00891276795886596,0.787671,5.0,56.0,,,
2025-07-02 12:00:00,paris,apparent_temperature,LOF,33.1,,False,0.0,0,1,FP,1.0,0.0,99.29,1.0,0.00891276795886596,0.787671,5.0,56.0,,,
2025-07-02 13:00:00,paris,apparent_temperature,LOF,34.9,,False,0.0,0,1,FP,1.112776,0.0,99.42,1.0,0.00891276795886596,0.787671,5.0,56.0,,,
2025-07-02 14:00:00,paris,apparent_temperature,LOF,35.6,,False,0.0,0,1,FP,1.011429,0.0,99.36,1.0,0.00891276795886596,0.787671,5.0,56.0,,,
2025-07-18 12:00:00,paris,apparent_temperature,LOF,29.2,,False,0.0,0,1,FP,24987635.359658,0.2,99.75,1.0,0.00891276795886596,0.787671,5.0,56.0,,,
2025-07-18 17:00:00,paris,apparent_temperature,LOF,31.2,,False,0.0,0,1,FP,74962904.078975,0.6,99.98,1.0,0.00891276795886596,0.787671,5.0,56.0,,,
2025-08-12 18:00:00,paris,apparent_temperature,LOF,33.1,,False,0.0,0,1,FP,1.0,0.0,99.29,1.0,0.00891276795886596,0.787671,5.0,56.0,,,
2025-08-12 21:00:00,paris,apparent_temperature,LOF,31.8,,False,0.0,0,1,FP,1.0,0.0,99.33,1.0,0.00891276795886596,0.787671,5.0,56.0,,,
2025-08-13 13:00:00,paris,apparent_temperature,LOF,33.1,,False,0.0,0,1,FP,1.0,0.0,99.29,1.0,0.00891276795886596,0.787671,5.0,56.0,,,
2025-08-13 15:00:00,paris,apparent_temperature,LOF,35.6,,False,0.0,0,1,FP,1.011429,0.0,99.36,1.0,0.00891276795886596,0.787671,5.0,56.0,,,
2025-08-13 17:00:00,paris,apparent_temperature,LOF,34.1,,False,0.0,0,1,FP,1.0,0.0,99.31,1.0,0.00891276795886596,0.787671,5.0,56.0,,,
2025-08-13 21:00:00,paris,apparent_temperature,LOF,30.0,,False,0.0,0,1,FP,49975269.719319,0.4,99.96,1.0,0.00891276795886596,0.787671,5.0,56.0,,,
2025-08-14 14:00:00,paris,apparent_temperature,LOF,33.8,,False,0.0,0,1,FP,1.03,0.0,99.37,1.0,0.00891276795886596,0.787671,5.0,56.0,,,
2025-12-29 10:00:00,paris,apparent_temperature,LOF,-7.7,,False,0.0,0,1,FP,49975269.719319,0.4,99.96,1.0,0.00891276795886596,0.787671,5.0,56.0,,,
2026-01-05 06:00:00,paris,apparent_temperature,LOF,-7.1,,False,0.0,0,1,FP,24987635.359659,0.2,99.78,1.0,0.00891276795886596,0.787671,5.0,56.0,,,
2026-01-06 07:00:00,paris,apparent_temperature,LOF,-9.2,,False,0.0,0,1,FP,1.0,0.0,99.28,1.0,0.00891276795886596,0.787671,5.0,56.0,,,
2026-01-06 12:00:00,paris,apparent_temperature,LOF,-8.6,,False,0.0,0,1,FP,1.053333,0.0,99.39,1.0,0.00891276795886596,0.787671,5.0,56.0,,,
2024-01-17 13:00:00,paris,precipitation,LOF,2.5,,False,0.0,0,1,FP,209921088.052741,0.195518,99.94,1.016864,0.002285325525633921,0.188679,10.0,71.0,,,
2024-02-09 01:00:00,paris,precipitation,LOF,2.5,,False,0.0,0,1,FP,209921088.052741,0.195518,99.94,1.016864,0.002285325525633921,0.188679,10.0,71.0,,,
2024-04-27 00:00:00,paris,precipitation,LOF,2.5,,False,0.0,0,1,FP,209921088.052741,0.195518,99.94,1.016864,0.002285325525633921,0.188679,10.0,71.0,,,
2024-06-29 15:00:00,paris,precipitation,LOF,9.6,,False,0.0,0,1,FP,1.24796,0.0,99.88,1.016864,0.002285325525633921,0.188679,10.0,71.0,,,
2024-06-29 16:00:00,paris,precipitation,LOF,12.1,,False,0.0,0,1,FP,1.513642,0.0,99.9,1.016864,0.002285325525633921,0.188679,10.0,71.0,,,
2024-07-20 22:00:00,paris,precipitation,LOF,2.5,,False,0.0,0,1,FP,209921088.052741,0.195518,99.94,1.016864,0.002285325525633921,0.188679,10.0,71.0,,,
2024-08-01 04:00:00,paris,precipitation,LOF,11.0,,False,0.0,0,1,FP,1.341992,0.0,99.89,1.016864,0.002285325525633921,0.188679,10.0,71.0,,,
2024-08-01 06:00:00,paris,precipitation,LOF,6.1,,False,0.0,0,1,FP,1.219276,0.0,99.87,1.016864,0.002285325525633921,0.188679,10.0,71.0,,,
2024-08-01 16:00:00,paris,precipitation,LOF,9.6,,False,0.0,0,1,FP,1.24796,0.0,99.88,1.016864,0.002285325525633921,0.188679,10.0,71.0,,,
2024-08-14 01:00:00,paris,precipitation,LOF,8.9,,False,0.0,0,1,FP,1.187535,0.0,99.83,1.016864,0.002285325525633921,0.188679,10.0,71.0,,,
2024-08-17 18:00:00,paris,precipitation,LOF,2.5,,False,0.0,0,1,FP,209921088.052741,0.195518,99.94,1.016864,0.002285325525633921,0.188679,10.0,71.0,,,
2024-08-17 22:00:00,paris,precipitation,LOF,4.8,,False,0.0,0,1,FP,1.462879,0.0,99.9,1.016864,0.002285325525633921,0.188679,10.0,71.0,,,
2024-08-20 20:00:00,paris,precipitation,LOF,10.8,,False,0.0,0,1,FP,1.318585,0.0,99.89,1.016864,0.002285325525633921,0.188679,10.0,71.0,,,
2024-09-20 15:00:00,paris,precipitation,LOF,13.4,,False,0.0,0,1,FP,1.817931,0.0,99.91,1.016864,0.002285325525633921,0.188679,10.0,71.0,,,
2024-10-09 19:00:00,paris,precipitation,LOF,7.7,,False,0.0,0,1,FP,1.206371,0.0,99.85,1.016864,0.002285325525633921,0.188679,10.0,71.0,,,
2024-10-09 20:00:00,paris,precipitation,LOF,6.8,,False,0.0,0,1,FP,1.235423,0.0,99.87,1.016864,0.002285325525633921,0.188679,10.0,71.0,,,
2024-11-19 19:00:00,paris,precipitation,LOF,2.5,,False,0.0,0,1,FP,209921088.052741,0.195518,99.94,1.016864,0.002285325525633921,0.188679,10.0,71.0,,,
2025-01-08 15:00:00,paris,precipitation,LOF,2.5,,False,0.0,0,1,FP,209921088.052741,0.195518,99.94,1.016864,0.002285325525633921,0.188679,10.0,71.0,,,
2025-01-22 22:00:00,paris,precipitation,LOF,4.6,,False,0.0,0,1,FP,1.21018,0.0,99.86,1.016864,0.002285325525633921,0.188679,10.0,71.0,,,
2025-01-28 19:00:00,paris,precipitation,LOF,2.5,,False,0.0,0,1,FP,209921088.052741,0.195518,99.94,1.016864,0.002285325525633921,0.188679,10.0,71.0,,,
2025-05-13 16:00:00,paris,precipitation,LOF,4.1,,False,0.0,0,1,FP,1.202308,0.0,99.84,1.016864,0.002285325525633921,0.188679,10.0,71.0,,,
2025-07-21 15:00:00,paris,precipitation,LOF,7.1,,False,0.0,0,1,FP,1.218403,0.0,99.86,1.016864,0.002285325525633921,0.188679,10.0,71.0,,,
2025-07-23 14:00:00,paris,precipitation,LOF,4.1,,False,0.0,0,1,FP,1.202308,0.0,99.84,1.016864,0.002285325525633921,0.188679,10.0,71.0,,,
2025-07-24 17:00:00,paris,precipitation,LOF,4.1,,False,0.0,0,1,FP,1.202308,0.0,99.84,1.016864,0.002285325525633921,0.188679,10.0,71.0,,,
2024-03-28 02:00:00,paris,surface_pressure,HBOS,977.6,,False,0.0,0,1,FP,4.310659,0.997393,99.65,2.668156,0.011695189205956988,0.925926,,,8.0,0.05005604936605759,0.05324023666780866
2024-03-28 03:00:00,paris,surface_pressure,HBOS,977.3,,False,0.0,0,1,FP,4.310659,0.997393,99.65,2.668156,0.011695189205956988,0.925926,,,8.0,0.05005604936605759,0.05324023666780866
2024-03-28 04:00:00,paris,surface_pressure,HBOS,977.1,,False,0.0,0,1,FP,4.310659,0.997393,99.65,2.668156,0.011695189205956988,0.925926,,,8.0,0.05005604936605759,0.05324023666780866
2024-03-28 05:00:00,paris,surface_pressure,HBOS,977.5,,False,0.0,0,1,FP,4.310659,0.997393,99.65,2.668156,0.011695189205956988,0.925926,,,8.0,0.05005604936605759,0.05324023666780866
2024-10-09 18:00:00,paris,surface_pressure,HBOS,977.6,,False,0.0,0,1,FP,4.310659,0.997393,99.65,2.668156,0.011695189205956988,0.925926,,,8.0,0.05005604936605759,0.05324023666780866
2024-10-09 19:00:00,paris,surface_pressure,HBOS,977.2,,False,0.0,0,1,FP,4.310659,0.997393,99.65,2.668156,0.011695189205956988,0.925926,,,8.0,0.05005604936605759,0.05324023666780866
2026-02-11 22:00:00,paris,surface_pressure,HBOS,975.5,,False,0.0,0,1,FP,4.310659,0.997393,99.65,2.668156,0.011695189205956988,0.925926,,,8.0,0.05005604936605759,0.05324023666780866
2026-02-11 23:00:00,paris,surface_pressure,HBOS,973.2,,False,0.0,0,1,FP,4.310659,0.997393,99.65,2.668156,0.011695189205956988,0.925926,,,8.0,0.05005604936605759,0.05324023666780866
2026-02-12 00:00:00,paris,surface_pressure,HBOS,972.0,,False,0.0,0,1,FP,4.310659,0.997393,99.65,2.668156,0.011695189205956988,0.925926,,,8.0,0.05005604936605759,0.05324023666780866
2026-02-12 01:00:00,paris,surface_pressure,HBOS,971.3,,False,0.0,0,1,FP,4.310659,0.997393,99.65,2.668156,0.011695189205956988,0.925926,,,8.0,0.05005604936605759,0.05324023666780866
2026-02-12 02:00:00,paris,surface_pressure,HBOS,971.5,,False,0.0,0,1,FP,4.310659,0.997393,99.65,2.668156,0.011695189205956988,0.925926,,,8.0,0.05005604936605759,0.05324023666780866
2026-02-12 03:00:00,paris,surface_pressure,HBOS,971.2,,False,0.0,0,1,FP,4.310659,0.997393,99.65,2.668156,0.011695189205956988,0.925926,,,8.0,0.05005604936605759,0.05324023666780866
2026-02-12 04:00:00,paris,surface_pressure,HBOS,971.2,,False,0.0,0,1,FP,4.310659,0.997393,99.65,2.668156,0.011695189205956988,0.925926,,,8.0,0.05005604936605759,0.05324023666780866
2026-02-12 05:00:00,paris,surface_pressure,HBOS,971.1,,False,0.0,0,1,FP,4.310659,0.997393,99.65,2.668156,0.011695189205956988,0.925926,,,8.0,0.05005604936605759,0.05324023666780866
2026-02-12 06:00:00,paris,surface_pressure,HBOS,972.6,,False,0.0,0,1,FP,4.310659,0.997393,99.65,2.668156,0.011695189205956988,0.925926,,,8.0,0.05005604936605759,0.05324023666780866
2026-02-12 07:00:00,paris,surface_pressure,HBOS,975.4,,False,0.0,0,1,FP,4.310659,0.997393,99.65,2.668156,0.011695189205956988,0.925926,,,8.0,0.05005604936605759,0.05324023666780866
2025-06-22 15:00:00,paris,soil_temperature_7_to_28cm,LOF,26.3,,False,0.0,0,1,FP,65701076.827963,0.4,99.98,1.0,0.006674619025368454,0.866142,5.0,17.0,,,
2025-06-30 20:00:00,paris,soil_temperature_7_to_28cm,LOF,27.6,,False,0.0,0,1,FP,1.16,0.0,99.56,1.0,0.006674619025368454,0.866142,5.0,17.0,,,
2025-06-30 21:00:00,paris,soil_temperature_7_to_28cm,LOF,27.9,,False,0.0,0,1,FP,52560861.595704,0.32,99.91,1.0,0.006674619025368454,0.866142,5.0,17.0,,,
2025-07-01 03:00:00,paris,soil_temperature_7_to_28cm,LOF,27.8,,False,0.0,0,1,FP,1.025,0.0,99.54,1.0,0.006674619025368454,0.866142,5.0,17.0,,,
2025-07-01 04:00:00,paris,soil_temperature_7_to_28cm,LOF,27.6,,False,0.0,0,1,FP,1.16,0.0,99.56,1.0,0.006674619025368454,0.866142,5.0,17.0,,,
2025-07-01 15:00:00,paris,soil_temperature_7_to_28cm,LOF,27.8,,False,0.0,0,1,FP,1.025,0.0,99.54,1.0,0.006674619025368454,0.866142,5.0,17.0,,,
2025-07-01 17:00:00,paris,soil_temperature_7_to_28cm,LOF,28.5,,False,0.0,0,1,FP,1.233333,0.0,99.58,1.0,0.006674619025368454,0.866142,5.0,17.0,,,
2025-07-01 20:00:00,paris,soil_temperature_7_to_28cm,LOF,29.4,,False,0.0,0,1,FP,1.524231,0.0,99.59,1.0,0.006674619025368454,0.866142,5.0,17.0,,,
2025-07-02 04:00:00,paris,soil_temperature_7_to_28cm,LOF,29.5,,False,0.0,0,1,FP,1.49803,0.0,99.59,1.0,0.006674619025368454,0.866142,5.0,17.0,,,
2025-07-02 05:00:00,paris,soil_temperature_7_to_28cm,LOF,29.3,,False,0.0,0,1,FP,1.142273,0.0,99.55,1.0,0.006674619025368454,0.866142,5.0,17.0,,,
2025-07-02 08:00:00,paris,soil_temperature_7_to_28cm,LOF,28.6,,False,0.0,0,1,FP,1.149623,0.0,99.55,1.0,0.006674619025368454,0.866142,5.0,17.0,,,
2025-07-02 13:00:00,paris,soil_temperature_7_to_28cm,LOF,28.3,,False,0.0,0,1,FP,1.16,0.0,99.57,1.0,0.006674619025368454,0.866142,5.0,17.0,,,
2025-07-02 14:00:00,paris,soil_temperature_7_to_28cm,LOF,28.5,,False,0.0,0,1,FP,1.233333,0.0,99.58,1.0,0.006674619025368454,0.866142,5.0,17.0,,,
2025-07-03 00:00:00,paris,soil_temperature_7_to_28cm,LOF,28.5,,False,0.0,0,1,FP,1.233333,0.0,99.58,1.0,0.006674619025368454,0.866142,5.0,17.0,,,
2025-07-03 04:00:00,paris,soil_temperature_7_to_28cm,LOF,27.8,,False,0.0,0,1,FP,1.025,0.0,99.54,1.0,0.006674619025368454,0.866142,5.0,17.0,,,
2025-07-03 05:00:00,paris,soil_temperature_7_to_28cm,LOF,27.5,,False,0.0,0,1,FP,131402152.65593,0.8,100.0,1.0,0.006674619025368454,0.866142,5.0,17.0,,,
2025-07-03 20:00:00,paris,soil_temperature_7_to_28cm,LOF,26.7,,False,0.0,0,1,FP,98551614.741945,0.6,99.99,1.0,0.006674619025368454,0.866142,5.0,17.0,,,
2025-07-03 23:00:00,paris,soil_temperature_7_to_28cm,LOF,26.7,,False,0.0,0,1,FP,98551614.741945,0.6,99.99,1.0,0.006674619025368454,0.866142,5.0,17.0,,,
2025-08-13 19:00:00,paris,soil_temperature_7_to_28cm,LOF,26.3,,False,0.0,0,1,FP,65701076.827963,0.4,99.98,1.0,0.006674619025368454,0.866142,5.0,17.0,,,
2025-08-15 20:00:00,paris,soil_temperature_7_to_28cm,LOF,26.3,,False,0.0,0,1,FP,65701076.827963,0.4,99.98,1.0,0.006674619025368454,0.866142,5.0,17.0,,,
2024-03-02 21:00:00,paris,soil_moisture_7_to_28cm,LOF,0.429,,False,0.0,0,1,FP,27684989.454576,0.081955,99.78,1.0,0.006674619025368454,0.76087,5.0,17.0,,,
2024-03-02 22:00:00,paris,soil_moisture_7_to_28cm,LOF,0.429,,False,0.0,0,1,FP,27684989.454576,0.081955,99.78,1.0,0.006674619025368454,0.76087,5.0,17.0,,,
2024-03-02 23:00:00,paris,soil_moisture_7_to_28cm,LOF,0.429,,False,0.0,0,1,FP,27684989.454576,0.081955,99.78,1.0,0.006674619025368454,0.76087,5.0,17.0,,,
2024-04-04 09:00:00,paris,soil_moisture_7_to_28cm,LOF,0.429,,False,0.0,0,1,FP,27684989.454576,0.081955,99.78,1.0,0.006674619025368454,0.76087,5.0,17.0,,,
2024-08-10 14:00:00,paris,soil_moisture_7_to_28cm,LOF,0.168,,False,0.0,0,1,FP,55369977.909152,0.163909,99.96,1.0,0.006674619025368454,0.76087,5.0,17.0,,,
2024-08-18 03:00:00,paris,soil_moisture_7_to_28cm,LOF,0.168,,False,0.0,0,1,FP,55369977.909152,0.163909,99.96,1.0,0.006674619025368454,0.76087,5.0,17.0,,,
2026-04-11 07:00:00,paris,soil_moisture_7_to_28cm,LOF,0.168,,False,0.0,0,1,FP,55369977.909152,0.163909,99.96,1.0,0.006674619025368454,0.76087,5.0,17.0,,,
2026-04-15 14:00:00,paris,soil_moisture_7_to_28cm,LOF,0.137,,False,0.0,0,1,FP,55369977.909153,0.163909,99.99,1.0,0.006674619025368454,0.76087,5.0,17.0,,,
2026-04-15 15:00:00,paris,soil_moisture_7_to_28cm,LOF,0.137,,False,0.0,0,1,FP,55369977.909153,0.163909,99.99,1.0,0.006674619025368454,0.76087,5.0,17.0,,,
2026-04-19 06:00:00,paris,soil_moisture_7_to_28cm,LOF,0.134,,False,0.0,0,1,FP,83054966.363727,0.245864,100.0,1.0,0.006674619025368454,0.76087,5.0,17.0,,,
2026-04-19 07:00:00,paris,soil_moisture_7_to_28cm,LOF,0.134,,False,0.0,0,1,FP,83054966.363727,0.245864,100.0,1.0,0.006674619025368454,0.76087,5.0,17.0,,,
2026-04-20 02:00:00,paris,soil_moisture_7_to_28cm,LOF,0.15,,False,0.0,0,1,FP,55369977.909152,0.163909,99.96,1.0,0.006674619025368454,0.76087,5.0,17.0,,,
2026-04-24 14:00:00,paris,soil_moisture_7_to_28cm,LOF,0.137,,False,0.0,0,1,FP,55369977.909153,0.163909,99.99,1.0,0.006674619025368454,0.76087,5.0,17.0,,,
2026-04-26 02:00:00,paris,soil_moisture_7_to_28cm,LOF,0.145,,False,0.0,0,1,FP,27684989.454576,0.081955,99.76,1.0,0.006674619025368454,0.76087,5.0,17.0,,,
2026-04-26 03:00:00,paris,soil_moisture_7_to_28cm,LOF,0.145,,False,0.0,0,1,FP,27684989.454576,0.081955,99.76,1.0,0.006674619025368454,0.76087,5.0,17.0,,,
2026-04-26 04:00:00,paris,soil_moisture_7_to_28cm,LOF,0.145,,False,0.0,0,1,FP,27684989.454576,0.081955,99.76,1.0,0.006674619025368454,0.76087,5.0,17.0,,,
2026-04-26 05:00:00,paris,soil_moisture_7_to_28cm,LOF,0.145,,False,0.0,0,1,FP,27684989.454576,0.081955,99.76,1.0,0.006674619025368454,0.76087,5.0,17.0,,,
2026-04-27 22:00:00,paris,soil_moisture_7_to_28cm,LOF,0.15,,False,0.0,0,1,FP,55369977.909152,0.163909,99.96,1.0,0.006674619025368454,0.76087,5.0,17.0,,,
2026-04-27 23:00:00,paris,soil_moisture_7_to_28cm,LOF,0.15,,False,0.0,0,1,FP,55369977.909152,0.163909,99.96,1.0,0.006674619025368454,0.76087,5.0,17.0,,,
2024-07-28 12:00:00,tokyo,temperature_2m,COPOD,37.4,,False,0.0,0,1,FP,6.662838,0.647111,99.88,6.3285,0.0016599383296106033,0.08,,,,,
2024-07-28 13:00:00,tokyo,temperature_2m,COPOD,37.5,,False,0.0,0,1,FP,6.742881,0.65578,99.89,6.3285,0.0016599383296106033,0.08,,,,,
2024-07-29 12:00:00,tokyo,temperature_2m,COPOD,37.8,,False,0.0,0,1,FP,7.030563,0.686939,99.92,6.3285,0.0016599383296106033,0.08,,,,,
2024-07-29 13:00:00,tokyo,temperature_2m,COPOD,38.0,,False,0.0,0,1,FP,7.355985,0.722186,99.94,6.3285,0.0016599383296106033,0.08,,,,,
2024-07-29 14:00:00,tokyo,temperature_2m,COPOD,38.2,,False,0.0,0,1,FP,7.618349,0.750603,99.96,6.3285,0.0016599383296106033,0.08,,,,,
2024-07-30 10:00:00,tokyo,temperature_2m,COPOD,37.7,,False,0.0,0,1,FP,6.876412,0.670243,99.91,6.3285,0.0016599383296106033,0.08,,,,,
2024-07-30 11:00:00,tokyo,temperature_2m,COPOD,38.8,,False,0.0,0,1,FP,8.311497,0.825679,99.99,6.3285,0.0016599383296106033,0.08,,,,,
2024-07-30 12:00:00,tokyo,temperature_2m,COPOD,38.8,,False,0.0,0,1,FP,8.311497,0.825679,99.99,6.3285,0.0016599383296106033,0.08,,,,,
2024-07-30 13:00:00,tokyo,temperature_2m,COPOD,38.0,,False,0.0,0,1,FP,7.355985,0.722186,99.94,6.3285,0.0016599383296106033,0.08,,,,,
2024-08-04 13:00:00,tokyo,temperature_2m,COPOD,37.5,,False,0.0,0,1,FP,6.742881,0.65578,99.89,6.3285,0.0016599383296106033,0.08,,,,,
2024-08-04 14:00:00,tokyo,temperature_2m,COPOD,37.7,,False,0.0,0,1,FP,6.876412,0.670243,99.91,6.3285,0.0016599383296106033,0.08,,,,,
2024-08-13 13:00:00,tokyo,temperature_2m,COPOD,37.2,,False,0.0,0,1,FP,6.394574,0.618054,99.85,6.3285,0.0016599383296106033,0.08,,,,,
2024-08-13 14:00:00,tokyo,temperature_2m,COPOD,37.2,,False,0.0,0,1,FP,6.394574,0.618054,99.85,6.3285,0.0016599383296106033,0.08,,,,,
2025-07-07 13:00:00,tokyo,temperature_2m,COPOD,37.2,,False,0.0,0,1,FP,6.394574,0.618054,99.85,6.3285,0.0016599383296106033,0.08,,,,,
2025-07-29 13:00:00,tokyo,temperature_2m,COPOD,37.3,,False,0.0,0,1,FP,6.58873,0.639084,99.87,6.3285,0.0016599383296106033,0.08,,,,,
2025-08-05 11:00:00,tokyo,temperature_2m,COPOD,37.2,,False,0.0,0,1,FP,6.394574,0.618054,99.85,6.3285,0.0016599383296106033,0.08,,,,,
2025-08-05 12:00:00,tokyo,temperature_2m,COPOD,37.8,,False,0.0,0,1,FP,7.030563,0.686939,99.92,6.3285,0.0016599383296106033,0.08,,,,,
2025-08-05 13:00:00,tokyo,temperature_2m,COPOD,38.2,,False,0.0,0,1,FP,7.618349,0.750603,99.96,6.3285,0.0016599383296106033,0.08,,,,,
2025-08-05 14:00:00,tokyo,temperature_2m,COPOD,38.5,,False,0.0,0,1,FP,7.975024,0.789235,99.97,6.3285,0.0016599383296106033,0.08,,,,,
2025-08-05 15:00:00,tokyo,temperature_2m,COPOD,38.1,,False,0.0,0,1,FP,7.523039,0.74028,99.95,6.3285,0.0016599383296106033,0.08,,,,,
2025-08-05 16:00:00,tokyo,temperature_2m,COPOD,37.3,,False,0.0,0,1,FP,6.58873,0.639084,99.87,6.3285,0.0016599383296106033,0.08,,,,,
2025-08-06 12:00:00,tokyo,temperature_2m,COPOD,37.4,,False,0.0,0,1,FP,6.662838,0.647111,99.88,6.3285,0.0016599383296106033,0.08,,,,,
2025-08-18 12:00:00,tokyo,temperature_2m,COPOD,37.7,,False,0.0,0,1,FP,6.876412,0.670243,99.91,6.3285,0.0016599383296106033,0.08,,,,,
2025-08-18 13:00:00,tokyo,temperature_2m,COPOD,37.8,,False,0.0,0,1,FP,7.030563,0.686939,99.92,6.3285,0.0016599383296106033,0.08,,,,,
2025-08-21 13:00:00,tokyo,temperature_2m,COPOD,37.9,,False,0.0,0,1,FP,7.281877,0.71416,99.94,6.3285,0.0016599383296106033,0.08,,,,,
2025-08-24 13:00:00,tokyo,temperature_2m,COPOD,37.2,,False,0.0,0,1,FP,6.394574,0.618054,99.85,6.3285,0.0016599383296106033,0.08,,,,,
2025-08-30 12:00:00,tokyo,temperature_2m,COPOD,37.5,,False,0.0,0,1,FP,6.742881,0.65578,99.89,6.3285,0.0016599383296106033,0.08,,,,,
2025-08-30 13:00:00,tokyo,temperature_2m,COPOD,38.2,,False,0.0,0,1,FP,7.618349,0.750603,99.96,6.3285,0.0016599383296106033,0.08,,,,,
2025-08-30 14:00:00,tokyo,temperature_2m,COPOD,38.7,,False,0.0,0,1,FP,8.129175,0.805932,99.98,6.3285,0.0016599383296106033,0.08,,,,,
2025-08-30 15:00:00,tokyo,temperature_2m,COPOD,38.8,,False,0.0,0,1,FP,8.311497,0.825679,99.99,6.3285,0.0016599383296106033,0.08,,,,,
2025-08-30 16:00:00,tokyo,temperature_2m,COPOD,37.2,,False,0.0,0,1,FP,6.394574,0.618054,99.85,6.3285,0.0016599383296106033,0.08,,,,,
2024-01-09 05:00:00,tokyo,apparent_temperature,LOF,-6.9,,False,0.0,0,1,FP,1.16,0.0,99.46,1.0,0.006674619025368454,0.766667,5.0,17.0,,,
2024-01-12 06:00:00,tokyo,apparent_temperature,LOF,-7.5,,False,0.0,0,1,FP,48591194.32069,0.6,99.98,1.0,0.006674619025368454,0.766667,5.0,17.0,,,
2024-01-16 05:00:00,tokyo,apparent_temperature,LOF,-7.4,,False,0.0,0,1,FP,1.0,0.0,99.43,1.0,0.006674619025368454,0.766667,5.0,17.0,,,
2024-01-16 07:00:00,tokyo,apparent_temperature,LOF,-7.0,,False,0.0,0,1,FP,16197065.44023,0.2,99.74,1.0,0.006674619025368454,0.766667,5.0,17.0,,,
2024-01-25 01:00:00,tokyo,apparent_temperature,LOF,-7.4,,False,0.0,0,1,FP,1.0,0.0,99.43,1.0,0.006674619025368454,0.766667,5.0,17.0,,,
2024-01-25 02:00:00,tokyo,apparent_temperature,LOF,-7.7,,False,0.0,0,1,FP,38872955.656554,0.48,99.96,1.0,0.006674619025368454,0.766667,5.0,17.0,,,
2024-01-25 04:00:00,tokyo,apparent_temperature,LOF,-8.2,,False,0.0,0,1,FP,29154716.988019,0.36,99.9,1.0,0.006674619025368454,0.766667,5.0,17.0,,,
2024-01-25 05:00:00,tokyo,apparent_temperature,LOF,-8.4,,False,0.0,0,1,FP,1.151111,0.0,99.46,1.0,0.006674619025368454,0.766667,5.0,17.0,,,
2024-01-25 06:00:00,tokyo,apparent_temperature,LOF,-8.3,,False,0.0,0,1,FP,1.141636,0.0,99.45,1.0,0.006674619025368454,0.766667,5.0,17.0,,,
2024-01-25 07:00:00,tokyo,apparent_temperature,LOF,-7.9,,False,0.0,0,1,FP,48591194.320692,0.6,99.99,1.0,0.006674619025368454,0.766667,5.0,17.0,,,
2024-01-26 03:00:00,tokyo,apparent_temperature,LOF,-7.8,,False,0.0,0,1,FP,1.08,0.0,99.45,1.0,0.006674619025368454,0.766667,5.0,17.0,,,
2024-01-26 04:00:00,tokyo,apparent_temperature,LOF,-8.5,,False,0.0,0,1,FP,1.328205,0.0,99.49,1.0,0.006674619025368454,0.766667,5.0,17.0,,,
2024-01-26 05:00:00,tokyo,apparent_temperature,LOF,-9.0,,False,0.0,0,1,FP,1.659291,0.0,99.5,1.0,0.006674619025368454,0.766667,5.0,17.0,,,
2024-01-26 06:00:00,tokyo,apparent_temperature,LOF,-9.4,,False,0.0,0,1,FP,1.999658,0.0,99.51,1.0,0.006674619025368454,0.766667,5.0,17.0,,,
2024-01-26 07:00:00,tokyo,apparent_temperature,LOF,-9.3,,False,0.0,0,1,FP,1.914566,0.0,99.51,1.0,0.006674619025368454,0.766667,5.0,17.0,,,
2024-02-05 20:00:00,tokyo,apparent_temperature,LOF,-7.0,,False,0.0,0,1,FP,16197065.44023,0.2,99.74,1.0,0.006674619025368454,0.766667,5.0,17.0,,,
2024-02-05 21:00:00,tokyo,apparent_temperature,LOF,-7.0,,False,0.0,0,1,FP,16197065.44023,0.2,99.74,1.0,0.006674619025368454,0.766667,5.0,17.0,,,
2024-07-20 12:00:00,tokyo,apparent_temperature,LOF,43.4,,False,0.0,0,1,FP,1.014286,0.0,99.43,1.0,0.006674619025368454,0.766667,5.0,17.0,,,
2024-07-28 12:00:00,tokyo,apparent_temperature,LOF,43.2,,False,0.0,0,1,FP,1.042857,0.0,99.44,1.0,0.006674619025368454,0.766667,5.0,17.0,,,
2024-07-30 12:00:00,tokyo,apparent_temperature,LOF,41.6,,False,0.0,0,1,FP,16197065.44023,0.2,99.74,1.0,0.006674619025368454,0.766667,5.0,17.0,,,
2024-08-14 11:00:00,tokyo,apparent_temperature,LOF,42.3,,False,0.0,0,1,FP,1.26,0.0,99.47,1.0,0.006674619025368454,0.766667,5.0,17.0,,,
2025-07-07 12:00:00,tokyo,apparent_temperature,LOF,42.1,,False,0.0,0,1,FP,32394129.880462,0.4,99.95,1.0,0.006674619025368454,0.766667,5.0,17.0,,,
2025-07-29 12:00:00,tokyo,apparent_temperature,LOF,41.6,,False,0.0,0,1,FP,16197065.44023,0.2,99.74,1.0,0.006674619025368454,0.766667,5.0,17.0,,,
2025-08-05 10:00:00,tokyo,apparent_temperature,LOF,41.4,,False,0.0,0,1,FP,44507965.279828,0.549581,99.97,1.0,0.006674619025368454,0.766667,5.0,17.0,,,
2025-08-05 13:00:00,tokyo,apparent_temperature,LOF,44.1,,False,0.0,0,1,FP,1.275556,0.0,99.48,1.0,0.006674619025368454,0.766667,5.0,17.0,,,
2025-08-05 16:00:00,tokyo,apparent_temperature,LOF,41.9,,False,0.0,0,1,FP,64788258.76092,0.8,100.0,1.0,0.006674619025368454,0.766667,5.0,17.0,,,
2025-08-06 10:00:00,tokyo,apparent_temperature,LOF,42.1,,False,0.0,0,1,FP,32394129.880462,0.4,99.95,1.0,0.006674619025368454,0.766667,5.0,17.0,,,
2025-08-06 13:00:00,tokyo,apparent_temperature,LOF,42.8,,False,0.0,0,1,FP,1.52,0.0,99.5,1.0,0.006674619025368454,0.766667,5.0,17.0,,,
2025-08-18 11:00:00,tokyo,apparent_temperature,LOF,42.3,,False,0.0,0,1,FP,1.26,0.0,99.47,1.0,0.006674619025368454,0.766667,5.0,17.0,,,
2025-08-21 12:00:00,tokyo,apparent_temperature,LOF,41.6,,False,0.0,0,1,FP,16197065.44023,0.2,99.74,1.0,0.006674619025368454,0.766667,5.0,17.0,,,
2025-08-21 13:00:00,tokyo,apparent_temperature,LOF,41.6,,False,0.0,0,1,FP,16197065.44023,0.2,99.74,1.0,0.006674619025368454,0.766667,5.0,17.0,,,
2025-08-23 12:00:00,tokyo,apparent_temperature,LOF,42.3,,False,0.0,0,1,FP,1.26,0.0,99.47,1.0,0.006674619025368454,0.766667,5.0,17.0,,,
2025-08-24 12:00:00,tokyo,apparent_temperature,LOF,42.8,,False,0.0,0,1,FP,1.52,0.0,99.5,1.0,0.006674619025368454,0.766667,5.0,17.0,,,
2025-08-30 13:00:00,tokyo,apparent_temperature,LOF,42.9,,False,0.0,0,1,FP,1.053333,0.0,99.44,1.0,0.006674619025368454,0.766667,5.0,17.0,,,
2025-09-18 12:00:00,tokyo,apparent_temperature,LOF,42.1,,False,0.0,0,1,FP,32394129.880462,0.4,99.95,1.0,0.006674619025368454,0.766667,5.0,17.0,,,
2026-01-23 07:00:00,tokyo,apparent_temperature,LOF,-7.2,,False,0.0,0,1,FP,16197065.44023,0.2,99.76,1.0,0.006674619025368454,0.766667,5.0,17.0,,,
2026-02-08 06:00:00,tokyo,apparent_temperature,LOF,-7.0,,False,0.0,0,1,FP,16197065.44023,0.2,99.74,1.0,0.006674619025368454,0.766667,5.0,17.0,,,
2026-02-08 07:00:00,tokyo,apparent_temperature,LOF,-7.4,,False,0.0,0,1,FP,1.0,0.0,99.43,1.0,0.006674619025368454,0.766667,5.0,17.0,,,
2026-02-08 21:00:00,tokyo,apparent_temperature,LOF,-7.7,,False,0.0,0,1,FP,38872955.656554,0.48,99.96,1.0,0.006674619025368454,0.766667,5.0,17.0,,,
2026-02-09 02:00:00,tokyo,apparent_temperature,LOF,-7.5,,False,0.0,0,1,FP,48591194.32069,0.6,99.98,1.0,0.006674619025368454,0.766667,5.0,17.0,,,
2026-02-09 05:00:00,tokyo,apparent_temperature,LOF,-8.2,,False,0.0,0,1,FP,29154716.988019,0.36,99.9,1.0,0.006674619025368454,0.766667,5.0,17.0,,,
2026-02-09 06:00:00,tokyo,apparent_temperature,LOF,-8.1,,False,0.0,0,1,FP,58309432.88959,0.72,100.0,1.0,0.006674619025368454,0.766667,5.0,17.0,,,
2026-02-09 07:00:00,tokyo,apparent_temperature,LOF,-7.9,,False,0.0,0,1,FP,48591194.320692,0.6,99.99,1.0,0.006674619025368454,0.766667,5.0,17.0,,,
2024-10-20 22:00:00,tokyo,surface_pressure,ECOD,1028.6,,False,0.0,0,1,FP,6.519737,0.631653,99.72,6.443914,0.0031136913754716807,0.965909,,,,,
2024-10-21 00:00:00,tokyo,surface_pressure,ECOD,1028.5,,False,0.0,0,1,FP,6.455199,0.624663,99.7,6.443914,0.0031136913754716807,0.965909,,,,,
2024-10-21 01:00:00,tokyo,surface_pressure,ECOD,1028.6,,False,0.0,0,1,FP,6.519737,0.631653,99.72,6.443914,0.0031136913754716807,0.965909,,,,,
2024-10-21 07:00:00,tokyo,surface_pressure,ECOD,1028.5,,False,0.0,0,1,FP,6.455199,0.624663,99.7,6.443914,0.0031136913754716807,0.965909,,,,,
2024-10-21 08:00:00,tokyo,surface_pressure,ECOD,1028.9,,False,0.0,0,1,FP,6.58873,0.639124,99.74,6.443914,0.0031136913754716807,0.965909,,,,,
2024-10-21 09:00:00,tokyo,surface_pressure,ECOD,1028.9,,False,0.0,0,1,FP,6.58873,0.639124,99.74,6.443914,0.0031136913754716807,0.965909,,,,,
2024-10-21 10:00:00,tokyo,surface_pressure,ECOD,1028.9,,False,0.0,0,1,FP,6.58873,0.639124,99.74,6.443914,0.0031136913754716807,0.965909,,,,,
2025-04-15 15:00:00,tokyo,surface_pressure,ECOD,984.5,,False,0.0,0,1,FP,6.486947,0.628101,99.71,6.443914,0.0031136913754716807,0.965909,,,,,
2025-04-15 16:00:00,tokyo,surface_pressure,ECOD,984.8,,False,0.0,0,1,FP,6.455199,0.624663,99.7,6.443914,0.0031136913754716807,0.965909,,,,,
2024-01-25 09:00:00,tokyo,soil_temperature_7_to_28cm,LOF,3.9,,False,0.0,0,1,FP,1.004245,0.0,99.57,1.0,0.02391682995171255,0.849057,7.0,34.0,,,
2024-01-25 10:00:00,tokyo,soil_temperature_7_to_28cm,LOF,3.8,,False,0.0,0,1,FP,1.05102,0.0,99.61,1.0,0.02391682995171255,0.849057,7.0,34.0,,,
2024-01-25 11:00:00,tokyo,soil_temperature_7_to_28cm,LOF,4.0,,False,0.0,0,1,FP,2.230642,0.0,99.67,1.0,0.02391682995171255,0.849057,7.0,34.0,,,
2024-01-26 05:00:00,tokyo,soil_temperature_7_to_28cm,LOF,3.9,,False,0.0,0,1,FP,1.004245,0.0,99.57,1.0,0.02391682995171255,0.849057,7.0,34.0,,,
2024-01-26 06:00:00,tokyo,soil_temperature_7_to_28cm,LOF,3.7,,False,0.0,0,1,FP,1.009524,0.0,99.59,1.0,0.02391682995171255,0.849057,7.0,34.0,,,
2024-01-26 07:00:00,tokyo,soil_temperature_7_to_28cm,LOF,3.5,,False,0.0,0,1,FP,1.107302,0.0,99.62,1.0,0.02391682995171255,0.849057,7.0,34.0,,,
2024-01-26 08:00:00,tokyo,soil_temperature_7_to_28cm,LOF,3.3,,False,0.0,0,1,FP,1.40093,0.0,99.64,1.0,0.02391682995171255,0.849057,7.0,34.0,,,
2024-01-26 09:00:00,tokyo,soil_temperature_7_to_28cm,LOF,3.2,,False,0.0,0,1,FP,1.625079,0.0,99.65,1.0,0.02391682995171255,0.849057,7.0,34.0,,,
2024-01-26 10:00:00,tokyo,soil_temperature_7_to_28cm,LOF,3.3,,False,0.0,0,1,FP,1.40093,0.0,99.64,1.0,0.02391682995171255,0.849057,7.0,34.0,,,
2024-01-26 11:00:00,tokyo,soil_temperature_7_to_28cm,LOF,3.5,,False,0.0,0,1,FP,1.107302,0.0,99.62,1.0,0.02391682995171255,0.849057,7.0,34.0,,,
2024-08-04 19:00:00,tokyo,soil_temperature_7_to_28cm,LOF,35.2,,False,0.0,0,1,FP,1.180039,0.0,99.63,1.0,0.02391682995171255,0.849057,7.0,34.0,,,
2024-08-04 20:00:00,tokyo,soil_temperature_7_to_28cm,LOF,35.2,,False,0.0,0,1,FP,1.180039,0.0,99.63,1.0,0.02391682995171255,0.849057,7.0,34.0,,,
2024-08-05 00:00:00,tokyo,soil_temperature_7_to_28cm,LOF,34.6,,False,0.0,0,1,FP,50689092.927143,0.75,99.99,1.0,0.02391682995171255,0.849057,7.0,34.0,,,
2024-08-05 01:00:00,tokyo,soil_temperature_7_to_28cm,LOF,34.4,,False,0.0,0,1,FP,50689092.927141,0.75,99.97,1.0,0.02391682995171255,0.849057,7.0,34.0,,,
2024-08-05 21:00:00,tokyo,soil_temperature_7_to_28cm,LOF,34.9,,False,0.0,0,1,FP,1.03218,0.0,99.6,1.0,0.02391682995171255,0.849057,7.0,34.0,,,
2024-08-05 23:00:00,tokyo,soil_temperature_7_to_28cm,LOF,34.6,,False,0.0,0,1,FP,50689092.927143,0.75,99.99,1.0,0.02391682995171255,0.849057,7.0,34.0,,,
2024-08-06 00:00:00,tokyo,soil_temperature_7_to_28cm,LOF,34.4,,False,0.0,0,1,FP,50689092.927141,0.75,99.97,1.0,0.02391682995171255,0.849057,7.0,34.0,,,
2025-01-11 10:00:00,tokyo,soil_temperature_7_to_28cm,LOF,3.7,,False,0.0,0,1,FP,1.009524,0.0,99.59,1.0,0.02391682995171255,0.849057,7.0,34.0,,,
2025-01-11 11:00:00,tokyo,soil_temperature_7_to_28cm,LOF,3.7,,False,0.0,0,1,FP,1.009524,0.0,99.59,1.0,0.02391682995171255,0.849057,7.0,34.0,,,
2025-01-11 12:00:00,tokyo,soil_temperature_7_to_28cm,LOF,3.7,,False,0.0,0,1,FP,1.009524,0.0,99.59,1.0,0.02391682995171255,0.849057,7.0,34.0,,,
2025-01-11 13:00:00,tokyo,soil_temperature_7_to_28cm,LOF,3.8,,False,0.0,0,1,FP,1.05102,0.0,99.61,1.0,0.02391682995171255,0.849057,7.0,34.0,,,
2025-01-12 07:00:00,tokyo,soil_temperature_7_to_28cm,LOF,4.0,,False,0.0,0,1,FP,2.230642,0.0,99.67,1.0,0.02391682995171255,0.849057,7.0,34.0,,,
2025-01-12 08:00:00,tokyo,soil_temperature_7_to_28cm,LOF,4.0,,False,0.0,0,1,FP,2.230642,0.0,99.67,1.0,0.02391682995171255,0.849057,7.0,34.0,,,
2025-01-12 09:00:00,tokyo,soil_temperature_7_to_28cm,LOF,3.9,,False,0.0,0,1,FP,1.004245,0.0,99.57,1.0,0.02391682995171255,0.849057,7.0,34.0,,,
2025-01-12 10:00:00,tokyo,soil_temperature_7_to_28cm,LOF,3.9,,False,0.0,0,1,FP,1.004245,0.0,99.57,1.0,0.02391682995171255,0.849057,7.0,34.0,,,
2025-01-12 11:00:00,tokyo,soil_temperature_7_to_28cm,LOF,3.9,,False,0.0,0,1,FP,1.004245,0.0,99.57,1.0,0.02391682995171255,0.849057,7.0,34.0,,,
2025-01-12 12:00:00,tokyo,soil_temperature_7_to_28cm,LOF,4.0,,False,0.0,0,1,FP,2.230642,0.0,99.67,1.0,0.02391682995171255,0.849057,7.0,34.0,,,
2025-01-19 12:00:00,tokyo,soil_temperature_7_to_28cm,LOF,4.0,,False,0.0,0,1,FP,2.230642,0.0,99.67,1.0,0.02391682995171255,0.849057,7.0,34.0,,,
2025-01-19 13:00:00,tokyo,soil_temperature_7_to_28cm,LOF,4.0,,False,0.0,0,1,FP,2.230642,0.0,99.67,1.0,0.02391682995171255,0.849057,7.0,34.0,,,
2025-08-06 22:00:00,tokyo,soil_temperature_7_to_28cm,LOF,34.4,,False,0.0,0,1,FP,50689092.927141,0.75,99.97,1.0,0.02391682995171255,0.849057,7.0,34.0,,,
2025-08-31 18:00:00,tokyo,soil_temperature_7_to_28cm,LOF,34.6,,False,0.0,0,1,FP,50689092.927143,0.75,99.99,1.0,0.02391682995171255,0.849057,7.0,34.0,,,
2025-08-31 21:00:00,tokyo,soil_temperature_7_to_28cm,LOF,34.6,,False,0.0,0,1,FP,50689092.927143,0.75,99.99,1.0,0.02391682995171255,0.849057,7.0,34.0,,,
2025-09-01 22:00:00,tokyo,soil_temperature_7_to_28cm,LOF,34.4,,False,0.0,0,1,FP,50689092.927141,0.75,99.97,1.0,0.02391682995171255,0.849057,7.0,34.0,,,
2024-04-09 11:00:00,tokyo,soil_moisture_7_to_28cm,LOF,0.425,,False,0.0,0,1,FP,53353057.070989,0.09983,99.97,1.0,0.012278360049275504,0.970149,5.0,77.0,,,
2024-06-03 23:00:00,tokyo,soil_moisture_7_to_28cm,LOF,0.418,,False,0.0,0,1,FP,26676529.035495,0.049915,99.7,1.0,0.012278360049275504,0.970149,5.0,77.0,,,
2024-06-18 15:00:00,tokyo,soil_moisture_7_to_28cm,LOF,0.429,,False,0.0,0,1,FP,26676529.035495,0.049915,99.7,1.0,0.012278360049275504,0.970149,5.0,77.0,,,
2024-06-18 17:00:00,tokyo,soil_moisture_7_to_28cm,LOF,0.425,,False,0.0,0,1,FP,53353057.070989,0.09983,99.97,1.0,0.012278360049275504,0.970149,5.0,77.0,,,
2024-06-21 14:00:00,tokyo,soil_moisture_7_to_28cm,LOF,0.427,,False,0.0,0,1,FP,106706113.141978,0.19966,99.98,1.0,0.012278360049275504,0.970149,5.0,77.0,,,
2024-06-21 20:00:00,tokyo,soil_moisture_7_to_28cm,LOF,0.418,,False,0.0,0,1,FP,26676529.035495,0.049915,99.7,1.0,0.012278360049275504,0.970149,5.0,77.0,,,
2024-06-28 14:00:00,tokyo,soil_moisture_7_to_28cm,LOF,0.429,,False,0.0,0,1,FP,26676529.035495,0.049915,99.7,1.0,0.012278360049275504,0.970149,5.0,77.0,,,
2024-06-28 15:00:00,tokyo,soil_moisture_7_to_28cm,LOF,0.429,,False,0.0,0,1,FP,26676529.035495,0.049915,99.7,1.0,0.012278360049275504,0.970149,5.0,77.0,,,
2024-06-28 17:00:00,tokyo,soil_moisture_7_to_28cm,LOF,0.429,,False,0.0,0,1,FP,26676529.035495,0.049915,99.7,1.0,0.012278360049275504,0.970149,5.0,77.0,,,
2024-06-28 20:00:00,tokyo,soil_moisture_7_to_28cm,LOF,0.425,,False,0.0,0,1,FP,53353057.070989,0.09983,99.97,1.0,0.012278360049275504,0.970149,5.0,77.0,,,
2024-06-29 06:00:00,tokyo,soil_moisture_7_to_28cm,LOF,0.418,,False,0.0,0,1,FP,26676529.035495,0.049915,99.7,1.0,0.012278360049275504,0.970149,5.0,77.0,,,
2024-11-02 18:00:00,tokyo,soil_moisture_7_to_28cm,LOF,0.418,,False,0.0,0,1,FP,26676529.035495,0.049915,99.7,1.0,0.012278360049275504,0.970149,5.0,77.0,,,
