dataset,column,day,n_injected_in_day,clean_daily_mean,polluted_daily_mean,abs_bias,bias_pct,snr
weather:amsterdam,temperature_2m,2024-01-15,1,2.2708,2.2829,0.012,0.5303,0.0021
weather:amsterdam,temperature_2m,2024-01-18,1,-1.5917,-1.5726,0.0191,1.1998,0.0033
weather:amsterdam,temperature_2m,2024-02-22,1,10.1125,10.0591,0.0534,0.5277,0.0093
weather:amsterdam,temperature_2m,2024-03-07,1,5.4167,5.3963,0.0203,0.3753,0.0035
weather:amsterdam,temperature_2m,2024-03-16,1,7.9875,8.0308,0.0433,0.5417,0.0075
weather:amsterdam,temperature_2m,2024-03-17,1,8.6167,8.6401,0.0234,0.2719,0.0041
weather:amsterdam,temperature_2m,2024-04-03,1,10.5083,10.5536,0.0453,0.4307,0.0078
weather:amsterdam,temperature_2m,2024-04-18,1,6.8,6.8234,0.0234,0.3442,0.0041
weather:amsterdam,temperature_2m,2024-04-21,1,6.3167,6.3385,0.0218,0.3457,0.0038
weather:amsterdam,temperature_2m,2024-05-12,1,18.0708,18.0052,0.0657,0.3634,0.0114
weather:amsterdam,temperature_2m,2024-05-14,1,19.6667,19.5559,0.1108,0.5634,0.0192
weather:amsterdam,temperature_2m,2024-05-15,1,15.8417,15.9042,0.0625,0.3947,0.0108
weather:amsterdam,temperature_2m,2024-05-27,1,14.0125,14.0879,0.0754,0.5383,0.0131
weather:amsterdam,temperature_2m,2024-05-29,1,14.8292,14.9104,0.0813,0.548,0.0141
weather:amsterdam,temperature_2m,2024-06-18,1,15.2042,15.2434,0.0392,0.2578,0.0068
weather:amsterdam,temperature_2m,2024-07-07,1,13.6375,13.598,0.0395,0.29,0.0069
weather:amsterdam,temperature_2m,2024-07-11,1,16.6167,16.5337,0.083,0.4994,0.0144
weather:amsterdam,temperature_2m,2024-07-18,1,18.3875,18.2998,0.0877,0.477,0.0152
weather:amsterdam,temperature_2m,2024-07-22,1,17.8917,17.9918,0.1002,0.5598,0.0174
weather:amsterdam,temperature_2m,2024-07-25,1,17.95,17.9079,0.0421,0.2344,0.0073
weather:amsterdam,temperature_2m,2024-07-30,1,21.9,22.013,0.113,0.5161,0.0196
weather:amsterdam,temperature_2m,2024-09-02,1,21.9917,22.1027,0.111,0.5048,0.0192
weather:amsterdam,temperature_2m,2024-10-17,1,15.9417,15.9736,0.032,0.2004,0.0055
weather:amsterdam,temperature_2m,2024-10-18,1,14.9417,14.9953,0.0536,0.3587,0.0093
weather:amsterdam,temperature_2m,2024-11-25,1,12.9125,12.8505,0.062,0.4805,0.0108
weather:amsterdam,temperature_2m,2024-12-01,1,6.0333,6.0661,0.0328,0.5438,0.0057
weather:amsterdam,temperature_2m,2024-12-15,1,8.4917,8.4493,0.0423,0.4986,0.0073
weather:amsterdam,temperature_2m,2024-12-30,1,7.4917,7.5232,0.0316,0.4215,0.0055
weather:amsterdam,temperature_2m,2024-12-31,1,6.0333,6.0046,0.0287,0.4763,0.005
weather:amsterdam,temperature_2m,2025-01-06,1,9.4708,9.5269,0.0561,0.5923,0.0097
weather:amsterdam,temperature_2m,2025-01-08,1,3.1917,3.2095,0.0178,0.5582,0.0031
weather:amsterdam,temperature_2m,2025-01-19,1,-1.05,-1.0538,0.0038,0.3607,0.0007
weather:amsterdam,temperature_2m,2025-02-14,1,0.5458,0.5486,0.0028,0.5135,0.0005
weather:amsterdam,temperature_2m,2025-02-19,1,0.6458,0.6412,0.0047,0.7217,0.0008
weather:amsterdam,temperature_2m,2025-02-25,1,7.775,7.8142,0.0392,0.504,0.0068
weather:amsterdam,temperature_2m,2025-02-28,1,5.1625,5.1694,0.0069,0.1333,0.0012
weather:amsterdam,temperature_2m,2025-03-12,1,4.6083,4.6201,0.0117,0.255,0.002
weather:amsterdam,temperature_2m,2025-03-22,1,14.1417,14.0452,0.0965,0.6823,0.0167
weather:amsterdam,temperature_2m,2025-03-27,1,7.5458,7.4774,0.0684,0.9063,0.0119
weather:amsterdam,temperature_2m,2025-04-17,1,9.9,9.9626,0.0626,0.6322,0.0109
weather:amsterdam,temperature_2m,2025-04-20,1,9.3708,9.403,0.0322,0.3435,0.0056
weather:amsterdam,temperature_2m,2025-05-08,1,12.1042,12.1523,0.0482,0.398,0.0084
weather:amsterdam,temperature_2m,2025-05-20,1,14.6542,14.5883,0.0659,0.4498,0.0114
weather:amsterdam,temperature_2m,2025-06-03,1,15.3167,15.3438,0.0272,0.1773,0.0047
weather:amsterdam,temperature_2m,2025-06-12,1,18.4792,18.5157,0.0366,0.1978,0.0063
weather:amsterdam,temperature_2m,2025-07-08,1,14.8208,14.7653,0.0555,0.3747,0.0096
weather:amsterdam,temperature_2m,2025-07-15,1,18.7542,18.683,0.0712,0.3797,0.0123
weather:amsterdam,temperature_2m,2025-07-16,1,16.9167,16.9675,0.0509,0.3006,0.0088
weather:amsterdam,temperature_2m,2025-07-29,1,17.2458,17.1387,0.1071,0.6212,0.0186
weather:amsterdam,temperature_2m,2025-08-06,1,16.95,16.8759,0.0741,0.4373,0.0128
weather:amsterdam,temperature_2m,2025-08-31,1,19.0292,19.1495,0.1203,0.6322,0.0209
weather:amsterdam,temperature_2m,2025-09-01,1,18.25,18.2153,0.0347,0.1901,0.006
weather:amsterdam,temperature_2m,2025-09-02,1,17.1792,17.0827,0.0965,0.5615,0.0167
weather:amsterdam,temperature_2m,2025-09-06,1,16.3125,16.3967,0.0842,0.5163,0.0146
weather:amsterdam,temperature_2m,2025-09-09,1,13.5542,13.5135,0.0407,0.3004,0.0071
weather:amsterdam,temperature_2m,2025-09-14,1,14.1917,14.243,0.0513,0.3614,0.0089
weather:amsterdam,temperature_2m,2025-09-19,1,19.1917,19.1195,0.0722,0.3762,0.0125
weather:amsterdam,temperature_2m,2025-09-27,1,12.0167,12.0742,0.0575,0.4787,0.01
weather:amsterdam,temperature_2m,2025-10-02,1,11.3875,11.3515,0.036,0.3161,0.0062
weather:amsterdam,temperature_2m,2025-10-13,1,14.2167,14.1501,0.0666,0.4686,0.0115
weather:amsterdam,temperature_2m,2025-10-19,1,9.6833,9.713,0.0296,0.3059,0.0051
weather:amsterdam,temperature_2m,2025-11-26,1,2.5417,2.535,0.0066,0.2607,0.0011
weather:amsterdam,temperature_2m,2025-11-29,1,9.075,9.03,0.045,0.4958,0.0078
weather:amsterdam,temperature_2m,2025-12-07,1,9.8083,9.8547,0.0464,0.4728,0.008
weather:amsterdam,temperature_2m,2025-12-13,1,8.0667,8.0358,0.0309,0.3825,0.0053
weather:amsterdam,temperature_2m,2025-12-24,1,1.4,1.4067,0.0067,0.4804,0.0012
weather:amsterdam,temperature_2m,2025-12-26,1,-2.0,-2.0119,0.0119,0.5943,0.0021
weather:amsterdam,temperature_2m,2025-12-29,1,3.1792,3.174,0.0052,0.1628,0.0009
weather:amsterdam,temperature_2m,2026-03-03,1,9.4083,9.3285,0.0798,0.8487,0.0138
weather:amsterdam,temperature_2m,2026-03-16,1,6.9083,6.9295,0.0211,0.3057,0.0037
weather:amsterdam,temperature_2m,2026-03-22,1,7.9833,7.9655,0.0179,0.2237,0.0031
weather:amsterdam,temperature_2m,2026-03-24,1,9.8833,9.9339,0.0506,0.512,0.0088
weather:amsterdam,temperature_2m,2026-04-20,1,7.9125,7.8624,0.0501,0.6331,0.0087
weather:amsterdam,temperature_2m,2026-04-23,1,9.075,9.0539,0.0211,0.2323,0.0037
weather:amsterdam,apparent_temperature,2024-01-18,1,-6.0625,-6.0294,0.0331,0.5457,0.0046
weather:amsterdam,apparent_temperature,2024-01-24,1,3.3917,3.4076,0.0159,0.4698,0.0022
weather:amsterdam,apparent_temperature,2024-01-29,1,3.3583,3.3342,0.0241,0.7173,0.0034
weather:amsterdam,apparent_temperature,2024-02-17,1,6.9,6.934,0.034,0.4932,0.0048
weather:amsterdam,apparent_temperature,2024-02-22,1,6.1958,6.2156,0.0197,0.3183,0.0028
weather:amsterdam,apparent_temperature,2024-04-15,1,3.4,3.393,0.007,0.2044,0.001
weather:amsterdam,apparent_temperature,2024-04-21,1,1.7542,1.7557,0.0016,0.0897,0.0002
weather:amsterdam,apparent_temperature,2024-05-12,1,16.5708,16.6519,0.0811,0.4893,0.0114
weather:amsterdam,apparent_temperature,2024-05-14,1,19.1042,19.0124,0.0918,0.4803,0.0128
weather:amsterdam,apparent_temperature,2024-05-18,1,17.3625,17.313,0.0495,0.2849,0.0069
weather:amsterdam,apparent_temperature,2024-06-05,1,9.9875,10.015,0.0275,0.2749,0.0038
weather:amsterdam,apparent_temperature,2024-06-15,2,10.7583,10.7226,0.0358,0.3324,0.005
weather:amsterdam,apparent_temperature,2024-06-18,1,14.8917,14.798,0.0937,0.6289,0.0131
weather:amsterdam,apparent_temperature,2024-07-07,1,11.6292,11.6,0.0291,0.2504,0.0041
weather:amsterdam,apparent_temperature,2024-07-17,1,16.6042,16.6435,0.0393,0.2368,0.0055
weather:amsterdam,apparent_temperature,2024-07-22,1,17.6167,17.5506,0.066,0.3748,0.0092
weather:amsterdam,apparent_temperature,2024-07-24,1,16.6542,16.5865,0.0676,0.406,0.0095
weather:amsterdam,apparent_temperature,2024-07-25,1,17.4792,17.3662,0.1129,0.646,0.0158
weather:amsterdam,apparent_temperature,2024-08-01,1,19.4958,19.4248,0.071,0.3643,0.0099
weather:amsterdam,apparent_temperature,2024-08-10,1,18.5417,18.6145,0.0729,0.393,0.0102
weather:amsterdam,apparent_temperature,2024-08-28,1,20.6583,20.5318,0.1266,0.6127,0.0177
weather:amsterdam,apparent_temperature,2024-09-21,1,17.0417,17.0775,0.0358,0.2102,0.005
weather:amsterdam,apparent_temperature,2024-10-07,1,12.6042,12.5301,0.074,0.5875,0.0104
weather:amsterdam,apparent_temperature,2024-10-14,1,6.0042,5.9542,0.05,0.8323,0.007
weather:amsterdam,apparent_temperature,2024-10-17,1,14.8667,14.8219,0.0448,0.3011,0.0063
weather:amsterdam,apparent_temperature,2024-10-29,1,13.0458,13.0092,0.0367,0.2811,0.0051
weather:amsterdam,apparent_temperature,2024-11-07,1,4.925,4.9134,0.0116,0.2355,0.0016
weather:amsterdam,apparent_temperature,2024-12-15,1,5.3417,5.3323,0.0094,0.1759,0.0013
weather:amsterdam,apparent_temperature,2024-12-16,1,6.7792,6.8129,0.0337,0.4976,0.0047
weather:amsterdam,apparent_temperature,2024-12-30,1,3.8667,3.8587,0.008,0.2071,0.0011
weather:amsterdam,apparent_temperature,2024-12-31,1,1.9208,1.9382,0.0174,0.9035,0.0024
weather:amsterdam,apparent_temperature,2025-01-08,1,-0.3875,-0.3845,0.003,0.774,0.0004
weather:amsterdam,apparent_temperature,2025-01-17,1,-0.4708,-0.4677,0.0031,0.6598,0.0004
weather:amsterdam,apparent_temperature,2025-01-19,1,-3.8875,-3.8691,0.0184,0.4735,0.0026
weather:amsterdam,apparent_temperature,2025-01-25,1,2.9333,2.9586,0.0253,0.8613,0.0035
weather:amsterdam,apparent_temperature,2025-02-01,1,-1.8,-1.8253,0.0253,1.4049,0.0035
weather:amsterdam,apparent_temperature,2025-02-04,1,-0.9417,-0.9459,0.0042,0.4509,0.0006
weather:amsterdam,apparent_temperature,2025-02-25,1,5.525,5.5039,0.0211,0.3824,0.003
weather:amsterdam,apparent_temperature,2025-03-02,1,-0.0917,-0.1095,0.0178,19.4438,0.0025
weather:amsterdam,apparent_temperature,2025-03-09,1,7.4167,7.4376,0.021,0.2827,0.0029
weather:amsterdam,apparent_temperature,2025-03-12,1,1.7458,1.7484,0.0026,0.1484,0.0004
weather:amsterdam,apparent_temperature,2025-03-17,1,0.9125,0.9017,0.0108,1.189,0.0015
weather:amsterdam,apparent_temperature,2025-04-17,1,8.3458,8.3663,0.0205,0.2458,0.0029
weather:amsterdam,apparent_temperature,2025-04-20,1,7.5292,7.5149,0.0143,0.1895,0.002
weather:amsterdam,apparent_temperature,2025-04-30,1,16.3333,16.2808,0.0525,0.3217,0.0074
weather:amsterdam,apparent_temperature,2025-05-11,1,15.7667,15.6387,0.128,0.8119,0.0179
weather:amsterdam,apparent_temperature,2025-05-24,1,9.8667,9.8321,0.0346,0.3505,0.0048
weather:amsterdam,apparent_temperature,2025-07-08,1,13.6625,13.7066,0.0441,0.3226,0.0062
weather:amsterdam,apparent_temperature,2025-07-10,1,19.175,19.2759,0.1009,0.5262,0.0141
weather:amsterdam,apparent_temperature,2025-07-15,2,17.3417,17.3765,0.0348,0.2007,0.0049
weather:amsterdam,apparent_temperature,2025-07-16,1,16.1792,16.1304,0.0488,0.3017,0.0068
weather:amsterdam,apparent_temperature,2025-07-19,1,23.2625,23.1898,0.0727,0.3126,0.0102
weather:amsterdam,apparent_temperature,2025-09-01,1,17.9333,17.8711,0.0623,0.3471,0.0087
weather:amsterdam,apparent_temperature,2025-09-02,1,15.8625,15.8108,0.0517,0.3261,0.0072
weather:amsterdam,apparent_temperature,2025-09-09,1,13.9708,13.925,0.0459,0.3282,0.0064
weather:amsterdam,apparent_temperature,2025-09-12,1,11.775,11.8083,0.0333,0.2824,0.0047
weather:amsterdam,apparent_temperature,2025-09-15,1,13.1458,13.1816,0.0357,0.2718,0.005
weather:amsterdam,apparent_temperature,2025-10-07,2,14.975,14.9536,0.0214,0.1429,0.003
weather:amsterdam,apparent_temperature,2025-10-19,1,7.2667,7.3343,0.0676,0.9302,0.0095
weather:amsterdam,apparent_temperature,2025-12-27,1,-2.2292,-2.2004,0.0288,1.2908,0.004
weather:amsterdam,apparent_temperature,2026-01-24,1,-0.35,-0.3448,0.0052,1.4777,0.0007
weather:amsterdam,apparent_temperature,2026-03-13,1,4.4708,4.4929,0.022,0.493,0.0031
weather:amsterdam,apparent_temperature,2026-03-24,1,6.3792,6.4137,0.0345,0.5413,0.0048
weather:amsterdam,apparent_temperature,2026-04-02,1,5.4417,5.4173,0.0243,0.4473,0.0034
weather:amsterdam,apparent_temperature,2026-04-03,1,4.4,4.4009,0.0009,0.0197,0.0001
weather:amsterdam,apparent_temperature,2026-04-07,1,5.9667,5.9719,0.0053,0.088,0.0007
weather:amsterdam,apparent_temperature,2026-04-13,1,7.5083,7.5748,0.0665,0.8854,0.0093
weather:amsterdam,apparent_temperature,2026-04-20,1,5.425,5.4405,0.0155,0.2849,0.0022
weather:amsterdam,apparent_temperature,2026-04-25,1,6.6958,6.6916,0.0042,0.0628,0.0006
weather:amsterdam,precipitation,2024-01-05,1,0.2625,0.2629,0.0004,0.1454,0.002
weather:amsterdam,precipitation,2024-01-15,1,0.1208,0.1208,0.0,0.0,0.0
weather:amsterdam,precipitation,2024-01-19,1,0.0708,0.0708,0.0,0.0,0.0
weather:amsterdam,precipitation,2024-02-22,1,0.4167,0.4167,0.0,0.0,0.0
weather:amsterdam,precipitation,2024-03-07,1,0.0,0.0,0.0,,0.0
weather:amsterdam,precipitation,2024-03-17,1,0.1583,0.1583,0.0,0.0,0.0
weather:amsterdam,precipitation,2024-03-25,2,0.0083,0.0083,0.0,0.0,0.0
weather:amsterdam,precipitation,2024-03-31,1,0.3125,0.3125,0.0,0.0,0.0
weather:amsterdam,precipitation,2024-04-09,1,0.0917,0.0921,0.0005,0.5034,0.0025
weather:amsterdam,precipitation,2024-04-15,1,0.5792,0.5796,0.0004,0.0723,0.0022
weather:amsterdam,precipitation,2024-05-03,1,0.4667,0.4677,0.001,0.216,0.0054
weather:amsterdam,precipitation,2024-05-14,1,0.0167,0.0167,0.0,0.0,0.0
weather:amsterdam,precipitation,2024-05-27,1,0.1792,0.1792,0.0,0.0,0.0
weather:amsterdam,precipitation,2024-06-07,1,0.1375,0.1375,0.0,0.0,0.0
weather:amsterdam,precipitation,2024-07-11,1,0.0333,0.0333,0.0,0.0,0.0
weather:amsterdam,precipitation,2024-07-22,1,0.0375,0.0375,0.0,0.0,0.0
weather:amsterdam,precipitation,2024-07-24,1,0.0,0.0,0.0,,0.0
weather:amsterdam,precipitation,2024-07-30,1,0.0,0.0,0.0,,0.0
weather:amsterdam,precipitation,2024-08-04,1,0.0,0.0,0.0,,0.0
weather:amsterdam,precipitation,2024-08-10,1,0.0,0.0,0.0,,0.0
weather:amsterdam,precipitation,2024-09-02,1,0.0542,0.0542,0.0,0.0,0.0
weather:amsterdam,precipitation,2024-10-18,1,0.025,0.025,0.0,0.0,0.0
weather:amsterdam,precipitation,2024-10-31,1,0.0,0.0,0.0,,0.0
weather:amsterdam,precipitation,2024-12-16,1,0.0125,0.0119,0.0006,4.6801,0.0031
weather:amsterdam,precipitation,2024-12-31,1,0.0,0.0,0.0,,0.0
weather:amsterdam,precipitation,2025-01-22,1,0.2083,0.2083,0.0,0.0,0.0
weather:amsterdam,precipitation,2025-02-02,1,0.0,0.0,0.0,,0.0
weather:amsterdam,precipitation,2025-02-12,1,0.2125,0.2121,0.0004,0.1965,0.0022
weather:amsterdam,precipitation,2025-02-14,1,0.0042,0.0042,0.0,0.0,0.0
weather:amsterdam,precipitation,2025-02-19,1,0.0,0.0,0.0,,0.0
weather:amsterdam,precipitation,2025-03-09,1,0.0,0.0,0.0,,0.0
weather:amsterdam,precipitation,2025-03-17,1,0.0,0.0,0.0,,0.0
weather:amsterdam,precipitation,2025-03-22,1,0.0125,0.0125,0.0,0.0,0.0
weather:amsterdam,precipitation,2025-03-27,1,0.0,0.0,0.0,,0.0
weather:amsterdam,precipitation,2025-04-08,1,0.0,0.0,0.0,,0.0
weather:amsterdam,precipitation,2025-05-08,1,0.0042,0.0042,0.0,0.0,0.0
weather:amsterdam,precipitation,2025-05-24,1,0.3625,0.3625,0.0,0.0,0.0
weather:amsterdam,precipitation,2025-05-29,1,0.05,0.05,0.0,0.0,0.0
weather:amsterdam,precipitation,2025-06-01,1,0.0042,0.0042,0.0,0.0,0.0
weather:amsterdam,precipitation,2025-06-04,1,0.2208,0.2208,0.0,0.0,0.0
weather:amsterdam,precipitation,2025-06-09,1,0.0375,0.0375,0.0,0.0,0.0
weather:amsterdam,precipitation,2025-06-17,1,0.0,0.0,0.0,,0.0
weather:amsterdam,precipitation,2025-06-28,1,0.0042,0.0042,0.0,0.0,0.0
weather:amsterdam,precipitation,2025-07-15,1,0.0208,0.0208,0.0,0.0,0.0
weather:amsterdam,precipitation,2025-07-29,1,0.0208,0.0208,0.0,0.0,0.0
weather:amsterdam,precipitation,2025-09-01,1,0.0167,0.0167,0.0,0.0,0.0
weather:amsterdam,precipitation,2025-09-02,1,0.0292,0.0292,0.0,0.0,0.0
weather:amsterdam,precipitation,2025-09-09,1,0.3708,0.3673,0.0036,0.9592,0.019
weather:amsterdam,precipitation,2025-09-14,1,0.1292,0.1292,0.0,0.0,0.0
weather:amsterdam,precipitation,2025-09-15,1,0.4333,0.4338,0.0005,0.1112,0.0026
weather:amsterdam,precipitation,2025-10-02,1,0.0,0.0,0.0,,0.0
weather:amsterdam,precipitation,2025-10-07,2,0.0125,0.0125,0.0,0.0,0.0
weather:amsterdam,precipitation,2025-10-19,1,0.0042,0.0042,0.0,0.0,0.0
weather:amsterdam,precipitation,2025-11-08,1,0.0,0.0,0.0,,0.0
weather:amsterdam,precipitation,2025-11-11,1,0.0208,0.0208,0.0,0.0,0.0
weather:amsterdam,precipitation,2025-11-14,1,0.5542,0.5526,0.0016,0.2886,0.0085
weather:amsterdam,precipitation,2025-12-07,1,0.4292,0.4284,0.0008,0.1877,0.0043
weather:amsterdam,precipitation,2025-12-17,1,0.0083,0.0079,0.0005,5.663,0.0025
weather:amsterdam,precipitation,2025-12-26,1,0.0,0.0,0.0,,0.0
weather:amsterdam,precipitation,2026-01-06,1,0.0083,0.0083,0.0,0.0,0.0
weather:amsterdam,precipitation,2026-01-24,1,0.0,0.0,0.0,,0.0
weather:amsterdam,precipitation,2026-03-29,1,0.1583,0.1472,0.0112,7.0525,0.0596
weather:amsterdam,precipitation,2026-04-02,1,0.0292,0.0285,0.0007,2.3587,0.0037
weather:amsterdam,precipitation,2026-04-03,1,0.0083,0.0083,0.0,0.0,0.0
weather:amsterdam,precipitation,2026-04-11,1,0.0667,0.0671,0.0005,0.6808,0.0024
weather:amsterdam,precipitation,2026-04-13,1,0.0083,0.0083,0.0,0.0,0.0
weather:amsterdam,precipitation,2026-04-20,1,0.0625,0.0625,0.0,0.0,0.0
weather:amsterdam,surface_pressure,2024-01-19,1,1016.8292,1012.6592,4.1699,0.4101,0.4039
weather:amsterdam,surface_pressure,2024-02-17,1,1028.075,1030.6695,2.5945,0.2524,0.2513
weather:amsterdam,surface_pressure,2024-02-21,1,1011.3125,1016.5244,5.2119,0.5154,0.5049
weather:amsterdam,surface_pressure,2024-03-14,1,1009.8625,1006.4762,3.3863,0.3353,0.328
weather:amsterdam,surface_pressure,2024-03-16,1,1016.8875,1011.486,5.4015,0.5312,0.5232
weather:amsterdam,surface_pressure,2024-03-17,1,1019.0583,1013.4606,5.5977,0.5493,0.5422
weather:amsterdam,surface_pressure,2024-03-27,2,985.0708,984.7852,0.2856,0.029,0.0277
weather:amsterdam,surface_pressure,2024-04-21,1,1024.6375,1019.8316,4.8059,0.469,0.4655
weather:amsterdam,surface_pressure,2024-05-12,1,1016.0667,1011.1752,4.8915,0.4814,0.4738
weather:amsterdam,surface_pressure,2024-05-15,1,1005.4583,1000.7281,4.7302,0.4705,0.4582
weather:amsterdam,surface_pressure,2024-06-01,1,1017.3208,1011.3074,6.0135,0.5911,0.5825
weather:amsterdam,surface_pressure,2024-06-07,1,1017.2458,1019.9098,2.664,0.2619,0.2581
weather:amsterdam,surface_pressure,2024-06-18,1,1013.2542,1015.5935,2.3393,0.2309,0.2266
weather:amsterdam,surface_pressure,2024-07-07,1,1010.1125,1005.6322,4.4803,0.4435,0.434
weather:amsterdam,surface_pressure,2024-07-15,1,1010.3792,1004.255,6.1241,0.6061,0.5932
weather:amsterdam,surface_pressure,2024-07-17,1,1018.3417,1014.234,4.1077,0.4034,0.3979
weather:amsterdam,surface_pressure,2024-07-22,1,1014.85,1009.6953,5.1547,0.5079,0.4993
weather:amsterdam,surface_pressure,2024-07-29,1,1023.0708,1025.4124,2.3416,0.2289,0.2268
weather:amsterdam,surface_pressure,2024-08-04,1,1013.6958,1018.6099,4.9141,0.4848,0.476
weather:amsterdam,surface_pressure,2024-08-09,1,1012.1,1008.0356,4.0644,0.4016,0.3937
weather:amsterdam,surface_pressure,2024-08-28,1,1014.8458,1011.2115,3.6343,0.3581,0.352
weather:amsterdam,surface_pressure,2024-10-06,1,1007.0667,1012.2236,5.1569,0.5121,0.4995
weather:amsterdam,surface_pressure,2024-10-10,1,996.4958,1001.3912,4.8954,0.4913,0.4742
weather:amsterdam,surface_pressure,2024-10-14,1,1017.6708,1013.5038,4.1671,0.4095,0.4037
weather:amsterdam,surface_pressure,2024-10-18,1,1013.4708,1015.7549,2.2841,0.2254,0.2213
weather:amsterdam,surface_pressure,2024-10-31,1,1026.9,1032.1939,5.2939,0.5155,0.5128
weather:amsterdam,surface_pressure,2024-11-07,1,1032.5958,1034.7601,2.1643,0.2096,0.2097
weather:amsterdam,surface_pressure,2024-12-30,1,1025.9708,1022.7277,3.2431,0.3161,0.3142
weather:amsterdam,surface_pressure,2024-12-31,1,1021.6333,1018.5567,3.0767,0.3012,0.298
weather:amsterdam,surface_pressure,2025-01-06,1,981.675,978.1417,3.5333,0.3599,0.3423
weather:amsterdam,surface_pressure,2025-02-11,1,1017.15,1010.8763,6.2737,0.6168,0.6077
weather:amsterdam,surface_pressure,2025-02-12,1,1017.3958,1011.7463,5.6496,0.5553,0.5473
weather:amsterdam,surface_pressure,2025-02-14,1,1026.9875,1032.005,5.0175,0.4886,0.486
weather:amsterdam,surface_pressure,2025-02-23,1,1023.325,1020.4354,2.8896,0.2824,0.2799
weather:amsterdam,surface_pressure,2025-02-25,2,1012.55,1004.9719,7.5781,0.7484,0.7341
weather:amsterdam,surface_pressure,2025-03-17,1,1028.35,1031.3985,3.0485,0.2965,0.2953
weather:amsterdam,surface_pressure,2025-03-23,1,1002.8167,997.4589,5.3578,0.5343,0.519
weather:amsterdam,surface_pressure,2025-03-30,1,1015.3583,1018.7625,3.4042,0.3353,0.3298
weather:amsterdam,surface_pressure,2025-04-17,2,1012.225,1019.3335,7.1085,0.7023,0.6886
weather:amsterdam,surface_pressure,2025-04-20,1,1007.0917,1004.1829,2.9088,0.2888,0.2818
weather:amsterdam,surface_pressure,2025-05-08,1,1018.9083,1015.891,3.0173,0.2961,0.2923
weather:amsterdam,surface_pressure,2025-05-11,1,1014.3,1008.9326,5.3674,0.5292,0.5199
weather:amsterdam,surface_pressure,2025-05-30,1,1018.4167,1015.9605,2.4562,0.2412,0.2379
weather:amsterdam,surface_pressure,2025-06-01,1,1012.575,1008.2473,4.3277,0.4274,0.4192
weather:amsterdam,surface_pressure,2025-06-03,1,1009.775,1003.4431,6.3319,0.6271,0.6134
weather:amsterdam,surface_pressure,2025-06-17,1,1025.1583,1019.9463,5.212,0.5084,0.5049
weather:amsterdam,surface_pressure,2025-08-23,2,1019.0833,1012.5398,6.5436,0.6421,0.6339
weather:amsterdam,surface_pressure,2025-08-31,1,1005.7083,1011.5098,5.8014,0.5769,0.562
weather:amsterdam,surface_pressure,2025-09-12,2,1009.8,1018.4921,8.6921,0.8608,0.842
weather:amsterdam,surface_pressure,2025-09-14,1,1010.475,1016.0017,5.5267,0.5469,0.5354
weather:amsterdam,surface_pressure,2025-09-15,1,1002.5625,1007.4093,4.8468,0.4834,0.4695
weather:amsterdam,surface_pressure,2025-09-17,1,1016.9375,1012.9822,3.9553,0.3889,0.3831
weather:amsterdam,surface_pressure,2025-09-19,1,1019.4833,1017.0797,2.4036,0.2358,0.2328
weather:amsterdam,surface_pressure,2025-09-27,1,1021.175,1026.2238,5.0488,0.4944,0.4891
weather:amsterdam,surface_pressure,2025-10-02,1,1025.9083,1020.7496,5.1587,0.5028,0.4997
weather:amsterdam,surface_pressure,2025-10-13,1,1028.3958,1032.7177,4.3219,0.4203,0.4187
weather:amsterdam,surface_pressure,2025-11-08,1,1012.325,1007.6104,4.7146,0.4657,0.4567
weather:amsterdam,surface_pressure,2025-11-29,1,1005.9708,1008.3176,2.3468,0.2333,0.2273
weather:amsterdam,surface_pressure,2025-12-02,1,1005.5667,1008.8743,3.3077,0.3289,0.3204
weather:amsterdam,surface_pressure,2025-12-13,1,1025.3458,1019.1657,6.1801,0.6027,0.5987
weather:amsterdam,surface_pressure,2026-01-24,1,999.725,1002.2893,2.5643,0.2565,0.2484
weather:amsterdam,surface_pressure,2026-03-16,1,1011.9042,1007.156,4.7482,0.4692,0.46
weather:amsterdam,surface_pressure,2026-03-20,1,1022.55,1016.6996,5.8504,0.5721,0.5667
weather:amsterdam,surface_pressure,2026-04-07,1,1026.8875,1022.0836,4.8039,0.4678,0.4653
weather:amsterdam,surface_pressure,2026-04-11,1,1009.6417,1012.4941,2.8525,0.2825,0.2763
weather:amsterdam,surface_pressure,2026-04-14,1,1018.7875,1015.3707,3.4168,0.3354,0.331
weather:amsterdam,surface_pressure,2026-04-20,1,1022.2167,1020.0296,2.187,0.214,0.2119
weather:amsterdam,soil_temperature_7_to_28cm,2024-01-15,1,0.4792,0.4767,0.0024,0.5112,0.0005
weather:amsterdam,soil_temperature_7_to_28cm,2024-01-18,1,0.5417,0.5439,0.0023,0.4207,0.0004
weather:amsterdam,soil_temperature_7_to_28cm,2024-02-17,1,9.1042,9.1347,0.0306,0.3357,0.0057
weather:amsterdam,soil_temperature_7_to_28cm,2024-02-22,1,8.6167,8.5815,0.0352,0.4085,0.0065
weather:amsterdam,soil_temperature_7_to_28cm,2024-03-07,1,7.2625,7.2919,0.0294,0.4047,0.0055
weather:amsterdam,soil_temperature_7_to_28cm,2024-03-25,1,7.6,7.6299,0.0299,0.393,0.0055
weather:amsterdam,soil_temperature_7_to_28cm,2024-04-09,1,12.975,13.0027,0.0277,0.2135,0.0051
weather:amsterdam,soil_temperature_7_to_28cm,2024-04-15,1,11.9917,11.931,0.0606,0.5057,0.0112
weather:amsterdam,soil_temperature_7_to_28cm,2024-05-14,1,16.8667,16.9649,0.0982,0.5823,0.0182
weather:amsterdam,soil_temperature_7_to_28cm,2024-06-01,1,15.4417,15.5022,0.0605,0.3918,0.0112
weather:amsterdam,soil_temperature_7_to_28cm,2024-06-07,1,14.45,14.3954,0.0546,0.3779,0.0101
weather:amsterdam,soil_temperature_7_to_28cm,2024-06-10,1,13.8083,13.8753,0.0669,0.4847,0.0124
weather:amsterdam,soil_temperature_7_to_28cm,2024-06-15,1,14.1708,14.125,0.0458,0.3234,0.0085
weather:amsterdam,soil_temperature_7_to_28cm,2024-07-07,1,15.45,15.5267,0.0767,0.4961,0.0142
weather:amsterdam,soil_temperature_7_to_28cm,2024-07-18,1,17.6083,17.5384,0.07,0.3974,0.013
weather:amsterdam,soil_temperature_7_to_28cm,2024-07-21,1,20.3083,20.25,0.0583,0.287,0.0108
weather:amsterdam,soil_temperature_7_to_28cm,2024-07-30,1,19.3708,19.2819,0.089,0.4592,0.0165
weather:amsterdam,soil_temperature_7_to_28cm,2024-08-01,1,20.1333,20.1844,0.051,0.2534,0.0095
weather:amsterdam,soil_temperature_7_to_28cm,2024-08-04,1,19.2958,19.3649,0.069,0.3578,0.0128
weather:amsterdam,soil_temperature_7_to_28cm,2024-08-09,1,19.7042,19.784,0.0798,0.405,0.0148
weather:amsterdam,soil_temperature_7_to_28cm,2024-09-02,1,19.6167,19.5419,0.0748,0.3812,0.0139
weather:amsterdam,soil_temperature_7_to_28cm,2024-09-22,1,16.8042,16.8941,0.0899,0.5349,0.0167
weather:amsterdam,soil_temperature_7_to_28cm,2024-09-27,1,14.575,14.5113,0.0637,0.4374,0.0118
weather:amsterdam,soil_temperature_7_to_28cm,2024-10-07,1,11.9417,11.9919,0.0503,0.4209,0.0093
weather:amsterdam,soil_temperature_7_to_28cm,2024-10-10,1,13.3083,13.3458,0.0374,0.2813,0.0069
weather:amsterdam,soil_temperature_7_to_28cm,2024-10-14,1,10.525,10.4708,0.0542,0.5146,0.01
weather:amsterdam,soil_temperature_7_to_28cm,2024-10-29,1,12.9,12.8265,0.0735,0.57,0.0136
weather:amsterdam,soil_temperature_7_to_28cm,2024-12-01,1,5.6583,5.6823,0.024,0.4239,0.0044
weather:amsterdam,soil_temperature_7_to_28cm,2024-12-16,1,7.0583,7.0285,0.0299,0.423,0.0055
weather:amsterdam,soil_temperature_7_to_28cm,2025-01-08,1,4.95,4.9301,0.0199,0.402,0.0037
weather:amsterdam,soil_temperature_7_to_28cm,2025-01-17,1,4.7542,4.7698,0.0156,0.3279,0.0029
weather:amsterdam,soil_temperature_7_to_28cm,2025-01-19,1,2.7792,2.7608,0.0183,0.6596,0.0034
weather:amsterdam,soil_temperature_7_to_28cm,2025-01-22,1,2.0667,2.0557,0.011,0.5322,0.002
weather:amsterdam,soil_temperature_7_to_28cm,2025-01-25,1,5.0583,5.0842,0.0258,0.5108,0.0048
weather:amsterdam,soil_temperature_7_to_28cm,2025-02-04,1,1.8208,1.8307,0.0098,0.5407,0.0018
weather:amsterdam,soil_temperature_7_to_28cm,2025-02-11,1,3.2375,3.2569,0.0194,0.6,0.0036
weather:amsterdam,soil_temperature_7_to_28cm,2025-02-14,1,2.6625,2.6696,0.0071,0.2665,0.0013
weather:amsterdam,soil_temperature_7_to_28cm,2025-02-19,1,1.1167,1.1119,0.0047,0.4241,0.0009
weather:amsterdam,soil_temperature_7_to_28cm,2025-02-26,1,7.4542,7.4889,0.0348,0.4666,0.0065
weather:amsterdam,soil_temperature_7_to_28cm,2025-02-28,1,6.5542,6.5941,0.04,0.61,0.0074
weather:amsterdam,soil_temperature_7_to_28cm,2025-03-03,1,3.2333,3.2259,0.0075,0.2311,0.0014
weather:amsterdam,soil_temperature_7_to_28cm,2025-03-09,1,7.725,7.7627,0.0377,0.4884,0.007
weather:amsterdam,soil_temperature_7_to_28cm,2025-03-19,1,4.5625,4.5478,0.0147,0.3219,0.0027
weather:amsterdam,soil_temperature_7_to_28cm,2025-03-23,1,10.1875,10.128,0.0595,0.5845,0.011
weather:amsterdam,soil_temperature_7_to_28cm,2025-04-03,1,9.5625,9.506,0.0565,0.5911,0.0105
weather:amsterdam,soil_temperature_7_to_28cm,2025-04-08,1,8.8,8.83,0.03,0.3405,0.0056
weather:amsterdam,soil_temperature_7_to_28cm,2025-04-12,1,10.0625,10.0204,0.0421,0.4182,0.0078
weather:amsterdam,soil_temperature_7_to_28cm,2025-04-30,1,13.775,13.8287,0.0537,0.39,0.01
weather:amsterdam,soil_temperature_7_to_28cm,2025-05-06,1,11.6625,11.688,0.0255,0.2183,0.0047
weather:amsterdam,soil_temperature_7_to_28cm,2025-05-11,1,14.125,14.0513,0.0737,0.5218,0.0137
weather:amsterdam,soil_temperature_7_to_28cm,2025-05-12,1,15.4167,15.3508,0.0658,0.4271,0.0122
weather:amsterdam,soil_temperature_7_to_28cm,2025-05-20,1,15.4667,15.4253,0.0414,0.2676,0.0077
weather:amsterdam,soil_temperature_7_to_28cm,2025-06-01,1,16.4708,16.5538,0.0829,0.5036,0.0154
weather:amsterdam,soil_temperature_7_to_28cm,2025-06-04,1,15.7167,15.658,0.0587,0.3735,0.0109
weather:amsterdam,soil_temperature_7_to_28cm,2025-06-17,1,17.9,17.8092,0.0908,0.5072,0.0168
weather:amsterdam,soil_temperature_7_to_28cm,2025-06-28,1,18.7458,18.6572,0.0886,0.4727,0.0164
weather:amsterdam,soil_temperature_7_to_28cm,2025-07-15,2,19.775,19.7361,0.0389,0.1967,0.0072
weather:amsterdam,soil_temperature_7_to_28cm,2025-07-31,1,17.9125,17.8362,0.0763,0.4257,0.0141
weather:amsterdam,soil_temperature_7_to_28cm,2025-08-15,1,20.8792,20.9733,0.0941,0.4508,0.0175
weather:amsterdam,soil_temperature_7_to_28cm,2025-08-23,1,17.0833,17.1276,0.0443,0.2592,0.0082
weather:amsterdam,soil_temperature_7_to_28cm,2025-09-01,1,17.9125,18.0044,0.0919,0.5129,0.017
weather:amsterdam,soil_temperature_7_to_28cm,2025-09-17,1,14.6125,14.6661,0.0536,0.3665,0.0099
weather:amsterdam,soil_temperature_7_to_28cm,2025-09-27,2,12.825,12.926,0.101,0.7873,0.0187
weather:amsterdam,soil_temperature_7_to_28cm,2025-10-19,1,11.3083,11.3478,0.0394,0.3487,0.0073
weather:amsterdam,soil_temperature_7_to_28cm,2025-11-14,1,10.9042,10.9691,0.065,0.5959,0.0121
weather:amsterdam,soil_temperature_7_to_28cm,2025-11-15,1,10.2417,10.2674,0.0257,0.2512,0.0048
weather:amsterdam,soil_temperature_7_to_28cm,2025-12-13,1,8.4083,8.3814,0.027,0.3209,0.005
weather:amsterdam,soil_temperature_7_to_28cm,2025-12-29,1,2.6833,2.6748,0.0085,0.318,0.0016
weather:amsterdam,soil_temperature_7_to_28cm,2026-01-06,1,1.5792,1.589,0.0098,0.6233,0.0018
weather:amsterdam,soil_temperature_7_to_28cm,2026-03-03,1,8.2958,8.2646,0.0313,0.3768,0.0058
weather:amsterdam,soil_temperature_7_to_28cm,2026-03-13,1,8.4583,8.4275,0.0308,0.3643,0.0057
weather:amsterdam,soil_temperature_7_to_28cm,2026-04-20,1,10.475,10.5248,0.0498,0.4753,0.0092
weather:amsterdam,soil_temperature_7_to_28cm,2026-04-25,1,10.475,10.4218,0.0532,0.508,0.0099
weather:amsterdam,soil_moisture_7_to_28cm,2024-01-15,1,0.6899,0.6878,0.0021,0.3108,0.0253
weather:amsterdam,soil_moisture_7_to_28cm,2024-01-19,1,0.6793,0.6757,0.0037,0.539,0.0431
weather:amsterdam,soil_moisture_7_to_28cm,2024-02-22,1,0.7265,0.7293,0.0029,0.3947,0.0338
weather:amsterdam,soil_moisture_7_to_28cm,2024-03-17,1,0.6708,0.667,0.0038,0.5733,0.0453
weather:amsterdam,soil_moisture_7_to_28cm,2024-03-19,1,0.6791,0.6813,0.0022,0.3217,0.0257
weather:amsterdam,soil_moisture_7_to_28cm,2024-03-25,1,0.7079,0.7096,0.0017,0.235,0.0196
weather:amsterdam,soil_moisture_7_to_28cm,2024-04-03,1,0.6865,0.6847,0.0018,0.2677,0.0217
weather:amsterdam,soil_moisture_7_to_28cm,2024-05-15,1,0.6218,0.619,0.0028,0.456,0.0334
weather:amsterdam,soil_moisture_7_to_28cm,2024-05-27,1,0.7254,0.727,0.0017,0.2283,0.0195
weather:amsterdam,soil_moisture_7_to_28cm,2024-06-05,1,0.677,0.6747,0.0023,0.3403,0.0271
weather:amsterdam,soil_moisture_7_to_28cm,2024-06-10,1,0.6696,0.6732,0.0036,0.5358,0.0423
weather:amsterdam,soil_moisture_7_to_28cm,2024-06-18,1,0.7052,0.7089,0.0036,0.5121,0.0425
weather:amsterdam,soil_moisture_7_to_28cm,2024-07-18,1,0.6723,0.6745,0.0022,0.3314,0.0262
weather:amsterdam,soil_moisture_7_to_28cm,2024-07-22,1,0.6277,0.63,0.0023,0.3706,0.0274
weather:amsterdam,soil_moisture_7_to_28cm,2024-07-25,1,0.6113,0.6096,0.0017,0.2803,0.0202
weather:amsterdam,soil_moisture_7_to_28cm,2024-07-29,1,0.5951,0.5965,0.0014,0.2323,0.0163
weather:amsterdam,soil_moisture_7_to_28cm,2024-08-04,1,0.5489,0.5508,0.0019,0.3548,0.0229
weather:amsterdam,soil_moisture_7_to_28cm,2024-08-09,1,0.5204,0.5223,0.0019,0.3684,0.0226
weather:amsterdam,soil_moisture_7_to_28cm,2024-08-10,1,0.5193,0.5166,0.0027,0.5201,0.0318
weather:amsterdam,soil_moisture_7_to_28cm,2024-08-28,1,0.5613,0.5596,0.0017,0.3024,0.02
weather:amsterdam,soil_moisture_7_to_28cm,2024-09-02,1,0.536,0.5386,0.0026,0.4845,0.0306
weather:amsterdam,soil_moisture_7_to_28cm,2024-09-21,1,0.608,0.6057,0.0023,0.3827,0.0274
weather:amsterdam,soil_moisture_7_to_28cm,2024-09-27,1,0.6641,0.6669,0.0028,0.4177,0.0327
weather:amsterdam,soil_moisture_7_to_28cm,2024-10-06,1,0.6683,0.665,0.0033,0.4875,0.0384
weather:amsterdam,soil_moisture_7_to_28cm,2024-10-10,1,0.6797,0.6832,0.0035,0.5141,0.0412
weather:amsterdam,soil_moisture_7_to_28cm,2024-10-14,1,0.6863,0.6824,0.0039,0.5644,0.0456
weather:amsterdam,soil_moisture_7_to_28cm,2024-10-20,1,0.6682,0.6649,0.0033,0.4962,0.0391
weather:amsterdam,soil_moisture_7_to_28cm,2024-12-01,1,0.613,0.6155,0.0025,0.4054,0.0293
weather:amsterdam,soil_moisture_7_to_28cm,2025-01-08,1,0.627,0.6244,0.0026,0.4088,0.0302
weather:amsterdam,soil_moisture_7_to_28cm,2025-01-14,1,0.623,0.6214,0.0016,0.2601,0.0191
weather:amsterdam,soil_moisture_7_to_28cm,2025-01-17,1,0.622,0.6241,0.0021,0.3347,0.0245
weather:amsterdam,soil_moisture_7_to_28cm,2025-01-19,1,0.619,0.6218,0.0028,0.4493,0.0328
weather:amsterdam,soil_moisture_7_to_28cm,2025-01-25,1,0.6228,0.6254,0.0027,0.4288,0.0315
weather:amsterdam,soil_moisture_7_to_28cm,2025-02-14,1,0.619,0.6174,0.0015,0.2461,0.0179
weather:amsterdam,soil_moisture_7_to_28cm,2025-02-19,1,0.6104,0.6119,0.0015,0.2465,0.0177
weather:amsterdam,soil_moisture_7_to_28cm,2025-02-24,1,0.5741,0.5762,0.0021,0.3743,0.0253
weather:amsterdam,soil_moisture_7_to_28cm,2025-02-25,1,0.58,0.5777,0.0023,0.3976,0.0272
weather:amsterdam,soil_moisture_7_to_28cm,2025-02-28,1,0.5876,0.5852,0.0024,0.4056,0.0281
weather:amsterdam,soil_moisture_7_to_28cm,2025-03-19,1,0.5775,0.5754,0.0021,0.3707,0.0252
weather:amsterdam,soil_moisture_7_to_28cm,2025-03-27,1,0.5628,0.5614,0.0014,0.2525,0.0167
weather:amsterdam,soil_moisture_7_to_28cm,2025-04-17,1,0.5208,0.5183,0.0026,0.4929,0.0302
weather:amsterdam,soil_moisture_7_to_28cm,2025-05-08,1,0.4551,0.4573,0.0021,0.471,0.0253
weather:amsterdam,soil_moisture_7_to_28cm,2025-05-11,1,0.4318,0.4308,0.001,0.2265,0.0115
weather:amsterdam,soil_moisture_7_to_28cm,2025-05-24,1,0.4077,0.4054,0.0023,0.5754,0.0276
weather:amsterdam,soil_moisture_7_to_28cm,2025-06-01,1,0.5009,0.5037,0.0029,0.5705,0.0337
weather:amsterdam,soil_moisture_7_to_28cm,2025-06-03,1,0.4964,0.4945,0.0018,0.372,0.0218
weather:amsterdam,soil_moisture_7_to_28cm,2025-06-04,1,0.4933,0.4922,0.0011,0.2269,0.0132
weather:amsterdam,soil_moisture_7_to_28cm,2025-06-28,1,0.4567,0.4586,0.0019,0.4145,0.0223
weather:amsterdam,soil_moisture_7_to_28cm,2025-07-31,1,0.4151,0.4141,0.0009,0.2267,0.0111
weather:amsterdam,soil_moisture_7_to_28cm,2025-08-15,1,0.4336,0.4351,0.0015,0.3347,0.0171
weather:amsterdam,soil_moisture_7_to_28cm,2025-08-24,1,0.4516,0.4493,0.0023,0.5124,0.0273
weather:amsterdam,soil_moisture_7_to_28cm,2025-08-31,1,0.4369,0.4355,0.0015,0.3338,0.0172
weather:amsterdam,soil_moisture_7_to_28cm,2025-09-02,1,0.4328,0.4313,0.0015,0.3357,0.0171
weather:amsterdam,soil_moisture_7_to_28cm,2025-09-19,1,0.5687,0.5706,0.0019,0.3411,0.0228
weather:amsterdam,soil_moisture_7_to_28cm,2025-09-27,2,0.571,0.5743,0.0034,0.589,0.0396
weather:amsterdam,soil_moisture_7_to_28cm,2025-10-02,1,0.5616,0.5632,0.0016,0.2879,0.019
weather:amsterdam,soil_moisture_7_to_28cm,2025-10-27,1,0.6164,0.6194,0.0031,0.4973,0.0361
weather:amsterdam,soil_moisture_7_to_28cm,2025-11-14,1,0.5988,0.601,0.0022,0.3668,0.0259
weather:amsterdam,soil_moisture_7_to_28cm,2025-11-29,1,0.6008,0.6031,0.0024,0.3948,0.0279
weather:amsterdam,soil_moisture_7_to_28cm,2025-12-07,1,0.5965,0.595,0.0015,0.2585,0.0182
weather:amsterdam,soil_moisture_7_to_28cm,2025-12-24,1,0.601,0.6046,0.0036,0.5947,0.0421
weather:amsterdam,soil_moisture_7_to_28cm,2025-12-26,1,0.601,0.6035,0.0025,0.4158,0.0294
weather:amsterdam,soil_moisture_7_to_28cm,2026-01-23,1,0.6115,0.613,0.0015,0.2448,0.0176
weather:amsterdam,soil_moisture_7_to_28cm,2026-01-24,1,0.611,0.6083,0.0027,0.4487,0.0323
weather:amsterdam,soil_moisture_7_to_28cm,2026-03-03,1,0.6143,0.613,0.0014,0.2216,0.016
weather:amsterdam,soil_moisture_7_to_28cm,2026-03-30,1,0.6186,0.6169,0.0017,0.2731,0.0199
weather:amsterdam,soil_moisture_7_to_28cm,2026-04-07,1,0.5863,0.5841,0.0022,0.368,0.0254
weather:amsterdam,soil_moisture_7_to_28cm,2026-04-13,1,0.533,0.531,0.002,0.3831,0.0241
weather:amsterdam,soil_moisture_7_to_28cm,2026-04-20,1,0.5087,0.5063,0.0024,0.4642,0.0278
weather:amsterdam,soil_moisture_7_to_28cm,2026-04-24,1,0.4868,0.485,0.0017,0.3584,0.0206
weather:london,temperature_2m,2024-01-08,1,2.0208,2.0287,0.0078,0.3878,0.0014
weather:london,temperature_2m,2024-01-21,1,8.9125,8.9445,0.032,0.359,0.0059
weather:london,temperature_2m,2024-03-08,1,6.525,6.4877,0.0373,0.5712,0.0069
weather:london,temperature_2m,2024-04-06,1,15.9875,15.9445,0.043,0.2688,0.0079
weather:london,temperature_2m,2024-04-09,1,9.4125,9.3803,0.0322,0.3421,0.0059
weather:london,temperature_2m,2024-04-23,1,7.6667,7.6527,0.0139,0.1817,0.0026
weather:london,temperature_2m,2024-05-07,1,13.7167,13.6291,0.0876,0.6385,0.0161
weather:london,temperature_2m,2024-05-18,1,15.2708,15.3057,0.0349,0.2285,0.0064
weather:london,temperature_2m,2024-06-10,1,11.9708,12.0306,0.0597,0.4989,0.011
weather:london,temperature_2m,2024-06-22,1,17.3917,17.3156,0.0761,0.4375,0.014
weather:london,temperature_2m,2024-06-23,1,17.7708,17.6546,0.1162,0.6538,0.0214
weather:london,temperature_2m,2024-06-24,1,20.4667,20.5891,0.1224,0.598,0.0225
weather:london,temperature_2m,2024-07-07,2,13.5375,13.5901,0.0526,0.3889,0.0097
weather:london,temperature_2m,2024-07-13,1,14.6708,14.7408,0.07,0.4771,0.0129
weather:london,temperature_2m,2024-07-19,1,22.2875,22.3697,0.0822,0.3686,0.0151
weather:london,temperature_2m,2024-07-25,1,17.8667,17.9575,0.0909,0.5085,0.0167
weather:london,temperature_2m,2024-08-05,1,19.0917,19.1565,0.0649,0.3398,0.0119
weather:london,temperature_2m,2024-08-12,1,24.325,24.3756,0.0506,0.2079,0.0093
weather:london,temperature_2m,2024-08-18,1,18.275,18.3768,0.1018,0.5568,0.0187
weather:london,temperature_2m,2024-08-30,1,16.2708,16.3333,0.0625,0.384,0.0115
weather:london,temperature_2m,2024-10-06,2,13.6917,13.8161,0.1244,0.9085,0.0229
weather:london,temperature_2m,2024-10-25,1,13.8583,13.9207,0.0624,0.45,0.0115
weather:london,temperature_2m,2024-12-05,1,11.775,11.7255,0.0495,0.4204,0.0091
weather:london,temperature_2m,2024-12-18,1,12.5792,12.4975,0.0816,0.6489,0.015
weather:london,temperature_2m,2024-12-29,1,5.75,5.7654,0.0154,0.2674,0.0028
weather:london,temperature_2m,2025-01-01,1,9.0167,8.9932,0.0235,0.2602,0.0043
weather:london,temperature_2m,2025-01-10,1,-0.7042,-0.6994,0.0048,0.6761,0.0009
weather:london,temperature_2m,2025-01-11,1,-2.1875,-2.1779,0.0096,0.4401,0.0018
weather:london,temperature_2m,2025-01-26,1,4.825,4.8336,0.0086,0.179,0.0016
weather:london,temperature_2m,2025-02-08,1,4.7125,4.6944,0.0181,0.3844,0.0033
weather:london,temperature_2m,2025-02-23,1,9.0208,8.9763,0.0446,0.494,0.0082
weather:london,temperature_2m,2025-03-05,1,6.4,6.3958,0.0042,0.066,0.0008
weather:london,temperature_2m,2025-03-15,1,3.9667,3.9588,0.0079,0.199,0.0015
weather:london,temperature_2m,2025-04-05,1,11.3208,11.3771,0.0563,0.497,0.0104
weather:london,temperature_2m,2025-04-16,1,11.0667,10.9943,0.0723,0.6535,0.0133
weather:london,temperature_2m,2025-06-05,1,14.0208,14.0675,0.0467,0.3328,0.0086
weather:london,temperature_2m,2025-06-27,1,19.9708,19.9184,0.0524,0.2625,0.0096
weather:london,temperature_2m,2025-06-29,1,23.65,23.7093,0.0593,0.2505,0.0109
weather:london,temperature_2m,2025-07-19,1,20.2083,20.1593,0.049,0.2426,0.009
weather:london,temperature_2m,2025-08-16,1,19.4625,19.5867,0.1242,0.6381,0.0229
weather:london,temperature_2m,2025-09-15,1,15.7,15.6492,0.0508,0.3233,0.0093
weather:london,temperature_2m,2025-10-23,1,9.7625,9.7098,0.0527,0.54,0.0097
weather:london,temperature_2m,2025-10-28,1,12.425,12.3525,0.0725,0.5831,0.0133
weather:london,temperature_2m,2025-12-05,1,4.5958,4.5946,0.0013,0.0278,0.0002
weather:london,temperature_2m,2025-12-08,2,12.0333,12.0279,0.0055,0.0454,0.001
weather:london,temperature_2m,2025-12-16,1,9.7,9.6606,0.0394,0.406,0.0072
weather:london,temperature_2m,2025-12-29,1,4.8708,4.8556,0.0152,0.3119,0.0028
weather:london,temperature_2m,2025-12-31,1,0.6667,0.6732,0.0066,0.9838,0.0012
weather:london,temperature_2m,2026-01-06,1,-1.1375,-1.1469,0.0094,0.8275,0.0017
weather:london,temperature_2m,2026-01-11,1,3.9792,3.9534,0.0258,0.6476,0.0047
weather:london,temperature_2m,2026-01-22,1,8.7875,8.8359,0.0484,0.551,0.0089
weather:london,temperature_2m,2026-03-12,1,9.6042,9.6343,0.0301,0.3135,0.0055
weather:london,temperature_2m,2026-03-15,1,6.7958,6.7791,0.0168,0.2466,0.0031
weather:london,temperature_2m,2026-04-20,1,10.0875,10.1121,0.0246,0.2441,0.0045
weather:london,temperature_2m,2026-04-22,1,11.4625,11.5069,0.0444,0.3871,0.0082
weather:london,apparent_temperature,2024-01-04,1,3.5125,3.5165,0.004,0.1148,0.0006
weather:london,apparent_temperature,2024-01-18,1,-6.8375,-6.8433,0.0058,0.0854,0.0009
weather:london,apparent_temperature,2024-01-28,1,2.5917,2.6316,0.04,1.5416,0.0062
weather:london,apparent_temperature,2024-02-06,1,6.5292,6.5532,0.0241,0.3687,0.0037
weather:london,apparent_temperature,2024-02-14,1,9.025,9.0611,0.0361,0.3994,0.0056
weather:london,apparent_temperature,2024-02-18,1,8.6292,8.6667,0.0376,0.4355,0.0058
weather:london,apparent_temperature,2024-03-05,1,4.6792,4.6448,0.0344,0.7351,0.0053
weather:london,apparent_temperature,2024-03-21,1,8.45,8.4125,0.0375,0.4441,0.0058
weather:london,apparent_temperature,2024-03-25,1,4.0708,4.0737,0.0028,0.0694,0.0004
weather:london,apparent_temperature,2024-04-09,1,3.6625,3.6742,0.0117,0.3192,0.0018
weather:london,apparent_temperature,2024-04-23,1,4.6708,4.6599,0.011,0.2346,0.0017
weather:london,apparent_temperature,2024-05-05,1,9.8375,9.8048,0.0327,0.3319,0.005
weather:london,apparent_temperature,2024-06-10,1,8.7667,8.799,0.0324,0.3691,0.005
weather:london,apparent_temperature,2024-06-15,1,9.7833,9.7624,0.0209,0.2141,0.0032
weather:london,apparent_temperature,2024-06-22,1,15.7542,15.651,0.1031,0.6546,0.0159
weather:london,apparent_temperature,2024-06-23,1,17.3792,17.3177,0.0614,0.3535,0.0095
weather:london,apparent_temperature,2024-06-24,1,21.1625,21.0657,0.0968,0.4575,0.015
weather:london,apparent_temperature,2024-07-13,1,13.3167,13.365,0.0484,0.3633,0.0075
weather:london,apparent_temperature,2024-07-19,1,23.1125,23.2636,0.1511,0.6537,0.0234
weather:london,apparent_temperature,2024-08-05,1,18.175,18.226,0.051,0.2804,0.0079
weather:london,apparent_temperature,2024-09-17,1,12.3083,12.2901,0.0182,0.1482,0.0028
weather:london,apparent_temperature,2024-09-19,1,16.8417,16.9229,0.0812,0.4824,0.0126
weather:london,apparent_temperature,2024-09-22,1,17.5292,17.4841,0.0451,0.2573,0.007
weather:london,apparent_temperature,2024-09-25,1,12.0,11.9459,0.0541,0.4506,0.0084
weather:london,apparent_temperature,2024-10-19,1,12.1583,12.1202,0.0381,0.3132,0.0059
weather:london,apparent_temperature,2024-11-24,1,12.1333,12.1615,0.0282,0.2324,0.0044
weather:london,apparent_temperature,2024-12-18,1,9.4417,9.4131,0.0286,0.3028,0.0044
weather:london,apparent_temperature,2024-12-29,1,3.2458,3.2632,0.0174,0.5358,0.0027
weather:london,apparent_temperature,2025-01-03,2,-3.3375,-3.3652,0.0277,0.8292,0.0043
weather:london,apparent_temperature,2025-01-10,1,-3.6917,-3.6875,0.0042,0.113,0.0006
weather:london,apparent_temperature,2025-01-11,1,-5.0833,-5.1093,0.026,0.5109,0.004
weather:london,apparent_temperature,2025-01-22,1,0.675,0.6743,0.0007,0.1103,0.0001
weather:london,apparent_temperature,2025-02-03,1,1.3,1.3075,0.0075,0.5736,0.0012
weather:london,apparent_temperature,2025-02-07,2,-0.9333,-0.9399,0.0066,0.7035,0.001
weather:london,apparent_temperature,2025-03-05,1,3.7375,3.7421,0.0046,0.1237,0.0007
weather:london,apparent_temperature,2025-03-15,1,-0.175,-0.1707,0.0043,2.4466,0.0007
weather:london,apparent_temperature,2025-04-01,1,5.5958,5.5849,0.0109,0.1947,0.0017
weather:london,apparent_temperature,2025-04-16,1,6.6875,6.719,0.0315,0.4705,0.0049
weather:london,apparent_temperature,2025-05-07,1,8.1083,8.1449,0.0366,0.4511,0.0057
weather:london,apparent_temperature,2025-05-09,1,9.6458,9.7086,0.0628,0.6506,0.0097
weather:london,apparent_temperature,2025-05-12,1,17.9458,18.0097,0.0638,0.3557,0.0099
weather:london,apparent_temperature,2025-05-23,2,10.3167,10.3139,0.0028,0.0268,0.0004
weather:london,apparent_temperature,2025-05-26,1,11.3417,11.2633,0.0784,0.6909,0.0121
weather:london,apparent_temperature,2025-06-21,1,24.85,24.7853,0.0647,0.2603,0.01
weather:london,apparent_temperature,2025-06-23,1,15.8792,15.934,0.0548,0.3452,0.0085
weather:london,apparent_temperature,2025-06-27,1,19.15,19.0692,0.0808,0.422,0.0125
weather:london,apparent_temperature,2025-06-29,1,24.3417,24.2377,0.104,0.4273,0.0161
weather:london,apparent_temperature,2025-07-10,1,24.125,24.0413,0.0837,0.3468,0.0129
weather:london,apparent_temperature,2025-07-19,1,21.3958,21.3284,0.0674,0.3152,0.0104
weather:london,apparent_temperature,2025-08-23,1,18.4125,18.311,0.1015,0.5514,0.0157
weather:london,apparent_temperature,2025-09-13,1,12.0958,12.1415,0.0457,0.3774,0.0071
weather:london,apparent_temperature,2025-09-15,1,12.0,11.9721,0.0279,0.2322,0.0043
weather:london,apparent_temperature,2025-09-16,1,11.8458,11.9109,0.0651,0.5494,0.0101
weather:london,apparent_temperature,2025-09-25,1,10.2875,10.3096,0.0221,0.2144,0.0034
weather:london,apparent_temperature,2025-10-15,1,10.075,10.1062,0.0312,0.3096,0.0048
weather:london,apparent_temperature,2025-10-23,1,5.9583,5.9863,0.0279,0.4687,0.0043
weather:london,apparent_temperature,2025-10-24,1,4.875,4.9051,0.0301,0.6165,0.0046
weather:london,apparent_temperature,2025-11-11,1,9.9167,9.8945,0.0222,0.2234,0.0034
weather:london,apparent_temperature,2025-12-08,1,9.95,9.9004,0.0496,0.4982,0.0077
weather:london,apparent_temperature,2025-12-11,1,6.975,6.9526,0.0224,0.3211,0.0035
weather:london,apparent_temperature,2025-12-16,1,7.8208,7.7837,0.0372,0.4753,0.0057
weather:london,apparent_temperature,2025-12-29,1,1.6417,1.6435,0.0019,0.1142,0.0003
weather:london,apparent_temperature,2025-12-31,1,-2.6125,-2.6033,0.0092,0.3531,0.0014
weather:london,apparent_temperature,2026-01-06,3,-5.2375,-5.2476,0.0101,0.1927,0.0016
weather:london,apparent_temperature,2026-01-11,1,-0.0542,-0.0494,0.0048,8.8072,0.0007
weather:london,apparent_temperature,2026-01-16,1,4.0458,4.0713,0.0255,0.6304,0.0039
weather:london,apparent_temperature,2026-03-10,1,7.675,7.7004,0.0254,0.3305,0.0039
weather:london,apparent_temperature,2026-04-03,1,8.275,8.2494,0.0256,0.3088,0.004
weather:london,apparent_temperature,2026-04-19,1,8.0917,8.1066,0.015,0.1849,0.0023
weather:london,apparent_temperature,2026-04-20,1,6.9542,6.9675,0.0134,0.1921,0.0021
weather:london,apparent_temperature,2026-04-26,1,11.075,11.0296,0.0454,0.41,0.007
weather:london,precipitation,2024-01-07,1,0.0,0.0,0.0,,0.0
weather:london,precipitation,2024-01-11,1,0.0,0.0,0.0,,0.0
weather:london,precipitation,2024-01-21,1,0.0542,0.0542,0.0,0.0,0.0
weather:london,precipitation,2024-03-08,1,0.0,0.0,0.0,,0.0
weather:london,precipitation,2024-03-28,1,0.425,0.425,0.0,0.0,0.0
weather:london,precipitation,2024-04-01,1,0.25,0.2489,0.0011,0.4508,0.0065
weather:london,precipitation,2024-04-06,1,0.0042,0.0042,0.0,0.0,0.0
weather:london,precipitation,2024-05-26,2,0.225,0.2245,0.0005,0.2076,0.0027
weather:london,precipitation,2024-06-02,1,0.0,0.0,0.0,,0.0
weather:london,precipitation,2024-06-15,1,0.1083,0.1083,0.0,0.0,0.0
weather:london,precipitation,2024-06-19,1,0.0,0.0,0.0,,0.0
weather:london,precipitation,2024-06-22,1,0.0667,0.0672,0.0005,0.7668,0.003
weather:london,precipitation,2024-06-23,1,0.0,0.0,0.0,,0.0
weather:london,precipitation,2024-06-24,1,0.0,0.0,0.0,,0.0
weather:london,precipitation,2024-07-07,2,0.5125,0.5125,0.0,0.0,0.0
weather:london,precipitation,2024-07-13,1,0.025,0.025,0.0,0.0,0.0
weather:london,precipitation,2024-07-18,1,0.0,0.0,0.0,,0.0
weather:london,precipitation,2024-07-21,1,0.0,0.0,0.0,,0.0
weather:london,precipitation,2024-08-18,1,0.0,0.0,0.0,,0.0
weather:london,precipitation,2024-08-23,1,0.0375,0.0375,0.0,0.0,0.0
weather:london,precipitation,2024-08-30,1,0.0,0.0,0.0,,0.0
weather:london,precipitation,2024-09-01,1,0.0,0.0,0.0,,0.0
weather:london,precipitation,2024-10-06,1,0.1667,0.1667,0.0,0.0,0.0
weather:london,precipitation,2024-10-19,1,0.3042,0.3053,0.0011,0.3698,0.0065
weather:london,precipitation,2024-10-25,1,0.175,0.175,0.0,0.0,0.0
weather:london,precipitation,2024-11-13,1,0.0,0.0,0.0,,0.0
weather:london,precipitation,2024-11-17,1,0.0208,0.0208,0.0,0.0,0.0
weather:london,precipitation,2024-12-09,1,0.0042,0.0042,0.0,0.0,0.0
weather:london,precipitation,2024-12-13,1,0.0042,0.0042,0.0,0.0,0.0
weather:london,precipitation,2024-12-29,1,0.0,0.0,0.0,,0.0
weather:london,precipitation,2025-01-03,2,0.0,0.0,0.0,,0.0
weather:london,precipitation,2025-01-25,1,0.0875,0.0875,0.0,0.0,0.0
weather:london,precipitation,2025-01-31,1,0.1458,0.1463,0.0004,0.2907,0.0025
weather:london,precipitation,2025-02-03,1,0.0,0.0,0.0,,0.0
weather:london,precipitation,2025-02-05,1,0.0,0.0,0.0,,0.0
weather:london,precipitation,2025-02-08,1,0.0917,0.0917,0.0,0.0,0.0
weather:london,precipitation,2025-02-14,1,0.0,0.0,0.0,,0.0
weather:london,precipitation,2025-03-07,1,0.0,0.0,0.0,,0.0
weather:london,precipitation,2025-03-15,1,0.0083,0.0083,0.0,0.0,0.0
weather:london,precipitation,2025-03-20,1,0.0,0.0,0.0,,0.0
weather:london,precipitation,2025-04-05,1,0.0,0.0,0.0,,0.0
weather:london,precipitation,2025-04-10,1,0.0,0.0,0.0,,0.0
weather:london,precipitation,2025-04-16,1,0.0083,0.0083,0.0,0.0,0.0
weather:london,precipitation,2025-04-23,1,0.3958,0.4011,0.0052,1.318,0.0302
weather:london,precipitation,2025-05-06,1,0.0042,0.0042,0.0,0.0,0.0
weather:london,precipitation,2025-05-08,1,0.0,0.0,0.0,,0.0
weather:london,precipitation,2025-05-24,1,0.25,0.25,0.0,0.0,0.0
weather:london,precipitation,2025-06-01,1,0.0,0.0,0.0,,0.0
weather:london,precipitation,2025-06-14,1,0.1917,0.1917,0.0,0.0,0.0
weather:london,precipitation,2025-06-20,1,0.0,0.0,0.0,,0.0
weather:london,precipitation,2025-06-27,1,0.075,0.0786,0.0036,4.8512,0.0211
weather:london,precipitation,2025-09-23,1,0.0,0.0,0.0,,0.0
weather:london,precipitation,2025-10-21,2,0.0083,0.0083,0.0,0.0,0.0
weather:london,precipitation,2025-10-28,1,0.0125,0.0125,0.0,0.0,0.0
weather:london,precipitation,2025-11-11,1,0.0417,0.0417,0.0,0.0,0.0
weather:london,precipitation,2025-12-11,1,0.0,0.0,0.0,,0.0
weather:london,precipitation,2025-12-16,1,0.1875,0.1875,0.0,0.0,0.0
weather:london,precipitation,2025-12-26,1,0.0,0.0,0.0,,0.0
weather:london,precipitation,2025-12-29,2,0.0,0.0,0.0,,0.0
weather:london,precipitation,2026-01-06,1,0.025,0.024,0.001,3.9694,0.0057
weather:london,precipitation,2026-01-10,1,0.0,0.0,0.0,,0.0
weather:london,precipitation,2026-01-11,1,0.0833,0.0839,0.0006,0.7223,0.0035
weather:london,precipitation,2026-01-16,1,0.025,0.025,0.0,0.0,0.0
weather:london,precipitation,2026-01-19,1,0.0333,0.0333,0.0,0.0,0.0
weather:london,precipitation,2026-02-20,1,0.0708,0.0708,0.0,0.0,0.0
weather:london,precipitation,2026-03-04,1,0.0,0.0,0.0,,0.0
weather:london,precipitation,2026-03-15,2,0.1083,0.1083,0.0,0.0,0.0
weather:london,precipitation,2026-03-16,1,0.0,0.0,0.0,,0.0
weather:london,precipitation,2026-03-21,1,0.0,0.0,0.0,,0.0
weather:london,precipitation,2026-04-26,1,0.0,0.0,0.0,,0.0
weather:london,surface_pressure,2024-01-07,1,1024.7708,1021.9388,2.832,0.2764,0.2595
weather:london,surface_pressure,2024-01-08,1,1029.8917,1035.6875,5.7958,0.5628,0.5311
weather:london,surface_pressure,2024-01-18,1,1004.1958,1000.5386,3.6573,0.3642,0.3351
weather:london,surface_pressure,2024-02-06,1,1007.6125,1003.5497,4.0628,0.4032,0.3723
weather:london,surface_pressure,2024-02-18,1,1023.1708,1017.7761,5.3948,0.5273,0.4943
weather:london,surface_pressure,2024-02-28,1,1015.3833,1011.3086,4.0748,0.4013,0.3734
weather:london,surface_pressure,2024-03-05,1,1010.2,1006.9109,3.2891,0.3256,0.3014
weather:london,surface_pressure,2024-03-08,1,1005.6667,1009.7921,4.1255,0.4102,0.378
weather:london,surface_pressure,2024-04-01,1,992.0542,987.548,4.5061,0.4542,0.4129
weather:london,surface_pressure,2024-04-06,1,1000.6042,995.8861,4.7181,0.4715,0.4323
weather:london,surface_pressure,2024-05-03,1,1006.6917,1009.5676,2.8759,0.2857,0.2635
weather:london,surface_pressure,2024-05-26,1,1009.9458,1006.4041,3.5418,0.3507,0.3245
weather:london,surface_pressure,2024-06-02,1,1024.725,1020.8196,3.9054,0.3811,0.3579
weather:london,surface_pressure,2024-06-19,1,1018.7667,1013.4429,5.3238,0.5226,0.4878
weather:london,surface_pressure,2024-06-20,2,1018.3875,1027.8097,9.4222,0.9252,0.8634
weather:london,surface_pressure,2024-06-23,1,1017.3583,1011.2057,6.1526,0.6048,0.5638
weather:london,surface_pressure,2024-07-07,2,1007.8917,1005.7861,2.1055,0.2089,0.1929
weather:london,surface_pressure,2024-07-13,1,1012.2292,1014.8727,2.6435,0.2612,0.2422
weather:london,surface_pressure,2024-07-25,1,1009.8,1006.4325,3.3675,0.3335,0.3086
weather:london,surface_pressure,2024-08-05,1,1010.8,1015.2207,4.4207,0.4373,0.4051
weather:london,surface_pressure,2024-08-23,1,1002.0542,1005.1182,3.064,0.3058,0.2808
weather:london,surface_pressure,2024-09-01,1,1012.0542,1006.9813,5.0729,0.5012,0.4648
weather:london,surface_pressure,2024-09-17,1,1028.7375,1023.1755,5.562,0.5407,0.5097
weather:london,surface_pressure,2024-09-18,1,1026.0542,1023.3496,2.7045,0.2636,0.2478
weather:london,surface_pressure,2024-09-25,1,997.0625,1000.6954,3.6329,0.3644,0.3329
weather:london,surface_pressure,2024-09-30,1,1000.3042,997.6891,2.6151,0.2614,0.2396
weather:london,surface_pressure,2024-10-29,1,1022.2583,1016.8774,5.3809,0.5264,0.4931
weather:london,surface_pressure,2024-12-09,1,1027.8708,1022.1492,5.7216,0.5566,0.5243
weather:london,surface_pressure,2024-12-18,1,1005.1208,998.8658,6.255,0.6223,0.5732
weather:london,surface_pressure,2024-12-29,1,1027.8583,1032.867,5.0087,0.4873,0.4589
weather:london,surface_pressure,2025-01-03,1,1021.7917,1016.0447,5.747,0.5624,0.5266
weather:london,surface_pressure,2025-01-10,1,1017.9292,1022.5218,4.5927,0.4512,0.4208
weather:london,surface_pressure,2025-01-11,1,1027.7458,1022.0237,5.7221,0.5568,0.5243
weather:london,surface_pressure,2025-01-22,1,1002.9042,1000.1889,2.7153,0.2707,0.2488
weather:london,surface_pressure,2025-01-31,1,1022.575,1016.3378,6.2372,0.61,0.5715
weather:london,surface_pressure,2025-02-03,1,1022.9333,1025.7978,2.8644,0.28,0.2625
weather:london,surface_pressure,2025-02-05,1,1034.7958,1038.2315,3.4357,0.332,0.3148
weather:london,surface_pressure,2025-02-07,1,1024.475,1029.7488,5.2738,0.5148,0.4832
weather:london,surface_pressure,2025-03-15,1,1019.6083,1023.4172,3.8088,0.3736,0.349
weather:london,surface_pressure,2025-03-20,1,1017.5667,1013.6114,3.9552,0.3887,0.3624
weather:london,surface_pressure,2025-04-01,1,1024.0917,1029.2398,5.1482,0.5027,0.4717
weather:london,surface_pressure,2025-04-10,1,1028.7958,1026.1408,2.655,0.2581,0.2433
weather:london,surface_pressure,2025-04-19,1,1005.9792,1001.6682,4.311,0.4285,0.395
weather:london,surface_pressure,2025-05-05,1,1019.4958,1014.6465,4.8494,0.4757,0.4444
weather:london,surface_pressure,2025-05-06,1,1022.8417,1017.3361,5.5056,0.5383,0.5045
weather:london,surface_pressure,2025-05-07,1,1021.7083,1018.5364,3.1719,0.3105,0.2906
weather:london,surface_pressure,2025-05-23,1,1017.5625,1014.4452,3.1173,0.3063,0.2856
weather:london,surface_pressure,2025-06-01,1,1011.9458,1005.7328,6.213,0.614,0.5693
weather:london,surface_pressure,2025-06-15,1,1019.975,1014.6006,5.3744,0.5269,0.4925
weather:london,surface_pressure,2025-06-20,1,1021.5167,1025.2532,3.7366,0.3658,0.3424
weather:london,surface_pressure,2025-06-23,1,1011.0375,1005.7373,5.3002,0.5242,0.4857
weather:london,surface_pressure,2025-06-29,1,1022.3917,1024.9082,2.5165,0.2461,0.2306
weather:london,surface_pressure,2025-08-01,1,1014.1167,1017.3791,3.2624,0.3217,0.2989
weather:london,surface_pressure,2025-08-31,1,1001.8,1007.0148,5.2148,0.5205,0.4778
weather:london,surface_pressure,2025-09-08,1,1013.875,1019.3193,5.4443,0.537,0.4989
weather:london,surface_pressure,2025-09-13,1,1006.9667,1010.3896,3.4229,0.3399,0.3136
weather:london,surface_pressure,2025-09-16,1,1014.7125,1017.4327,2.7202,0.2681,0.2493
weather:london,surface_pressure,2025-09-23,1,1026.2167,1023.4581,2.7585,0.2688,0.2528
weather:london,surface_pressure,2025-10-15,1,1027.8792,1024.0172,3.8619,0.3757,0.3539
weather:london,surface_pressure,2025-11-17,1,1019.5917,1023.2308,3.6392,0.3569,0.3335
weather:london,surface_pressure,2025-12-08,1,1006.0417,1003.5427,2.499,0.2484,0.229
weather:london,surface_pressure,2025-12-11,1,1016.975,1022.2266,5.2516,0.5164,0.4812
weather:london,surface_pressure,2025-12-17,1,1012.9875,1015.4405,2.453,0.2422,0.2248
weather:london,surface_pressure,2025-12-29,2,1027.1167,1027.0109,0.1057,0.0103,0.0097
weather:london,surface_pressure,2025-12-31,1,1027.3667,1032.8411,5.4744,0.5329,0.5016
weather:london,surface_pressure,2026-01-06,1,1014.1958,1019.1726,4.9768,0.4907,0.456
weather:london,surface_pressure,2026-01-11,1,1012.7792,1006.5209,6.2582,0.6179,0.5734
weather:london,surface_pressure,2026-01-16,1,1004.5417,1009.6807,5.1391,0.5116,0.4709
weather:london,surface_pressure,2026-01-22,1,985.6042,979.5179,6.0863,0.6175,0.5577
weather:london,surface_pressure,2026-03-02,1,1013.1875,1016.283,3.0955,0.3055,0.2836
weather:london,surface_pressure,2026-03-08,1,1021.6667,1019.4698,2.1969,0.215,0.2013
weather:london,surface_pressure,2026-03-10,2,1012.8167,1005.0074,7.8093,0.771,0.7156
weather:london,surface_pressure,2026-03-15,1,1009.5458,1015.0149,5.4691,0.5417,0.5011
weather:london,surface_pressure,2026-03-17,1,1013.9792,1017.6799,3.7008,0.365,0.3391
weather:london,surface_pressure,2026-04-14,1,1015.6417,1013.2851,2.3566,0.232,0.2159
weather:london,surface_pressure,2026-04-20,1,1022.225,1018.9028,3.3222,0.325,0.3044
weather:london,soil_temperature_7_to_28cm,2024-01-18,1,1.3833,1.3872,0.0038,0.2773,0.0007
weather:london,soil_temperature_7_to_28cm,2024-02-06,1,9.7083,9.7561,0.0478,0.4923,0.0088
weather:london,soil_temperature_7_to_28cm,2024-02-14,1,8.7917,8.8403,0.0486,0.5529,0.0089
weather:london,soil_temperature_7_to_28cm,2024-02-28,1,7.0167,6.9803,0.0364,0.5182,0.0067
weather:london,soil_temperature_7_to_28cm,2024-03-05,2,6.8208,6.8781,0.0573,0.8403,0.0105
weather:london,soil_temperature_7_to_28cm,2024-04-18,1,9.4958,9.5205,0.0247,0.26,0.0045
weather:london,soil_temperature_7_to_28cm,2024-04-23,1,8.8,8.8522,0.0522,0.5928,0.0096
weather:london,soil_temperature_7_to_28cm,2024-05-07,1,12.55,12.4696,0.0804,0.6408,0.0148
weather:london,soil_temperature_7_to_28cm,2024-05-26,1,15.5375,15.4686,0.0689,0.4432,0.0127
weather:london,soil_temperature_7_to_28cm,2024-06-02,1,14.475,14.4192,0.0558,0.3854,0.0103
weather:london,soil_temperature_7_to_28cm,2024-06-22,1,17.575,17.6596,0.0846,0.4812,0.0156
weather:london,soil_temperature_7_to_28cm,2024-07-07,1,15.2583,15.3081,0.0498,0.3263,0.0092
weather:london,soil_temperature_7_to_28cm,2024-08-18,1,20.1667,20.245,0.0784,0.3885,0.0144
weather:london,soil_temperature_7_to_28cm,2024-08-23,1,18.8667,18.7698,0.0968,0.5133,0.0178
weather:london,soil_temperature_7_to_28cm,2024-09-18,1,16.2667,16.1959,0.0708,0.4351,0.013
weather:london,soil_temperature_7_to_28cm,2024-09-19,1,17.2792,17.3737,0.0946,0.5472,0.0174
weather:london,soil_temperature_7_to_28cm,2024-10-24,1,12.1833,12.2441,0.0608,0.4988,0.0112
weather:london,soil_temperature_7_to_28cm,2024-12-09,1,7.4125,7.4458,0.0333,0.4491,0.0061
weather:london,soil_temperature_7_to_28cm,2024-12-13,1,6.9333,6.9138,0.0195,0.2813,0.0036
weather:london,soil_temperature_7_to_28cm,2024-12-14,1,6.3167,6.3553,0.0386,0.6115,0.0071
weather:london,soil_temperature_7_to_28cm,2024-12-18,1,9.0583,9.0151,0.0433,0.4777,0.008
weather:london,soil_temperature_7_to_28cm,2024-12-29,1,6.4625,6.438,0.0245,0.3786,0.0045
weather:london,soil_temperature_7_to_28cm,2025-01-03,1,3.6,3.5928,0.0072,0.199,0.0013
weather:london,soil_temperature_7_to_28cm,2025-01-10,1,1.85,1.8395,0.0105,0.567,0.0019
weather:london,soil_temperature_7_to_28cm,2025-01-17,1,6.0958,6.1105,0.0147,0.2406,0.0027
weather:london,soil_temperature_7_to_28cm,2025-01-26,1,4.2333,4.2472,0.0138,0.3264,0.0025
weather:london,soil_temperature_7_to_28cm,2025-01-28,1,6.3625,6.3831,0.0206,0.3236,0.0038
weather:london,soil_temperature_7_to_28cm,2025-01-31,1,4.8417,4.8259,0.0158,0.3266,0.0029
weather:london,soil_temperature_7_to_28cm,2025-02-03,1,3.5667,3.5451,0.0216,0.6042,0.004
weather:london,soil_temperature_7_to_28cm,2025-02-05,1,5.7167,5.684,0.0327,0.5723,0.006
weather:london,soil_temperature_7_to_28cm,2025-02-07,2,4.3083,4.2641,0.0442,1.0259,0.0081
weather:london,soil_temperature_7_to_28cm,2025-03-05,1,5.2625,5.2483,0.0142,0.2695,0.0026
weather:london,soil_temperature_7_to_28cm,2025-03-20,1,8.35,8.3137,0.0363,0.4351,0.0067
weather:london,soil_temperature_7_to_28cm,2025-04-10,1,11.4333,11.4932,0.0599,0.5235,0.011
weather:london,soil_temperature_7_to_28cm,2025-04-16,2,12.7833,12.7554,0.028,0.2189,0.0051
weather:london,soil_temperature_7_to_28cm,2025-05-09,1,13.6958,13.7727,0.0769,0.5616,0.0141
weather:london,soil_temperature_7_to_28cm,2025-06-01,1,19.6333,19.7314,0.098,0.4993,0.018
weather:london,soil_temperature_7_to_28cm,2025-06-14,1,20.8958,20.9852,0.0894,0.4276,0.0164
weather:london,soil_temperature_7_to_28cm,2025-06-21,1,23.9833,23.8421,0.1412,0.5889,0.026
weather:london,soil_temperature_7_to_28cm,2025-06-23,1,22.75,22.8737,0.1237,0.5439,0.0228
weather:london,soil_temperature_7_to_28cm,2025-06-27,1,21.125,21.0439,0.0811,0.3837,0.0149
weather:london,soil_temperature_7_to_28cm,2025-06-29,1,22.7667,22.6543,0.1124,0.4935,0.0207
weather:london,soil_temperature_7_to_28cm,2025-08-04,1,18.8042,18.9057,0.1016,0.5401,0.0187
weather:london,soil_temperature_7_to_28cm,2025-08-23,1,20.4333,20.5358,0.1025,0.5016,0.0189
weather:london,soil_temperature_7_to_28cm,2025-09-16,1,15.2583,15.1646,0.0938,0.6146,0.0172
weather:london,soil_temperature_7_to_28cm,2025-09-18,1,16.4583,16.5369,0.0786,0.4774,0.0145
weather:london,soil_temperature_7_to_28cm,2025-10-24,1,10.4583,10.5015,0.0432,0.413,0.0079
weather:london,soil_temperature_7_to_28cm,2025-10-28,1,11.1125,11.1396,0.0271,0.2436,0.005
weather:london,soil_temperature_7_to_28cm,2025-11-18,1,6.925,6.9067,0.0183,0.265,0.0034
weather:london,soil_temperature_7_to_28cm,2025-12-08,1,9.55,9.5708,0.0208,0.2173,0.0038
weather:london,soil_temperature_7_to_28cm,2025-12-25,1,5.7292,5.7483,0.0191,0.3342,0.0035
weather:london,soil_temperature_7_to_28cm,2025-12-29,1,5.8417,5.8701,0.0284,0.4867,0.0052
weather:london,soil_temperature_7_to_28cm,2026-01-06,1,0.4792,0.4815,0.0024,0.493,0.0004
weather:london,soil_temperature_7_to_28cm,2026-01-10,1,3.0583,3.0708,0.0125,0.4081,0.0023
weather:london,soil_temperature_7_to_28cm,2026-01-16,1,6.35,6.3835,0.0335,0.5278,0.0062
weather:london,soil_temperature_7_to_28cm,2026-02-14,1,6.1583,6.1752,0.0169,0.2745,0.0031
weather:london,soil_temperature_7_to_28cm,2026-03-04,1,8.8083,8.8552,0.0468,0.5318,0.0086
weather:london,soil_temperature_7_to_28cm,2026-03-08,1,8.95,8.913,0.037,0.4134,0.0068
weather:london,soil_temperature_7_to_28cm,2026-03-16,1,7.5,7.5382,0.0382,0.5094,0.007
weather:london,soil_temperature_7_to_28cm,2026-03-21,1,8.6917,8.6692,0.0225,0.259,0.0041
weather:london,soil_temperature_7_to_28cm,2026-04-10,1,13.0708,13.1389,0.0681,0.5207,0.0125
weather:london,soil_temperature_7_to_28cm,2026-04-22,1,12.2125,12.2551,0.0426,0.349,0.0078
weather:london,soil_moisture_7_to_28cm,2024-01-02,1,0.4243,0.4253,0.001,0.2463,0.0122
weather:london,soil_moisture_7_to_28cm,2024-01-04,1,0.4142,0.4166,0.0024,0.582,0.0282
weather:london,soil_moisture_7_to_28cm,2024-01-08,1,0.4007,0.403,0.0023,0.5812,0.0272
weather:london,soil_moisture_7_to_28cm,2024-01-21,1,0.3755,0.3743,0.0013,0.3347,0.0147
weather:london,soil_moisture_7_to_28cm,2024-01-28,1,0.3701,0.3688,0.0013,0.3417,0.0148
weather:london,soil_moisture_7_to_28cm,2024-02-06,1,0.3588,0.361,0.0022,0.6022,0.0253
weather:london,soil_moisture_7_to_28cm,2024-02-08,1,0.407,0.4051,0.002,0.4812,0.0229
weather:london,soil_moisture_7_to_28cm,2024-02-18,1,0.4225,0.4239,0.0014,0.3319,0.0164
weather:london,soil_moisture_7_to_28cm,2024-03-08,1,0.3908,0.389,0.0018,0.4575,0.0209
weather:london,soil_moisture_7_to_28cm,2024-03-18,1,0.4008,0.3996,0.0011,0.2753,0.0129
weather:london,soil_moisture_7_to_28cm,2024-04-15,1,0.3503,0.3518,0.0015,0.4415,0.0181
weather:london,soil_moisture_7_to_28cm,2024-04-18,1,0.3431,0.3448,0.0017,0.5025,0.0202
weather:london,soil_moisture_7_to_28cm,2024-05-18,1,0.3187,0.317,0.0017,0.5227,0.0195
weather:london,soil_moisture_7_to_28cm,2024-05-26,2,0.319,0.3216,0.0026,0.8275,0.0309
weather:london,soil_moisture_7_to_28cm,2024-06-09,1,0.2866,0.2873,0.0007,0.2408,0.0081
weather:london,soil_moisture_7_to_28cm,2024-06-19,1,0.2635,0.2627,0.0008,0.2964,0.0091
weather:london,soil_moisture_7_to_28cm,2024-06-23,1,0.237,0.2359,0.0012,0.4949,0.0137
weather:london,soil_moisture_7_to_28cm,2024-06-24,1,0.23,0.2309,0.0009,0.3931,0.0106
weather:london,soil_moisture_7_to_28cm,2024-07-07,2,0.2938,0.2924,0.0015,0.4955,0.017
weather:london,soil_moisture_7_to_28cm,2024-07-18,1,0.305,0.3062,0.0012,0.3813,0.0136
weather:london,soil_moisture_7_to_28cm,2024-08-05,1,0.2066,0.2057,0.0009,0.4132,0.01
weather:london,soil_moisture_7_to_28cm,2024-08-12,1,0.1914,0.1907,0.0007,0.3475,0.0078
weather:london,soil_moisture_7_to_28cm,2024-09-17,1,0.2793,0.281,0.0017,0.6176,0.0202
weather:london,soil_moisture_7_to_28cm,2024-09-18,1,0.2735,0.2728,0.0007,0.2628,0.0084
weather:london,soil_moisture_7_to_28cm,2024-09-22,1,0.2658,0.2644,0.0014,0.5115,0.0159
weather:london,soil_moisture_7_to_28cm,2024-09-30,1,0.3759,0.3737,0.0022,0.5754,0.0253
weather:london,soil_moisture_7_to_28cm,2024-10-30,2,0.3595,0.3601,0.0005,0.1507,0.0063
weather:london,soil_moisture_7_to_28cm,2024-11-16,1,0.3174,0.3186,0.0012,0.3833,0.0142
weather:london,soil_moisture_7_to_28cm,2024-11-17,1,0.3161,0.3179,0.0018,0.5605,0.0207
weather:london,soil_moisture_7_to_28cm,2024-12-13,1,0.3198,0.3206,0.0008,0.2531,0.0095
weather:london,soil_moisture_7_to_28cm,2024-12-18,1,0.3134,0.3119,0.0015,0.4796,0.0176
weather:london,soil_moisture_7_to_28cm,2025-01-01,1,0.32,0.3208,0.0008,0.247,0.0092
weather:london,soil_moisture_7_to_28cm,2025-01-03,2,0.3207,0.3177,0.003,0.9352,0.0351
weather:london,soil_moisture_7_to_28cm,2025-01-11,1,0.3201,0.3217,0.0016,0.4935,0.0185
weather:london,soil_moisture_7_to_28cm,2025-01-22,1,0.3101,0.3111,0.0011,0.3419,0.0124
weather:london,soil_moisture_7_to_28cm,2025-01-23,1,0.3117,0.3132,0.0015,0.4802,0.0175
weather:london,soil_moisture_7_to_28cm,2025-01-25,1,0.317,0.3155,0.0015,0.4706,0.0174
weather:london,soil_moisture_7_to_28cm,2025-01-26,1,0.3173,0.3189,0.0017,0.5206,0.0193
weather:london,soil_moisture_7_to_28cm,2025-01-28,1,0.319,0.3179,0.0011,0.3447,0.0129
weather:london,soil_moisture_7_to_28cm,2025-01-31,1,0.3176,0.3157,0.0019,0.605,0.0225
weather:london,soil_moisture_7_to_28cm,2025-02-03,1,0.3178,0.3172,0.0007,0.2083,0.0077
weather:london,soil_moisture_7_to_28cm,2025-02-05,1,0.3158,0.3176,0.0018,0.5679,0.021
weather:london,soil_moisture_7_to_28cm,2025-02-07,2,0.3127,0.3101,0.0026,0.8252,0.0302
weather:london,soil_moisture_7_to_28cm,2025-02-14,1,0.3157,0.315,0.0008,0.2383,0.0088
weather:london,soil_moisture_7_to_28cm,2025-03-05,1,0.3057,0.3045,0.0012,0.3868,0.0138
weather:london,soil_moisture_7_to_28cm,2025-03-07,1,0.3025,0.3006,0.0019,0.613,0.0217
weather:london,soil_moisture_7_to_28cm,2025-04-01,1,0.1165,0.1161,0.0003,0.2951,0.004
weather:london,soil_moisture_7_to_28cm,2025-04-05,1,0.1283,0.129,0.0008,0.5888,0.0088
weather:london,soil_moisture_7_to_28cm,2025-04-10,1,0.1268,0.1263,0.0004,0.3486,0.0052
weather:london,soil_moisture_7_to_28cm,2025-04-23,1,0.132,0.1325,0.0005,0.3678,0.0057
weather:london,soil_moisture_7_to_28cm,2025-05-12,1,0.1383,0.138,0.0003,0.2321,0.0038
weather:london,soil_moisture_7_to_28cm,2025-05-23,1,0.1773,0.1769,0.0005,0.2612,0.0054
weather:london,soil_moisture_7_to_28cm,2025-06-01,1,0.1466,0.1463,0.0003,0.2137,0.0037
weather:london,soil_moisture_7_to_28cm,2025-06-14,1,0.1318,0.1311,0.0008,0.5854,0.009
weather:london,soil_moisture_7_to_28cm,2025-06-20,1,0.1363,0.137,0.0007,0.5258,0.0084
weather:london,soil_moisture_7_to_28cm,2025-06-27,1,0.1396,0.1393,0.0003,0.2301,0.0038
weather:london,soil_moisture_7_to_28cm,2025-07-21,1,0.1658,0.1654,0.0004,0.2158,0.0042
weather:london,soil_moisture_7_to_28cm,2025-08-04,1,0.1737,0.173,0.0007,0.4113,0.0084
weather:london,soil_moisture_7_to_28cm,2025-08-16,1,0.1817,0.1825,0.0008,0.4324,0.0092
weather:london,soil_moisture_7_to_28cm,2025-09-15,1,0.2391,0.2399,0.0008,0.3359,0.0094
weather:london,soil_moisture_7_to_28cm,2025-09-23,1,0.2186,0.2192,0.0007,0.3022,0.0077
weather:london,soil_moisture_7_to_28cm,2025-10-15,1,0.2739,0.2729,0.001,0.3706,0.0119
weather:london,soil_moisture_7_to_28cm,2025-10-28,1,0.3035,0.3026,0.0009,0.2866,0.0102
weather:london,soil_moisture_7_to_28cm,2025-11-11,1,0.3384,0.3403,0.0019,0.5536,0.0219
weather:london,soil_moisture_7_to_28cm,2025-11-18,1,0.3285,0.3267,0.0019,0.5647,0.0217
weather:london,soil_moisture_7_to_28cm,2025-12-05,1,0.3223,0.3214,0.0009,0.2924,0.011
weather:london,soil_moisture_7_to_28cm,2025-12-08,1,0.3195,0.3188,0.0007,0.2195,0.0082
weather:london,soil_moisture_7_to_28cm,2025-12-29,1,0.3042,0.3035,0.0007,0.2355,0.0084
weather:london,soil_moisture_7_to_28cm,2026-01-04,1,0.3003,0.3017,0.0014,0.4602,0.0162
weather:london,soil_moisture_7_to_28cm,2026-01-06,3,0.299,0.2973,0.0017,0.5651,0.0198
weather:london,soil_moisture_7_to_28cm,2026-01-16,2,0.32,0.3173,0.0027,0.8462,0.0317
weather:london,soil_moisture_7_to_28cm,2026-01-22,1,0.3198,0.3191,0.0007,0.2344,0.0088
weather:london,soil_moisture_7_to_28cm,2026-01-26,1,0.319,0.3205,0.0015,0.4661,0.0174
weather:london,soil_moisture_7_to_28cm,2026-02-07,1,0.318,0.3195,0.0015,0.4577,0.017
weather:london,soil_moisture_7_to_28cm,2026-02-08,1,0.3175,0.3185,0.0011,0.3408,0.0127
weather:london,soil_moisture_7_to_28cm,2026-03-02,1,0.3139,0.3121,0.0018,0.585,0.0215
weather:london,soil_moisture_7_to_28cm,2026-03-12,1,0.3082,0.3064,0.0018,0.5859,0.0211
weather:london,soil_moisture_7_to_28cm,2026-03-15,1,0.3145,0.3131,0.0013,0.423,0.0156
weather:london,soil_moisture_7_to_28cm,2026-03-16,1,0.317,0.3182,0.0013,0.4045,0.015
weather:london,soil_moisture_7_to_28cm,2026-04-12,1,0.1312,0.1307,0.0005,0.3955,0.0061
weather:london,soil_moisture_7_to_28cm,2026-04-20,1,0.1412,0.1416,0.0004,0.2948,0.0049
weather:london,soil_moisture_7_to_28cm,2026-04-22,1,0.1456,0.1449,0.0007,0.4552,0.0077
weather:new_york,temperature_2m,2024-01-01,1,3.5292,3.4872,0.042,1.1899,0.0041
weather:new_york,temperature_2m,2024-01-05,1,-1.775,-1.8032,0.0282,1.5861,0.0028
weather:new_york,temperature_2m,2024-01-08,1,1.4667,1.4817,0.015,1.023,0.0015
weather:new_york,temperature_2m,2024-01-29,1,2.9333,2.9251,0.0082,0.2806,0.0008
weather:new_york,temperature_2m,2024-02-27,1,7.6583,7.6695,0.0111,0.1452,0.0011
weather:new_york,temperature_2m,2024-03-14,1,11.6333,11.6737,0.0403,0.3467,0.004
weather:new_york,temperature_2m,2024-03-26,1,5.5958,5.6267,0.0308,0.5508,0.003
weather:new_york,temperature_2m,2024-04-01,1,8.4625,8.4332,0.0293,0.3457,0.0029
weather:new_york,temperature_2m,2024-04-03,1,5.7542,5.7222,0.032,0.5561,0.0031
weather:new_york,temperature_2m,2024-04-11,1,12.4458,12.4242,0.0216,0.1737,0.0021
weather:new_york,temperature_2m,2024-04-21,1,7.65,7.6909,0.0409,0.5347,0.004
weather:new_york,temperature_2m,2024-05-25,1,19.6125,19.5486,0.0639,0.326,0.0063
weather:new_york,temperature_2m,2024-05-28,1,22.0208,22.141,0.1202,0.5457,0.0118
weather:new_york,temperature_2m,2024-05-31,1,18.6125,18.5305,0.082,0.4404,0.0081
weather:new_york,temperature_2m,2024-06-12,1,19.9,19.9556,0.0556,0.2795,0.0055
weather:new_york,temperature_2m,2024-07-05,1,26.8958,26.9576,0.0618,0.2298,0.0061
weather:new_york,temperature_2m,2024-07-10,1,28.0833,28.2449,0.1616,0.5754,0.0159
weather:new_york,temperature_2m,2024-07-29,1,25.025,25.0919,0.0669,0.2673,0.0066
weather:new_york,temperature_2m,2024-07-30,1,26.3292,26.52,0.1909,0.7249,0.0187
weather:new_york,temperature_2m,2024-08-01,1,27.6625,27.7855,0.123,0.4448,0.0121
weather:new_york,temperature_2m,2024-08-02,1,27.275,27.2048,0.0702,0.2574,0.0069
weather:new_york,temperature_2m,2024-08-12,1,21.9208,21.9843,0.0635,0.2898,0.0062
weather:new_york,temperature_2m,2024-09-05,1,18.9083,18.8709,0.0374,0.1978,0.0037
weather:new_york,temperature_2m,2024-09-21,1,20.2958,20.2145,0.0813,0.4008,0.008
weather:new_york,temperature_2m,2024-10-10,1,12.325,12.2833,0.0417,0.338,0.0041
weather:new_york,temperature_2m,2024-11-02,1,12.1958,12.2505,0.0547,0.4485,0.0054
weather:new_york,temperature_2m,2024-11-18,1,12.4583,12.4016,0.0567,0.4553,0.0056
weather:new_york,temperature_2m,2024-11-19,1,10.8208,10.868,0.0471,0.4356,0.0046
weather:new_york,temperature_2m,2024-12-22,1,-9.0958,-9.0498,0.0461,0.5063,0.0045
weather:new_york,temperature_2m,2025-01-06,2,-2.3292,-2.324,0.0051,0.2197,0.0005
weather:new_york,temperature_2m,2025-01-29,1,4.0833,4.0279,0.0555,1.3587,0.0054
weather:new_york,temperature_2m,2025-02-02,1,-4.5042,-4.4886,0.0156,0.3463,0.0015
weather:new_york,temperature_2m,2025-02-05,1,-1.4292,-1.4323,0.0031,0.2186,0.0003
weather:new_york,temperature_2m,2025-02-06,1,1.0875,1.0887,0.0012,0.1104,0.0001
weather:new_york,temperature_2m,2025-02-07,1,1.3708,1.377,0.0062,0.451,0.0006
weather:new_york,temperature_2m,2025-02-27,1,8.5458,8.5615,0.0157,0.1838,0.0015
weather:new_york,temperature_2m,2025-03-04,1,4.7875,4.824,0.0365,0.7634,0.0036
weather:new_york,temperature_2m,2025-03-08,1,3.6333,3.6229,0.0105,0.2879,0.001
weather:new_york,temperature_2m,2025-03-12,1,7.4583,7.5088,0.0504,0.6763,0.005
weather:new_york,temperature_2m,2025-03-14,1,6.0458,6.0549,0.009,0.1492,0.0009
weather:new_york,temperature_2m,2025-03-28,1,10.0792,10.1274,0.0482,0.4783,0.0047
weather:new_york,temperature_2m,2025-04-10,1,5.1917,5.1697,0.0219,0.4223,0.0022
weather:new_york,temperature_2m,2025-04-13,1,8.8833,8.8646,0.0187,0.2103,0.0018
weather:new_york,temperature_2m,2025-04-20,1,16.025,15.9377,0.0873,0.5447,0.0086
weather:new_york,temperature_2m,2025-04-30,2,20.4167,20.2409,0.1758,0.8609,0.0173
weather:new_york,temperature_2m,2025-05-09,1,14.2792,14.2286,0.0506,0.3544,0.005
weather:new_york,temperature_2m,2025-05-19,1,15.8917,15.8194,0.0723,0.455,0.0071
weather:new_york,temperature_2m,2025-05-20,1,13.85,13.7508,0.0992,0.7164,0.0097
weather:new_york,temperature_2m,2025-05-23,1,11.9583,11.9239,0.0344,0.2876,0.0034
weather:new_york,temperature_2m,2025-06-07,1,23.525,23.4323,0.0927,0.3939,0.0091
weather:new_york,temperature_2m,2025-07-18,1,26.2,26.3032,0.1032,0.3939,0.0101
weather:new_york,temperature_2m,2025-07-22,1,23.8042,23.9431,0.1389,0.5837,0.0136
weather:new_york,temperature_2m,2025-08-17,1,27.2417,27.1606,0.081,0.2974,0.008
weather:new_york,temperature_2m,2025-09-17,1,19.1792,19.1021,0.077,0.4016,0.0076
weather:new_york,temperature_2m,2025-09-18,1,22.1958,22.2967,0.1008,0.4543,0.0099
weather:new_york,temperature_2m,2025-10-12,1,14.9333,14.8963,0.037,0.2479,0.0036
weather:new_york,temperature_2m,2025-10-22,1,13.7208,13.8008,0.08,0.5828,0.0079
weather:new_york,temperature_2m,2025-10-28,1,8.7333,8.7662,0.0329,0.3763,0.0032
weather:new_york,temperature_2m,2025-11-02,1,8.9375,8.9223,0.0152,0.17,0.0015
weather:new_york,temperature_2m,2025-11-22,1,7.9042,7.9291,0.025,0.316,0.0025
weather:new_york,temperature_2m,2025-12-17,1,-0.6375,-0.6551,0.0176,2.7625,0.0017
weather:new_york,temperature_2m,2025-12-21,1,2.4167,2.4075,0.0091,0.3778,0.0009
weather:new_york,temperature_2m,2025-12-25,1,2.0375,2.0541,0.0166,0.8126,0.0016
weather:new_york,temperature_2m,2026-01-12,1,1.3333,1.3324,0.001,0.0718,0.0001
weather:new_york,temperature_2m,2026-01-14,1,6.4208,6.4477,0.0269,0.4184,0.0026
weather:new_york,temperature_2m,2026-01-21,1,-7.6167,-7.6189,0.0023,0.0298,0.0002
weather:new_york,temperature_2m,2026-01-22,1,3.0583,3.0551,0.0032,0.1048,0.0003
weather:new_york,temperature_2m,2026-01-30,1,-12.55,-12.4841,0.0659,0.5248,0.0065
weather:new_york,temperature_2m,2026-02-12,1,-1.425,-1.4258,0.0008,0.0588,0.0001
weather:new_york,temperature_2m,2026-02-16,1,-0.0583,-0.0588,0.0005,0.8379,0.0
weather:new_york,temperature_2m,2026-03-01,1,-0.2458,-0.2429,0.0029,1.1934,0.0003
weather:new_york,temperature_2m,2026-03-07,1,5.3583,5.336,0.0223,0.4169,0.0022
weather:new_york,temperature_2m,2026-03-23,1,5.8667,5.8484,0.0183,0.3118,0.0018
weather:new_york,temperature_2m,2026-03-31,1,20.8125,20.7022,0.1103,0.5297,0.0108
weather:new_york,temperature_2m,2026-04-15,1,26.1167,26.2064,0.0898,0.3438,0.0088
weather:new_york,temperature_2m,2026-04-18,1,14.4667,14.3928,0.0739,0.5108,0.0073
weather:new_york,apparent_temperature,2024-01-11,1,-0.0542,-0.0488,0.0053,9.843,0.0004
weather:new_york,apparent_temperature,2024-01-29,1,-2.0167,-2.0251,0.0084,0.4186,0.0007
weather:new_york,apparent_temperature,2024-02-05,1,-4.6208,-4.5904,0.0305,0.6596,0.0024
weather:new_york,apparent_temperature,2024-02-14,1,-7.8375,-7.8562,0.0187,0.2381,0.0015
weather:new_york,apparent_temperature,2024-02-21,1,-5.4083,-5.4089,0.0006,0.0103,0.0
weather:new_york,apparent_temperature,2024-02-27,1,4.475,4.4987,0.0237,0.5299,0.0019
weather:new_york,apparent_temperature,2024-03-26,1,1.55,1.5675,0.0175,1.1297,0.0014
weather:new_york,apparent_temperature,2024-04-06,1,1.775,1.7792,0.0042,0.2349,0.0003
weather:new_york,apparent_temperature,2024-04-14,1,10.1625,10.1531,0.0094,0.0924,0.0007
weather:new_york,apparent_temperature,2024-04-23,1,5.4667,5.4327,0.034,0.6219,0.0027
weather:new_york,apparent_temperature,2024-05-31,2,15.8625,15.8631,0.0006,0.0035,0.0
weather:new_york,apparent_temperature,2024-06-14,1,25.15,25.0345,0.1155,0.4594,0.0092
weather:new_york,apparent_temperature,2024-07-05,1,30.9083,30.8369,0.0714,0.2311,0.0057
weather:new_york,apparent_temperature,2024-07-09,1,31.1792,31.0678,0.1113,0.357,0.0089
weather:new_york,apparent_temperature,2024-07-27,1,24.7458,24.5738,0.172,0.6951,0.0137
weather:new_york,apparent_temperature,2024-07-30,1,28.475,28.3206,0.1544,0.5422,0.0123
weather:new_york,apparent_temperature,2024-08-01,1,31.2375,31.3857,0.1482,0.4743,0.0118
weather:new_york,apparent_temperature,2024-08-16,1,26.2833,26.3889,0.1056,0.4017,0.0084
weather:new_york,apparent_temperature,2024-08-19,1,25.6667,25.5176,0.1491,0.5808,0.0119
weather:new_york,apparent_temperature,2024-09-01,1,26.5583,26.6287,0.0703,0.2648,0.0056
weather:new_york,apparent_temperature,2024-09-05,1,18.6042,18.6486,0.0445,0.239,0.0035
weather:new_york,apparent_temperature,2024-09-10,1,18.4208,18.3494,0.0714,0.3876,0.0057
weather:new_york,apparent_temperature,2024-09-21,1,19.3208,19.4056,0.0848,0.4387,0.0068
weather:new_york,apparent_temperature,2024-10-01,1,16.6625,16.5664,0.0961,0.5769,0.0077
weather:new_york,apparent_temperature,2024-10-17,2,5.475,5.4846,0.0096,0.175,0.0008
weather:new_york,apparent_temperature,2024-11-05,1,14.1333,14.039,0.0944,0.6677,0.0075
weather:new_york,apparent_temperature,2024-11-06,1,19.5958,19.7429,0.1471,0.7507,0.0117
weather:new_york,apparent_temperature,2024-12-31,1,3.4625,3.4282,0.0343,0.9898,0.0027
weather:new_york,apparent_temperature,2025-01-06,1,-6.2625,-6.2389,0.0236,0.3768,0.0019
weather:new_york,apparent_temperature,2025-01-29,1,-1.1542,-1.1651,0.0109,0.946,0.0009
weather:new_york,apparent_temperature,2025-02-06,1,-2.3542,-2.345,0.0092,0.3894,0.0007
weather:new_york,apparent_temperature,2025-02-07,2,-3.4667,-3.4405,0.0262,0.7545,0.0021
weather:new_york,apparent_temperature,2025-02-10,1,-6.25,-6.262,0.012,0.1928,0.001
weather:new_york,apparent_temperature,2025-02-23,1,-1.4125,-1.4285,0.016,1.1294,0.0013
weather:new_york,apparent_temperature,2025-03-04,1,1.05,1.0716,0.0216,2.0549,0.0017
weather:new_york,apparent_temperature,2025-03-08,1,-1.2167,-1.2009,0.0157,1.2927,0.0013
weather:new_york,apparent_temperature,2025-03-14,1,3.5833,3.5768,0.0065,0.1822,0.0005
weather:new_york,apparent_temperature,2025-03-20,1,5.5167,5.5048,0.0119,0.2148,0.0009
weather:new_york,apparent_temperature,2025-03-25,1,5.525,5.5511,0.0261,0.4722,0.0021
weather:new_york,apparent_temperature,2025-03-28,1,7.1542,7.2063,0.0522,0.7291,0.0042
weather:new_york,apparent_temperature,2025-04-08,1,-0.0875,-0.1014,0.0139,15.8924,0.0011
weather:new_york,apparent_temperature,2025-04-13,1,5.0417,5.04,0.0016,0.0323,0.0001
weather:new_york,apparent_temperature,2025-04-30,1,18.2208,18.3185,0.0977,0.536,0.0078
weather:new_york,apparent_temperature,2025-05-10,1,12.5292,12.5116,0.0175,0.1398,0.0014
weather:new_york,apparent_temperature,2025-05-20,1,11.3458,11.3089,0.0369,0.3253,0.0029
weather:new_york,apparent_temperature,2025-06-18,1,25.1,24.9756,0.1244,0.4956,0.0099
weather:new_york,apparent_temperature,2025-06-20,1,23.9417,23.8868,0.0548,0.2291,0.0044
weather:new_york,apparent_temperature,2025-06-22,1,31.2417,31.1544,0.0873,0.2793,0.007
weather:new_york,apparent_temperature,2025-07-22,1,23.3583,23.313,0.0453,0.1941,0.0036
weather:new_york,apparent_temperature,2025-07-28,1,32.6667,32.528,0.1386,0.4244,0.011
weather:new_york,apparent_temperature,2025-08-15,1,28.9375,28.758,0.1795,0.6203,0.0143
weather:new_york,apparent_temperature,2025-08-25,1,25.3833,25.5003,0.117,0.4609,0.0093
weather:new_york,apparent_temperature,2025-09-25,1,24.7458,24.6051,0.1407,0.5687,0.0112
weather:new_york,apparent_temperature,2025-10-08,1,18.2542,18.1284,0.1258,0.689,0.01
weather:new_york,apparent_temperature,2025-10-25,1,8.0542,8.0797,0.0255,0.3164,0.002
weather:new_york,apparent_temperature,2025-12-04,1,-3.9625,-3.9847,0.0222,0.5613,0.0018
weather:new_york,apparent_temperature,2025-12-25,1,-2.2833,-2.2735,0.0099,0.4325,0.0008
weather:new_york,apparent_temperature,2026-01-03,1,-7.8958,-7.9246,0.0288,0.3649,0.0023
weather:new_york,apparent_temperature,2026-01-12,1,-3.7125,-3.729,0.0165,0.4436,0.0013
weather:new_york,apparent_temperature,2026-01-21,1,-12.2333,-12.2155,0.0178,0.1456,0.0014
weather:new_york,apparent_temperature,2026-01-22,1,-1.4875,-1.468,0.0195,1.3143,0.0016
weather:new_york,apparent_temperature,2026-01-30,1,-17.9833,-18.0728,0.0894,0.4972,0.0071
weather:new_york,apparent_temperature,2026-03-01,1,-4.2042,-4.1883,0.0159,0.3783,0.0013
weather:new_york,apparent_temperature,2026-03-07,1,2.9542,2.9499,0.0043,0.1442,0.0003
weather:new_york,apparent_temperature,2026-04-01,1,19.75,19.6806,0.0694,0.3513,0.0055
weather:new_york,apparent_temperature,2026-04-12,1,5.65,5.6329,0.0171,0.3027,0.0014
weather:new_york,apparent_temperature,2026-04-21,1,2.3542,2.3515,0.0027,0.1135,0.0002
weather:new_york,apparent_temperature,2026-04-22,1,6.95,6.9743,0.0243,0.3494,0.0019
weather:new_york,apparent_temperature,2026-04-25,1,4.6583,4.6214,0.0369,0.792,0.0029
weather:new_york,apparent_temperature,2026-04-26,1,5.9458,5.9246,0.0212,0.3564,0.0017
weather:new_york,apparent_temperature,2026-04-27,1,10.0,10.0093,0.0093,0.0935,0.0007
weather:new_york,precipitation,2024-01-11,1,0.0,0.0,0.0,,0.0
weather:new_york,precipitation,2024-01-19,1,0.1125,0.1125,0.0,0.0,0.0
weather:new_york,precipitation,2024-01-29,1,0.0292,0.0292,0.0,0.0,0.0
weather:new_york,precipitation,2024-02-05,1,0.0,0.0,0.0,,0.0
weather:new_york,precipitation,2024-02-21,1,0.0,0.0,0.0,,0.0
weather:new_york,precipitation,2024-02-27,2,0.1583,0.1583,0.0,0.0,0.0
weather:new_york,precipitation,2024-04-01,1,0.1375,0.1375,0.0,0.0,0.0
weather:new_york,precipitation,2024-04-04,1,0.3792,0.3819,0.0027,0.721,0.0089
weather:new_york,precipitation,2024-04-11,1,0.2708,0.2708,0.0,0.0,0.0
weather:new_york,precipitation,2024-04-21,1,0.0,0.0,0.0,,0.0
weather:new_york,precipitation,2024-05-10,1,0.5375,0.5332,0.0043,0.8014,0.0141
weather:new_york,precipitation,2024-05-15,1,0.2833,0.2841,0.0007,0.2635,0.0024
weather:new_york,precipitation,2024-05-25,1,0.0,0.0,0.0,,0.0
weather:new_york,precipitation,2024-05-28,1,0.0,0.0,0.0,,0.0
weather:new_york,precipitation,2024-05-31,1,0.0,0.0,0.0,,0.0
weather:new_york,precipitation,2024-06-14,1,0.7875,0.7864,0.0011,0.1443,0.0037
weather:new_york,precipitation,2024-06-16,1,0.0,0.0,0.0,,0.0
weather:new_york,precipitation,2024-06-29,1,0.0708,0.0708,0.0,0.0,0.0
weather:new_york,precipitation,2024-07-05,1,0.0708,0.0708,0.0,0.0,0.0
weather:new_york,precipitation,2024-07-08,1,0.0,0.0,0.0,,0.0
weather:new_york,precipitation,2024-07-13,1,1.1458,1.1458,0.0,0.0,0.0
weather:new_york,precipitation,2024-07-29,1,0.1667,0.1667,0.0,0.0,0.0
weather:new_york,precipitation,2024-07-30,1,0.0,0.0,0.0,,0.0
weather:new_york,precipitation,2024-08-01,1,0.0042,0.0042,0.0,0.0,0.0
weather:new_york,precipitation,2024-08-02,1,0.4167,0.4167,0.0,0.0,0.0
weather:new_york,precipitation,2024-09-01,1,0.2,0.2,0.0,0.0,0.0
weather:new_york,precipitation,2024-09-05,1,0.0,0.0,0.0,,0.0
weather:new_york,precipitation,2024-09-10,1,0.0,0.0,0.0,,0.0
weather:new_york,precipitation,2024-10-17,1,0.0,0.0,0.0,,0.0
weather:new_york,precipitation,2024-10-19,1,0.0,0.0,0.0,,0.0
weather:new_york,precipitation,2024-11-05,1,0.0,0.0,0.0,,0.0
weather:new_york,precipitation,2024-11-06,1,0.0,0.0,0.0,,0.0
weather:new_york,precipitation,2024-11-16,1,0.0,0.0,0.0,,0.0
weather:new_york,precipitation,2024-11-18,1,0.0,0.0,0.0,,0.0
weather:new_york,precipitation,2024-12-01,1,0.0,0.0,0.0,,0.0
weather:new_york,precipitation,2025-01-07,1,0.0,0.0,0.0,,0.0
weather:new_york,precipitation,2025-01-23,1,0.0,0.0,0.0,,0.0
weather:new_york,precipitation,2025-02-06,1,0.3542,0.3432,0.011,3.1008,0.0359
weather:new_york,precipitation,2025-02-07,1,0.0,0.0,0.0,,0.0
weather:new_york,precipitation,2025-02-10,1,0.0,0.0,0.0,,0.0
weather:new_york,precipitation,2025-03-01,1,0.0,0.0,0.0,,0.0
weather:new_york,precipitation,2025-03-22,1,0.0,0.0,0.0,,0.0
weather:new_york,precipitation,2025-04-08,1,0.0,0.0,0.0,,0.0
weather:new_york,precipitation,2025-04-10,1,0.0292,0.0292,0.0,0.0,0.0
weather:new_york,precipitation,2025-05-10,1,0.0,0.0,0.0,,0.0
weather:new_york,precipitation,2025-05-20,1,0.0,0.0,0.0,,0.0
weather:new_york,precipitation,2025-05-23,1,0.1333,0.1333,0.0,0.0,0.0
weather:new_york,precipitation,2025-06-18,1,0.4833,0.4837,0.0004,0.0728,0.0012
weather:new_york,precipitation,2025-06-19,1,0.1958,0.1958,0.0,0.0,0.0
weather:new_york,precipitation,2025-07-28,1,0.0,0.0,0.0,,0.0
weather:new_york,precipitation,2025-08-13,1,0.3833,0.3833,0.0,0.0,0.0
weather:new_york,precipitation,2025-08-23,1,0.0,0.0,0.0,,0.0
weather:new_york,precipitation,2025-08-26,1,0.0,0.0,0.0,,0.0
weather:new_york,precipitation,2025-08-31,1,0.0,0.0,0.0,,0.0
weather:new_york,precipitation,2025-09-17,1,0.2833,0.2823,0.0011,0.3734,0.0035
weather:new_york,precipitation,2025-09-18,1,0.0042,0.0042,0.0,0.0,0.0
weather:new_york,precipitation,2025-10-02,1,0.0,0.0,0.0,,0.0
weather:new_york,precipitation,2025-10-12,2,0.5792,0.5869,0.0077,1.3276,0.0252
weather:new_york,precipitation,2025-10-28,1,0.0,0.0,0.0,,0.0
weather:new_york,precipitation,2025-11-15,1,0.0333,0.0333,0.0,0.0,0.0
weather:new_york,precipitation,2025-12-04,1,0.0042,0.0042,0.0,0.0,0.0
weather:new_york,precipitation,2025-12-17,1,0.0,0.0,0.0,,0.0
weather:new_york,precipitation,2026-01-21,1,0.0,0.0,0.0,,0.0
weather:new_york,precipitation,2026-01-22,1,0.0083,0.0083,0.0,0.0,0.0
weather:new_york,precipitation,2026-01-30,1,0.0,0.0,0.0,,0.0
weather:new_york,precipitation,2026-02-16,2,0.075,0.0752,0.0002,0.3216,0.0008
weather:new_york,precipitation,2026-03-01,2,0.0375,0.0375,0.0,0.0,0.0
weather:new_york,precipitation,2026-03-31,1,0.025,0.025,0.0,0.0,0.0
weather:new_york,precipitation,2026-04-01,1,0.0458,0.0458,0.0,0.0,0.0
weather:new_york,precipitation,2026-04-12,1,0.0,0.0,0.0,,0.0
weather:new_york,precipitation,2026-04-15,1,0.0292,0.0292,0.0,0.0,0.0
weather:new_york,surface_pressure,2024-01-05,1,1020.4958,1025.4565,4.9607,0.4861,0.6747
weather:new_york,surface_pressure,2024-01-29,1,1005.9583,1001.5926,4.3658,0.434,0.5938
weather:new_york,surface_pressure,2024-02-05,1,1010.2542,1004.8979,5.3563,0.5302,0.7285
weather:new_york,surface_pressure,2024-02-18,1,1007.775,1011.3506,3.5756,0.3548,0.4863
weather:new_york,surface_pressure,2024-02-21,1,1026.3083,1020.1383,6.17,0.6012,0.8392
weather:new_york,surface_pressure,2024-02-26,1,1013.4792,1008.7895,4.6897,0.4627,0.6379
weather:new_york,surface_pressure,2024-02-27,2,1011.4417,1012.3775,0.9358,0.0925,0.1273
weather:new_york,surface_pressure,2024-04-03,1,1000.1,997.6415,2.4585,0.2458,0.3344
weather:new_york,surface_pressure,2024-04-06,1,1005.3458,1009.9814,4.6356,0.4611,0.6305
weather:new_york,surface_pressure,2024-04-21,1,1012.0667,1007.6659,4.4008,0.4348,0.5986
weather:new_york,surface_pressure,2024-04-23,1,1015.5875,1018.2409,2.6534,0.2613,0.3609
weather:new_york,surface_pressure,2024-05-15,1,1006.0208,1000.8764,5.1444,0.5114,0.6997
weather:new_york,surface_pressure,2024-05-25,1,1007.8167,1002.539,5.2776,0.5237,0.7178
weather:new_york,surface_pressure,2024-05-31,2,1015.9667,1005.2236,10.7431,1.0574,1.4612
weather:new_york,surface_pressure,2024-06-12,1,1012.4083,1016.2424,3.8341,0.3787,0.5215
weather:new_york,surface_pressure,2024-06-27,1,1003.9958,1009.9892,5.9934,0.597,0.8152
weather:new_york,surface_pressure,2024-07-02,1,1019.1833,1016.7453,2.438,0.2392,0.3316
weather:new_york,surface_pressure,2024-07-08,1,1012.6333,1015.3928,2.7595,0.2725,0.3753
weather:new_york,surface_pressure,2024-07-30,1,1009.9167,1004.216,5.7007,0.5645,0.7754
weather:new_york,surface_pressure,2024-08-01,1,1009.5875,1006.3981,3.1894,0.3159,0.4338
weather:new_york,surface_pressure,2024-08-16,1,1013.0667,1018.0109,4.9442,0.488,0.6725
weather:new_york,surface_pressure,2024-08-29,1,1017.9,1020.6745,2.7745,0.2726,0.3774
weather:new_york,surface_pressure,2024-09-05,1,1023.8167,1020.2768,3.5399,0.3458,0.4815
weather:new_york,surface_pressure,2024-10-04,1,1018.3875,1015.4971,2.8904,0.2838,0.3931
weather:new_york,surface_pressure,2024-10-17,1,1019.5375,1024.1276,4.5901,0.4502,0.6243
weather:new_york,surface_pressure,2024-11-02,1,1021.4917,1027.4426,5.951,0.5826,0.8094
weather:new_york,surface_pressure,2024-11-18,1,1008.075,1005.7712,2.3038,0.2285,0.3134
weather:new_york,surface_pressure,2024-11-19,1,1009.2667,1003.8014,5.4653,0.5415,0.7434
weather:new_york,surface_pressure,2024-11-26,1,1007.9875,1005.1209,2.8666,0.2844,0.3899
weather:new_york,surface_pressure,2024-12-04,1,1016.8792,1020.53,3.6508,0.359,0.4966
weather:new_york,surface_pressure,2024-12-24,1,1022.2083,1018.1954,4.0129,0.3926,0.5458
weather:new_york,surface_pressure,2025-01-01,1,997.0417,1003.0346,5.9929,0.6011,0.8151
weather:new_york,surface_pressure,2025-01-06,1,1007.3833,1010.8076,3.4243,0.3399,0.4658
weather:new_york,surface_pressure,2025-01-19,1,1004.4125,1001.9341,2.4784,0.2468,0.3371
weather:new_york,surface_pressure,2025-02-02,1,1028.1833,1033.5323,5.349,0.5202,0.7275
weather:new_york,surface_pressure,2025-02-05,1,1024.4083,1026.5758,2.1675,0.2116,0.2948
weather:new_york,surface_pressure,2025-02-10,1,1023.9958,1026.864,2.8681,0.2801,0.3901
weather:new_york,surface_pressure,2025-02-27,1,1003.3208,1007.9269,4.6061,0.4591,0.6265
weather:new_york,surface_pressure,2025-03-04,1,1018.0958,1020.2731,2.1773,0.2139,0.2961
weather:new_york,surface_pressure,2025-03-12,1,1010.2958,1013.0116,2.7157,0.2688,0.3694
weather:new_york,surface_pressure,2025-03-20,1,1004.6083,1010.0973,5.489,0.5464,0.7466
weather:new_york,surface_pressure,2025-03-22,1,1004.1625,1009.8676,5.7051,0.5681,0.776
weather:new_york,surface_pressure,2025-04-08,1,1003.3542,1006.2068,2.8526,0.2843,0.388
weather:new_york,surface_pressure,2025-04-13,1,1008.6417,1013.687,5.0453,0.5002,0.6862
weather:new_york,surface_pressure,2025-04-20,1,1019.1458,1015.8113,3.3345,0.3272,0.4535
weather:new_york,surface_pressure,2025-04-30,2,1011.0625,1011.651,0.5885,0.0582,0.0801
weather:new_york,surface_pressure,2025-05-08,1,1011.9708,1014.8602,2.8894,0.2855,0.393
weather:new_york,surface_pressure,2025-05-09,1,1008.6875,1002.507,6.1805,0.6127,0.8406
weather:new_york,surface_pressure,2025-05-23,1,1005.8958,1002.9969,2.8989,0.2882,0.3943
weather:new_york,surface_pressure,2025-06-03,1,1016.4542,1021.9232,5.469,0.538,0.7439
weather:new_york,surface_pressure,2025-06-19,1,1004.9958,1002.012,2.9839,0.2969,0.4059
weather:new_york,surface_pressure,2025-06-21,1,1014.6708,1012.2608,2.4101,0.2375,0.3278
weather:new_york,surface_pressure,2025-07-23,1,1019.4708,1013.681,5.7898,0.5679,0.7875
weather:new_york,surface_pressure,2025-07-28,1,1011.1708,1004.9966,6.1743,0.6106,0.8398
weather:new_york,surface_pressure,2025-08-12,1,1013.7708,1009.1769,4.5939,0.4532,0.6248
weather:new_york,surface_pressure,2025-08-25,1,1005.95,1008.9185,2.9685,0.2951,0.4038
weather:new_york,surface_pressure,2025-08-31,1,1018.1708,1015.2057,2.9651,0.2912,0.4033
weather:new_york,surface_pressure,2025-09-18,1,1010.6083,1016.1293,5.5209,0.5463,0.7509
weather:new_york,surface_pressure,2025-10-22,1,1003.8208,999.7341,4.0867,0.4071,0.5559
weather:new_york,surface_pressure,2025-11-02,1,1020.5167,1023.7346,3.2179,0.3153,0.4377
weather:new_york,surface_pressure,2025-11-07,1,1011.1917,1017.0862,5.8946,0.5829,0.8018
weather:new_york,surface_pressure,2025-12-10,1,1000.1875,995.9488,4.2387,0.4238,0.5765
weather:new_york,surface_pressure,2025-12-25,1,1013.6583,1017.2801,3.6218,0.3573,0.4926
weather:new_york,surface_pressure,2026-01-03,1,1010.5667,1013.9338,3.3671,0.3332,0.458
weather:new_york,surface_pressure,2026-01-22,1,1013.1667,1010.9701,2.1965,0.2168,0.2988
weather:new_york,surface_pressure,2026-02-16,1,1016.2375,1020.5221,4.2846,0.4216,0.5828
weather:new_york,surface_pressure,2026-02-28,1,1015.1667,1010.9042,4.2624,0.4199,0.5798
weather:new_york,surface_pressure,2026-03-23,1,1007.9,1004.7944,3.1056,0.3081,0.4224
weather:new_york,surface_pressure,2026-04-12,1,1027.125,1032.8275,5.7025,0.5552,0.7756
weather:new_york,surface_pressure,2026-04-19,1,1008.725,1011.6293,2.9043,0.2879,0.395
weather:new_york,surface_pressure,2026-04-27,1,1019.7417,1014.2622,5.4795,0.5373,0.7453
weather:new_york,soil_temperature_7_to_28cm,2024-01-08,1,2.6125,2.5969,0.0156,0.5988,0.0017
weather:new_york,soil_temperature_7_to_28cm,2024-02-02,1,3.9917,3.9802,0.0115,0.2872,0.0012
weather:new_york,soil_temperature_7_to_28cm,2024-02-05,1,3.3708,3.3951,0.0243,0.7195,0.0026
weather:new_york,soil_temperature_7_to_28cm,2024-02-14,1,2.9333,2.9467,0.0134,0.4559,0.0014
weather:new_york,soil_temperature_7_to_28cm,2024-02-18,1,1.6417,1.6471,0.0054,0.3312,0.0006
weather:new_york,soil_temperature_7_to_28cm,2024-02-27,1,4.7042,4.7155,0.0113,0.2404,0.0012
weather:new_york,soil_temperature_7_to_28cm,2024-03-13,1,8.775,8.7565,0.0185,0.2109,0.002
weather:new_york,soil_temperature_7_to_28cm,2024-03-15,1,11.125,11.0749,0.0501,0.4505,0.0054
weather:new_york,soil_temperature_7_to_28cm,2024-04-04,1,6.6375,6.6064,0.0311,0.4692,0.0034
weather:new_york,soil_temperature_7_to_28cm,2024-04-06,1,7.3125,7.2795,0.033,0.4519,0.0036
weather:new_york,soil_temperature_7_to_28cm,2024-04-22,1,10.7167,10.6776,0.0391,0.3647,0.0042
weather:new_york,soil_temperature_7_to_28cm,2024-04-24,1,12.3125,12.3745,0.062,0.5035,0.0067
weather:new_york,soil_temperature_7_to_28cm,2024-05-10,1,15.875,15.9173,0.0423,0.2664,0.0046
weather:new_york,soil_temperature_7_to_28cm,2024-05-31,1,18.9958,19.0658,0.07,0.3683,0.0076
weather:new_york,soil_temperature_7_to_28cm,2024-06-14,1,22.2833,22.1665,0.1169,0.5245,0.0127
weather:new_york,soil_temperature_7_to_28cm,2024-07-13,1,26.0625,26.2193,0.1568,0.6015,0.017
weather:new_york,soil_temperature_7_to_28cm,2024-07-27,1,25.2708,25.3322,0.0614,0.2428,0.0066
weather:new_york,soil_temperature_7_to_28cm,2024-08-02,1,27.2708,27.3774,0.1066,0.3908,0.0116
weather:new_york,soil_temperature_7_to_28cm,2024-08-29,1,25.7,25.633,0.067,0.2607,0.0073
weather:new_york,soil_temperature_7_to_28cm,2024-08-31,1,23.1542,23.0713,0.0829,0.358,0.009
weather:new_york,soil_temperature_7_to_28cm,2024-10-04,3,19.625,19.6929,0.0679,0.3459,0.0074
weather:new_york,soil_temperature_7_to_28cm,2024-10-17,2,14.0625,14.2207,0.1582,1.1251,0.0171
weather:new_york,soil_temperature_7_to_28cm,2024-11-26,1,9.6375,9.6584,0.0209,0.2166,0.0023
weather:new_york,soil_temperature_7_to_28cm,2024-12-31,1,6.1292,6.1575,0.0283,0.4619,0.0031
weather:new_york,soil_temperature_7_to_28cm,2025-01-01,1,6.7917,6.8161,0.0245,0.36,0.0027
weather:new_york,soil_temperature_7_to_28cm,2025-01-09,1,0.1208,0.1206,0.0002,0.184,0.0
weather:new_york,soil_temperature_7_to_28cm,2025-02-05,1,0.6458,0.6445,0.0014,0.211,0.0001
weather:new_york,soil_temperature_7_to_28cm,2025-02-10,1,0.8583,0.8613,0.0029,0.3424,0.0003
weather:new_york,soil_temperature_7_to_28cm,2025-03-01,1,5.8625,5.8732,0.0107,0.1824,0.0012
weather:new_york,soil_temperature_7_to_28cm,2025-03-12,1,7.8292,7.8599,0.0307,0.3923,0.0033
weather:new_york,soil_temperature_7_to_28cm,2025-03-20,1,8.5958,8.6291,0.0333,0.3871,0.0036
weather:new_york,soil_temperature_7_to_28cm,2025-03-22,1,7.2625,7.2949,0.0324,0.4463,0.0035
weather:new_york,soil_temperature_7_to_28cm,2025-03-25,1,7.5083,7.5372,0.0289,0.3846,0.0031
weather:new_york,soil_temperature_7_to_28cm,2025-04-10,1,6.9083,6.8755,0.0328,0.4746,0.0036
weather:new_york,soil_temperature_7_to_28cm,2025-05-10,1,14.8875,14.8411,0.0464,0.3114,0.005
weather:new_york,soil_temperature_7_to_28cm,2025-05-23,1,12.6125,12.6518,0.0393,0.3115,0.0043
weather:new_york,soil_temperature_7_to_28cm,2025-06-07,1,24.5542,24.6604,0.1062,0.4326,0.0115
weather:new_york,soil_temperature_7_to_28cm,2025-06-18,1,19.7208,19.6453,0.0755,0.3829,0.0082
weather:new_york,soil_temperature_7_to_28cm,2025-06-22,1,24.6708,24.7632,0.0923,0.3742,0.01
weather:new_york,soil_temperature_7_to_28cm,2025-07-01,1,27.7,27.8113,0.1113,0.4017,0.0121
weather:new_york,soil_temperature_7_to_28cm,2025-07-23,1,26.4,26.5026,0.1026,0.3885,0.0111
weather:new_york,soil_temperature_7_to_28cm,2025-07-28,1,27.5875,27.4965,0.091,0.3299,0.0099
weather:new_york,soil_temperature_7_to_28cm,2025-08-04,1,23.9,23.8442,0.0558,0.2336,0.006
weather:new_york,soil_temperature_7_to_28cm,2025-08-13,1,28.4208,28.3583,0.0626,0.2201,0.0068
weather:new_york,soil_temperature_7_to_28cm,2025-08-25,2,23.8375,23.6442,0.1933,0.811,0.021
weather:new_york,soil_temperature_7_to_28cm,2025-08-31,1,23.4917,23.5825,0.0909,0.3867,0.0098
weather:new_york,soil_temperature_7_to_28cm,2025-09-25,1,22.05,22.1537,0.1037,0.4702,0.0112
weather:new_york,soil_temperature_7_to_28cm,2025-10-02,1,18.1417,18.2026,0.061,0.336,0.0066
weather:new_york,soil_temperature_7_to_28cm,2025-10-12,1,16.7917,16.7218,0.0698,0.4158,0.0076
weather:new_york,soil_temperature_7_to_28cm,2025-11-15,1,7.6125,7.572,0.0405,0.5319,0.0044
weather:new_york,soil_temperature_7_to_28cm,2025-11-30,1,4.6292,4.6492,0.02,0.4328,0.0022
weather:new_york,soil_temperature_7_to_28cm,2025-12-10,1,2.4167,2.4213,0.0046,0.1906,0.0005
weather:new_york,soil_temperature_7_to_28cm,2025-12-17,1,0.2042,0.2052,0.001,0.5036,0.0001
weather:new_york,soil_temperature_7_to_28cm,2025-12-25,1,2.7542,2.7683,0.0141,0.5126,0.0015
weather:new_york,soil_temperature_7_to_28cm,2026-01-11,1,5.0167,4.9901,0.0265,0.529,0.0029
weather:new_york,soil_temperature_7_to_28cm,2026-01-21,1,-0.3042,-0.3055,0.0014,0.4483,0.0001
weather:new_york,soil_temperature_7_to_28cm,2026-02-04,1,-0.725,-0.7267,0.0017,0.2381,0.0002
weather:new_york,soil_temperature_7_to_28cm,2026-02-28,1,0.6667,0.669,0.0023,0.35,0.0003
weather:new_york,soil_temperature_7_to_28cm,2026-03-01,1,0.6,0.603,0.003,0.5002,0.0003
weather:new_york,soil_temperature_7_to_28cm,2026-03-26,1,8.0208,7.9785,0.0424,0.528,0.0046
weather:new_york,soil_temperature_7_to_28cm,2026-03-31,1,11.7208,11.6895,0.0314,0.2676,0.0034
weather:new_york,soil_temperature_7_to_28cm,2026-04-01,1,14.8375,14.9306,0.0931,0.6275,0.0101
weather:new_york,soil_temperature_7_to_28cm,2026-04-12,1,12.125,12.0482,0.0768,0.6336,0.0083
weather:new_york,soil_temperature_7_to_28cm,2026-04-15,1,18.375,18.4161,0.0411,0.2236,0.0045
weather:new_york,soil_temperature_7_to_28cm,2026-04-17,1,21.2,21.2887,0.0887,0.4183,0.0096
weather:new_york,soil_temperature_7_to_28cm,2026-04-18,1,19.725,19.6738,0.0512,0.2593,0.0055
weather:new_york,soil_temperature_7_to_28cm,2026-04-26,1,10.4917,10.4324,0.0593,0.565,0.0064
weather:new_york,soil_moisture_7_to_28cm,2024-01-01,1,0.3866,0.3856,0.001,0.2575,0.0119
weather:new_york,soil_moisture_7_to_28cm,2024-01-05,1,0.3666,0.3678,0.0012,0.3233,0.0142
weather:new_york,soil_moisture_7_to_28cm,2024-01-11,2,0.4065,0.4054,0.0011,0.2686,0.013
weather:new_york,soil_moisture_7_to_28cm,2024-01-17,1,0.4004,0.399,0.0014,0.3436,0.0164
weather:new_york,soil_moisture_7_to_28cm,2024-01-29,1,0.4176,0.4163,0.0013,0.3136,0.0156
weather:new_york,soil_moisture_7_to_28cm,2024-02-27,1,0.36,0.3608,0.0008,0.2165,0.0093
weather:new_york,soil_moisture_7_to_28cm,2024-03-14,2,0.3837,0.3858,0.0021,0.5495,0.0252
weather:new_york,soil_moisture_7_to_28cm,2024-03-26,1,0.3904,0.3917,0.0013,0.3235,0.0151
weather:new_york,soil_moisture_7_to_28cm,2024-04-01,1,0.3838,0.3827,0.0011,0.2801,0.0128
weather:new_york,soil_moisture_7_to_28cm,2024-04-04,1,0.4235,0.4251,0.0016,0.3763,0.019
weather:new_york,soil_moisture_7_to_28cm,2024-04-21,1,0.3358,0.3367,0.0009,0.2621,0.0105
weather:new_york,soil_moisture_7_to_28cm,2024-04-23,1,0.3232,0.3217,0.0015,0.4581,0.0177
weather:new_york,soil_moisture_7_to_28cm,2024-04-24,1,0.311,0.3098,0.0013,0.4053,0.0151
weather:new_york,soil_moisture_7_to_28cm,2024-05-03,1,0.2541,0.2552,0.0011,0.4432,0.0135
weather:new_york,soil_moisture_7_to_28cm,2024-05-28,1,0.3477,0.3495,0.0018,0.5227,0.0217
weather:new_york,soil_moisture_7_to_28cm,2024-05-31,1,0.314,0.313,0.001,0.3248,0.0122
weather:new_york,soil_moisture_7_to_28cm,2024-07-02,1,0.1688,0.1692,0.0004,0.255,0.0051
weather:new_york,soil_moisture_7_to_28cm,2024-07-05,1,0.1617,0.1621,0.0004,0.2432,0.0047
weather:new_york,soil_moisture_7_to_28cm,2024-07-09,1,0.156,0.1568,0.0009,0.5618,0.0105
weather:new_york,soil_moisture_7_to_28cm,2024-07-30,1,0.1541,0.1547,0.0006,0.3687,0.0068
weather:new_york,soil_moisture_7_to_28cm,2024-07-31,1,0.155,0.1558,0.0008,0.5205,0.0096
weather:new_york,soil_moisture_7_to_28cm,2024-08-01,1,0.1526,0.1517,0.0009,0.6048,0.011
weather:new_york,soil_moisture_7_to_28cm,2024-08-21,1,0.2898,0.291,0.0012,0.4088,0.0142
weather:new_york,soil_moisture_7_to_28cm,2024-08-31,1,0.2444,0.2457,0.0013,0.52,0.0152
weather:new_york,soil_moisture_7_to_28cm,2024-09-01,1,0.2454,0.2443,0.0011,0.448,0.0131
weather:new_york,soil_moisture_7_to_28cm,2024-09-10,1,0.2088,0.2083,0.0006,0.2726,0.0068
weather:new_york,soil_moisture_7_to_28cm,2024-10-01,1,0.1795,0.1791,0.0004,0.2237,0.0048
weather:new_york,soil_moisture_7_to_28cm,2024-10-04,1,0.1772,0.178,0.0008,0.4536,0.0096
weather:new_york,soil_moisture_7_to_28cm,2024-10-29,1,0.1409,0.1405,0.0004,0.2643,0.0044
weather:new_york,soil_moisture_7_to_28cm,2024-11-02,1,0.1362,0.1356,0.0007,0.488,0.0079
weather:new_york,soil_moisture_7_to_28cm,2024-11-19,1,0.22,0.219,0.001,0.4658,0.0122
weather:new_york,soil_moisture_7_to_28cm,2024-12-04,1,0.2561,0.2569,0.0009,0.3337,0.0102
weather:new_york,soil_moisture_7_to_28cm,2024-12-22,1,0.3405,0.3418,0.0013,0.3908,0.0159
weather:new_york,soil_moisture_7_to_28cm,2024-12-31,1,0.353,0.3509,0.0021,0.5853,0.0247
weather:new_york,soil_moisture_7_to_28cm,2025-01-02,1,0.3496,0.3515,0.0019,0.5545,0.0232
weather:new_york,soil_moisture_7_to_28cm,2025-01-07,1,0.3023,0.3032,0.0008,0.2777,0.01
weather:new_york,soil_moisture_7_to_28cm,2025-02-02,1,0.2978,0.2995,0.0017,0.5633,0.02
weather:new_york,soil_moisture_7_to_28cm,2025-03-04,1,0.248,0.249,0.001,0.3891,0.0115
weather:new_york,soil_moisture_7_to_28cm,2025-03-08,1,0.2981,0.2971,0.0011,0.3535,0.0126
weather:new_york,soil_moisture_7_to_28cm,2025-03-28,1,0.3138,0.3145,0.0007,0.2389,0.009
weather:new_york,soil_moisture_7_to_28cm,2025-04-13,1,0.3181,0.3162,0.0019,0.5921,0.0225
weather:new_york,soil_moisture_7_to_28cm,2025-04-20,1,0.2686,0.27,0.0014,0.5226,0.0168
weather:new_york,soil_moisture_7_to_28cm,2025-05-19,1,0.2822,0.2835,0.0012,0.4252,0.0143
weather:new_york,soil_moisture_7_to_28cm,2025-05-23,2,0.2367,0.2361,0.0006,0.2543,0.0072
weather:new_york,soil_moisture_7_to_28cm,2025-06-20,1,0.1464,0.1456,0.0008,0.5357,0.0094
weather:new_york,soil_moisture_7_to_28cm,2025-07-22,1,0.1705,0.1695,0.001,0.605,0.0123
weather:new_york,soil_moisture_7_to_28cm,2025-08-15,1,0.1875,0.188,0.0005,0.2701,0.0061
weather:new_york,soil_moisture_7_to_28cm,2025-08-17,1,0.1816,0.1812,0.0005,0.2496,0.0054
weather:new_york,soil_moisture_7_to_28cm,2025-08-26,1,0.1652,0.1658,0.0006,0.3708,0.0073
weather:new_york,soil_moisture_7_to_28cm,2025-08-31,1,0.162,0.1613,0.0007,0.4508,0.0087
weather:new_york,soil_moisture_7_to_28cm,2025-10-12,2,0.216,0.2137,0.0022,1.0392,0.0268
weather:new_york,soil_moisture_7_to_28cm,2025-10-25,1,0.2355,0.2361,0.0007,0.2775,0.0078
weather:new_york,soil_moisture_7_to_28cm,2025-10-28,1,0.2129,0.2123,0.0006,0.2876,0.0073
weather:new_york,soil_moisture_7_to_28cm,2025-11-15,1,0.1963,0.1956,0.0007,0.3793,0.0089
weather:new_york,soil_moisture_7_to_28cm,2025-11-18,1,0.161,0.1603,0.0007,0.4224,0.0081
weather:new_york,soil_moisture_7_to_28cm,2025-11-22,1,0.1381,0.1389,0.0008,0.56,0.0092
weather:new_york,soil_moisture_7_to_28cm,2025-12-04,1,0.1324,0.1332,0.0008,0.5682,0.009
weather:new_york,soil_moisture_7_to_28cm,2026-01-03,1,0.2133,0.2138,0.0005,0.251,0.0064
weather:new_york,soil_moisture_7_to_28cm,2026-01-05,1,0.214,0.2152,0.0012,0.5476,0.014
weather:new_york,soil_moisture_7_to_28cm,2026-01-21,1,0.2146,0.2156,0.001,0.4687,0.012
weather:new_york,soil_moisture_7_to_28cm,2026-01-22,2,0.214,0.2143,0.0003,0.1499,0.0038
weather:new_york,soil_moisture_7_to_28cm,2026-02-04,1,0.2086,0.208,0.0006,0.3041,0.0076
weather:new_york,soil_moisture_7_to_28cm,2026-03-07,1,0.3746,0.3764,0.0018,0.4811,0.0215
weather:new_york,soil_moisture_7_to_28cm,2026-03-13,1,0.2989,0.2976,0.0013,0.4495,0.0161
weather:new_york,soil_moisture_7_to_28cm,2026-03-30,1,0.2318,0.233,0.0012,0.5212,0.0144
weather:new_york,soil_moisture_7_to_28cm,2026-04-12,1,0.1293,0.1288,0.0005,0.3866,0.006
weather:new_york,soil_moisture_7_to_28cm,2026-04-15,1,0.1274,0.1269,0.0005,0.4009,0.0061
weather:new_york,soil_moisture_7_to_28cm,2026-04-18,1,0.128,0.1276,0.0004,0.3263,0.005
weather:new_york,soil_moisture_7_to_28cm,2026-04-21,1,0.1227,0.1231,0.0004,0.3418,0.005
weather:new_york,soil_moisture_7_to_28cm,2026-04-22,1,0.1224,0.1231,0.0007,0.5567,0.0081
weather:new_york,soil_moisture_7_to_28cm,2026-04-25,1,0.1252,0.1258,0.0007,0.5418,0.0081
weather:paris,temperature_2m,2024-01-14,1,-1.4958,-1.4954,0.0005,0.0305,0.0001
weather:paris,temperature_2m,2024-01-20,1,-3.0292,-3.0132,0.0159,0.5263,0.0026
weather:paris,temperature_2m,2024-01-29,2,7.6125,7.5818,0.0307,0.4038,0.0049
weather:paris,temperature_2m,2024-02-04,1,9.7958,9.7643,0.0316,0.3224,0.0051
weather:paris,temperature_2m,2024-02-16,1,11.9292,11.9622,0.033,0.2766,0.0053
weather:paris,temperature_2m,2024-02-24,1,4.9792,4.9896,0.0105,0.2103,0.0017
weather:paris,temperature_2m,2024-03-15,1,12.9708,12.9135,0.0573,0.4417,0.0092
weather:paris,temperature_2m,2024-03-17,1,11.1167,11.0297,0.087,0.7823,0.014
weather:paris,temperature_2m,2024-03-27,1,8.0042,7.9671,0.0371,0.4633,0.006
weather:paris,temperature_2m,2024-03-29,1,10.4292,10.4563,0.0271,0.2599,0.0044
weather:paris,temperature_2m,2024-04-12,1,15.5083,15.4521,0.0562,0.3625,0.0091
weather:paris,temperature_2m,2024-04-14,1,13.925,13.8886,0.0364,0.2614,0.0059
weather:paris,temperature_2m,2024-05-02,1,11.8792,11.9173,0.0382,0.3212,0.0061
weather:paris,temperature_2m,2024-05-28,1,13.4375,13.4119,0.0256,0.1905,0.0041
weather:paris,temperature_2m,2024-06-13,1,14.5917,14.5153,0.0763,0.5231,0.0123
weather:paris,temperature_2m,2024-06-16,1,15.45,15.4054,0.0446,0.2885,0.0072
weather:paris,temperature_2m,2024-06-19,1,17.6417,17.6908,0.0492,0.2787,0.0079
weather:paris,temperature_2m,2024-06-30,1,18.2833,18.3344,0.0511,0.2794,0.0082
weather:paris,temperature_2m,2024-07-15,1,19.9667,19.9018,0.0649,0.325,0.0104
weather:paris,temperature_2m,2024-08-07,1,20.225,20.1509,0.0741,0.3662,0.0119
weather:paris,temperature_2m,2024-08-09,1,21.7917,21.7037,0.0879,0.4035,0.0142
weather:paris,temperature_2m,2024-08-25,1,16.6833,16.7275,0.0441,0.2645,0.0071
weather:paris,temperature_2m,2024-08-26,1,17.8333,17.9053,0.0719,0.4034,0.0116
weather:paris,temperature_2m,2024-09-03,1,19.5292,19.5707,0.0415,0.2126,0.0067
weather:paris,temperature_2m,2024-09-20,1,16.175,16.2425,0.0675,0.4175,0.0109
weather:paris,temperature_2m,2024-11-04,1,9.2667,9.2165,0.0501,0.5412,0.0081
weather:paris,temperature_2m,2024-11-09,1,10.5708,10.6154,0.0446,0.422,0.0072
weather:paris,temperature_2m,2024-11-11,1,8.7417,8.7901,0.0484,0.5536,0.0078
weather:paris,temperature_2m,2024-11-12,1,8.6625,8.7168,0.0543,0.6263,0.0087
weather:paris,temperature_2m,2024-12-18,1,10.3042,10.346,0.0418,0.4057,0.0067
weather:paris,temperature_2m,2024-12-23,1,5.9708,5.9968,0.026,0.4357,0.0042
weather:paris,temperature_2m,2024-12-27,2,2.0542,2.0462,0.008,0.3892,0.0013
weather:paris,temperature_2m,2024-12-28,1,0.5417,0.5436,0.002,0.3641,0.0003
weather:paris,temperature_2m,2025-01-28,1,7.95,7.9137,0.0363,0.456,0.0058
weather:paris,temperature_2m,2025-02-02,1,1.225,1.2276,0.0026,0.2108,0.0004
weather:paris,temperature_2m,2025-02-03,1,1.1875,1.1787,0.0088,0.743,0.0014
weather:paris,temperature_2m,2025-02-10,1,4.2167,4.1999,0.0167,0.3969,0.0027
weather:paris,temperature_2m,2025-02-15,1,0.725,0.73,0.005,0.6897,0.0008
weather:paris,temperature_2m,2025-02-16,1,1.8917,1.8937,0.002,0.1054,0.0003
weather:paris,temperature_2m,2025-03-06,1,9.2917,9.3554,0.0637,0.686,0.0103
weather:paris,temperature_2m,2025-03-31,1,9.0958,9.1263,0.0305,0.3354,0.0049
weather:paris,temperature_2m,2025-04-08,1,11.5625,11.608,0.0455,0.3937,0.0073
weather:paris,temperature_2m,2025-04-16,1,11.3083,11.3874,0.079,0.699,0.0127
weather:paris,temperature_2m,2025-04-25,1,11.5917,11.6464,0.0548,0.4724,0.0088
weather:paris,temperature_2m,2025-04-30,1,21.2708,21.0941,0.1767,0.8307,0.0285
weather:paris,temperature_2m,2025-05-22,1,13.4,13.4459,0.0459,0.3424,0.0074
weather:paris,temperature_2m,2025-05-30,1,22.525,22.6109,0.0859,0.3813,0.0138
weather:paris,temperature_2m,2025-05-31,1,22.1375,22.2263,0.0888,0.401,0.0143
weather:paris,temperature_2m,2025-06-05,1,15.7458,15.7805,0.0347,0.2201,0.0056
weather:paris,temperature_2m,2025-07-02,1,26.0583,25.9701,0.0882,0.3385,0.0142
weather:paris,temperature_2m,2025-07-17,1,21.2083,21.1587,0.0496,0.2338,0.008
weather:paris,temperature_2m,2025-08-04,1,21.7583,21.6331,0.1252,0.5756,0.0202
weather:paris,temperature_2m,2025-08-23,1,17.425,17.4758,0.0508,0.2916,0.0082
weather:paris,temperature_2m,2025-09-06,1,17.7667,17.8095,0.0429,0.2413,0.0069
weather:paris,temperature_2m,2025-09-09,2,17.6125,17.6029,0.0096,0.0545,0.0015
weather:paris,temperature_2m,2025-09-15,1,18.05,17.9508,0.0992,0.5496,0.016
weather:paris,temperature_2m,2025-09-30,1,13.5917,13.5455,0.0462,0.3397,0.0074
weather:paris,temperature_2m,2025-11-04,1,12.2042,12.2413,0.0371,0.3042,0.006
weather:paris,temperature_2m,2025-11-05,1,13.475,13.4427,0.0323,0.2397,0.0052
weather:paris,temperature_2m,2025-11-09,1,9.2208,9.1508,0.07,0.7593,0.0113
weather:paris,temperature_2m,2025-11-11,1,11.3167,11.2538,0.0629,0.5555,0.0101
weather:paris,temperature_2m,2025-11-23,1,3.325,3.324,0.001,0.0308,0.0002
weather:paris,temperature_2m,2025-12-09,1,11.9,11.8784,0.0216,0.1819,0.0035
weather:paris,temperature_2m,2025-12-19,1,10.5667,10.4902,0.0764,0.7233,0.0123
weather:paris,temperature_2m,2025-12-28,1,0.3792,0.3765,0.0026,0.6935,0.0004
weather:paris,temperature_2m,2026-01-17,1,8.3625,8.3797,0.0172,0.2055,0.0028
weather:paris,temperature_2m,2026-01-20,1,7.4625,7.4825,0.02,0.2675,0.0032
weather:paris,temperature_2m,2026-02-12,1,10.1667,10.1435,0.0232,0.2277,0.0037
weather:paris,temperature_2m,2026-02-14,1,3.3042,3.2929,0.0113,0.3409,0.0018
weather:paris,temperature_2m,2026-02-26,1,13.0708,13.0406,0.0302,0.2312,0.0049
weather:paris,temperature_2m,2026-02-28,1,10.1458,10.1202,0.0256,0.2523,0.0041
weather:paris,temperature_2m,2026-03-06,1,12.35,12.2996,0.0504,0.4083,0.0081
weather:paris,temperature_2m,2026-03-29,1,6.6083,6.6181,0.0098,0.1481,0.0016
weather:paris,temperature_2m,2026-03-31,1,8.3458,8.3879,0.042,0.5038,0.0068
weather:paris,temperature_2m,2026-04-15,1,13.3542,13.3307,0.0235,0.1758,0.0038
weather:paris,temperature_2m,2026-04-16,1,14.5792,14.5431,0.0361,0.2473,0.0058
weather:paris,apparent_temperature,2024-01-29,2,4.9792,5.0144,0.0353,0.708,0.0047
weather:paris,apparent_temperature,2024-02-10,1,5.8708,5.8876,0.0167,0.2851,0.0022
weather:paris,apparent_temperature,2024-02-24,1,0.6042,0.6177,0.0135,2.2401,0.0018
weather:paris,apparent_temperature,2024-03-14,1,8.5333,8.5666,0.0332,0.3895,0.0045
weather:paris,apparent_temperature,2024-03-18,1,11.3708,11.4046,0.0337,0.2967,0.0045
weather:paris,apparent_temperature,2024-03-27,1,3.8625,3.8701,0.0076,0.1958,0.001
weather:paris,apparent_temperature,2024-04-04,1,10.6875,10.7389,0.0514,0.4807,0.0069
weather:paris,apparent_temperature,2024-05-11,1,17.075,17.0303,0.0447,0.2617,0.006
weather:paris,apparent_temperature,2024-05-15,1,13.9708,13.9022,0.0687,0.4916,0.0092
weather:paris,apparent_temperature,2024-05-17,1,13.5042,13.4643,0.0399,0.2954,0.0053
weather:paris,apparent_temperature,2024-05-28,1,11.5792,11.5623,0.0169,0.1461,0.0023
weather:paris,apparent_temperature,2024-06-10,1,10.1375,10.2102,0.0727,0.7176,0.0097
weather:paris,apparent_temperature,2024-06-11,1,10.1917,10.155,0.0366,0.3594,0.0049
weather:paris,apparent_temperature,2024-06-16,1,13.3958,13.3405,0.0553,0.4129,0.0074
weather:paris,apparent_temperature,2024-06-24,1,20.3458,20.2944,0.0514,0.2526,0.0069
weather:paris,apparent_temperature,2024-07-15,1,19.7458,19.6891,0.0567,0.2873,0.0076
weather:paris,apparent_temperature,2024-07-18,1,22.9875,23.0393,0.0518,0.2253,0.0069
weather:paris,apparent_temperature,2024-08-02,1,23.3292,23.2266,0.1025,0.4395,0.0137
weather:paris,apparent_temperature,2024-08-17,1,21.8625,21.95,0.0875,0.4,0.0117
weather:paris,apparent_temperature,2024-08-23,1,19.6458,19.7504,0.1046,0.5323,0.014
weather:paris,apparent_temperature,2024-08-25,1,14.8917,14.8689,0.0228,0.1529,0.0031
weather:paris,apparent_temperature,2024-08-29,1,20.9292,20.8287,0.1004,0.4799,0.0135
weather:paris,apparent_temperature,2024-09-03,1,20.1292,20.0502,0.079,0.3925,0.0106
weather:paris,apparent_temperature,2024-09-10,1,12.2417,12.1988,0.0429,0.3501,0.0057
weather:paris,apparent_temperature,2024-09-19,1,17.2917,17.3908,0.0991,0.5731,0.0133
weather:paris,apparent_temperature,2024-09-23,1,14.5125,14.5859,0.0734,0.5057,0.0098
weather:paris,apparent_temperature,2024-10-05,1,7.9917,7.9526,0.0391,0.4894,0.0052
weather:paris,apparent_temperature,2024-10-31,1,11.2792,11.3269,0.0477,0.4229,0.0064
weather:paris,apparent_temperature,2024-11-04,1,7.9042,7.9315,0.0273,0.3455,0.0037
weather:paris,apparent_temperature,2024-11-12,1,5.0958,5.0755,0.0204,0.3997,0.0027
weather:paris,apparent_temperature,2024-11-30,1,0.2833,0.2929,0.0096,3.3921,0.0013
weather:paris,apparent_temperature,2024-12-18,1,7.5542,7.5456,0.0086,0.114,0.0012
weather:paris,apparent_temperature,2024-12-27,1,-0.375,-0.3805,0.0055,1.4749,0.0007
weather:paris,apparent_temperature,2024-12-30,1,0.6792,0.6853,0.0061,0.8962,0.0008
weather:paris,apparent_temperature,2025-01-13,1,-2.7875,-2.7749,0.0126,0.4506,0.0017
weather:paris,apparent_temperature,2025-01-27,1,5.425,5.4341,0.0091,0.1686,0.0012
weather:paris,apparent_temperature,2025-02-02,1,-1.5792,-1.5925,0.0134,0.8456,0.0018
weather:paris,apparent_temperature,2025-02-03,1,-1.2583,-1.2779,0.0196,1.5582,0.0026
weather:paris,apparent_temperature,2025-02-09,1,2.0083,2.006,0.0023,0.1142,0.0003
weather:paris,apparent_temperature,2025-02-15,1,-2.8958,-2.8744,0.0214,0.7386,0.0029
weather:paris,apparent_temperature,2025-02-22,1,8.5125,8.4584,0.0541,0.6357,0.0073
weather:paris,apparent_temperature,2025-03-01,1,-0.1375,-0.1324,0.0051,3.7442,0.0007
weather:paris,apparent_temperature,2025-03-06,1,6.75,6.7934,0.0434,0.6426,0.0058
weather:paris,apparent_temperature,2025-03-15,1,-0.5583,-0.5381,0.0203,3.6279,0.0027
weather:paris,apparent_temperature,2025-03-18,1,3.0375,3.0375,0.0,0.0,0.0
weather:paris,apparent_temperature,2025-03-22,1,11.5292,11.4632,0.066,0.5723,0.0088
weather:paris,apparent_temperature,2025-04-08,1,8.9,8.9757,0.0757,0.8502,0.0101
weather:paris,apparent_temperature,2025-04-13,1,12.45,12.5028,0.0528,0.4243,0.0071
weather:paris,apparent_temperature,2025-04-16,1,8.7083,8.7462,0.0378,0.4345,0.0051
weather:paris,apparent_temperature,2025-04-30,1,19.6583,19.7463,0.0879,0.4474,0.0118
weather:paris,apparent_temperature,2025-05-04,1,9.2417,9.2161,0.0256,0.2767,0.0034
weather:paris,apparent_temperature,2025-06-25,1,26.4458,26.5302,0.0844,0.319,0.0113
weather:paris,apparent_temperature,2025-07-04,1,19.95,19.8601,0.0899,0.4507,0.0121
weather:paris,apparent_temperature,2025-07-08,1,15.0875,15.1297,0.0422,0.2799,0.0057
weather:paris,apparent_temperature,2025-07-13,1,24.775,24.8866,0.1116,0.4504,0.015
weather:paris,apparent_temperature,2025-07-14,1,22.9833,22.8948,0.0885,0.3851,0.0119
weather:paris,apparent_temperature,2025-07-16,1,19.5833,19.4913,0.092,0.4698,0.0123
weather:paris,apparent_temperature,2025-07-17,1,22.7625,22.6752,0.0873,0.3834,0.0117
weather:paris,apparent_temperature,2025-08-07,1,21.0292,21.1455,0.1163,0.5532,0.0156
weather:paris,apparent_temperature,2025-08-11,1,23.4,23.3366,0.0634,0.2708,0.0085
weather:paris,apparent_temperature,2025-09-09,1,16.8167,16.775,0.0416,0.2476,0.0056
weather:paris,apparent_temperature,2025-09-23,1,9.0958,9.1259,0.0301,0.3307,0.004
weather:paris,apparent_temperature,2025-09-30,1,12.4625,12.5435,0.081,0.6497,0.0109
weather:paris,apparent_temperature,2025-11-04,1,10.4583,10.5037,0.0454,0.434,0.0061
weather:paris,apparent_temperature,2025-11-05,1,11.5625,11.4827,0.0798,0.69,0.0107
weather:paris,apparent_temperature,2025-11-09,1,7.6542,7.6758,0.0216,0.2825,0.0029
weather:paris,apparent_temperature,2025-12-09,1,9.7958,9.8377,0.0418,0.4271,0.0056
weather:paris,apparent_temperature,2025-12-28,1,-3.1292,-3.1529,0.0238,0.7595,0.0032
weather:paris,apparent_temperature,2025-12-29,1,-4.1875,-4.2091,0.0216,0.515,0.0029
weather:paris,apparent_temperature,2026-01-08,1,1.9083,1.8952,0.0131,0.6864,0.0018
weather:paris,apparent_temperature,2026-01-17,2,6.6083,6.6508,0.0425,0.6432,0.0057
weather:paris,apparent_temperature,2026-02-17,1,2.3708,2.3833,0.0125,0.5274,0.0017
weather:paris,apparent_temperature,2026-02-27,1,9.5583,9.5282,0.0302,0.3157,0.004
weather:paris,apparent_temperature,2026-02-28,1,6.825,6.8463,0.0213,0.312,0.0029
weather:paris,apparent_temperature,2026-03-16,1,6.5125,6.4912,0.0213,0.3278,0.0029
weather:paris,apparent_temperature,2026-03-29,1,3.3417,3.3388,0.0029,0.0872,0.0004
weather:paris,apparent_temperature,2026-03-31,1,6.075,6.1027,0.0277,0.4564,0.0037
weather:paris,apparent_temperature,2026-04-08,1,14.9583,14.8869,0.0714,0.4773,0.0096
weather:paris,precipitation,2024-01-11,1,0.0,0.0,0.0,,0.0
weather:paris,precipitation,2024-01-14,1,0.0,0.0,0.0,,0.0
weather:paris,precipitation,2024-03-14,2,0.0,0.0,0.0,,0.0
weather:paris,precipitation,2024-03-15,1,0.3958,0.3958,0.0,0.0,0.0
weather:paris,precipitation,2024-03-18,1,0.2792,0.2792,0.0,0.0,0.0
weather:paris,precipitation,2024-04-04,1,0.5208,0.519,0.0019,0.3563,0.0091
weather:paris,precipitation,2024-04-11,1,0.0167,0.0167,0.0,0.0,0.0
weather:paris,precipitation,2024-04-12,1,0.0,0.0,0.0,,0.0
weather:paris,precipitation,2024-04-14,1,0.0,0.0,0.0,,0.0
weather:paris,precipitation,2024-04-21,1,0.0333,0.0333,0.0,0.0,0.0
weather:paris,precipitation,2024-05-11,1,0.0,0.0,0.0,,0.0
weather:paris,precipitation,2024-06-07,1,0.0,0.0,0.0,,0.0
weather:paris,precipitation,2024-06-10,1,0.1375,0.1375,0.0,0.0,0.0
weather:paris,precipitation,2024-06-11,1,0.1042,0.1042,0.0,0.0,0.0
weather:paris,precipitation,2024-06-27,1,0.0083,0.0083,0.0,0.0,0.0
weather:paris,precipitation,2024-06-30,1,0.1625,0.1622,0.0003,0.1756,0.0014
weather:paris,precipitation,2024-07-22,1,0.0,0.0,0.0,,0.0
weather:paris,precipitation,2024-08-05,1,0.0,0.0,0.0,,0.0
weather:paris,precipitation,2024-08-09,1,0.0083,0.0083,0.0,0.0,0.0
weather:paris,precipitation,2024-08-25,1,0.0,0.0,0.0,,0.0
weather:paris,precipitation,2024-08-26,1,0.0,0.0,0.0,,0.0
weather:paris,precipitation,2024-09-03,1,0.325,0.3245,0.0005,0.157,0.0025
weather:paris,precipitation,2024-09-10,1,0.0,0.0,0.0,,0.0
weather:paris,precipitation,2024-09-25,1,0.6667,0.6648,0.0019,0.2843,0.0093
weather:paris,precipitation,2024-10-28,1,0.0,0.0,0.0,,0.0
weather:paris,precipitation,2024-10-31,1,0.0,0.0,0.0,,0.0
weather:paris,precipitation,2024-11-07,1,0.0,0.0,0.0,,0.0
weather:paris,precipitation,2024-11-12,1,0.05,0.0505,0.0005,1.0123,0.0025
weather:paris,precipitation,2024-11-20,1,0.0375,0.0368,0.0007,1.8396,0.0034
weather:paris,precipitation,2024-12-01,1,0.0,0.0,0.0,,0.0
weather:paris,precipitation,2024-12-18,1,0.0625,0.0625,0.0,0.0,0.0
weather:paris,precipitation,2024-12-27,2,0.0,0.0,0.0,,0.0
weather:paris,precipitation,2024-12-28,1,0.0,0.0,0.0,,0.0
weather:paris,precipitation,2024-12-30,1,0.0042,0.0042,0.0,0.0,0.0
weather:paris,precipitation,2025-01-22,1,0.6292,0.6192,0.01,1.5899,0.0491
weather:paris,precipitation,2025-01-27,1,0.125,0.125,0.0,0.0,0.0
weather:paris,precipitation,2025-02-03,1,0.0,0.0,0.0,,0.0
weather:paris,precipitation,2025-02-09,1,0.2,0.2021,0.0021,1.0318,0.0101
weather:paris,precipitation,2025-02-10,1,0.5083,0.4972,0.0112,2.1994,0.0549
weather:paris,precipitation,2025-03-01,1,0.0,0.0,0.0,,0.0
weather:paris,precipitation,2025-03-06,1,0.0,0.0,0.0,,0.0
weather:paris,precipitation,2025-03-18,1,0.0,0.0,0.0,,0.0
weather:paris,precipitation,2025-03-24,1,0.025,0.025,0.0,0.0,0.0
weather:paris,precipitation,2025-03-31,1,0.0,0.0,0.0,,0.0
weather:paris,precipitation,2025-04-07,1,0.0,0.0,0.0,,0.0
weather:paris,precipitation,2025-04-30,1,0.0,0.0,0.0,,0.0
weather:paris,precipitation,2025-05-04,1,0.0333,0.0333,0.0,0.0,0.0
weather:paris,precipitation,2025-05-15,1,0.0,0.0,0.0,,0.0
weather:paris,precipitation,2025-06-02,1,0.0583,0.0583,0.0,0.0,0.0
weather:paris,precipitation,2025-06-05,1,0.525,0.525,0.0,0.0,0.0
weather:paris,precipitation,2025-07-07,1,0.8042,0.8042,0.0,0.0,0.0
weather:paris,precipitation,2025-07-13,1,0.0,0.0,0.0,,0.0
weather:paris,precipitation,2025-07-14,1,0.25,0.25,0.0,0.0,0.0
weather:paris,precipitation,2025-07-17,1,0.0208,0.0208,0.0,0.0,0.0
weather:paris,precipitation,2025-08-01,1,0.0583,0.0583,0.0,0.0,0.0
weather:paris,precipitation,2025-08-16,1,0.0,0.0,0.0,,0.0
weather:paris,precipitation,2025-08-23,1,0.0,0.0,0.0,,0.0
weather:paris,precipitation,2025-08-30,1,0.0042,0.0042,0.0,0.0,0.0
weather:paris,precipitation,2025-09-09,2,0.0,0.0,0.0,,0.0
weather:paris,precipitation,2025-09-12,1,0.0208,0.0208,0.0,0.0,0.0
weather:paris,precipitation,2025-09-21,1,0.0208,0.0208,0.0,0.0,0.0
weather:paris,precipitation,2025-09-30,1,0.0,0.0,0.0,,0.0
weather:paris,precipitation,2025-11-14,1,0.1458,0.1458,0.0,0.0,0.0
weather:paris,precipitation,2025-11-19,1,0.125,0.125,0.0,0.0,0.0
weather:paris,precipitation,2025-12-12,1,0.0042,0.0042,0.0,0.0,0.0
weather:paris,precipitation,2025-12-21,1,0.4833,0.4833,0.0,0.0,0.0
weather:paris,precipitation,2025-12-28,1,0.0,0.0,0.0,,0.0
weather:paris,precipitation,2026-02-12,1,0.2875,0.2848,0.0027,0.951,0.0134
weather:paris,precipitation,2026-02-20,1,0.0083,0.0083,0.0,0.0,0.0
weather:paris,precipitation,2026-02-25,1,0.0,0.0,0.0,,0.0
weather:paris,precipitation,2026-02-27,1,0.1417,0.1361,0.0055,3.9009,0.0271
weather:paris,precipitation,2026-03-16,1,0.0,0.0,0.0,,0.0
weather:paris,precipitation,2026-03-18,1,0.0,0.0,0.0,,0.0
weather:paris,precipitation,2026-03-22,1,0.0,0.0,0.0,,0.0
weather:paris,precipitation,2026-04-08,1,0.0,0.0,0.0,,0.0
weather:paris,precipitation,2026-04-24,1,0.0,0.0,0.0,,0.0
weather:paris,surface_pressure,2024-01-02,1,994.0625,1000.1641,6.1016,0.6138,0.6509
weather:paris,surface_pressure,2024-01-11,1,1026.5042,1023.5843,2.9198,0.2844,0.3115
weather:paris,surface_pressure,2024-01-29,1,1022.6792,1017.541,5.1382,0.5024,0.5481
weather:paris,surface_pressure,2024-04-01,1,994.2708,996.9213,2.6504,0.2666,0.2827
weather:paris,surface_pressure,2024-04-11,1,1028.3375,1033.662,5.3245,0.5178,0.568
weather:paris,surface_pressure,2024-04-23,1,1016.9292,1020.3422,3.413,0.3356,0.3641
weather:paris,surface_pressure,2024-05-11,1,1013.925,1010.2531,3.6719,0.3621,0.3917
weather:paris,surface_pressure,2024-05-15,1,1001.4042,1003.9299,2.5258,0.2522,0.2694
weather:paris,surface_pressure,2024-05-25,1,1013.5917,1019.7211,6.1295,0.6047,0.6539
weather:paris,surface_pressure,2024-05-28,1,1014.6083,1018.8755,4.2671,0.4206,0.4552
weather:paris,surface_pressure,2024-06-04,1,1010.5,1015.8783,5.3783,0.5322,0.5738
weather:paris,surface_pressure,2024-06-07,1,1015.6083,1020.4852,4.8769,0.4802,0.5203
weather:paris,surface_pressure,2024-06-11,1,1013.5125,1007.3229,6.1896,0.6107,0.6603
weather:paris,surface_pressure,2024-06-13,1,1012.9417,1010.4883,2.4533,0.2422,0.2617
weather:paris,surface_pressure,2024-06-27,1,1006.6958,1010.3513,3.6555,0.3631,0.39
weather:paris,surface_pressure,2024-06-30,1,1008.1167,1002.549,5.5677,0.5523,0.594
weather:paris,surface_pressure,2024-07-18,1,1015.9292,1020.5796,4.6504,0.4577,0.4961
weather:paris,surface_pressure,2024-08-23,1,1006.4875,1002.2731,4.2144,0.4187,0.4496
weather:paris,surface_pressure,2024-08-25,1,1017.4458,1011.871,5.5749,0.5479,0.5947
weather:paris,surface_pressure,2024-08-26,1,1018.4333,1014.3963,4.037,0.3964,0.4307
weather:paris,surface_pressure,2024-08-29,1,1013.5417,1015.6912,2.1495,0.2121,0.2293
weather:paris,surface_pressure,2024-09-01,1,1008.9583,1013.9579,4.9996,0.4955,0.5334
weather:paris,surface_pressure,2024-09-10,2,1010.9,1011.5843,0.6843,0.0677,0.073
weather:paris,surface_pressure,2024-09-18,1,1017.4625,1022.7802,5.3177,0.5226,0.5673
weather:paris,surface_pressure,2024-09-20,2,1013.0167,1013.7987,0.7821,0.0772,0.0834
weather:paris,surface_pressure,2024-10-10,1,997.8208,1002.1268,4.306,0.4315,0.4594
weather:paris,surface_pressure,2024-10-25,1,1011.7792,1015.77,3.9908,0.3944,0.4257
weather:paris,surface_pressure,2024-10-28,1,1021.6208,1025.2684,3.6475,0.357,0.3891
weather:paris,surface_pressure,2024-10-31,1,1022.7458,1018.5705,4.1754,0.4083,0.4454
weather:paris,surface_pressure,2024-11-07,1,1025.1542,1020.8842,4.27,0.4165,0.4555
weather:paris,surface_pressure,2024-11-12,1,1025.0917,1029.2362,4.1445,0.4043,0.4421
weather:paris,surface_pressure,2024-12-18,1,1014.0542,1009.7387,4.3154,0.4256,0.4604
weather:paris,surface_pressure,2024-12-23,1,1016.825,1013.3452,3.4798,0.3422,0.3712
weather:paris,surface_pressure,2025-01-03,1,1020.2667,1024.0828,3.8161,0.374,0.4071
weather:paris,surface_pressure,2025-01-13,1,1036.0667,1041.5894,5.5227,0.533,0.5892
weather:paris,surface_pressure,2025-01-27,1,988.0875,990.3999,2.3124,0.234,0.2467
weather:paris,surface_pressure,2025-02-02,1,1019.8458,1023.3824,3.5366,0.3468,0.3773
weather:paris,surface_pressure,2025-02-03,1,1023.3,1019.1227,4.1773,0.4082,0.4456
weather:paris,surface_pressure,2025-02-10,1,1015.4833,1018.207,2.7237,0.2682,0.2906
weather:paris,surface_pressure,2025-02-15,1,1017.2833,1011.3752,5.9081,0.5808,0.6303
weather:paris,surface_pressure,2025-02-23,1,1022.9333,1026.2889,3.3556,0.328,0.358
weather:paris,surface_pressure,2025-03-02,1,1027.625,1025.3122,2.3128,0.2251,0.2467
weather:paris,surface_pressure,2025-04-07,1,1018.525,1012.8673,5.6577,0.5555,0.6036
weather:paris,surface_pressure,2025-04-08,1,1019.9208,1013.6861,6.2348,0.6113,0.6651
weather:paris,surface_pressure,2025-05-22,1,1013.0833,1016.9253,3.8419,0.3792,0.4099
weather:paris,surface_pressure,2025-05-30,1,1016.6333,1013.6004,3.0329,0.2983,0.3235
weather:paris,surface_pressure,2025-06-25,1,1008.3083,1013.3764,5.0681,0.5026,0.5407
weather:paris,surface_pressure,2025-07-01,1,1010.2375,1006.8671,3.3704,0.3336,0.3595
weather:paris,surface_pressure,2025-07-02,1,1011.4708,1014.8095,3.3386,0.3301,0.3562
weather:paris,surface_pressure,2025-07-07,1,1005.2917,1009.7315,4.4399,0.4417,0.4736
weather:paris,surface_pressure,2025-07-14,1,1011.9542,1007.851,4.1032,0.4055,0.4377
weather:paris,surface_pressure,2025-08-23,1,1016.3125,1020.4617,4.1492,0.4083,0.4426
weather:paris,surface_pressure,2025-09-09,1,1012.2667,1015.6914,3.4247,0.3383,0.3653
weather:paris,surface_pressure,2025-09-15,1,1009.9083,1005.4936,4.4147,0.4371,0.471
weather:paris,surface_pressure,2025-09-25,1,1016.5167,1011.5173,4.9993,0.4918,0.5333
weather:paris,surface_pressure,2025-10-31,1,1005.65,1003.496,2.154,0.2142,0.2298
weather:paris,surface_pressure,2025-11-09,1,1015.1208,1010.4029,4.7179,0.4648,0.5033
weather:paris,surface_pressure,2025-11-19,1,1003.8083,1007.331,3.5226,0.3509,0.3758
weather:paris,surface_pressure,2025-11-23,1,1005.1458,1011.3303,6.1845,0.6153,0.6598
weather:paris,surface_pressure,2025-11-27,1,1018.2125,1023.6566,5.4441,0.5347,0.5808
weather:paris,surface_pressure,2025-12-09,1,1008.7583,1005.6756,3.0827,0.3056,0.3289
weather:paris,surface_pressure,2025-12-12,1,1015.8917,1013.7232,2.1685,0.2135,0.2313
weather:paris,surface_pressure,2026-02-17,1,1009.1667,1011.742,2.5754,0.2552,0.2747
weather:paris,surface_pressure,2026-03-02,1,1014.4667,1011.8684,2.5983,0.2561,0.2772
weather:paris,surface_pressure,2026-03-06,1,1015.5583,1018.7589,3.2006,0.3152,0.3414
weather:paris,surface_pressure,2026-03-22,1,1009.4958,1012.7164,3.2206,0.319,0.3436
weather:paris,surface_pressure,2026-04-27,1,1016.875,1019.4404,2.5654,0.2523,0.2737
weather:paris,soil_temperature_7_to_28cm,2024-01-29,2,4.75,4.7452,0.0048,0.1018,0.0008
weather:paris,soil_temperature_7_to_28cm,2024-02-04,1,8.2792,8.2428,0.0363,0.4389,0.006
weather:paris,soil_temperature_7_to_28cm,2024-03-14,1,9.6167,9.6526,0.0359,0.3735,0.0059
weather:paris,soil_temperature_7_to_28cm,2024-03-18,1,11.2958,11.3304,0.0346,0.3061,0.0057
weather:paris,soil_temperature_7_to_28cm,2024-03-30,1,9.6875,9.7379,0.0504,0.5206,0.0083
weather:paris,soil_temperature_7_to_28cm,2024-04-04,1,11.9458,11.9967,0.0509,0.426,0.0084
weather:paris,soil_temperature_7_to_28cm,2024-04-14,1,15.1542,15.1898,0.0356,0.235,0.0059
weather:paris,soil_temperature_7_to_28cm,2024-05-11,1,15.9083,15.9999,0.0915,0.5753,0.0151
weather:paris,soil_temperature_7_to_28cm,2024-05-17,1,15.5625,15.514,0.0485,0.3119,0.008
weather:paris,soil_temperature_7_to_28cm,2024-05-24,1,15.9833,16.0586,0.0753,0.4711,0.0124
weather:paris,soil_temperature_7_to_28cm,2024-05-28,1,14.675,14.7577,0.0827,0.5632,0.0136
weather:paris,soil_temperature_7_to_28cm,2024-06-10,1,15.875,15.9206,0.0456,0.2875,0.0075
weather:paris,soil_temperature_7_to_28cm,2024-06-11,2,14.95,14.7902,0.1598,1.0689,0.0263
weather:paris,soil_temperature_7_to_28cm,2024-06-19,1,17.3167,17.241,0.0757,0.4371,0.0125
weather:paris,soil_temperature_7_to_28cm,2024-06-24,1,18.5375,18.5781,0.0406,0.2188,0.0067
weather:paris,soil_temperature_7_to_28cm,2024-06-27,1,22.2417,22.3563,0.1146,0.5155,0.0189
weather:paris,soil_temperature_7_to_28cm,2024-07-15,1,19.0375,19.1083,0.0708,0.372,0.0117
weather:paris,soil_temperature_7_to_28cm,2024-08-02,1,24.125,24.0059,0.1191,0.4935,0.0196
weather:paris,soil_temperature_7_to_28cm,2024-08-09,1,22.5042,22.4424,0.0617,0.2743,0.0102
weather:paris,soil_temperature_7_to_28cm,2024-08-17,1,22.0917,22.2005,0.1088,0.4925,0.0179
weather:paris,soil_temperature_7_to_28cm,2024-09-01,1,20.9083,20.8622,0.0462,0.2208,0.0076
weather:paris,soil_temperature_7_to_28cm,2024-09-05,1,19.35,19.4601,0.1101,0.5689,0.0182
weather:paris,soil_temperature_7_to_28cm,2024-09-19,1,17.9625,17.8545,0.108,0.6011,0.0178
weather:paris,soil_temperature_7_to_28cm,2024-09-20,1,17.975,18.0508,0.0758,0.4216,0.0125
weather:paris,soil_temperature_7_to_28cm,2024-09-24,1,16.2958,16.2601,0.0358,0.2196,0.0059
weather:paris,soil_temperature_7_to_28cm,2024-09-25,1,15.5875,15.6834,0.0959,0.6152,0.0158
weather:paris,soil_temperature_7_to_28cm,2024-10-25,1,13.35,13.4032,0.0532,0.3983,0.0088
weather:paris,soil_temperature_7_to_28cm,2024-10-28,1,14.3125,14.2379,0.0746,0.521,0.0123
weather:paris,soil_temperature_7_to_28cm,2024-10-31,1,13.2833,13.3341,0.0507,0.3819,0.0084
weather:paris,soil_temperature_7_to_28cm,2024-11-04,1,11.8833,11.9402,0.0569,0.4785,0.0094
weather:paris,soil_temperature_7_to_28cm,2024-11-11,1,10.8583,10.9204,0.0621,0.5715,0.0102
weather:paris,soil_temperature_7_to_28cm,2024-11-12,1,10.15,10.1184,0.0316,0.311,0.0052
weather:paris,soil_temperature_7_to_28cm,2024-12-18,1,7.4375,7.4767,0.0392,0.5273,0.0065
weather:paris,soil_temperature_7_to_28cm,2024-12-23,1,5.9583,5.9401,0.0182,0.3059,0.003
weather:paris,soil_temperature_7_to_28cm,2024-12-27,1,5.9,5.9304,0.0304,0.5145,0.005
weather:paris,soil_temperature_7_to_28cm,2025-01-03,1,3.775,3.761,0.014,0.3711,0.0023
weather:paris,soil_temperature_7_to_28cm,2025-01-13,1,2.9708,2.9886,0.0177,0.5971,0.0029
weather:paris,soil_temperature_7_to_28cm,2025-01-22,1,1.8458,1.8302,0.0157,0.8491,0.0026
weather:paris,soil_temperature_7_to_28cm,2025-02-10,1,4.9917,4.9675,0.0241,0.4831,0.004
weather:paris,soil_temperature_7_to_28cm,2025-02-22,1,8.8958,8.8565,0.0393,0.4421,0.0065
weather:paris,soil_temperature_7_to_28cm,2025-03-02,1,4.925,4.9539,0.0289,0.5877,0.0048
weather:paris,soil_temperature_7_to_28cm,2025-03-18,1,6.6542,6.6388,0.0153,0.2307,0.0025
weather:paris,soil_temperature_7_to_28cm,2025-03-22,1,11.4625,11.5173,0.0548,0.4781,0.009
weather:paris,soil_temperature_7_to_28cm,2025-03-24,1,10.2375,10.293,0.0555,0.5418,0.0091
weather:paris,soil_temperature_7_to_28cm,2025-03-31,1,9.3542,9.3844,0.0302,0.323,0.005
weather:paris,soil_temperature_7_to_28cm,2025-04-07,1,12.1375,12.1886,0.0511,0.4211,0.0084
weather:paris,soil_temperature_7_to_28cm,2025-04-08,1,11.9625,11.8928,0.0697,0.5825,0.0115
weather:paris,soil_temperature_7_to_28cm,2025-04-25,1,12.3,12.2659,0.0341,0.277,0.0056
weather:paris,soil_temperature_7_to_28cm,2025-05-04,1,17.8875,17.9864,0.0989,0.5528,0.0163
weather:paris,soil_temperature_7_to_28cm,2025-06-05,1,17.7417,17.8416,0.0999,0.5631,0.0165
weather:paris,soil_temperature_7_to_28cm,2025-06-12,1,20.525,20.462,0.063,0.3068,0.0104
weather:paris,soil_temperature_7_to_28cm,2025-07-01,1,27.9,28.0499,0.1499,0.5371,0.0247
weather:paris,soil_temperature_7_to_28cm,2025-07-02,1,28.9875,28.8299,0.1576,0.5437,0.026
weather:paris,soil_temperature_7_to_28cm,2025-07-04,1,25.1125,25.2525,0.14,0.5573,0.0231
weather:paris,soil_temperature_7_to_28cm,2025-07-13,1,24.875,24.7692,0.1058,0.4253,0.0174
weather:paris,soil_temperature_7_to_28cm,2025-07-14,1,25.425,25.5607,0.1357,0.5337,0.0224
weather:paris,soil_temperature_7_to_28cm,2025-08-01,1,19.9292,19.8603,0.0689,0.3455,0.0114
weather:paris,soil_temperature_7_to_28cm,2025-08-23,1,19.8083,19.7035,0.1048,0.5291,0.0173
weather:paris,soil_temperature_7_to_28cm,2025-09-09,1,19.925,20.0502,0.1252,0.6285,0.0206
weather:paris,soil_temperature_7_to_28cm,2025-10-07,1,13.4042,13.4382,0.034,0.254,0.0056
weather:paris,soil_temperature_7_to_28cm,2025-10-12,1,13.9917,14.0566,0.0649,0.4641,0.0107
weather:paris,soil_temperature_7_to_28cm,2025-11-05,2,12.025,12.1216,0.0966,0.8032,0.0159
weather:paris,soil_temperature_7_to_28cm,2025-11-14,1,12.7375,12.6601,0.0774,0.6075,0.0128
weather:paris,soil_temperature_7_to_28cm,2025-11-19,1,7.4708,7.4363,0.0345,0.4623,0.0057
weather:paris,soil_temperature_7_to_28cm,2025-12-28,1,1.4542,1.4612,0.007,0.4815,0.0012
weather:paris,soil_temperature_7_to_28cm,2026-02-25,1,10.3458,10.2928,0.053,0.5125,0.0087
weather:paris,soil_temperature_7_to_28cm,2026-02-26,1,10.6792,10.6338,0.0453,0.4245,0.0075
weather:paris,soil_temperature_7_to_28cm,2026-02-27,1,10.7167,10.7781,0.0614,0.5731,0.0101
weather:paris,soil_temperature_7_to_28cm,2026-02-28,1,10.3292,10.2911,0.0381,0.3684,0.0063
weather:paris,soil_temperature_7_to_28cm,2026-03-16,1,8.5542,8.5041,0.05,0.585,0.0083
weather:paris,soil_temperature_7_to_28cm,2026-03-22,1,10.0292,9.9995,0.0297,0.2959,0.0049
weather:paris,soil_temperature_7_to_28cm,2026-03-24,1,10.2458,10.1906,0.0552,0.5386,0.0091
weather:paris,soil_temperature_7_to_28cm,2026-04-16,1,13.3208,13.2761,0.0447,0.3359,0.0074
weather:paris,soil_temperature_7_to_28cm,2026-04-24,1,15.1042,15.0506,0.0535,0.3543,0.0088
weather:paris,soil_moisture_7_to_28cm,2024-01-02,1,0.4003,0.402,0.0017,0.42,0.0233
weather:paris,soil_moisture_7_to_28cm,2024-01-14,1,0.3715,0.3732,0.0018,0.4779,0.0246
weather:paris,soil_moisture_7_to_28cm,2024-01-20,1,0.3988,0.4011,0.0023,0.5781,0.032
weather:paris,soil_moisture_7_to_28cm,2024-03-14,1,0.4033,0.4018,0.0014,0.3549,0.0199
weather:paris,soil_moisture_7_to_28cm,2024-03-15,1,0.3972,0.399,0.0018,0.4616,0.0254
weather:paris,soil_moisture_7_to_28cm,2024-03-17,1,0.4006,0.3995,0.0012,0.2928,0.0163
weather:paris,soil_moisture_7_to_28cm,2024-04-01,1,0.4075,0.4056,0.0019,0.4784,0.027
weather:paris,soil_moisture_7_to_28cm,2024-04-12,1,0.3927,0.3903,0.0024,0.6093,0.0332
weather:paris,soil_moisture_7_to_28cm,2024-05-17,1,0.3058,0.3072,0.0013,0.4373,0.0185
weather:paris,soil_moisture_7_to_28cm,2024-05-28,1,0.3163,0.3177,0.0014,0.43,0.0189
weather:paris,soil_moisture_7_to_28cm,2024-06-02,1,0.3578,0.3565,0.0013,0.3599,0.0179
weather:paris,soil_moisture_7_to_28cm,2024-06-06,1,0.3215,0.32,0.0015,0.4659,0.0208
weather:paris,soil_moisture_7_to_28cm,2024-06-10,1,0.2704,0.2696,0.0009,0.318,0.0119
weather:paris,soil_moisture_7_to_28cm,2024-06-11,1,0.2642,0.265,0.0008,0.3034,0.0111
weather:paris,soil_moisture_7_to_28cm,2024-07-22,1,0.1634,0.1629,0.0005,0.2794,0.0063
weather:paris,soil_moisture_7_to_28cm,2024-08-05,1,0.186,0.1855,0.0005,0.2485,0.0064
weather:paris,soil_moisture_7_to_28cm,2024-08-17,1,0.1592,0.1584,0.0009,0.5552,0.0123
weather:paris,soil_moisture_7_to_28cm,2024-08-25,1,0.2279,0.2287,0.0009,0.3837,0.0121
weather:paris,soil_moisture_7_to_28cm,2024-09-18,1,0.2843,0.286,0.0017,0.5857,0.0231
weather:paris,soil_moisture_7_to_28cm,2024-09-19,1,0.2814,0.2823,0.0009,0.3125,0.0122
weather:paris,soil_moisture_7_to_28cm,2024-09-20,1,0.2847,0.2861,0.0014,0.4774,0.0189
weather:paris,soil_moisture_7_to_28cm,2024-09-23,1,0.2882,0.2869,0.0013,0.461,0.0184
weather:paris,soil_moisture_7_to_28cm,2024-09-24,1,0.299,0.3008,0.0017,0.5783,0.024
weather:paris,soil_moisture_7_to_28cm,2024-09-28,1,0.3561,0.3577,0.0016,0.442,0.0218
weather:paris,soil_moisture_7_to_28cm,2024-10-28,1,0.3632,0.3614,0.0018,0.5011,0.0252
weather:paris,soil_moisture_7_to_28cm,2024-10-31,1,0.3539,0.3518,0.0021,0.6025,0.0296
weather:paris,soil_moisture_7_to_28cm,2024-11-09,1,0.3317,0.3329,0.0012,0.3682,0.0169
weather:paris,soil_moisture_7_to_28cm,2024-11-11,1,0.3349,0.3338,0.0011,0.3247,0.0151
weather:paris,soil_moisture_7_to_28cm,2024-11-12,1,0.3197,0.3186,0.0011,0.3378,0.015
weather:paris,soil_moisture_7_to_28cm,2024-12-01,1,0.33,0.3309,0.0009,0.2665,0.0122
weather:paris,soil_moisture_7_to_28cm,2024-12-18,1,0.3374,0.3391,0.0017,0.5013,0.0235
weather:paris,soil_moisture_7_to_28cm,2024-12-30,1,0.3366,0.3353,0.0013,0.3784,0.0177
weather:paris,soil_moisture_7_to_28cm,2025-01-27,1,0.3437,0.3452,0.0015,0.4286,0.0204
weather:paris,soil_moisture_7_to_28cm,2025-02-08,1,0.338,0.3371,0.0009,0.2617,0.0123
weather:paris,soil_moisture_7_to_28cm,2025-02-09,1,0.341,0.3393,0.0017,0.5098,0.0241
weather:paris,soil_moisture_7_to_28cm,2025-02-10,2,0.3431,0.3429,0.0002,0.0515,0.0025
weather:paris,soil_moisture_7_to_28cm,2025-02-23,1,0.3362,0.3379,0.0016,0.4763,0.0222
weather:paris,soil_moisture_7_to_28cm,2025-03-01,1,0.3398,0.3409,0.0011,0.3368,0.0159
weather:paris,soil_moisture_7_to_28cm,2025-03-06,1,0.3234,0.3225,0.0009,0.2718,0.0122
weather:paris,soil_moisture_7_to_28cm,2025-03-18,1,0.2616,0.2604,0.0012,0.4576,0.0166
weather:paris,soil_moisture_7_to_28cm,2025-03-22,1,0.2952,0.294,0.0012,0.4086,0.0167
weather:paris,soil_moisture_7_to_28cm,2025-03-24,1,0.3198,0.3187,0.0011,0.3289,0.0146
weather:paris,soil_moisture_7_to_28cm,2025-05-04,1,0.1832,0.1827,0.0005,0.2815,0.0072
weather:paris,soil_moisture_7_to_28cm,2025-05-09,1,0.189,0.1881,0.0009,0.4945,0.013
weather:paris,soil_moisture_7_to_28cm,2025-05-15,1,0.2012,0.2005,0.0007,0.3431,0.0096
weather:paris,soil_moisture_7_to_28cm,2025-05-22,1,0.2233,0.2238,0.0005,0.2154,0.0067
weather:paris,soil_moisture_7_to_28cm,2025-07-02,1,0.182,0.1829,0.0009,0.4877,0.0123
weather:paris,soil_moisture_7_to_28cm,2025-07-13,1,0.1959,0.1967,0.0008,0.3994,0.0109
weather:paris,soil_moisture_7_to_28cm,2025-08-04,1,0.2558,0.2549,0.0009,0.3476,0.0123
weather:paris,soil_moisture_7_to_28cm,2025-08-07,1,0.2412,0.2422,0.0009,0.3928,0.0131
weather:paris,soil_moisture_7_to_28cm,2025-08-16,1,0.2127,0.2117,0.001,0.4719,0.0139
weather:paris,soil_moisture_7_to_28cm,2025-08-20,1,0.2069,0.2056,0.0012,0.5967,0.0171
weather:paris,soil_moisture_7_to_28cm,2025-08-23,1,0.2079,0.209,0.0011,0.5365,0.0155
weather:paris,soil_moisture_7_to_28cm,2025-09-12,1,0.2257,0.2249,0.0008,0.3459,0.0108
weather:paris,soil_moisture_7_to_28cm,2025-09-30,1,0.2523,0.2511,0.0012,0.4934,0.0173
weather:paris,soil_moisture_7_to_28cm,2025-11-27,1,0.3179,0.3198,0.0019,0.6107,0.0269
weather:paris,soil_moisture_7_to_28cm,2025-12-21,1,0.3244,0.3262,0.0018,0.5401,0.0243
weather:paris,soil_moisture_7_to_28cm,2025-12-29,1,0.3286,0.3294,0.0008,0.2525,0.0115
weather:paris,soil_moisture_7_to_28cm,2026-01-08,1,0.3322,0.3313,0.0009,0.2768,0.0128
weather:paris,soil_moisture_7_to_28cm,2026-01-17,1,0.3274,0.3262,0.0013,0.3855,0.0175
weather:paris,soil_moisture_7_to_28cm,2026-01-20,1,0.3378,0.3368,0.001,0.3084,0.0145
weather:paris,soil_moisture_7_to_28cm,2026-02-12,1,0.3567,0.3558,0.0009,0.2544,0.0126
weather:paris,soil_moisture_7_to_28cm,2026-02-17,1,0.3502,0.3494,0.0009,0.2529,0.0123
weather:paris,soil_moisture_7_to_28cm,2026-02-28,1,0.3163,0.3155,0.0009,0.273,0.012
weather:paris,soil_moisture_7_to_28cm,2026-03-06,1,0.29,0.2918,0.0018,0.6106,0.0246
weather:paris,soil_moisture_7_to_28cm,2026-03-16,1,0.3407,0.3386,0.0021,0.6162,0.0291
weather:paris,soil_moisture_7_to_28cm,2026-03-18,1,0.3285,0.3304,0.002,0.5956,0.0271
weather:paris,soil_moisture_7_to_28cm,2026-03-22,1,0.2991,0.3001,0.0009,0.3149,0.0131
weather:paris,soil_moisture_7_to_28cm,2026-03-29,1,0.2915,0.2927,0.0012,0.4123,0.0167
weather:paris,soil_moisture_7_to_28cm,2026-04-08,1,0.2162,0.2157,0.0004,0.1944,0.0058
weather:tokyo,temperature_2m,2024-01-05,1,5.1542,5.1494,0.0048,0.0928,0.0005
weather:tokyo,temperature_2m,2024-01-07,1,6.6625,6.7247,0.0622,0.9343,0.0071
weather:tokyo,temperature_2m,2024-01-24,1,2.4833,2.4819,0.0014,0.0573,0.0002
weather:tokyo,temperature_2m,2024-01-26,1,2.5375,2.4915,0.046,1.8145,0.0052
weather:tokyo,temperature_2m,2024-01-27,1,4.8667,4.8629,0.0038,0.0782,0.0004
weather:tokyo,temperature_2m,2024-02-07,1,3.0083,3.0342,0.0258,0.859,0.0029
weather:tokyo,temperature_2m,2024-02-11,1,6.325,6.3085,0.0165,0.2614,0.0019
weather:tokyo,temperature_2m,2024-02-15,1,12.1667,12.2501,0.0834,0.6858,0.0095
weather:tokyo,temperature_2m,2024-03-03,1,5.0833,5.0822,0.0011,0.0215,0.0001
weather:tokyo,temperature_2m,2024-03-09,1,4.1375,4.1782,0.0407,0.9846,0.0046
weather:tokyo,temperature_2m,2024-03-12,1,7.0167,7.0345,0.0179,0.2548,0.002
weather:tokyo,temperature_2m,2024-04-03,1,12.6417,12.6052,0.0364,0.2882,0.0041
weather:tokyo,temperature_2m,2024-04-26,1,18.8,18.8599,0.0599,0.3186,0.0068
weather:tokyo,temperature_2m,2024-06-07,1,21.1333,21.027,0.1064,0.5032,0.0121
weather:tokyo,temperature_2m,2024-06-13,1,21.7417,21.6928,0.0489,0.2249,0.0056
weather:tokyo,temperature_2m,2024-07-08,1,30.1458,30.3335,0.1877,0.6225,0.0213
weather:tokyo,temperature_2m,2024-07-27,1,30.6208,30.4326,0.1883,0.6148,0.0214
weather:tokyo,temperature_2m,2024-07-29,1,32.3708,32.457,0.0862,0.2662,0.0098
weather:tokyo,temperature_2m,2024-08-02,1,29.6792,29.7599,0.0807,0.2721,0.0092
weather:tokyo,temperature_2m,2024-08-13,1,31.3375,31.5036,0.1661,0.5301,0.0189
weather:tokyo,temperature_2m,2024-09-11,1,28.2333,28.1153,0.1181,0.4181,0.0134
weather:tokyo,temperature_2m,2024-09-17,1,27.4167,27.5112,0.0946,0.3449,0.0108
weather:tokyo,temperature_2m,2024-09-26,1,24.0875,24.1764,0.0889,0.3691,0.0101
weather:tokyo,temperature_2m,2024-10-13,1,19.4167,19.3558,0.0608,0.3134,0.0069
weather:tokyo,temperature_2m,2024-10-18,1,21.2333,21.1171,0.1162,0.5474,0.0132
weather:tokyo,temperature_2m,2024-10-31,1,15.5708,15.6178,0.047,0.3016,0.0053
weather:tokyo,temperature_2m,2024-11-15,1,16.1583,16.0835,0.0748,0.463,0.0085
weather:tokyo,temperature_2m,2024-11-30,1,9.125,9.1597,0.0347,0.38,0.0039
weather:tokyo,temperature_2m,2024-12-03,1,10.3792,10.4338,0.0546,0.5263,0.0062
weather:tokyo,temperature_2m,2024-12-09,1,6.5875,6.5578,0.0297,0.4507,0.0034
weather:tokyo,temperature_2m,2024-12-10,1,7.8125,7.7906,0.0219,0.2801,0.0025
weather:tokyo,temperature_2m,2024-12-15,1,4.4792,4.5351,0.0559,1.2477,0.0064
weather:tokyo,temperature_2m,2025-01-01,1,7.2167,7.2539,0.0372,0.5156,0.0042
weather:tokyo,temperature_2m,2025-01-17,1,3.1875,3.2137,0.0262,0.8205,0.003
weather:tokyo,temperature_2m,2025-01-28,1,6.925,6.9164,0.0086,0.1236,0.001
weather:tokyo,temperature_2m,2025-02-07,1,3.2792,3.2646,0.0146,0.4449,0.0017
weather:tokyo,temperature_2m,2025-02-16,1,11.5167,11.5582,0.0416,0.3609,0.0047
weather:tokyo,temperature_2m,2025-02-20,1,4.5333,4.5405,0.0072,0.1578,0.0008
weather:tokyo,temperature_2m,2025-02-21,1,4.9,4.8816,0.0184,0.3748,0.0021
weather:tokyo,temperature_2m,2025-03-07,1,5.4583,5.43,0.0283,0.5183,0.0032
weather:tokyo,temperature_2m,2025-03-09,1,5.7583,5.7348,0.0236,0.4091,0.0027
weather:tokyo,temperature_2m,2025-03-15,1,7.5708,7.6007,0.0298,0.394,0.0034
weather:tokyo,temperature_2m,2025-03-28,1,19.25,19.1802,0.0698,0.3624,0.0079
weather:tokyo,temperature_2m,2025-04-10,1,16.0042,16.0685,0.0643,0.4018,0.0073
weather:tokyo,temperature_2m,2025-04-15,1,15.3583,15.2892,0.0692,0.4504,0.0079
weather:tokyo,temperature_2m,2025-04-16,1,14.2458,14.2663,0.0205,0.1436,0.0023
weather:tokyo,temperature_2m,2025-05-03,1,17.5125,17.6484,0.1359,0.7762,0.0155
weather:tokyo,temperature_2m,2025-05-25,1,19.0125,19.109,0.0965,0.5078,0.011
weather:tokyo,temperature_2m,2025-06-11,1,21.6542,21.7401,0.0859,0.3968,0.0098
weather:tokyo,temperature_2m,2025-06-16,1,26.1625,26.0475,0.115,0.4396,0.0131
weather:tokyo,temperature_2m,2025-06-22,1,28.05,27.9161,0.1339,0.4773,0.0152
weather:tokyo,temperature_2m,2025-06-28,1,27.525,27.6316,0.1066,0.3871,0.0121
weather:tokyo,temperature_2m,2025-06-30,2,29.3333,29.315,0.0184,0.0626,0.0021
weather:tokyo,temperature_2m,2025-07-05,1,30.1,30.0013,0.0987,0.3278,0.0112
weather:tokyo,temperature_2m,2025-07-13,1,25.2042,25.2888,0.0847,0.336,0.0096
weather:tokyo,temperature_2m,2025-07-19,1,27.2333,27.3322,0.0989,0.3631,0.0112
weather:tokyo,temperature_2m,2025-07-25,1,30.9833,30.7779,0.2055,0.6631,0.0234
weather:tokyo,temperature_2m,2025-07-31,1,28.3542,28.2215,0.1327,0.4679,0.0151
weather:tokyo,temperature_2m,2025-08-01,1,26.9,26.7865,0.1135,0.422,0.0129
weather:tokyo,temperature_2m,2025-08-10,1,26.8167,26.8773,0.0607,0.2262,0.0069
weather:tokyo,temperature_2m,2025-08-18,1,31.8375,31.7195,0.118,0.3707,0.0134
weather:tokyo,temperature_2m,2025-08-21,1,32.0,32.1674,0.1674,0.5233,0.019
weather:tokyo,temperature_2m,2025-08-24,1,31.9583,31.8612,0.0971,0.304,0.0111
weather:tokyo,temperature_2m,2025-08-30,1,32.0542,31.9595,0.0946,0.2952,0.0108
weather:tokyo,temperature_2m,2025-09-02,1,31.3,31.4615,0.1615,0.5158,0.0184
weather:tokyo,temperature_2m,2025-09-13,1,25.5,25.3947,0.1053,0.413,0.012
weather:tokyo,temperature_2m,2025-10-02,2,21.475,21.6763,0.2013,0.9374,0.0229
weather:tokyo,temperature_2m,2025-10-17,1,19.5125,19.6138,0.1013,0.519,0.0115
weather:tokyo,temperature_2m,2025-10-26,1,15.4333,15.3925,0.0408,0.2647,0.0046
weather:tokyo,temperature_2m,2025-10-31,1,13.9917,14.0302,0.0386,0.2757,0.0044
weather:tokyo,temperature_2m,2025-11-07,1,14.6458,14.7081,0.0623,0.4253,0.0071
weather:tokyo,temperature_2m,2025-11-17,1,14.8,14.8806,0.0806,0.5446,0.0092
weather:tokyo,temperature_2m,2025-12-02,1,13.1583,13.24,0.0817,0.6208,0.0093
weather:tokyo,temperature_2m,2025-12-06,1,6.6875,6.7596,0.0721,1.0782,0.0082
weather:tokyo,temperature_2m,2025-12-14,1,4.8625,4.84,0.0225,0.4629,0.0026
weather:tokyo,temperature_2m,2025-12-28,1,3.6042,3.6034,0.0008,0.022,0.0001
weather:tokyo,temperature_2m,2025-12-30,1,7.1625,7.1552,0.0073,0.1015,0.0008
weather:tokyo,temperature_2m,2026-01-05,1,5.0083,4.9766,0.0317,0.6329,0.0036
weather:tokyo,temperature_2m,2026-01-19,1,7.9125,7.8946,0.0179,0.2258,0.002
weather:tokyo,temperature_2m,2026-01-20,1,5.8625,5.8685,0.006,0.1022,0.0007
weather:tokyo,temperature_2m,2026-01-26,1,3.8708,3.9133,0.0424,1.0967,0.0048
weather:tokyo,temperature_2m,2026-01-29,1,4.55,4.5619,0.0119,0.2622,0.0014
weather:tokyo,temperature_2m,2026-02-07,1,2.7208,2.6962,0.0246,0.9042,0.0028
weather:tokyo,temperature_2m,2026-03-03,1,7.4917,7.513,0.0214,0.2854,0.0024
weather:tokyo,temperature_2m,2026-03-28,1,13.5583,13.5271,0.0312,0.23,0.0035
weather:tokyo,temperature_2m,2026-04-12,1,16.6125,16.5181,0.0944,0.568,0.0107
weather:tokyo,temperature_2m,2026-04-16,1,15.6375,15.5864,0.0511,0.327,0.0058
weather:tokyo,temperature_2m,2026-04-18,1,15.9417,16.0572,0.1156,0.725,0.0131
weather:tokyo,temperature_2m,2026-04-21,1,19.7667,19.6796,0.0871,0.4406,0.0099
weather:tokyo,apparent_temperature,2024-01-05,2,1.7458,1.7391,0.0067,0.3846,0.0006
weather:tokyo,apparent_temperature,2024-01-10,1,0.3833,0.3612,0.0221,5.7671,0.0018
weather:tokyo,apparent_temperature,2024-01-18,1,3.4667,3.5074,0.0407,1.1748,0.0034
weather:tokyo,apparent_temperature,2024-01-27,1,-1.6458,-1.6149,0.031,1.8806,0.0026
weather:tokyo,apparent_temperature,2024-02-07,1,-0.5333,-0.5268,0.0065,1.2171,0.0005
weather:tokyo,apparent_temperature,2024-02-15,1,7.7833,7.8278,0.0444,0.5707,0.0037
weather:tokyo,apparent_temperature,2024-03-09,1,-1.9792,-1.988,0.0088,0.4463,0.0007
weather:tokyo,apparent_temperature,2024-04-03,1,11.4625,11.3984,0.0641,0.5591,0.0054
weather:tokyo,apparent_temperature,2024-04-12,1,11.9,11.8382,0.0618,0.5192,0.0052
weather:tokyo,apparent_temperature,2024-04-26,2,18.7792,18.6024,0.1768,0.9415,0.0148
weather:tokyo,apparent_temperature,2024-05-07,1,18.05,18.1115,0.0615,0.3405,0.0051
weather:tokyo,apparent_temperature,2024-05-12,1,16.7417,16.795,0.0533,0.3184,0.0045
weather:tokyo,apparent_temperature,2024-05-28,1,22.725,22.7748,0.0498,0.2193,0.0042
weather:tokyo,apparent_temperature,2024-06-07,1,21.875,21.7837,0.0913,0.4172,0.0076
weather:tokyo,apparent_temperature,2024-06-13,1,23.8,23.8611,0.0611,0.2566,0.0051
weather:tokyo,apparent_temperature,2024-07-08,1,36.2917,36.0934,0.1983,0.5464,0.0166
weather:tokyo,apparent_temperature,2024-07-17,1,29.6333,29.7456,0.1123,0.3788,0.0094
weather:tokyo,apparent_temperature,2024-07-24,1,35.2958,35.2135,0.0823,0.2332,0.0069
weather:tokyo,apparent_temperature,2024-07-28,1,36.425,36.2344,0.1906,0.5234,0.0159
weather:tokyo,apparent_temperature,2024-08-02,1,32.9667,33.0537,0.0871,0.2641,0.0073
weather:tokyo,apparent_temperature,2024-08-05,1,34.8792,34.9719,0.0928,0.2659,0.0078
weather:tokyo,apparent_temperature,2024-08-13,1,35.4125,35.5205,0.108,0.3049,0.009
weather:tokyo,apparent_temperature,2024-08-16,1,27.4583,27.3874,0.0709,0.2582,0.0059
weather:tokyo,apparent_temperature,2024-08-19,1,34.25,34.0394,0.2106,0.615,0.0176
weather:tokyo,apparent_temperature,2024-08-31,2,30.05,30.0548,0.0048,0.0161,0.0004
weather:tokyo,apparent_temperature,2024-09-12,1,32.9917,33.1619,0.1702,0.516,0.0142
weather:tokyo,apparent_temperature,2024-09-17,1,30.9708,31.0428,0.072,0.2324,0.006
weather:tokyo,apparent_temperature,2024-09-18,1,34.3208,34.2206,0.1002,0.2919,0.0084
weather:tokyo,apparent_temperature,2024-09-24,1,17.9333,18.0284,0.0951,0.5301,0.008
weather:tokyo,apparent_temperature,2024-09-26,1,25.7792,25.6894,0.0898,0.3482,0.0075
weather:tokyo,apparent_temperature,2024-10-27,1,20.0792,20.1849,0.1057,0.5265,0.0088
weather:tokyo,apparent_temperature,2024-11-24,1,6.625,6.6114,0.0136,0.2053,0.0011
weather:tokyo,apparent_temperature,2024-12-03,1,9.0792,9.0395,0.0396,0.4365,0.0033
weather:tokyo,apparent_temperature,2024-12-15,1,1.4708,1.4996,0.0287,1.9546,0.0024
weather:tokyo,apparent_temperature,2024-12-23,1,1.2458,1.2216,0.0242,1.9423,0.002
weather:tokyo,apparent_temperature,2024-12-28,1,0.8125,0.8194,0.0069,0.854,0.0006
weather:tokyo,apparent_temperature,2024-12-31,1,3.2708,3.267,0.0039,0.1178,0.0003
weather:tokyo,apparent_temperature,2025-01-12,1,0.0083,0.0134,0.0051,61.3106,0.0004
weather:tokyo,apparent_temperature,2025-01-16,1,-0.3875,-0.3866,0.0009,0.2306,0.0001
weather:tokyo,apparent_temperature,2025-01-17,1,-1.7417,-1.7371,0.0046,0.265,0.0004
weather:tokyo,apparent_temperature,2025-02-13,1,1.5125,1.5403,0.0278,1.8389,0.0023
weather:tokyo,apparent_temperature,2025-02-21,1,0.2375,0.2439,0.0064,2.7051,0.0005
weather:tokyo,apparent_temperature,2025-03-28,1,19.3208,19.4095,0.0887,0.4589,0.0074
weather:tokyo,apparent_temperature,2025-04-06,2,12.5,12.4871,0.0129,0.103,0.0011
weather:tokyo,apparent_temperature,2025-05-03,1,16.6958,16.6052,0.0906,0.5427,0.0076
weather:tokyo,apparent_temperature,2025-05-11,1,21.3625,21.4662,0.1037,0.4852,0.0087
weather:tokyo,apparent_temperature,2025-05-19,1,20.0792,20.127,0.0478,0.2382,0.004
weather:tokyo,apparent_temperature,2025-06-28,1,30.4042,30.5718,0.1676,0.5514,0.014
weather:tokyo,apparent_temperature,2025-06-30,1,33.0417,32.9625,0.0791,0.2395,0.0066
weather:tokyo,apparent_temperature,2025-07-10,1,33.4458,33.5369,0.0911,0.2723,0.0076
weather:tokyo,apparent_temperature,2025-07-11,1,26.2583,26.2044,0.054,0.2056,0.0045
weather:tokyo,apparent_temperature,2025-07-13,1,29.1667,29.3061,0.1395,0.4782,0.0117
weather:tokyo,apparent_temperature,2025-07-19,1,31.2708,31.4843,0.2135,0.6827,0.0179
weather:tokyo,apparent_temperature,2025-07-25,1,36.1,35.8891,0.2109,0.5841,0.0176
weather:tokyo,apparent_temperature,2025-07-31,1,31.2583,31.382,0.1237,0.3957,0.0103
weather:tokyo,apparent_temperature,2025-08-24,1,37.3833,37.6018,0.2184,0.5843,0.0183
weather:tokyo,apparent_temperature,2025-08-26,1,35.5375,35.3324,0.2051,0.5772,0.0172
weather:tokyo,apparent_temperature,2025-08-30,1,36.4583,36.3455,0.1129,0.3095,0.0094
weather:tokyo,apparent_temperature,2025-10-07,1,21.9208,21.8753,0.0455,0.2077,0.0038
weather:tokyo,apparent_temperature,2025-11-25,1,8.0625,8.0386,0.0239,0.2968,0.002
weather:tokyo,apparent_temperature,2025-12-14,1,2.2042,2.2213,0.0171,0.7773,0.0014
weather:tokyo,apparent_temperature,2025-12-28,1,0.3083,0.3153,0.007,2.2679,0.0006
weather:tokyo,apparent_temperature,2026-01-08,1,-1.425,-1.4136,0.0114,0.8024,0.001
weather:tokyo,apparent_temperature,2026-01-19,2,5.0333,5.0105,0.0228,0.4531,0.0019
weather:tokyo,apparent_temperature,2026-01-20,1,0.5833,0.6013,0.0179,3.072,0.0015
weather:tokyo,apparent_temperature,2026-02-15,1,10.0625,10.0986,0.0361,0.3585,0.003
weather:tokyo,apparent_temperature,2026-02-17,1,2.1042,2.1184,0.0142,0.6769,0.0012
weather:tokyo,apparent_temperature,2026-02-26,1,5.1458,5.177,0.0311,0.6049,0.0026
weather:tokyo,apparent_temperature,2026-03-03,1,4.925,4.8964,0.0286,0.5815,0.0024
weather:tokyo,apparent_temperature,2026-03-19,1,11.8667,11.8372,0.0295,0.2487,0.0025
weather:tokyo,apparent_temperature,2026-04-21,1,17.4375,17.3704,0.0671,0.3851,0.0056
weather:tokyo,precipitation,2024-01-01,1,0.0,0.0,0.0,,0.0
weather:tokyo,precipitation,2024-01-24,1,0.0042,0.0042,0.0,0.0,0.0
weather:tokyo,precipitation,2024-01-25,1,0.0,0.0,0.0,,0.0
weather:tokyo,precipitation,2024-02-07,1,0.0,0.0,0.0,,0.0
weather:tokyo,precipitation,2024-02-11,1,0.0083,0.0083,0.0,0.0,0.0
weather:tokyo,precipitation,2024-03-03,1,0.0,0.0,0.0,,0.0
weather:tokyo,precipitation,2024-03-04,1,0.0,0.0,0.0,,0.0
weather:tokyo,precipitation,2024-03-14,1,0.0,0.0,0.0,,0.0
weather:tokyo,precipitation,2024-03-23,1,0.1333,0.1327,0.0006,0.4827,0.0016
weather:tokyo,precipitation,2024-04-12,1,0.0583,0.0583,0.0,0.0,0.0
weather:tokyo,precipitation,2024-04-18,1,0.125,0.125,0.0,0.0,0.0
weather:tokyo,precipitation,2024-05-07,1,0.65,0.6505,0.0005,0.0829,0.0013
weather:tokyo,precipitation,2024-05-12,1,0.0,0.0,0.0,,0.0
weather:tokyo,precipitation,2024-05-28,1,0.8375,0.8318,0.0057,0.6802,0.014
weather:tokyo,precipitation,2024-06-07,1,0.0167,0.0167,0.0,0.0,0.0
weather:tokyo,precipitation,2024-06-09,1,0.0458,0.0458,0.0,0.0,0.0
weather:tokyo,precipitation,2024-07-08,1,0.0,0.0,0.0,,0.0
weather:tokyo,precipitation,2024-07-16,1,0.825,0.826,0.001,0.1197,0.0024
weather:tokyo,precipitation,2024-07-29,1,0.0,0.0,0.0,,0.0
weather:tokyo,precipitation,2024-08-12,1,0.0,0.0,0.0,,0.0
weather:tokyo,precipitation,2024-09-10,1,0.0458,0.0458,0.0,0.0,0.0
weather:tokyo,precipitation,2024-09-11,1,0.0167,0.0167,0.0,0.0,0.0
weather:tokyo,precipitation,2024-09-24,1,0.0042,0.0042,0.0,0.0,0.0
weather:tokyo,precipitation,2024-10-11,1,0.0,0.0,0.0,,0.0
weather:tokyo,precipitation,2024-10-18,1,0.2083,0.2083,0.0,0.0,0.0
weather:tokyo,precipitation,2024-12-03,1,0.0,0.0,0.0,,0.0
weather:tokyo,precipitation,2024-12-10,1,0.0,0.0,0.0,,0.0
weather:tokyo,precipitation,2024-12-28,1,0.0,0.0,0.0,,0.0
weather:tokyo,precipitation,2024-12-31,1,0.0,0.0,0.0,,0.0
weather:tokyo,precipitation,2025-01-06,1,1.1083,1.1083,0.0,0.0,0.0
weather:tokyo,precipitation,2025-01-12,1,0.0,0.0,0.0,,0.0
weather:tokyo,precipitation,2025-01-13,1,0.0,0.0,0.0,,0.0
weather:tokyo,precipitation,2025-01-16,1,0.0,0.0,0.0,,0.0
weather:tokyo,precipitation,2025-02-07,1,0.0,0.0,0.0,,0.0
weather:tokyo,precipitation,2025-02-13,1,0.0292,0.0283,0.0008,2.8754,0.0021
weather:tokyo,precipitation,2025-02-20,1,0.0,0.0,0.0,,0.0
weather:tokyo,precipitation,2025-03-01,1,0.0,0.0,0.0,,0.0
weather:tokyo,precipitation,2025-03-09,1,0.0,0.0,0.0,,0.0
weather:tokyo,precipitation,2025-03-10,1,0.0,0.0,0.0,,0.0
weather:tokyo,precipitation,2025-03-15,1,0.0542,0.0542,0.0,0.0,0.0
weather:tokyo,precipitation,2025-04-10,1,0.05,0.05,0.0,0.0,0.0
weather:tokyo,precipitation,2025-04-16,1,0.0,0.0,0.0,,0.0
weather:tokyo,precipitation,2025-05-02,1,3.3667,3.3628,0.0039,0.1163,0.0096
weather:tokyo,precipitation,2025-05-14,1,0.0,0.0,0.0,,0.0
weather:tokyo,precipitation,2025-05-18,1,0.0167,0.0167,0.0,0.0,0.0
weather:tokyo,precipitation,2025-05-19,1,0.1375,0.1375,0.0,0.0,0.0
weather:tokyo,precipitation,2025-05-22,1,0.1625,0.1625,0.0,0.0,0.0
weather:tokyo,precipitation,2025-05-25,1,0.975,0.974,0.001,0.1024,0.0025
weather:tokyo,precipitation,2025-06-11,1,0.4292,0.4274,0.0018,0.423,0.0045
weather:tokyo,precipitation,2025-06-19,1,0.0,0.0,0.0,,0.0
weather:tokyo,precipitation,2025-06-28,1,0.0,0.0,0.0,,0.0
weather:tokyo,precipitation,2025-07-06,1,0.0792,0.08,0.0008,1.0194,0.002
weather:tokyo,precipitation,2025-07-11,1,0.0958,0.0954,0.0004,0.4395,0.001
weather:tokyo,precipitation,2025-07-13,1,0.0125,0.0125,0.0,0.0,0.0
weather:tokyo,precipitation,2025-07-19,1,0.0,0.0,0.0,,0.0
weather:tokyo,precipitation,2025-07-31,1,0.0,0.0,0.0,,0.0
weather:tokyo,precipitation,2025-08-01,1,0.1458,0.1458,0.0,0.0,0.0
weather:tokyo,precipitation,2025-08-30,1,0.0,0.0,0.0,,0.0
weather:tokyo,precipitation,2025-09-02,1,0.0,0.0,0.0,,0.0
weather:tokyo,precipitation,2025-09-16,1,0.2042,0.2042,0.0,0.0,0.0
weather:tokyo,precipitation,2025-09-17,1,0.0,0.0,0.0,,0.0
weather:tokyo,precipitation,2025-10-02,1,0.0,0.0,0.0,,0.0
weather:tokyo,precipitation,2025-12-26,1,0.05,0.0456,0.0044,8.7701,0.0108
weather:tokyo,precipitation,2025-12-28,1,0.0,0.0,0.0,,0.0
weather:tokyo,precipitation,2026-01-19,2,0.0,0.0,0.0,,0.0
weather:tokyo,precipitation,2026-02-07,1,0.1625,0.1625,0.0,0.0,0.0
weather:tokyo,precipitation,2026-02-11,1,0.5625,0.5625,0.0,0.0,0.0
weather:tokyo,precipitation,2026-02-15,1,0.0,0.0,0.0,,0.0
weather:tokyo,precipitation,2026-03-03,1,0.7667,0.7667,0.0,0.0,0.0
weather:tokyo,precipitation,2026-03-14,1,0.0,0.0,0.0,,0.0
weather:tokyo,precipitation,2026-03-28,1,0.1542,0.1531,0.001,0.6666,0.0025
weather:tokyo,precipitation,2026-04-09,1,0.15,0.15,0.0,0.0,0.0
weather:tokyo,precipitation,2026-04-18,1,0.0,0.0,0.0,,0.0
weather:tokyo,precipitation,2026-04-23,1,0.8417,0.8559,0.0142,1.689,0.035
weather:tokyo,surface_pressure,2024-02-27,1,1011.45,1006.0704,5.3796,0.5319,0.8357
weather:tokyo,surface_pressure,2024-03-03,1,1009.9875,1012.1041,2.1166,0.2096,0.3288
weather:tokyo,surface_pressure,2024-03-09,2,1005.4375,1002.4351,3.0024,0.2986,0.4664
weather:tokyo,surface_pressure,2024-04-03,1,1008.9542,1014.8313,5.8771,0.5825,0.913
weather:tokyo,surface_pressure,2024-04-15,1,1017.2833,1020.7855,3.5021,0.3443,0.544
weather:tokyo,surface_pressure,2024-05-12,1,1012.7292,1006.8566,5.8726,0.5799,0.9123
weather:tokyo,surface_pressure,2024-05-21,1,1010.2167,1006.0551,4.1615,0.4119,0.6465
weather:tokyo,surface_pressure,2024-05-29,1,1001.475,1005.3973,3.9223,0.3916,0.6093
weather:tokyo,surface_pressure,2024-07-08,1,999.4417,995.5685,3.8731,0.3875,0.6017
weather:tokyo,surface_pressure,2024-07-16,1,1011.8083,1014.6275,2.8192,0.2786,0.4379
weather:tokyo,surface_pressure,2024-07-20,1,1004.5,998.4955,6.0045,0.5978,0.9328
weather:tokyo,surface_pressure,2024-07-24,1,1000.8125,1006.8523,6.0398,0.6035,0.9383
weather:tokyo,surface_pressure,2024-07-27,1,1012.7292,1010.5434,2.1857,0.2158,0.3395
weather:tokyo,surface_pressure,2024-07-28,1,1007.5417,1002.1648,5.3768,0.5337,0.8353
weather:tokyo,surface_pressure,2024-08-04,1,1003.9208,1009.3279,5.407,0.5386,0.84
weather:tokyo,surface_pressure,2024-08-12,1,996.5042,992.1399,4.3642,0.438,0.678
weather:tokyo,surface_pressure,2024-08-13,1,1002.0875,998.6138,3.4737,0.3466,0.5396
weather:tokyo,surface_pressure,2024-08-16,1,998.6583,1003.8781,5.2198,0.5227,0.8109
weather:tokyo,surface_pressure,2024-08-19,1,1007.5875,1001.6576,5.9299,0.5885,0.9212
weather:tokyo,surface_pressure,2024-09-12,1,1010.8667,1007.5429,3.3238,0.3288,0.5163
weather:tokyo,surface_pressure,2024-09-18,1,1009.5917,1014.6208,5.0291,0.4981,0.7813
weather:tokyo,surface_pressure,2024-10-11,1,1011.1417,1005.2897,5.852,0.5788,0.9091
weather:tokyo,surface_pressure,2024-11-24,1,1019.3458,1023.2249,3.879,0.3805,0.6026
weather:tokyo,surface_pressure,2024-12-09,1,1012.2292,1008.8854,3.3438,0.3303,0.5194
weather:tokyo,surface_pressure,2024-12-28,1,1006.4375,1003.4423,2.9952,0.2976,0.4653
weather:tokyo,surface_pressure,2025-02-07,1,1001.8875,1007.0859,5.1984,0.5189,0.8076
weather:tokyo,surface_pressure,2025-02-13,1,999.9667,996.3105,3.6562,0.3656,0.568
weather:tokyo,surface_pressure,2025-02-16,1,1006.475,1001.9234,4.5516,0.4522,0.7071
weather:tokyo,surface_pressure,2025-04-16,1,1000.4625,1003.7548,3.2923,0.3291,0.5114
weather:tokyo,surface_pressure,2025-06-11,1,1003.6542,1000.8458,2.8084,0.2798,0.4363
weather:tokyo,surface_pressure,2025-06-19,1,1010.0042,1007.8305,2.1737,0.2152,0.3377
weather:tokyo,surface_pressure,2025-07-05,1,1000.3625,1003.1055,2.743,0.2742,0.4261
weather:tokyo,surface_pressure,2025-07-06,1,999.2292,1002.3496,3.1204,0.3123,0.4847
weather:tokyo,surface_pressure,2025-07-11,1,1010.0208,1013.9456,3.9248,0.3886,0.6097
weather:tokyo,surface_pressure,2025-08-02,1,994.5375,989.0632,5.4743,0.5504,0.8504
weather:tokyo,surface_pressure,2025-08-10,1,1000.9917,1004.5169,3.5253,0.3522,0.5476
weather:tokyo,surface_pressure,2025-08-18,1,1009.6875,1013.7494,4.0619,0.4023,0.631
weather:tokyo,surface_pressure,2025-09-13,1,1009.4,1005.2902,4.1098,0.4072,0.6384
weather:tokyo,surface_pressure,2025-10-03,1,1018.0125,1013.1259,4.8866,0.48,0.7591
weather:tokyo,surface_pressure,2025-10-31,1,1014.5417,1016.7906,2.2489,0.2217,0.3494
weather:tokyo,surface_pressure,2025-11-08,1,1021.4042,1015.4743,5.9299,0.5806,0.9212
weather:tokyo,surface_pressure,2025-11-11,1,1011.675,1015.7598,4.0848,0.4038,0.6346
weather:tokyo,surface_pressure,2025-11-25,1,1007.7792,1002.9761,4.8031,0.4766,0.7461
weather:tokyo,surface_pressure,2025-12-28,1,1016.4708,1018.9506,2.4797,0.244,0.3852
weather:tokyo,surface_pressure,2026-01-08,1,1004.9292,998.7137,6.2155,0.6185,0.9656
weather:tokyo,surface_pressure,2026-01-19,1,1010.775,1017.0014,6.2264,0.616,0.9673
weather:tokyo,surface_pressure,2026-02-11,1,1006.5958,1003.693,2.9028,0.2884,0.4509
weather:tokyo,surface_pressure,2026-02-15,1,1009.7083,1013.0149,3.3066,0.3275,0.5137
weather:tokyo,surface_pressure,2026-02-16,1,1008.2667,1011.2361,2.9695,0.2945,0.4613
weather:tokyo,surface_pressure,2026-02-17,1,1014.7333,1011.6759,3.0575,0.3013,0.475
weather:tokyo,surface_pressure,2026-02-26,1,1015.5333,1009.3989,6.1344,0.6041,0.953
weather:tokyo,surface_pressure,2026-03-19,1,1003.05,999.6615,3.3885,0.3378,0.5264
weather:tokyo,surface_pressure,2026-04-16,1,1008.9292,1015.0385,6.1093,0.6055,0.9491
weather:tokyo,surface_pressure,2026-04-17,1,1018.0958,1013.8107,4.2852,0.4209,0.6657
weather:tokyo,soil_temperature_7_to_28cm,2024-01-01,1,9.725,9.7561,0.0311,0.3201,0.0037
weather:tokyo,soil_temperature_7_to_28cm,2024-01-07,1,8.4292,8.3999,0.0292,0.3468,0.0035
weather:tokyo,soil_temperature_7_to_28cm,2024-01-26,1,4.4333,4.4454,0.0121,0.2723,0.0014
weather:tokyo,soil_temperature_7_to_28cm,2024-03-03,1,7.4292,7.4574,0.0282,0.3796,0.0033
weather:tokyo,soil_temperature_7_to_28cm,2024-03-04,1,8.0042,8.0321,0.0279,0.3487,0.0033
weather:tokyo,soil_temperature_7_to_28cm,2024-03-09,1,6.325,6.3407,0.0157,0.2477,0.0019
weather:tokyo,soil_temperature_7_to_28cm,2024-03-23,1,7.8917,7.9325,0.0408,0.5175,0.0048
weather:tokyo,soil_temperature_7_to_28cm,2024-05-29,1,21.3583,21.2986,0.0598,0.2798,0.0071
weather:tokyo,soil_temperature_7_to_28cm,2024-06-07,1,21.8083,21.7382,0.0702,0.3217,0.0083
weather:tokyo,soil_temperature_7_to_28cm,2024-06-24,1,23.4708,23.5877,0.1168,0.4978,0.0139
weather:tokyo,soil_temperature_7_to_28cm,2024-07-28,1,31.5833,31.7882,0.2049,0.6486,0.0243
weather:tokyo,soil_temperature_7_to_28cm,2024-08-04,1,33.75,33.8596,0.1096,0.3247,0.013
weather:tokyo,soil_temperature_7_to_28cm,2024-08-16,1,31.2958,31.3804,0.0845,0.2701,0.01
weather:tokyo,soil_temperature_7_to_28cm,2024-09-11,1,29.1292,29.0056,0.1236,0.4242,0.0146
weather:tokyo,soil_temperature_7_to_28cm,2024-10-18,1,22.3792,22.2976,0.0815,0.3643,0.0097
weather:tokyo,soil_temperature_7_to_28cm,2024-10-21,1,18.2542,18.3151,0.0609,0.3338,0.0072
weather:tokyo,soil_temperature_7_to_28cm,2024-10-31,1,17.4708,17.5491,0.0783,0.4481,0.0093
weather:tokyo,soil_temperature_7_to_28cm,2024-11-11,1,15.0833,15.1274,0.0441,0.2924,0.0052
weather:tokyo,soil_temperature_7_to_28cm,2024-12-03,1,11.1083,11.1533,0.045,0.4051,0.0053
weather:tokyo,soil_temperature_7_to_28cm,2024-12-10,1,8.3833,8.4181,0.0348,0.4149,0.0041
weather:tokyo,soil_temperature_7_to_28cm,2024-12-23,1,7.3417,7.3258,0.0158,0.2155,0.0019
weather:tokyo,soil_temperature_7_to_28cm,2025-01-17,1,5.0042,5.0184,0.0143,0.2852,0.0017
weather:tokyo,soil_temperature_7_to_28cm,2025-02-20,1,7.4,7.4261,0.0261,0.3521,0.0031
weather:tokyo,soil_temperature_7_to_28cm,2025-03-09,1,6.0917,6.1106,0.0189,0.3108,0.0022
weather:tokyo,soil_temperature_7_to_28cm,2025-03-10,1,7.0667,7.0992,0.0325,0.4604,0.0039
weather:tokyo,soil_temperature_7_to_28cm,2025-03-12,1,9.4125,9.3585,0.054,0.5736,0.0064
weather:tokyo,soil_temperature_7_to_28cm,2025-03-15,1,10.5083,10.4795,0.0288,0.2741,0.0034
weather:tokyo,soil_temperature_7_to_28cm,2025-03-28,1,16.3875,16.4214,0.0339,0.2066,0.004
weather:tokyo,soil_temperature_7_to_28cm,2025-04-10,1,14.2542,14.2233,0.0309,0.2167,0.0037
weather:tokyo,soil_temperature_7_to_28cm,2025-04-13,1,14.3208,14.2659,0.055,0.3839,0.0065
weather:tokyo,soil_temperature_7_to_28cm,2025-05-02,1,17.1125,17.1615,0.049,0.2864,0.0058
weather:tokyo,soil_temperature_7_to_28cm,2025-05-22,1,22.425,22.5249,0.0999,0.4453,0.0118
weather:tokyo,soil_temperature_7_to_28cm,2025-06-16,1,24.0708,23.9624,0.1085,0.4507,0.0129
weather:tokyo,soil_temperature_7_to_28cm,2025-06-19,1,26.1083,25.9956,0.1127,0.4318,0.0134
weather:tokyo,soil_temperature_7_to_28cm,2025-07-02,1,29.2708,29.447,0.1762,0.6019,0.0209
weather:tokyo,soil_temperature_7_to_28cm,2025-07-06,1,30.9333,31.0761,0.1428,0.4616,0.0169
weather:tokyo,soil_temperature_7_to_28cm,2025-07-10,1,31.7333,31.5953,0.138,0.435,0.0164
weather:tokyo,soil_temperature_7_to_28cm,2025-07-13,1,25.6792,25.5501,0.1291,0.5027,0.0153
weather:tokyo,soil_temperature_7_to_28cm,2025-07-31,1,32.0083,31.9234,0.0849,0.2652,0.0101
weather:tokyo,soil_temperature_7_to_28cm,2025-08-26,1,33.4833,33.634,0.1507,0.45,0.0179
weather:tokyo,soil_temperature_7_to_28cm,2025-09-02,1,33.6958,33.5468,0.149,0.4422,0.0177
weather:tokyo,soil_temperature_7_to_28cm,2025-09-16,1,28.2292,28.109,0.1202,0.4258,0.0142
weather:tokyo,soil_temperature_7_to_28cm,2025-10-02,2,22.9125,22.884,0.0285,0.1242,0.0034
weather:tokyo,soil_temperature_7_to_28cm,2025-10-07,1,23.6292,23.7747,0.1455,0.6159,0.0173
weather:tokyo,soil_temperature_7_to_28cm,2025-11-25,2,12.3,12.4048,0.1048,0.8518,0.0124
weather:tokyo,soil_temperature_7_to_28cm,2025-12-02,1,13.5083,13.547,0.0387,0.2861,0.0046
weather:tokyo,soil_temperature_7_to_28cm,2025-12-06,1,9.4708,9.5032,0.0324,0.3422,0.0038
weather:tokyo,soil_temperature_7_to_28cm,2025-12-07,1,9.4625,9.4855,0.023,0.2428,0.0027
weather:tokyo,soil_temperature_7_to_28cm,2025-12-24,1,8.4583,8.5033,0.045,0.532,0.0053
weather:tokyo,soil_temperature_7_to_28cm,2025-12-26,1,9.5167,9.4914,0.0252,0.2653,0.003
weather:tokyo,soil_temperature_7_to_28cm,2025-12-30,1,6.7958,6.7646,0.0313,0.4601,0.0037
weather:tokyo,soil_temperature_7_to_28cm,2026-02-07,1,8.7875,8.747,0.0405,0.4604,0.0048
weather:tokyo,soil_temperature_7_to_28cm,2026-02-11,1,6.7542,6.7778,0.0237,0.3506,0.0028
weather:tokyo,soil_temperature_7_to_28cm,2026-03-28,1,12.9708,12.9345,0.0363,0.28,0.0043
weather:tokyo,soil_temperature_7_to_28cm,2026-04-09,1,13.325,13.3713,0.0463,0.3478,0.0055
weather:tokyo,soil_temperature_7_to_28cm,2026-04-12,1,17.15,17.0507,0.0993,0.5789,0.0118
weather:tokyo,soil_temperature_7_to_28cm,2026-04-21,1,18.6,18.6722,0.0722,0.3882,0.0086
weather:tokyo,soil_moisture_7_to_28cm,2024-01-01,1,0.1565,0.1559,0.0006,0.3591,0.0075
weather:tokyo,soil_moisture_7_to_28cm,2024-01-05,2,0.1468,0.1484,0.0016,1.1205,0.0221
weather:tokyo,soil_moisture_7_to_28cm,2024-01-07,1,0.1391,0.1397,0.0006,0.4272,0.008
weather:tokyo,soil_moisture_7_to_28cm,2024-01-25,1,0.1777,0.1787,0.0011,0.5942,0.0142
weather:tokyo,soil_moisture_7_to_28cm,2024-01-26,1,0.1778,0.1781,0.0004,0.224,0.0053
weather:tokyo,soil_moisture_7_to_28cm,2024-02-11,1,0.1722,0.1713,0.001,0.5614,0.013
weather:tokyo,soil_moisture_7_to_28cm,2024-03-03,1,0.237,0.2364,0.0006,0.2552,0.0081
weather:tokyo,soil_moisture_7_to_28cm,2024-03-09,1,0.3122,0.3108,0.0013,0.4296,0.018
weather:tokyo,soil_moisture_7_to_28cm,2024-03-14,1,0.3542,0.3557,0.0016,0.4384,0.0209
weather:tokyo,soil_moisture_7_to_28cm,2024-04-18,1,0.2765,0.2775,0.001,0.3569,0.0133
weather:tokyo,soil_moisture_7_to_28cm,2024-04-26,1,0.2623,0.2614,0.0009,0.3442,0.0121
weather:tokyo,soil_moisture_7_to_28cm,2024-05-12,1,0.2586,0.2594,0.0008,0.3054,0.0106
weather:tokyo,soil_moisture_7_to_28cm,2024-05-29,1,0.3542,0.3559,0.0018,0.4952,0.0235
weather:tokyo,soil_moisture_7_to_28cm,2024-06-07,2,0.3498,0.349,0.0008,0.2402,0.0113
weather:tokyo,soil_moisture_7_to_28cm,2024-06-09,1,0.3256,0.3237,0.0019,0.5936,0.026
weather:tokyo,soil_moisture_7_to_28cm,2024-06-13,1,0.3253,0.3271,0.0019,0.5694,0.0249
weather:tokyo,soil_moisture_7_to_28cm,2024-06-24,1,0.4032,0.4013,0.0019,0.4597,0.0249
weather:tokyo,soil_moisture_7_to_28cm,2024-07-08,1,0.3135,0.3151,0.0015,0.4836,0.0204
weather:tokyo,soil_moisture_7_to_28cm,2024-07-17,1,0.3907,0.3893,0.0014,0.3548,0.0186
weather:tokyo,soil_moisture_7_to_28cm,2024-07-28,1,0.2414,0.2408,0.0006,0.2317,0.0075
weather:tokyo,soil_moisture_7_to_28cm,2024-08-05,1,0.1872,0.1864,0.0008,0.4199,0.0106
weather:tokyo,soil_moisture_7_to_28cm,2024-08-13,1,0.16,0.1609,0.0009,0.5876,0.0126
weather:tokyo,soil_moisture_7_to_28cm,2024-08-16,1,0.2006,0.2016,0.001,0.4864,0.0131
weather:tokyo,soil_moisture_7_to_28cm,2024-08-19,1,0.2791,0.2779,0.0013,0.4501,0.0169
weather:tokyo,soil_moisture_7_to_28cm,2024-08-31,2,0.3065,0.3044,0.0022,0.7065,0.0291
weather:tokyo,soil_moisture_7_to_28cm,2024-09-01,1,0.3938,0.395,0.0013,0.3217,0.017
weather:tokyo,soil_moisture_7_to_28cm,2024-09-10,1,0.2779,0.2792,0.0013,0.4759,0.0178
weather:tokyo,soil_moisture_7_to_28cm,2024-09-11,1,0.2687,0.2673,0.0015,0.5417,0.0195
weather:tokyo,soil_moisture_7_to_28cm,2024-09-17,1,0.2239,0.2229,0.001,0.4452,0.0134
weather:tokyo,soil_moisture_7_to_28cm,2024-10-07,1,0.2068,0.2075,0.0008,0.3665,0.0102
weather:tokyo,soil_moisture_7_to_28cm,2024-10-13,1,0.3175,0.3186,0.0012,0.363,0.0155
weather:tokyo,soil_moisture_7_to_28cm,2024-10-18,1,0.2775,0.2789,0.0014,0.4984,0.0186
weather:tokyo,soil_moisture_7_to_28cm,2024-10-21,1,0.2695,0.268,0.0015,0.5447,0.0197
weather:tokyo,soil_moisture_7_to_28cm,2024-11-24,1,0.2398,0.2405,0.0007,0.2835,0.0091
weather:tokyo,soil_moisture_7_to_28cm,2024-11-25,1,0.2292,0.2283,0.0008,0.3671,0.0113
weather:tokyo,soil_moisture_7_to_28cm,2024-12-03,1,0.3019,0.3,0.0018,0.6068,0.0246
weather:tokyo,soil_moisture_7_to_28cm,2024-12-10,1,0.2714,0.2698,0.0016,0.5887,0.0215
weather:tokyo,soil_moisture_7_to_28cm,2024-12-14,1,0.2555,0.2564,0.0009,0.3571,0.0122
weather:tokyo,soil_moisture_7_to_28cm,2024-12-15,1,0.2522,0.2531,0.0008,0.336,0.0114
weather:tokyo,soil_moisture_7_to_28cm,2024-12-31,1,0.2101,0.209,0.0011,0.5062,0.0143
weather:tokyo,soil_moisture_7_to_28cm,2025-01-06,1,0.2044,0.2033,0.0011,0.535,0.0147
weather:tokyo,soil_moisture_7_to_28cm,2025-01-12,1,0.2742,0.2754,0.0012,0.4492,0.0165
weather:tokyo,soil_moisture_7_to_28cm,2025-01-17,1,0.2386,0.2379,0.0007,0.2769,0.0089
weather:tokyo,soil_moisture_7_to_28cm,2025-01-26,1,0.1922,0.191,0.0012,0.6329,0.0163
weather:tokyo,soil_moisture_7_to_28cm,2025-02-01,1,0.1647,0.1643,0.0004,0.2171,0.0048
weather:tokyo,soil_moisture_7_to_28cm,2025-02-13,1,0.1456,0.145,0.0005,0.3777,0.0074
weather:tokyo,soil_moisture_7_to_28cm,2025-03-07,1,0.2311,0.2305,0.0006,0.2508,0.0078
weather:tokyo,soil_moisture_7_to_28cm,2025-03-28,1,0.2765,0.2772,0.0007,0.2454,0.0091
weather:tokyo,soil_moisture_7_to_28cm,2025-04-10,1,0.2595,0.2611,0.0015,0.5851,0.0204
weather:tokyo,soil_moisture_7_to_28cm,2025-04-13,1,0.261,0.2602,0.0008,0.3095,0.0108
weather:tokyo,soil_moisture_7_to_28cm,2025-04-16,1,0.2699,0.2706,0.0007,0.269,0.0097
weather:tokyo,soil_moisture_7_to_28cm,2025-05-02,1,0.1554,0.1561,0.0006,0.4113,0.0086
weather:tokyo,soil_moisture_7_to_28cm,2025-05-04,1,0.2552,0.2567,0.0015,0.5818,0.0199
weather:tokyo,soil_moisture_7_to_28cm,2025-05-11,1,0.2873,0.2879,0.0006,0.2214,0.0085
weather:tokyo,soil_moisture_7_to_28cm,2025-05-22,1,0.2068,0.2059,0.0008,0.4095,0.0114
weather:tokyo,soil_moisture_7_to_28cm,2025-05-23,1,0.1993,0.2001,0.0008,0.388,0.0104
weather:tokyo,soil_moisture_7_to_28cm,2025-06-10,1,0.2812,0.2826,0.0014,0.4946,0.0187
weather:tokyo,soil_moisture_7_to_28cm,2025-06-16,1,0.3495,0.3513,0.0018,0.5136,0.0241
weather:tokyo,soil_moisture_7_to_28cm,2025-06-18,1,0.3103,0.3113,0.001,0.3272,0.0136
weather:tokyo,soil_moisture_7_to_28cm,2025-06-19,1,0.2943,0.2956,0.0013,0.4459,0.0176
weather:tokyo,soil_moisture_7_to_28cm,2025-07-05,1,0.1318,0.1315,0.0004,0.2676,0.0047
weather:tokyo,soil_moisture_7_to_28cm,2025-07-06,1,0.131,0.1314,0.0004,0.2961,0.0052
weather:tokyo,soil_moisture_7_to_28cm,2025-07-13,1,0.2298,0.2286,0.0012,0.5313,0.0164
weather:tokyo,soil_moisture_7_to_28cm,2025-07-31,1,0.211,0.2106,0.0005,0.2143,0.0061
weather:tokyo,soil_moisture_7_to_28cm,2025-08-01,1,0.2102,0.2113,0.0011,0.5025,0.0142
weather:tokyo,soil_moisture_7_to_28cm,2025-08-13,1,0.2118,0.2105,0.0013,0.6104,0.0174
weather:tokyo,soil_moisture_7_to_28cm,2025-08-24,1,0.1929,0.1935,0.0006,0.3332,0.0086
weather:tokyo,soil_moisture_7_to_28cm,2025-09-02,1,0.1785,0.1795,0.001,0.5838,0.014
weather:tokyo,soil_moisture_7_to_28cm,2025-09-17,1,0.215,0.216,0.0011,0.4953,0.0143
weather:tokyo,soil_moisture_7_to_28cm,2025-10-02,1,0.1848,0.1842,0.0006,0.2986,0.0074
weather:tokyo,soil_moisture_7_to_28cm,2025-10-26,1,0.3661,0.3643,0.0017,0.4735,0.0233
weather:tokyo,soil_moisture_7_to_28cm,2025-11-07,1,0.2951,0.2938,0.0012,0.4225,0.0167
weather:tokyo,soil_moisture_7_to_28cm,2025-12-06,1,0.148,0.1473,0.0007,0.4994,0.0099
weather:tokyo,soil_moisture_7_to_28cm,2025-12-26,1,0.148,0.1488,0.0008,0.572,0.0114
weather:tokyo,soil_moisture_7_to_28cm,2025-12-28,1,0.1502,0.1492,0.0009,0.6115,0.0123
weather:tokyo,soil_moisture_7_to_28cm,2026-01-08,1,0.131,0.1303,0.0007,0.5186,0.0091
weather:tokyo,soil_moisture_7_to_28cm,2026-01-19,1,0.13,0.1297,0.0003,0.2403,0.0042
weather:tokyo,soil_moisture_7_to_28cm,2026-02-11,1,0.126,0.1255,0.0005,0.4306,0.0073
weather:tokyo,soil_moisture_7_to_28cm,2026-02-15,1,0.126,0.1255,0.0005,0.3709,0.0063
weather:tokyo,soil_moisture_7_to_28cm,2026-03-06,1,0.2468,0.2454,0.0014,0.5542,0.0184
weather:tokyo,soil_moisture_7_to_28cm,2026-03-28,1,0.1723,0.1718,0.0005,0.3119,0.0072
weather:tokyo,soil_moisture_7_to_28cm,2026-04-12,1,0.243,0.2442,0.0011,0.4614,0.0151
weather:tokyo,soil_moisture_7_to_28cm,2026-04-16,1,0.21,0.2093,0.0007,0.3176,0.009
weather:tokyo,soil_moisture_7_to_28cm,2026-04-23,1,0.15,0.1494,0.0006,0.4035,0.0081
electricity:GB,initialDemandOutturn,2026-01-09,2,36158.3542,35181.8756,976.4786,2.7006,0.212
electricity:GB,initialDemandOutturn,2026-01-10,3,33424.8125,33070.273,354.5395,1.0607,0.077
electricity:GB,initialDemandOutturn,2026-01-12,2,31890.7917,31874.9873,15.8044,0.0496,0.0034
electricity:GB,initialDemandOutturn,2026-01-14,1,34447.0833,33813.1122,633.9711,1.8404,0.1377
electricity:GB,initialDemandOutturn,2026-01-16,2,33555.9792,34625.9969,1070.0178,3.1888,0.2324
electricity:GB,initialDemandOutturn,2026-01-18,1,31079.875,30377.9871,701.8879,2.2583,0.1524
electricity:GB,initialDemandOutturn,2026-01-20,1,31621.6875,32078.0254,456.3379,1.4431,0.0991
electricity:GB,initialDemandOutturn,2026-01-22,3,32472.5625,32254.3942,218.1683,0.6719,0.0474
electricity:GB,initialDemandOutturn,2026-01-29,1,34153.4375,34629.7611,476.3236,1.3947,0.1034
electricity:GB,initialDemandOutturn,2026-01-31,1,29508.0,28940.795,567.205,1.9222,0.1232
electricity:GB,initialDemandOutturn,2026-02-01,3,30717.5625,29645.2884,1072.2741,3.4908,0.2329
electricity:GB,initialDemandOutturn,2026-02-03,1,34577.0833,35046.0311,468.9478,1.3562,0.1018
electricity:GB,initialDemandOutturn,2026-02-06,1,32957.9375,33540.2614,582.3239,1.7669,0.1265
electricity:GB,initialDemandOutturn,2026-02-07,1,30302.3958,29889.2216,413.1742,1.3635,0.0897
electricity:GB,initialDemandOutturn,2026-02-09,1,32286.1458,31487.47,798.6758,2.4737,0.1734
electricity:GB,initialDemandOutturn,2026-02-10,3,33098.0417,32900.8689,197.1728,0.5957,0.0428
electricity:GB,initialDemandOutturn,2026-02-11,2,32085.7708,33115.4371,1029.6663,3.2091,0.2236
electricity:GB,initialDemandOutturn,2026-02-13,2,33403.5,34224.3537,820.8537,2.4574,0.1783
electricity:GB,initialDemandOutturn,2026-02-15,2,30346.2708,31630.7311,1284.4603,4.2327,0.2789
electricity:GB,initialDemandOutturn,2026-02-19,3,34983.1875,33559.036,1424.1515,4.071,0.3093
electricity:GB,initialDemandOutturn,2026-02-20,2,31271.7292,32258.8469,987.1177,3.1566,0.2144
electricity:GB,initialDemandOutturn,2026-02-21,1,27474.5208,27086.7638,387.757,1.4113,0.0842
electricity:GB,initialDemandOutturn,2026-02-24,1,28061.1042,28391.3758,330.2717,1.177,0.0717
electricity:GB,initialDemandOutturn,2026-02-27,2,30169.1458,30299.0764,129.9306,0.4307,0.0282
electricity:GB,initialDemandOutturn,2026-03-01,1,25903.5208,26220.3858,316.865,1.2233,0.0688
electricity:GB,initialDemandOutturn,2026-03-03,1,29711.9583,30269.4497,557.4914,1.8763,0.1211
electricity:GB,initialDemandOutturn,2026-03-04,1,29231.625,29782.7369,551.1119,1.8853,0.1197
electricity:GB,initialDemandOutturn,2026-03-07,2,28939.8542,29752.5332,812.679,2.8082,0.1765
electricity:GB,initialDemandOutturn,2026-03-09,1,30935.3125,31248.2823,312.9698,1.0117,0.068
electricity:GB,initialDemandOutturn,2026-03-10,3,28019.3333,27560.6624,458.6709,1.637,0.0996
electricity:GB,initialDemandOutturn,2026-03-14,1,26009.9375,26316.6076,306.6701,1.179,0.0666
electricity:GB,initialDemandOutturn,2026-03-18,2,26946.5625,27606.6431,660.0806,2.4496,0.1433
electricity:GB,initialDemandOutturn,2026-03-22,1,24768.875,24417.8335,351.0415,1.4173,0.0762
electricity:GB,initialDemandOutturn,2026-03-23,1,27841.625,27381.3822,460.2428,1.6531,0.0999
electricity:GB,initialDemandOutturn,2026-03-24,2,27466.7083,27528.3947,61.6864,0.2246,0.0134
electricity:GB,initialDemandOutturn,2026-03-31,1,27497.1667,27765.0824,267.9157,0.9743,0.0582
electricity:GB,initialDemandOutturn,2026-04-01,1,28197.5,28694.4661,496.9661,1.7624,0.1079
electricity:GB,initialDemandOutturn,2026-04-06,1,22022.1875,21819.9718,202.2157,0.9182,0.0439
electricity:GB,initialDemandOutturn,2026-04-08,2,23885.4583,23799.4745,85.9839,0.36,0.0187
electricity:GB,initialDemandOutturn,2026-04-09,1,24795.8333,24523.3619,272.4715,1.0989,0.0592
electricity:GB,initialDemandOutturn,2026-04-10,2,24400.5208,25291.8041,891.2832,3.6527,0.1935
electricity:GB,initialDemandOutturn,2026-04-11,1,21508.7292,21171.3315,337.3976,1.5687,0.0733
electricity:GB,initialDemandOutturn,2026-04-15,2,25281.8542,25436.2493,154.3952,0.6107,0.0335
electricity:GB,initialDemandOutturn,2026-04-17,1,24470.0208,23965.3131,504.7077,2.0626,0.1096
electricity:GB,initialDemandOutturn,2026-04-19,1,21961.5417,22209.8306,248.289,1.1306,0.0539
electricity:GB,initialDemandOutturn,2026-04-20,1,25396.3542,25880.546,484.1918,1.9065,0.1051
electricity:GB,initialDemandOutturn,2026-04-23,2,23122.125,22497.1584,624.9666,2.7029,0.1357
electricity:GB,initialDemandOutturn,2026-04-24,2,22866.5208,23497.9779,631.4571,2.7615,0.1371
electricity:GB,initialDemandOutturn,2026-04-25,1,20807.3333,21266.7533,459.4199,2.208,0.0998
electricity:GB,initialDemandOutturn,2026-04-29,1,21842.4792,21576.9248,265.5544,1.2158,0.0577
electricity:GB,initialDemandOutturn,2026-04-30,1,21558.6042,21339.109,219.4951,1.0181,0.0477
electricity:GB,initialDemandOutturn,2026-05-01,1,23310.625,23719.6571,409.0321,1.7547,0.0888
electricity:GB,initialDemandOutturn,2026-05-02,1,21561.0208,21879.9054,318.8846,1.479,0.0692
electricity:GB,initialDemandOutturn,2026-05-04,2,23342.3125,23503.4207,161.1082,0.6902,0.035
electricity:GB,initialDemandOutturn,2026-05-05,1,24457.7708,24939.2618,481.491,1.9687,0.1046
electricity:GB,initialDemandOutturn,2026-05-07,2,25322.5417,24585.4707,737.071,2.9107,0.1601
electricity:GB,initialDemandOutturn,2026-05-09,1,20812.3958,21144.4967,332.1008,1.5957,0.0721
electricity:GB,initialDemandOutturn,2026-05-11,1,24556.0625,24834.2689,278.2064,1.1329,0.0604
electricity:GB,initialDemandOutturn,2026-05-15,1,24117.5833,23833.4101,284.1732,1.1783,0.0617
electricity:GB,initialDemandOutturn,2026-05-16,2,23125.1875,23862.0431,736.8556,3.1864,0.16
electricity:GB,initialDemandOutturn,2026-05-17,1,20893.3333,21093.5007,200.1673,0.958,0.0435
electricity:GB,initialDemandOutturn,2026-05-22,1,21564.7083,21187.0612,377.6471,1.7512,0.082
electricity:GB,initialDemandOutturn,2026-05-23,1,19307.375,19673.0723,365.6973,1.8941,0.0794
electricity:GB,initialDemandOutturn,2026-05-25,1,20550.0417,20754.44,204.3983,0.9946,0.0444
electricity:GB,initialDemandOutturn,2026-05-26,1,23947.8125,24266.6478,318.8353,1.3314,0.0692
electricity:GB,initialDemandOutturn,2026-05-28,1,22397.6458,22765.1137,367.4678,1.6407,0.0798
electricity:GB,initialDemandOutturn,2026-05-29,1,21693.5417,21995.7194,302.1777,1.3929,0.0656
electricity:GB,initialDemandOutturn,2026-06-01,2,24098.9167,23854.3838,244.5328,1.0147,0.0531
electricity:GB,initialDemandOutturn,2026-06-02,1,23404.0417,23084.0093,320.0324,1.3674,0.0695
electricity:GB,initialDemandOutturn,2026-06-05,1,21661.4167,21334.5541,326.8625,1.509,0.071
electricity:GB,initialDemandOutturn,2026-06-06,1,21035.4583,20822.5614,212.8969,1.0121,0.0462
electricity:GB,initialTransmissionSystemDemandOutturn,2026-01-06,1,40968.7292,41674.7052,705.976,1.7232,0.1424
electricity:GB,initialTransmissionSystemDemandOutturn,2026-01-09,1,38415.9167,37762.4587,653.4579,1.701,0.1318
electricity:GB,initialTransmissionSystemDemandOutturn,2026-01-10,2,35235.6458,35340.9464,105.3006,0.2988,0.0212
electricity:GB,initialTransmissionSystemDemandOutturn,2026-01-12,1,34842.9167,35390.9198,548.0031,1.5728,0.1105
electricity:GB,initialTransmissionSystemDemandOutturn,2026-01-17,1,32896.0625,33210.0254,313.9629,0.9544,0.0633
electricity:GB,initialTransmissionSystemDemandOutturn,2026-01-18,2,32544.1667,31376.5857,1167.581,3.5877,0.2355
electricity:GB,initialTransmissionSystemDemandOutturn,2026-01-19,1,36345.3125,35773.2859,572.0266,1.5739,0.1154
electricity:GB,initialTransmissionSystemDemandOutturn,2026-01-20,1,35985.7292,35257.9023,727.8269,2.0225,0.1468
electricity:GB,initialTransmissionSystemDemandOutturn,2026-01-21,1,34889.1875,34285.9275,603.26,1.7291,0.1217
electricity:GB,initialTransmissionSystemDemandOutturn,2026-01-22,1,35417.7708,35910.1742,492.4034,1.3903,0.0993
electricity:GB,initialTransmissionSystemDemandOutturn,2026-01-24,1,30686.625,30160.2807,526.3443,1.7152,0.1062
electricity:GB,initialTransmissionSystemDemandOutturn,2026-01-26,1,38096.3125,37575.1391,521.1734,1.368,0.1051
electricity:GB,initialTransmissionSystemDemandOutturn,2026-01-28,1,35598.7917,35087.557,511.2347,1.4361,0.1031
electricity:GB,initialTransmissionSystemDemandOutturn,2026-01-31,1,31716.5417,32074.5677,358.026,1.1288,0.0722
electricity:GB,initialTransmissionSystemDemandOutturn,2026-02-01,2,32300.6458,33262.491,961.8451,2.9778,0.194
electricity:GB,initialTransmissionSystemDemandOutturn,2026-02-09,1,38153.2708,37334.5982,818.6727,2.1457,0.1651
electricity:GB,initialTransmissionSystemDemandOutturn,2026-02-10,1,38708.25,37970.6239,737.6261,1.9056,0.1488
electricity:GB,initialTransmissionSystemDemandOutturn,2026-02-11,2,37129.125,36996.6872,132.4378,0.3567,0.0267
electricity:GB,initialTransmissionSystemDemandOutturn,2026-02-12,2,36261.0417,37334.7052,1073.6635,2.9609,0.2166
electricity:GB,initialTransmissionSystemDemandOutturn,2026-02-13,2,37668.2083,36346.4268,1321.7815,3.509,0.2666
electricity:GB,initialTransmissionSystemDemandOutturn,2026-02-15,1,33131.125,32535.832,595.293,1.7968,0.1201
electricity:GB,initialTransmissionSystemDemandOutturn,2026-02-19,2,38471.9583,37130.6617,1341.2966,3.4864,0.2705
electricity:GB,initialTransmissionSystemDemandOutturn,2026-02-20,1,33955.3958,34501.4356,546.0397,1.6081,0.1101
electricity:GB,initialTransmissionSystemDemandOutturn,2026-02-21,2,29224.0625,29315.3783,91.3158,0.3125,0.0184
electricity:GB,initialTransmissionSystemDemandOutturn,2026-02-23,1,32316.1875,32927.5158,611.3283,1.8917,0.1233
electricity:GB,initialTransmissionSystemDemandOutturn,2026-02-24,1,32756.3125,33130.8377,374.5252,1.1434,0.0755
electricity:GB,initialTransmissionSystemDemandOutturn,2026-02-27,1,32595.7708,33199.9119,604.141,1.8534,0.1219
electricity:GB,initialTransmissionSystemDemandOutturn,2026-03-04,2,31562.4792,31344.8127,217.6664,0.6896,0.0439
electricity:GB,initialTransmissionSystemDemandOutturn,2026-03-06,1,33527.2708,32844.9803,682.2906,2.035,0.1376
electricity:GB,initialTransmissionSystemDemandOutturn,2026-03-07,1,30327.875,29985.5764,342.2986,1.1287,0.069
electricity:GB,initialTransmissionSystemDemandOutturn,2026-03-08,1,29852.6042,29540.6174,311.9868,1.0451,0.0629
electricity:GB,initialTransmissionSystemDemandOutturn,2026-03-10,1,30647.375,30127.1484,520.2266,1.6975,0.1049
electricity:GB,initialTransmissionSystemDemandOutturn,2026-03-13,1,31191.0417,31678.431,487.3893,1.5626,0.0983
electricity:GB,initialTransmissionSystemDemandOutturn,2026-03-17,1,30301.6667,29880.6288,421.0378,1.3895,0.0849
electricity:GB,initialTransmissionSystemDemandOutturn,2026-03-18,2,29131.2917,28855.8935,275.3982,0.9454,0.0555
electricity:GB,initialTransmissionSystemDemandOutturn,2026-03-22,1,26833.5,27171.0296,337.5296,1.2579,0.0681
electricity:GB,initialTransmissionSystemDemandOutturn,2026-03-24,1,30768.1875,30421.4864,346.7011,1.1268,0.0699
electricity:GB,initialTransmissionSystemDemandOutturn,2026-04-06,2,23263.9792,23939.4045,675.4253,2.9033,0.1362
electricity:GB,initialTransmissionSystemDemandOutturn,2026-04-08,1,26070.5625,25629.8066,440.7559,1.6906,0.0889
electricity:GB,initialTransmissionSystemDemandOutturn,2026-04-09,1,26301.0417,25943.4836,357.5581,1.3595,0.0721
electricity:GB,initialTransmissionSystemDemandOutturn,2026-04-10,1,27441.0625,26773.2644,667.7981,2.4336,0.1347
electricity:GB,initialTransmissionSystemDemandOutturn,2026-04-13,1,28491.4792,28896.2469,404.7677,1.4207,0.0816
electricity:GB,initialTransmissionSystemDemandOutturn,2026-04-15,1,30444.8333,30961.5209,516.6876,1.6971,0.1042
electricity:GB,initialTransmissionSystemDemandOutturn,2026-04-17,1,28128.9167,28498.3753,369.4586,1.3134,0.0745
electricity:GB,initialTransmissionSystemDemandOutturn,2026-04-18,1,25107.25,24737.4847,369.7653,1.4727,0.0746
electricity:GB,initialTransmissionSystemDemandOutturn,2026-04-22,1,24731.0625,25055.4968,324.4343,1.3118,0.0654
electricity:GB,initialTransmissionSystemDemandOutturn,2026-04-23,1,24424.7708,24724.487,299.7162,1.2271,0.0605
electricity:GB,initialTransmissionSystemDemandOutturn,2026-04-24,1,24477.4792,23988.0691,489.4101,1.9994,0.0987
electricity:GB,initialTransmissionSystemDemandOutturn,2026-04-25,1,22485.9375,22138.784,347.1535,1.5439,0.07
electricity:GB,initialTransmissionSystemDemandOutturn,2026-04-26,1,23009.6458,23496.0957,486.4499,2.1141,0.0981
electricity:GB,initialTransmissionSystemDemandOutturn,2026-04-27,1,25791.3958,26180.0305,388.6346,1.5068,0.0784
electricity:GB,initialTransmissionSystemDemandOutturn,2026-05-01,2,25035.8542,25189.3812,153.527,0.6132,0.031
electricity:GB,initialTransmissionSystemDemandOutturn,2026-05-02,1,23323.7917,23600.887,277.0953,1.188,0.0559
electricity:GB,initialTransmissionSystemDemandOutturn,2026-05-04,2,26287.0625,26005.0851,281.9774,1.0727,0.0569
electricity:GB,initialTransmissionSystemDemandOutturn,2026-05-09,2,21939.2917,21937.5783,1.7134,0.0078,0.0003
electricity:GB,initialTransmissionSystemDemandOutturn,2026-05-10,1,22642.3542,22348.2014,294.1528,1.2991,0.0593
electricity:GB,initialTransmissionSystemDemandOutturn,2026-05-11,1,26871.0,26386.5623,484.4377,1.8028,0.0977
electricity:GB,initialTransmissionSystemDemandOutturn,2026-05-14,1,25809.6667,26311.9663,502.2996,1.9462,0.1013
electricity:GB,initialTransmissionSystemDemandOutturn,2026-05-22,2,23574.7917,23830.928,256.1363,1.0865,0.0517
electricity:GB,initialTransmissionSystemDemandOutturn,2026-05-27,1,23741.5833,23309.1158,432.4676,1.8216,0.0872
electricity:GB,initialTransmissionSystemDemandOutturn,2026-05-31,1,21187.3958,21536.9666,349.5708,1.6499,0.0705
electricity:GB,initialTransmissionSystemDemandOutturn,2026-06-03,1,24283.1458,24542.8164,259.6705,1.0693,0.0524
electricity:GB,initialTransmissionSystemDemandOutturn,2026-06-05,1,24109.2292,23807.5368,301.6924,1.2514,0.0609
electricity:GB,initialTransmissionSystemDemandOutturn,2026-06-06,1,23308.5833,23557.2047,248.6214,1.0667,0.0501
