time_ms,city_id,target_column,y_value,y_true,y_pred,is_correct
1704067200000,new_york,precipitation,0.0,1,0,0
1704070800000,new_york,precipitation,0.0,0,0,1
1704074400000,new_york,precipitation,0.0,0,0,1
1704078000000,new_york,precipitation,0.0,1,0,0
1704081600000,new_york,precipitation,0.0,1,0,0
1704085200000,new_york,precipitation,0.0,0,0,1
1704088800000,new_york,precipitation,0.0,0,0,1
1704092400000,new_york,precipitation,0.0,0,0,1
1704096000000,new_york,precipitation,0.0,0,0,1
1704099600000,new_york,precipitation,0.0,0,0,1
1704103200000,new_york,precipitation,0.0,1,0,0
1704106800000,new_york,precipitation,0.0,0,0,1
1704110400000,new_york,precipitation,0.0,0,0,1
1704114000000,new_york,precipitation,0.0,0,0,1
1704117600000,new_york,precipitation,0.0,0,0,1
1704121200000,new_york,precipitation,0.0,1,0,0
1704124800000,new_york,precipitation,0.0,1,0,0
1704128400000,new_york,precipitation,0.0,0,0,1
1704132000000,new_york,precipitation,0.0,0,0,1
1704135600000,new_york,precipitation,0.0,1,0,0
1704139200000,new_york,precipitation,0.0,0,0,1
1704142800000,new_york,precipitation,0.0,0,0,1
1704146400000,new_york,precipitation,0.0,0,0,1
1704150000000,new_york,precipitation,0.0,0,0,1
1704153600000,new_york,precipitation,0.0,0,0,1
1704157200000,new_york,precipitation,0.0,0,0,1
1704160800000,new_york,precipitation,0.0,0,0,1
1704164400000,new_york,precipitation,0.0,1,0,0
1704168000000,new_york,precipitation,0.0,0,0,1
1704171600000,new_york,precipitation,0.0,0,0,1
1704175200000,new_york,precipitation,0.0,1,0,0
1704178800000,new_york,precipitation,0.0,0,0,1
1704182400000,new_york,precipitation,0.0,0,0,1
1704186000000,new_york,precipitation,0.0,1,0,0
1704189600000,new_york,precipitation,0.0,0,0,1
1704193200000,new_york,precipitation,0.0,0,0,1
1704196800000,new_york,precipitation,0.0,0,0,1
1704200400000,new_york,precipitation,0.0,0,0,1
1704204000000,new_york,precipitation,0.0,0,0,1
1704207600000,new_york,precipitation,0.0,0,0,1
1704211200000,new_york,precipitation,0.0,0,0,1
1704214800000,new_york,precipitation,0.0,0,0,1
1704218400000,new_york,precipitation,0.0,1,0,0
1704222000000,new_york,precipitation,0.0,0,0,1
1704225600000,new_york,precipitation,0.0,0,0,1
1704229200000,new_york,precipitation,0.0,0,0,1
1704232800000,new_york,precipitation,0.0,0,0,1
1704236400000,new_york,precipitation,0.0,0,0,1
1704240000000,new_york,precipitation,0.0,0,0,1
1704243600000,new_york,precipitation,0.0,0,0,1
1704247200000,new_york,precipitation,0.0,0,0,1
1704250800000,new_york,precipitation,0.0,0,0,1
1704254400000,new_york,precipitation,0.0,0,0,1
1704258000000,new_york,precipitation,0.0,0,0,1
1704261600000,new_york,precipitation,0.0,0,0,1
1704265200000,new_york,precipitation,0.0,0,0,1
1704268800000,new_york,precipitation,0.0,0,0,1
1704272400000,new_york,precipitation,0.0,0,0,1
1704276000000,new_york,precipitation,0.0,0,0,1
1704279600000,new_york,precipitation,0.0,0,0,1
1704283200000,new_york,precipitation,0.0,0,0,1
1704286800000,new_york,precipitation,0.0,0,0,1
1704290400000,new_york,precipitation,0.0,0,0,1
1704294000000,new_york,precipitation,0.0,0,0,1
1704297600000,new_york,precipitation,0.0,0,0,1
1704301200000,new_york,precipitation,0.0,0,0,1
1704304800000,new_york,precipitation,0.0,0,0,1
1704308400000,new_york,precipitation,0.0,0,0,1
1704312000000,new_york,precipitation,0.0,1,0,0
1704315600000,new_york,precipitation,0.0,0,0,1
1704319200000,new_york,precipitation,0.0,0,0,1
1704322800000,new_york,precipitation,0.0,0,0,1
1704326400000,new_york,precipitation,0.0,0,0,1
1704330000000,new_york,precipitation,0.0,0,0,1
1704333600000,new_york,precipitation,0.0,1,0,0
1704337200000,new_york,precipitation,0.0,1,0,0
1704340800000,new_york,precipitation,0.0,1,0,0
1704344400000,new_york,precipitation,0.0,0,0,1
1704348000000,new_york,precipitation,0.0,0,0,1
1704351600000,new_york,precipitation,0.0,0,0,1
1704355200000,new_york,precipitation,0.0,0,0,1
1704358800000,new_york,precipitation,0.0,0,0,1
1704362400000,new_york,precipitation,0.0,0,0,1
1704366000000,new_york,precipitation,0.0,0,0,1
1704369600000,new_york,precipitation,0.0,0,0,1
1704373200000,new_york,precipitation,0.0,0,0,1
1704376800000,new_york,precipitation,0.0,0,0,1
1704380400000,new_york,precipitation,0.0,0,0,1
1704384000000,new_york,precipitation,0.0,0,0,1
1704387600000,new_york,precipitation,0.0,0,0,1
1704391200000,new_york,precipitation,0.0,0,0,1
1704394800000,new_york,precipitation,0.0,0,0,1
1704398400000,new_york,precipitation,0.0,0,0,1
1704402000000,new_york,precipitation,0.0,0,0,1
1704405600000,new_york,precipitation,0.0,0,0,1
1704409200000,new_york,precipitation,0.0,0,0,1
1704412800000,new_york,precipitation,0.0,1,0,0
1704416400000,new_york,precipitation,0.0,1,0,0
1704420000000,new_york,precipitation,0.0,0,0,1
1704423600000,new_york,precipitation,0.0,1,0,0
1704427200000,new_york,precipitation,0.0,0,0,1
1704430800000,new_york,precipitation,0.0,0,0,1
1704434400000,new_york,precipitation,0.0,0,0,1
1704438000000,new_york,precipitation,0.0,1,0,0
1704441600000,new_york,precipitation,0.0,0,0,1
1704445200000,new_york,precipitation,0.0,0,0,1
1704448800000,new_york,precipitation,0.0,0,0,1
1704452400000,new_york,precipitation,0.0,0,0,1
1704456000000,new_york,precipitation,0.0,0,0,1
1704459600000,new_york,precipitation,0.0,0,0,1
1704463200000,new_york,precipitation,0.0,1,0,0
1704466800000,new_york,precipitation,0.0,0,0,1
1704470400000,new_york,precipitation,0.0,1,0,0
1704474000000,new_york,precipitation,0.0,0,0,1
1704477600000,new_york,precipitation,0.0,0,0,1
1704481200000,new_york,precipitation,0.0,0,0,1
1704484800000,new_york,precipitation,0.0,0,0,1
1704488400000,new_york,precipitation,0.0,0,0,1
1704492000000,new_york,precipitation,0.0,0,0,1
1704495600000,new_york,precipitation,0.0,0,0,1
1704499200000,new_york,precipitation,0.0,0,0,1
1704502800000,new_york,precipitation,0.0,0,0,1
1704506400000,new_york,precipitation,0.0,0,0,1
1704510000000,new_york,precipitation,0.0,0,0,1
1704513600000,new_york,precipitation,0.0,0,0,1
1704517200000,new_york,precipitation,0.0,0,0,1
1704520800000,new_york,precipitation,0.0,0,0,1
1704524400000,new_york,precipitation,0.0,0,0,1
1704528000000,new_york,precipitation,0.0,0,0,1
1704531600000,new_york,precipitation,0.0,0,0,1
1704535200000,new_york,precipitation,0.0,0,0,1
1704538800000,new_york,precipitation,0.0,1,0,0
1704542400000,new_york,precipitation,0.0,0,0,1
1704546000000,new_york,precipitation,0.0,0,0,1
1704549600000,new_york,precipitation,0.0,1,0,0
1704553200000,new_york,precipitation,0.0,1,0,0
1704556800000,new_york,precipitation,0.2,0,1,0
1704560400000,new_york,precipitation,0.5,0,1,0
1704564000000,new_york,precipitation,1.2,1,1,1
1704567600000,new_york,precipitation,1.8,0,1,0
1704571200000,new_york,precipitation,3.0,1,1,1
1704574800000,new_york,precipitation,1.8,0,1,0
1704578400000,new_york,precipitation,0.9,0,1,0
1704582000000,new_york,precipitation,1.6,0,1,0
1704585600000,new_york,precipitation,0.8,0,1,0
1704589200000,new_york,precipitation,1.0,0,1,0
1704592800000,new_york,precipitation,0.5,0,1,0
1704596400000,new_york,precipitation,0.1,0,1,0
1704600000000,new_york,precipitation,0.0,0,0,1
1704603600000,new_york,precipitation,0.1,0,1,0
1704607200000,new_york,precipitation,0.1,0,1,0
1704610800000,new_york,precipitation,0.2,0,1,0
1704614400000,new_york,precipitation,0.3,0,1,0
1704618000000,new_york,precipitation,0.5,0,1,0
1704621600000,new_york,precipitation,1.0,0,1,0
1704625200000,new_york,precipitation,0.4,0,1,0
1704628800000,new_york,precipitation,1.0,0,1,0
1704632400000,new_york,precipitation,1.1,0,1,0
1704636000000,new_york,precipitation,0.2,0,1,0
1704639600000,new_york,precipitation,0.0,0,0,1
1704643200000,new_york,precipitation,0.0,0,0,1
1704646800000,new_york,precipitation,0.0,0,0,1
1704650400000,new_york,precipitation,0.0,0,0,1
1704654000000,new_york,precipitation,0.0,0,0,1
1704657600000,new_york,precipitation,0.0,1,0,0
1704661200000,new_york,precipitation,0.0,0,0,1
1704664800000,new_york,precipitation,0.0,0,0,1
1704668400000,new_york,precipitation,0.0,0,0,1
1704672000000,new_york,precipitation,0.0,0,0,1
1704675600000,new_york,precipitation,0.0,1,0,0
1704679200000,new_york,precipitation,0.0,1,0,0
1704682800000,new_york,precipitation,0.0,0,0,1
1704686400000,new_york,precipitation,0.0,0,0,1
1704690000000,new_york,precipitation,0.0,0,0,1
1704693600000,new_york,precipitation,0.0,0,0,1
1704697200000,new_york,precipitation,0.0,0,0,1
1704700800000,new_york,precipitation,0.0,0,0,1
1704704400000,new_york,precipitation,0.0,0,0,1
1704708000000,new_york,precipitation,0.0,0,0,1
1704711600000,new_york,precipitation,0.0,0,0,1
1704715200000,new_york,precipitation,0.0,1,0,0
1704718800000,new_york,precipitation,0.0,0,0,1
1704722400000,new_york,precipitation,0.0,0,0,1
1704726000000,new_york,precipitation,0.0,0,0,1
1704729600000,new_york,precipitation,0.0,0,0,1
1704733200000,new_york,precipitation,0.0,0,0,1
1704736800000,new_york,precipitation,0.0,1,0,0
1704740400000,new_york,precipitation,0.0,0,0,1
1704744000000,new_york,precipitation,0.0,0,0,1
1704747600000,new_york,precipitation,0.0,0,0,1
1704751200000,new_york,precipitation,0.0,0,0,1
1704754800000,new_york,precipitation,0.0,0,0,1
1704758400000,new_york,precipitation,0.0,0,0,1
1704762000000,new_york,precipitation,0.0,0,0,1
1704765600000,new_york,precipitation,0.0,0,0,1
1704769200000,new_york,precipitation,0.0,0,0,1
1704772800000,new_york,precipitation,0.0,0,0,1
1704776400000,new_york,precipitation,0.0,0,0,1
1704780000000,new_york,precipitation,0.0,0,0,1
1704783600000,new_york,precipitation,0.0,0,0,1
1704787200000,new_york,precipitation,0.0,0,0,1
1704790800000,new_york,precipitation,0.0,0,0,1
1704794400000,new_york,precipitation,0.0,0,0,1
1704798000000,new_york,precipitation,0.0,0,0,1
1704801600000,new_york,precipitation,0.1,0,1,0
1704805200000,new_york,precipitation,0.7,0,1,0
1704808800000,new_york,precipitation,0.6,0,1,0
1704812400000,new_york,precipitation,1.0,0,1,0
1704816000000,new_york,precipitation,1.5,0,1,0
1704819600000,new_york,precipitation,1.3,0,1,0
1704823200000,new_york,precipitation,1.0,0,1,0
1704826800000,new_york,precipitation,3.6,0,1,0
1704830400000,new_york,precipitation,3.7,0,1,0
1704834000000,new_york,precipitation,5.5,0,1,0
1704837600000,new_york,precipitation,5.7,1,1,1
1704841200000,new_york,precipitation,6.8,0,1,0
1704844800000,new_york,precipitation,6.5,0,1,0
1704848400000,new_york,precipitation,12.9,0,1,0
1704852000000,new_york,precipitation,8.3,1,1,1
1704855600000,new_york,precipitation,0.4,0,1,0
1704859200000,new_york,precipitation,0.0,0,0,1
1704862800000,new_york,precipitation,0.1,0,1,0
1704866400000,new_york,precipitation,0.0,1,0,0
1704870000000,new_york,precipitation,0.0,0,0,1
1704873600000,new_york,precipitation,0.0,0,0,1
1704877200000,new_york,precipitation,0.0,0,0,1
1704880800000,new_york,precipitation,0.0,0,0,1
1704884400000,new_york,precipitation,0.0,0,0,1
1704888000000,new_york,precipitation,0.0,0,0,1
1704891600000,new_york,precipitation,0.0,0,0,1
1704895200000,new_york,precipitation,0.0,0,0,1
1704898800000,new_york,precipitation,0.0,0,0,1
1704902400000,new_york,precipitation,0.0,0,0,1
1704906000000,new_york,precipitation,0.0,0,0,1
1704909600000,new_york,precipitation,0.0,0,0,1
1704913200000,new_york,precipitation,0.0,0,0,1
1704916800000,new_york,precipitation,0.0,0,0,1
1704920400000,new_york,precipitation,0.0,1,0,0
1704924000000,new_york,precipitation,0.0,0,0,1
1704927600000,new_york,precipitation,0.0,0,0,1
1704931200000,new_york,precipitation,0.0,0,0,1
1704934800000,new_york,precipitation,0.0,0,0,1
1704938400000,new_york,precipitation,0.0,0,0,1
1704942000000,new_york,precipitation,0.0,0,0,1
1704945600000,new_york,precipitation,0.0,0,0,1
1704949200000,new_york,precipitation,0.0,0,0,1
1704952800000,new_york,precipitation,0.0,0,0,1
1704956400000,new_york,precipitation,0.0,0,0,1
1704960000000,new_york,precipitation,0.0,0,0,1
1704963600000,new_york,precipitation,0.0,0,0,1
1704967200000,new_york,precipitation,0.0,0,0,1
1704970800000,new_york,precipitation,0.0,0,0,1
1704974400000,new_york,precipitation,0.0,1,0,0
1704978000000,new_york,precipitation,0.0,0,0,1
1704981600000,new_york,precipitation,0.0,0,0,1
1704985200000,new_york,precipitation,0.0,0,0,1
1704988800000,new_york,precipitation,0.0,0,0,1
1704992400000,new_york,precipitation,0.0,0,0,1
1704996000000,new_york,precipitation,0.0,0,0,1
1704999600000,new_york,precipitation,0.0,0,0,1
1705003200000,new_york,precipitation,0.0,1,0,0
1705006800000,new_york,precipitation,0.0,0,0,1
1705010400000,new_york,precipitation,0.0,1,0,0
1705014000000,new_york,precipitation,0.0,0,0,1
1705017600000,new_york,precipitation,0.0,0,0,1
1705021200000,new_york,precipitation,0.0,0,0,1
1705024800000,new_york,precipitation,0.0,0,0,1
1705028400000,new_york,precipitation,0.0,0,0,1
1705032000000,new_york,precipitation,0.0,0,0,1
1705035600000,new_york,precipitation,0.0,1,0,0
1705039200000,new_york,precipitation,0.0,0,0,1
1705042800000,new_york,precipitation,0.0,0,0,1
1705046400000,new_york,precipitation,0.0,0,0,1
1705050000000,new_york,precipitation,0.0,0,0,1
1705053600000,new_york,precipitation,0.0,0,0,1
1705057200000,new_york,precipitation,0.0,0,0,1
1705060800000,new_york,precipitation,0.0,0,0,1
1705064400000,new_york,precipitation,0.0,1,0,0
1705068000000,new_york,precipitation,0.0,0,0,1
1705071600000,new_york,precipitation,0.0,1,0,0
1705075200000,new_york,precipitation,0.0,0,0,1
1705078800000,new_york,precipitation,0.0,0,0,1
1705082400000,new_york,precipitation,0.0,0,0,1
1705086000000,new_york,precipitation,0.0,0,0,1
1705089600000,new_york,precipitation,0.0,0,0,1
1705093200000,new_york,precipitation,0.0,0,0,1
1705096800000,new_york,precipitation,0.2,0,1,0
1705100400000,new_york,precipitation,0.6,0,1,0
1705104000000,new_york,precipitation,3.2,0,1,0
1705107600000,new_york,precipitation,1.8,1,1,1
1705111200000,new_york,precipitation,3.5,1,1,1
1705114800000,new_york,precipitation,6.8,0,1,0
1705118400000,new_york,precipitation,4.5,0,1,0
1705122000000,new_york,precipitation,1.6,1,1,1
1705125600000,new_york,precipitation,0.0,0,0,1
1705129200000,new_york,precipitation,0.6,0,1,0
1705132800000,new_york,precipitation,0.1,0,1,0
1705136400000,new_york,precipitation,0.0,0,0,1
1705140000000,new_york,precipitation,0.6,0,1,0
1705143600000,new_york,precipitation,0.1,0,1,0
1705147200000,new_york,precipitation,0.1,0,1,0
1705150800000,new_york,precipitation,0.0,0,0,1
1705154400000,new_york,precipitation,0.0,1,0,0
1705158000000,new_york,precipitation,0.0,1,0,0
1705161600000,new_york,precipitation,0.0,0,0,1
1705165200000,new_york,precipitation,0.0,1,0,0
1705168800000,new_york,precipitation,0.0,0,0,1
1705172400000,new_york,precipitation,0.0,0,0,1
1705176000000,new_york,precipitation,0.0,0,0,1
1705179600000,new_york,precipitation,0.0,0,0,1
1705183200000,new_york,precipitation,0.0,0,0,1
1705186800000,new_york,precipitation,0.0,0,0,1
1705190400000,new_york,precipitation,0.0,0,0,1
1705194000000,new_york,precipitation,0.0,0,0,1
1705197600000,new_york,precipitation,0.0,0,0,1
1705201200000,new_york,precipitation,0.0,1,0,0
1705204800000,new_york,precipitation,0.0,1,0,0
1705208400000,new_york,precipitation,0.0,0,0,1
1705212000000,new_york,precipitation,0.0,0,0,1
1705215600000,new_york,precipitation,0.0,0,0,1
1705219200000,new_york,precipitation,0.0,0,0,1
1705222800000,new_york,precipitation,0.0,0,0,1
1705226400000,new_york,precipitation,0.0,1,0,0
1705230000000,new_york,precipitation,0.0,0,0,1
1705233600000,new_york,precipitation,0.0,0,0,1
1705237200000,new_york,precipitation,0.1,0,1,0
1705240800000,new_york,precipitation,0.3,0,1,0
1705244400000,new_york,precipitation,0.1,0,1,0
1705248000000,new_york,precipitation,0.0,1,0,0
1705251600000,new_york,precipitation,0.0,0,0,1
1705255200000,new_york,precipitation,0.0,1,0,0
1705258800000,new_york,precipitation,0.0,0,0,1
1705262400000,new_york,precipitation,0.0,0,0,1
1705266000000,new_york,precipitation,0.0,0,0,1
1705269600000,new_york,precipitation,0.0,0,0,1
1705273200000,new_york,precipitation,0.0,1,0,0
1705276800000,new_york,precipitation,0.0,0,0,1
1705280400000,new_york,precipitation,0.0,0,0,1
1705284000000,new_york,precipitation,0.0,0,0,1
1705287600000,new_york,precipitation,0.0,0,0,1
1705291200000,new_york,precipitation,0.0,0,0,1
1705294800000,new_york,precipitation,0.0,0,0,1
1705298400000,new_york,precipitation,0.0,0,0,1
1705302000000,new_york,precipitation,0.0,1,0,0
1705305600000,new_york,precipitation,0.0,0,0,1
1705309200000,new_york,precipitation,0.0,0,0,1
1705312800000,new_york,precipitation,0.0,1,0,0
1705316400000,new_york,precipitation,0.0,1,0,0
1705320000000,new_york,precipitation,0.0,0,0,1
1705323600000,new_york,precipitation,0.0,0,0,1
1705327200000,new_york,precipitation,0.0,0,0,1
1705330800000,new_york,precipitation,0.0,0,0,1
1705334400000,new_york,precipitation,0.0,0,0,1
1705338000000,new_york,precipitation,0.0,0,0,1
1705341600000,new_york,precipitation,0.0,0,0,1
1705345200000,new_york,precipitation,0.0,0,0,1
1705348800000,new_york,precipitation,0.0,1,0,0
1705352400000,new_york,precipitation,0.1,0,1,0
1705356000000,new_york,precipitation,0.3,1,1,1
1705359600000,new_york,precipitation,0.4,0,1,0
1705363200000,new_york,precipitation,0.3,0,1,0
1705366800000,new_york,precipitation,0.7,1,1,1
1705370400000,new_york,precipitation,0.5,0,1,0
1705374000000,new_york,precipitation,0.5,0,1,0
1705377600000,new_york,precipitation,0.4,0,1,0
1705381200000,new_york,precipitation,0.4,0,1,0
1705384800000,new_york,precipitation,0.6,1,1,1
1705388400000,new_york,precipitation,0.2,0,1,0
1705392000000,new_york,precipitation,0.5,1,1,1
1705395600000,new_york,precipitation,0.3,0,1,0
1705399200000,new_york,precipitation,0.5262934534465087,1,1,1
1705402800000,new_york,precipitation,0.4,0,1,0
1705406400000,new_york,precipitation,1.4,0,1,0
1705410000000,new_york,precipitation,0.6,0,1,0
1705413600000,new_york,precipitation,0.4,0,1,0
1705417200000,new_york,precipitation,1.3,0,1,0
1705420800000,new_york,precipitation,0.3,0,1,0
1705424400000,new_york,precipitation,0.1,1,1,1
1705428000000,new_york,precipitation,0.1,1,1,1
1705431600000,new_york,precipitation,0.0,0,0,1
1705435200000,new_york,precipitation,0.0,0,0,1
1705438800000,new_york,precipitation,0.0,0,0,1
1705442400000,new_york,precipitation,0.0,0,0,1
1705446000000,new_york,precipitation,0.0,0,0,1
1705449600000,new_york,precipitation,0.0,0,0,1
1705453200000,new_york,precipitation,0.0,0,0,1
1705456800000,new_york,precipitation,0.0,0,0,1
1705460400000,new_york,precipitation,0.0,1,0,0
1705464000000,new_york,precipitation,0.0,0,0,1
1705467600000,new_york,precipitation,0.0,0,0,1
1705471200000,new_york,precipitation,0.0,0,0,1
1705474800000,new_york,precipitation,0.0,0,0,1
1705478400000,new_york,precipitation,0.0,0,0,1
1705482000000,new_york,precipitation,0.0,0,0,1
1705485600000,new_york,precipitation,0.0,0,0,1
1705489200000,new_york,precipitation,0.0,0,0,1
1705492800000,new_york,precipitation,0.0,1,0,0
1705496400000,new_york,precipitation,0.0,0,0,1
1705500000000,new_york,precipitation,0.0,0,0,1
1705503600000,new_york,precipitation,0.0,1,0,0
1705507200000,new_york,precipitation,0.0,0,0,1
1705510800000,new_york,precipitation,0.0,0,0,1
1705514400000,new_york,precipitation,0.0,1,0,0
1705518000000,new_york,precipitation,0.0,0,0,1
1705521600000,new_york,precipitation,0.0,1,0,0
1705525200000,new_york,precipitation,0.0,0,0,1
1705528800000,new_york,precipitation,0.0,0,0,1
1705532400000,new_york,precipitation,0.0,0,0,1
1705536000000,new_york,precipitation,0.0,0,0,1
1705539600000,new_york,precipitation,0.0,0,0,1
1705543200000,new_york,precipitation,0.0,1,0,0
1705546800000,new_york,precipitation,0.0,0,0,1
1705550400000,new_york,precipitation,0.0,0,0,1
1705554000000,new_york,precipitation,0.0,1,0,0
1705557600000,new_york,precipitation,0.0,0,0,1
1705561200000,new_york,precipitation,0.0,0,0,1
1705564800000,new_york,precipitation,0.0,0,0,1
1705568400000,new_york,precipitation,0.0,0,0,1
1705572000000,new_york,precipitation,0.0,0,0,1
1705575600000,new_york,precipitation,0.1,0,1,0
1705579200000,new_york,precipitation,0.1,0,1,0
1705582800000,new_york,precipitation,0.1,0,1,0
1705586400000,new_york,precipitation,0.0,0,0,1
1705590000000,new_york,precipitation,0.0,0,0,1
1705593600000,new_york,precipitation,0.0,1,0,0
1705597200000,new_york,precipitation,0.0,0,0,1
1705600800000,new_york,precipitation,0.0,0,0,1
1705604400000,new_york,precipitation,0.0,0,0,1
1705608000000,new_york,precipitation,0.0,0,0,1
1705611600000,new_york,precipitation,0.0,0,0,1
1705615200000,new_york,precipitation,0.0,0,0,1
1705618800000,new_york,precipitation,0.0,0,0,1
1705622400000,new_york,precipitation,0.0,1,0,0
1705626000000,new_york,precipitation,0.0,0,0,1
1705629600000,new_york,precipitation,0.0,1,0,0
1705633200000,new_york,precipitation,0.0,0,0,1
1705636800000,new_york,precipitation,0.0,0,0,1
1705640400000,new_york,precipitation,0.0,0,0,1
1705644000000,new_york,precipitation,0.1,0,1,0
1705647600000,new_york,precipitation,0.1,0,1,0
1705651200000,new_york,precipitation,0.1,0,1,0
1705654800000,new_york,precipitation,0.2,0,1,0
1705658400000,new_york,precipitation,0.2,1,1,1
1705662000000,new_york,precipitation,0.2,0,1,0
1705665600000,new_york,precipitation,0.3,0,1,0
1705669200000,new_york,precipitation,0.4,0,1,0
1705672800000,new_york,precipitation,0.3,1,1,1
1705676400000,new_york,precipitation,0.2,0,1,0
1705680000000,new_york,precipitation,0.2,0,1,0
1705683600000,new_york,precipitation,0.2,0,1,0
1705687200000,new_york,precipitation,0.1,0,1,0
1705690800000,new_york,precipitation,0.1,0,1,0
1705694400000,new_york,precipitation,0.0,1,0,0
1705698000000,new_york,precipitation,0.0,0,0,1
1705701600000,new_york,precipitation,0.0,0,0,1
1705705200000,new_york,precipitation,0.0,0,0,1
1705708800000,new_york,precipitation,0.0,0,0,1
1705712400000,new_york,precipitation,0.0,0,0,1
1705716000000,new_york,precipitation,0.0,0,0,1
1705719600000,new_york,precipitation,0.0,0,0,1
1705723200000,new_york,precipitation,0.0,0,0,1
1705726800000,new_york,precipitation,0.0,0,0,1
1705730400000,new_york,precipitation,0.0,0,0,1
1705734000000,new_york,precipitation,0.0,0,0,1
1705737600000,new_york,precipitation,0.0,0,0,1
1705741200000,new_york,precipitation,0.0,0,0,1
1705744800000,new_york,precipitation,0.0,0,0,1
1705748400000,new_york,precipitation,0.0,0,0,1
1705752000000,new_york,precipitation,0.0,0,0,1
1705755600000,new_york,precipitation,0.0,0,0,1
1705759200000,new_york,precipitation,0.0,0,0,1
1705762800000,new_york,precipitation,0.0,1,0,0
1705766400000,new_york,precipitation,0.0,0,0,1
1705770000000,new_york,precipitation,0.0,0,0,1
1705773600000,new_york,precipitation,0.0,0,0,1
1705777200000,new_york,precipitation,0.0,0,0,1
1705780800000,new_york,precipitation,0.0,0,0,1
1705784400000,new_york,precipitation,0.0,0,0,1
1705788000000,new_york,precipitation,0.0,0,0,1
1705791600000,new_york,precipitation,0.0,0,0,1
1705795200000,new_york,precipitation,0.0,0,0,1
1705798800000,new_york,precipitation,0.0,0,0,1
1705802400000,new_york,precipitation,0.0,0,0,1
1705806000000,new_york,precipitation,0.0,0,0,1
1705809600000,new_york,precipitation,0.0,0,0,1
1705813200000,new_york,precipitation,0.0,0,0,1
1705816800000,new_york,precipitation,0.0,0,0,1
1705820400000,new_york,precipitation,0.0,0,0,1
1705824000000,new_york,precipitation,0.0,0,0,1
1705827600000,new_york,precipitation,0.0,0,0,1
1705831200000,new_york,precipitation,0.0,1,0,0
1705834800000,new_york,precipitation,0.0,1,0,0
1705838400000,new_york,precipitation,0.0,0,0,1
1705842000000,new_york,precipitation,0.0,0,0,1
1705845600000,new_york,precipitation,0.0,0,0,1
1705849200000,new_york,precipitation,0.0,1,0,0
1705852800000,new_york,precipitation,0.0,0,0,1
1705856400000,new_york,precipitation,0.0,0,0,1
1705860000000,new_york,precipitation,0.0,0,0,1
1705863600000,new_york,precipitation,0.0,0,0,1
1705867200000,new_york,precipitation,0.0,0,0,1
1705870800000,new_york,precipitation,0.0,0,0,1
1705874400000,new_york,precipitation,0.0,0,0,1
1705878000000,new_york,precipitation,0.0,0,0,1
1705881600000,new_york,precipitation,0.0,0,0,1
1705885200000,new_york,precipitation,0.0,0,0,1
1705888800000,new_york,precipitation,0.0,0,0,1
1705892400000,new_york,precipitation,0.0,0,0,1
1705896000000,new_york,precipitation,0.0,0,0,1
1705899600000,new_york,precipitation,0.0,0,0,1
1705903200000,new_york,precipitation,0.0,0,0,1
1705906800000,new_york,precipitation,0.0,0,0,1
1705910400000,new_york,precipitation,0.0,0,0,1
1705914000000,new_york,precipitation,0.0,0,0,1
1705917600000,new_york,precipitation,0.0,0,0,1
1705921200000,new_york,precipitation,0.0,0,0,1
1705924800000,new_york,precipitation,0.0,0,0,1
1705928400000,new_york,precipitation,0.0,0,0,1
1705932000000,new_york,precipitation,0.0,0,0,1
1705935600000,new_york,precipitation,0.0,0,0,1
1705939200000,new_york,precipitation,0.0,0,0,1
1705942800000,new_york,precipitation,0.0,0,0,1
1705946400000,new_york,precipitation,0.0,0,0,1
1705950000000,new_york,precipitation,0.0,0,0,1
1705953600000,new_york,precipitation,0.0,0,0,1
1705957200000,new_york,precipitation,0.0,1,0,0
1705960800000,new_york,precipitation,0.0,0,0,1
1705964400000,new_york,precipitation,0.0,0,0,1
1705968000000,new_york,precipitation,0.0,1,0,0
1705971600000,new_york,precipitation,0.0,1,0,0
1705975200000,new_york,precipitation,0.0,0,0,1
1705978800000,new_york,precipitation,0.0,1,0,0
1705982400000,new_york,precipitation,0.0,1,0,0
1705986000000,new_york,precipitation,0.0,0,0,1
1705989600000,new_york,precipitation,0.0,0,0,1
1705993200000,new_york,precipitation,0.0,0,0,1
1705996800000,new_york,precipitation,0.0,1,0,0
1706000400000,new_york,precipitation,0.0,0,0,1
1706004000000,new_york,precipitation,0.0,0,0,1
1706007600000,new_york,precipitation,0.2,0,1,0
1706011200000,new_york,precipitation,0.7,0,1,0
1706014800000,new_york,precipitation,0.5,0,1,0
1706018400000,new_york,precipitation,0.3,0,1,0
1706022000000,new_york,precipitation,0.0,0,0,1
1706025600000,new_york,precipitation,0.0,0,0,1
1706029200000,new_york,precipitation,0.0,0,0,1
1706032800000,new_york,precipitation,0.0,0,0,1
1706036400000,new_york,precipitation,0.0,0,0,1
1706040000000,new_york,precipitation,0.0,0,0,1
1706043600000,new_york,precipitation,0.0,0,0,1
1706047200000,new_york,precipitation,0.0,0,0,1
1706050800000,new_york,precipitation,0.0,0,0,1
1706054400000,new_york,precipitation,0.0,0,0,1
1706058000000,new_york,precipitation,0.1,0,1,0
1706061600000,new_york,precipitation,0.0,0,0,1
1706065200000,new_york,precipitation,0.0,0,0,1
1706068800000,new_york,precipitation,0.0,0,0,1
1706072400000,new_york,precipitation,0.2,0,1,0
1706076000000,new_york,precipitation,0.2,0,1,0
1706079600000,new_york,precipitation,0.2,0,1,0
1706083200000,new_york,precipitation,0.11035612206596608,1,1,1
1706086800000,new_york,precipitation,0.2,0,1,0
1706090400000,new_york,precipitation,0.1,0,1,0
1706094000000,new_york,precipitation,0.1,0,1,0
1706097600000,new_york,precipitation,0.2,0,1,0
1706101200000,new_york,precipitation,0.1,1,1,1
1706104800000,new_york,precipitation,0.1,0,1,0
1706108400000,new_york,precipitation,0.0,0,0,1
1706112000000,new_york,precipitation,0.1,0,1,0
1706115600000,new_york,precipitation,0.1,0,1,0
1706119200000,new_york,precipitation,0.2,0,1,0
1706122800000,new_york,precipitation,0.4,0,1,0
1706126400000,new_york,precipitation,0.2,0,1,0
1706130000000,new_york,precipitation,0.4,0,1,0
1706133600000,new_york,precipitation,0.2,0,1,0
1706137200000,new_york,precipitation,0.0,0,0,1
1706140800000,new_york,precipitation,0.3,0,1,0
1706144400000,new_york,precipitation,0.2,0,1,0
1706148000000,new_york,precipitation,0.1,0,1,0
1706151600000,new_york,precipitation,0.4,0,1,0
1706155200000,new_york,precipitation,0.3,0,1,0
1706158800000,new_york,precipitation,0.1,0,1,0
1706162400000,new_york,precipitation,0.3,0,1,0
1706166000000,new_york,precipitation,0.3,1,1,1
1706169600000,new_york,precipitation,0.2,0,1,0
1706173200000,new_york,precipitation,0.5,0,1,0
1706176800000,new_york,precipitation,0.4,0,1,0
1706180400000,new_york,precipitation,1.2,1,1,1
1706184000000,new_york,precipitation,0.7,0,1,0
1706187600000,new_york,precipitation,0.1,0,1,0
1706191200000,new_york,precipitation,0.1,0,1,0
1706194800000,new_york,precipitation,0.1,0,1,0
1706198400000,new_york,precipitation,0.1,0,1,0
1706202000000,new_york,precipitation,0.1,0,1,0
1706205600000,new_york,precipitation,0.0,0,0,1
1706209200000,new_york,precipitation,0.0,0,0,1
1706212800000,new_york,precipitation,0.1,0,1,0
1706216400000,new_york,precipitation,0.0,0,0,1
1706220000000,new_york,precipitation,0.0,1,0,0
1706223600000,new_york,precipitation,0.0,0,0,1
1706227200000,new_york,precipitation,0.1,0,1,0
1706230800000,new_york,precipitation,0.1,0,1,0
1706234400000,new_york,precipitation,0.2,0,1,0
1706238000000,new_york,precipitation,0.4,0,1,0
1706241600000,new_york,precipitation,0.6,0,1,0
1706245200000,new_york,precipitation,0.8,0,1,0
1706248800000,new_york,precipitation,0.5,1,1,1
1706252400000,new_york,precipitation,0.4,0,1,0
1706256000000,new_york,precipitation,0.3,1,1,1
1706259600000,new_york,precipitation,0.2,0,1,0
1706263200000,new_york,precipitation,0.3,1,1,1
1706266800000,new_york,precipitation,0.2,0,1,0
1706270400000,new_york,precipitation,0.5,0,1,0
1706274000000,new_york,precipitation,0.0,0,0,1
1706277600000,new_york,precipitation,0.0,0,0,1
1706281200000,new_york,precipitation,0.0,0,0,1
1706284800000,new_york,precipitation,0.0,0,0,1
1706288400000,new_york,precipitation,0.0,0,0,1
1706292000000,new_york,precipitation,0.0,0,0,1
1706295600000,new_york,precipitation,0.0,0,0,1
1706299200000,new_york,precipitation,0.0,1,0,0
1706302800000,new_york,precipitation,0.0,0,0,1
1706306400000,new_york,precipitation,0.0,0,0,1
1706310000000,new_york,precipitation,0.0,0,0,1
1706313600000,new_york,precipitation,0.0,0,0,1
1706317200000,new_york,precipitation,0.0,0,0,1
1706320800000,new_york,precipitation,0.0,0,0,1
1706324400000,new_york,precipitation,0.0,0,0,1
1706328000000,new_york,precipitation,0.0,0,0,1
1706331600000,new_york,precipitation,0.0,0,0,1
1706335200000,new_york,precipitation,0.0,0,0,1
1706338800000,new_york,precipitation,0.0,0,0,1
1706342400000,new_york,precipitation,0.0,1,0,0
1706346000000,new_york,precipitation,0.0,0,0,1
1706349600000,new_york,precipitation,0.0,0,0,1
1706353200000,new_york,precipitation,0.0,0,0,1
1706356800000,new_york,precipitation,0.0,0,0,1
1706360400000,new_york,precipitation,0.0,0,0,1
1706364000000,new_york,precipitation,0.0,0,0,1
1706367600000,new_york,precipitation,0.0,0,0,1
1706371200000,new_york,precipitation,0.0,1,0,0
1706374800000,new_york,precipitation,0.0,0,0,1
1706378400000,new_york,precipitation,0.0,0,0,1
1706382000000,new_york,precipitation,0.0,0,0,1
1706385600000,new_york,precipitation,0.0,0,0,1
1706389200000,new_york,precipitation,0.0,0,0,1
1706392800000,new_york,precipitation,0.0,0,0,1
1706396400000,new_york,precipitation,0.0,0,0,1
1706400000000,new_york,precipitation,0.0,0,0,1
1706403600000,new_york,precipitation,0.1,1,1,1
1706407200000,new_york,precipitation,0.1,0,1,0
1706410800000,new_york,precipitation,0.5,1,1,1
1706414400000,new_york,precipitation,1.2,1,1,1
1706418000000,new_york,precipitation,2.2,0,1,0
1706421600000,new_york,precipitation,2.2,0,1,0
1706425200000,new_york,precipitation,1.4,0,1,0
1706428800000,new_york,precipitation,3.1441037441437025,1,1,1
1706432400000,new_york,precipitation,1.9,1,1,1
1706436000000,new_york,precipitation,3.3,0,1,0
1706439600000,new_york,precipitation,0.7,0,1,0
1706443200000,new_york,precipitation,0.1,1,1,1
1706446800000,new_york,precipitation,0.1,0,1,0
1706450400000,new_york,precipitation,0.6,0,1,0
1706454000000,new_york,precipitation,0.6,1,1,1
1706457600000,new_york,precipitation,0.6,0,1,0
1706461200000,new_york,precipitation,0.7,0,1,0
1706464800000,new_york,precipitation,1.0,0,1,0
1706468400000,new_york,precipitation,0.7,0,1,0
1706472000000,new_york,precipitation,0.2,0,1,0
1706475600000,new_york,precipitation,0.1,0,1,0
1706479200000,new_york,precipitation,0.1,0,1,0
1706482800000,new_york,precipitation,0.1,0,1,0
1706486400000,new_york,precipitation,0.0,0,0,1
1706490000000,new_york,precipitation,0.0,1,0,0
1706493600000,new_york,precipitation,0.0,0,0,1
1706497200000,new_york,precipitation,0.1,0,1,0
1706500800000,new_york,precipitation,0.2,0,1,0
1706504400000,new_york,precipitation,0.1,0,1,0
1706508000000,new_york,precipitation,0.0,0,0,1
1706511600000,new_york,precipitation,0.1,0,1,0
1706515200000,new_york,precipitation,0.0,0,0,1
1706518800000,new_york,precipitation,0.1,0,1,0
1706522400000,new_york,precipitation,0.0,0,0,1
1706526000000,new_york,precipitation,0.0,0,0,1
1706529600000,new_york,precipitation,0.1,0,1,0
1706533200000,new_york,precipitation,0.0,0,0,1
1706536800000,new_york,precipitation,0.0,0,0,1
1706540400000,new_york,precipitation,0.0,0,0,1
1706544000000,new_york,precipitation,0.0,0,0,1
1706547600000,new_york,precipitation,0.0,0,0,1
1706551200000,new_york,precipitation,0.0,0,0,1
1706554800000,new_york,precipitation,0.0,0,0,1
1706558400000,new_york,precipitation,0.0,0,0,1
1706562000000,new_york,precipitation,0.0,1,0,0
1706565600000,new_york,precipitation,0.0,0,0,1
1706569200000,new_york,precipitation,0.0,0,0,1
1706572800000,new_york,precipitation,0.0,0,0,1
1706576400000,new_york,precipitation,0.0,0,0,1
1706580000000,new_york,precipitation,0.0,0,0,1
1706583600000,new_york,precipitation,0.0,0,0,1
1706587200000,new_york,precipitation,0.0,0,0,1
1706590800000,new_york,precipitation,0.0,0,0,1
1706594400000,new_york,precipitation,0.0,1,0,0
1706598000000,new_york,precipitation,0.0,0,0,1
1706601600000,new_york,precipitation,0.0,0,0,1
1706605200000,new_york,precipitation,0.0,0,0,1
1706608800000,new_york,precipitation,0.0,0,0,1
1706612400000,new_york,precipitation,0.0,0,0,1
1706616000000,new_york,precipitation,0.0,0,0,1
1706619600000,new_york,precipitation,0.0,1,0,0
1706623200000,new_york,precipitation,0.0,0,0,1
1706626800000,new_york,precipitation,0.0,0,0,1
1706630400000,new_york,precipitation,0.0,0,0,1
1706634000000,new_york,precipitation,0.0,0,0,1
1706637600000,new_york,precipitation,0.0,0,0,1
1706641200000,new_york,precipitation,0.0,0,0,1
1706644800000,new_york,precipitation,0.0,0,0,1
1706648400000,new_york,precipitation,0.0,0,0,1
1706652000000,new_york,precipitation,0.0,0,0,1
1706655600000,new_york,precipitation,0.0,0,0,1
1706659200000,new_york,precipitation,0.0,1,0,0
1706662800000,new_york,precipitation,0.0,0,0,1
1706666400000,new_york,precipitation,0.1,0,1,0
1706670000000,new_york,precipitation,0.1,0,1,0
1706673600000,new_york,precipitation,0.0,0,0,1
1706677200000,new_york,precipitation,0.0,0,0,1
1706680800000,new_york,precipitation,0.0,0,0,1
1706684400000,new_york,precipitation,0.0,0,0,1
1706688000000,new_york,precipitation,0.0,0,0,1
1706691600000,new_york,precipitation,0.0,0,0,1
1706695200000,new_york,precipitation,0.0,0,0,1
1706698800000,new_york,precipitation,0.0,1,0,0
1706702400000,new_york,precipitation,0.0,1,0,0
1706706000000,new_york,precipitation,0.0,0,0,1
1706709600000,new_york,precipitation,0.0,0,0,1
1706713200000,new_york,precipitation,0.0,1,0,0
1706716800000,new_york,precipitation,0.0,0,0,1
1706720400000,new_york,precipitation,0.0,0,0,1
1706724000000,new_york,precipitation,0.0,0,0,1
1706727600000,new_york,precipitation,0.0,0,0,1
1706731200000,new_york,precipitation,0.0,1,0,0
1706734800000,new_york,precipitation,0.0,0,0,1
1706738400000,new_york,precipitation,0.0,0,0,1
1706742000000,new_york,precipitation,0.0,0,0,1
1706745600000,new_york,precipitation,0.0,0,0,1
1706749200000,new_york,precipitation,0.0,0,0,1
1706752800000,new_york,precipitation,0.0,0,0,1
1706756400000,new_york,precipitation,0.0,0,0,1
1706760000000,new_york,precipitation,0.0,0,0,1
1706763600000,new_york,precipitation,0.0,0,0,1
1706767200000,new_york,precipitation,0.0,1,0,0
1706770800000,new_york,precipitation,0.0,0,0,1
1706774400000,new_york,precipitation,0.0,0,0,1
1706778000000,new_york,precipitation,0.0,0,0,1
1706781600000,new_york,precipitation,0.0,0,0,1
1706785200000,new_york,precipitation,0.0,0,0,1
1706788800000,new_york,precipitation,0.0,0,0,1
1706792400000,new_york,precipitation,0.0,1,0,0
1706796000000,new_york,precipitation,0.0,1,0,0
1706799600000,new_york,precipitation,0.0,0,0,1
1706803200000,new_york,precipitation,0.0,0,0,1
1706806800000,new_york,precipitation,0.0,0,0,1
1706810400000,new_york,precipitation,0.0,1,0,0
1706814000000,new_york,precipitation,0.0,0,0,1
1706817600000,new_york,precipitation,0.0,0,0,1
1706821200000,new_york,precipitation,0.0,0,0,1
1706824800000,new_york,precipitation,0.2,0,1,0
1706828400000,new_york,precipitation,0.4,0,1,0
1706832000000,new_york,precipitation,0.0,0,0,1
1706835600000,new_york,precipitation,0.2,0,1,0
1706839200000,new_york,precipitation,0.3,0,1,0
1706842800000,new_york,precipitation,1.0,0,1,0
1706846400000,new_york,precipitation,0.8,0,1,0
1706850000000,new_york,precipitation,0.4,0,1,0
1706853600000,new_york,precipitation,0.3,0,1,0
1706857200000,new_york,precipitation,0.2,1,1,1
1706860800000,new_york,precipitation,0.3,0,1,0
1706864400000,new_york,precipitation,0.0,0,0,1
1706868000000,new_york,precipitation,0.3,1,1,1
1706871600000,new_york,precipitation,1.0,0,1,0
1706875200000,new_york,precipitation,0.5,0,1,0
1706878800000,new_york,precipitation,0.5,1,1,1
1706882400000,new_york,precipitation,0.3,1,1,1
1706886000000,new_york,precipitation,0.1,0,1,0
1706889600000,new_york,precipitation,0.1,0,1,0
1706893200000,new_york,precipitation,0.0,0,0,1
1706896800000,new_york,precipitation,0.0,0,0,1
1706900400000,new_york,precipitation,0.0,1,0,0
1706904000000,new_york,precipitation,0.0,1,0,0
1706907600000,new_york,precipitation,0.0,1,0,0
1706911200000,new_york,precipitation,0.0,1,0,0
1706914800000,new_york,precipitation,0.0,0,0,1
1706918400000,new_york,precipitation,0.0,1,0,0
1706922000000,new_york,precipitation,0.0,0,0,1
1706925600000,new_york,precipitation,0.0,1,0,0
1706929200000,new_york,precipitation,0.0,0,0,1
1706932800000,new_york,precipitation,0.0,0,0,1
1706936400000,new_york,precipitation,0.0,0,0,1
1706940000000,new_york,precipitation,0.0,0,0,1
1706943600000,new_york,precipitation,0.0,0,0,1
1706947200000,new_york,precipitation,0.0,0,0,1
1706950800000,new_york,precipitation,0.0,0,0,1
1706954400000,new_york,precipitation,0.0,0,0,1
1706958000000,new_york,precipitation,0.0,0,0,1
1706961600000,new_york,precipitation,0.0,0,0,1
1706965200000,new_york,precipitation,0.0,0,0,1
1706968800000,new_york,precipitation,0.0,0,0,1
1706972400000,new_york,precipitation,0.0,0,0,1
1706976000000,new_york,precipitation,0.0,0,0,1
1706979600000,new_york,precipitation,0.0,0,0,1
1706983200000,new_york,precipitation,0.0,0,0,1
1706986800000,new_york,precipitation,0.0,0,0,1
1706990400000,new_york,precipitation,0.0,0,0,1
1706994000000,new_york,precipitation,0.0,0,0,1
1706997600000,new_york,precipitation,0.0,0,0,1
1707001200000,new_york,precipitation,0.0,1,0,0
1707004800000,new_york,precipitation,0.0,0,0,1
1707008400000,new_york,precipitation,0.0,0,0,1
1707012000000,new_york,precipitation,0.0,0,0,1
1707015600000,new_york,precipitation,0.0,0,0,1
1707019200000,new_york,precipitation,0.0,0,0,1
1707022800000,new_york,precipitation,0.0,0,0,1
1707026400000,new_york,precipitation,0.0,0,0,1
1707030000000,new_york,precipitation,0.0,1,0,0
1707033600000,new_york,precipitation,0.0,0,0,1
1707037200000,new_york,precipitation,0.0,0,0,1
1707040800000,new_york,precipitation,0.0,0,0,1
1707044400000,new_york,precipitation,0.0,0,0,1
1707048000000,new_york,precipitation,0.0,0,0,1
1707051600000,new_york,precipitation,0.0,0,0,1
1707055200000,new_york,precipitation,0.0,1,0,0
1707058800000,new_york,precipitation,0.0,0,0,1
1707062400000,new_york,precipitation,0.0,1,0,0
1707066000000,new_york,precipitation,0.0,1,0,0
1707069600000,new_york,precipitation,0.0,1,0,0
1707073200000,new_york,precipitation,0.0,0,0,1
1707076800000,new_york,precipitation,0.0,0,0,1
1707080400000,new_york,precipitation,0.0,0,0,1
1707084000000,new_york,precipitation,0.0,0,0,1
1707087600000,new_york,precipitation,0.0,0,0,1
1707091200000,new_york,precipitation,0.0,0,0,1
1707094800000,new_york,precipitation,0.0,0,0,1
1707098400000,new_york,precipitation,0.0,0,0,1
1707102000000,new_york,precipitation,0.0,0,0,1
1707105600000,new_york,precipitation,0.0,0,0,1
1707109200000,new_york,precipitation,0.0,0,0,1
1707112800000,new_york,precipitation,0.0,0,0,1
1707116400000,new_york,precipitation,0.0,0,0,1
1707120000000,new_york,precipitation,0.0,0,0,1
1707123600000,new_york,precipitation,0.0,0,0,1
1707127200000,new_york,precipitation,0.0,0,0,1
1707130800000,new_york,precipitation,0.0,0,0,1
1707134400000,new_york,precipitation,0.0,0,0,1
1707138000000,new_york,precipitation,0.0,0,0,1
1707141600000,new_york,precipitation,0.0,0,0,1
1707145200000,new_york,precipitation,0.0,0,0,1
1707148800000,new_york,precipitation,0.0,0,0,1
1707152400000,new_york,precipitation,0.0,0,0,1
1707156000000,new_york,precipitation,0.0,0,0,1
1707159600000,new_york,precipitation,0.0,0,0,1
1707163200000,new_york,precipitation,0.0,0,0,1
1707166800000,new_york,precipitation,0.0,0,0,1
1707170400000,new_york,precipitation,0.0,1,0,0
1707174000000,new_york,precipitation,0.0,0,0,1
1707177600000,new_york,precipitation,0.0,0,0,1
1707181200000,new_york,precipitation,0.0,1,0,0
1707184800000,new_york,precipitation,0.0,0,0,1
1707188400000,new_york,precipitation,0.0,1,0,0
1707192000000,new_york,precipitation,0.0,0,0,1
1707195600000,new_york,precipitation,0.0,0,0,1
1707199200000,new_york,precipitation,0.0,0,0,1
1707202800000,new_york,precipitation,0.0,1,0,0
1707206400000,new_york,precipitation,0.0,0,0,1
1707210000000,new_york,precipitation,0.0,0,0,1
1707213600000,new_york,precipitation,0.0,0,0,1
1707217200000,new_york,precipitation,0.0,0,0,1
1707220800000,new_york,precipitation,0.0,0,0,1
1707224400000,new_york,precipitation,0.0,0,0,1
1707228000000,new_york,precipitation,0.0,0,0,1
1707231600000,new_york,precipitation,0.0,0,0,1
1707235200000,new_york,precipitation,0.0,0,0,1
1707238800000,new_york,precipitation,0.0,0,0,1
1707242400000,new_york,precipitation,0.0,0,0,1
1707246000000,new_york,precipitation,0.0,0,0,1
1707249600000,new_york,precipitation,0.0,0,0,1
1707253200000,new_york,precipitation,0.0,0,0,1
1707256800000,new_york,precipitation,0.0,0,0,1
1707260400000,new_york,precipitation,0.0,0,0,1
1707264000000,new_york,precipitation,0.0,0,0,1
1707267600000,new_york,precipitation,0.0,0,0,1
1707271200000,new_york,precipitation,0.0,1,0,0
1707274800000,new_york,precipitation,0.0,0,0,1
1707278400000,new_york,precipitation,0.0,0,0,1
1707282000000,new_york,precipitation,0.0,0,0,1
1707285600000,new_york,precipitation,0.0,0,0,1
1707289200000,new_york,precipitation,0.0,0,0,1
1707292800000,new_york,precipitation,0.0,1,0,0
1707296400000,new_york,precipitation,0.0,1,0,0
1707300000000,new_york,precipitation,0.0,1,0,0
1707303600000,new_york,precipitation,0.0,1,0,0
1707307200000,new_york,precipitation,0.0,0,0,1
1707310800000,new_york,precipitation,0.0,0,0,1
1707314400000,new_york,precipitation,0.0,0,0,1
1707318000000,new_york,precipitation,0.0,0,0,1
1707321600000,new_york,precipitation,0.0,0,0,1
1707325200000,new_york,precipitation,0.0,0,0,1
1707328800000,new_york,precipitation,0.0,0,0,1
1707332400000,new_york,precipitation,0.0,0,0,1
1707336000000,new_york,precipitation,0.0,1,0,0
1707339600000,new_york,precipitation,0.0,0,0,1
1707343200000,new_york,precipitation,0.0,0,0,1
1707346800000,new_york,precipitation,0.0,0,0,1
1707350400000,new_york,precipitation,0.0,1,0,0
1707354000000,new_york,precipitation,0.0,0,0,1
1707357600000,new_york,precipitation,0.0,0,0,1
1707361200000,new_york,precipitation,0.0,0,0,1
1707364800000,new_york,precipitation,0.0,0,0,1
1707368400000,new_york,precipitation,0.0,0,0,1
1707372000000,new_york,precipitation,0.0,0,0,1
1707375600000,new_york,precipitation,0.0,0,0,1
1707379200000,new_york,precipitation,0.0,0,0,1
1707382800000,new_york,precipitation,0.0,0,0,1
1707386400000,new_york,precipitation,0.0,0,0,1
1707390000000,new_york,precipitation,0.0,1,0,0
1707393600000,new_york,precipitation,0.0,1,0,0
1707397200000,new_york,precipitation,0.0,0,0,1
1707400800000,new_york,precipitation,0.0,0,0,1
1707404400000,new_york,precipitation,0.0,1,0,0
1707408000000,new_york,precipitation,0.0,1,0,0
1707411600000,new_york,precipitation,0.0,0,0,1
1707415200000,new_york,precipitation,0.0,0,0,1
1707418800000,new_york,precipitation,0.0,0,0,1
1707422400000,new_york,precipitation,0.0,1,0,0
1707426000000,new_york,precipitation,0.0,0,0,1
1707429600000,new_york,precipitation,0.0,0,0,1
1707433200000,new_york,precipitation,0.0,0,0,1
1707436800000,new_york,precipitation,0.0,0,0,1
1707440400000,new_york,precipitation,0.0,0,0,1
1707444000000,new_york,precipitation,0.0,0,0,1
1707447600000,new_york,precipitation,0.0,0,0,1
1707451200000,new_york,precipitation,0.0,0,0,1
1707454800000,new_york,precipitation,0.0,0,0,1
1707458400000,new_york,precipitation,0.0,0,0,1
1707462000000,new_york,precipitation,0.0,0,0,1
1707465600000,new_york,precipitation,0.0,0,0,1
1707469200000,new_york,precipitation,0.0,0,0,1
1707472800000,new_york,precipitation,0.0,0,0,1
1707476400000,new_york,precipitation,0.0,1,0,0
1707480000000,new_york,precipitation,0.0,0,0,1
1707483600000,new_york,precipitation,0.0,0,0,1
1707487200000,new_york,precipitation,0.0,0,0,1
1707490800000,new_york,precipitation,0.0,0,0,1
1707494400000,new_york,precipitation,0.0,0,0,1
1707498000000,new_york,precipitation,0.0,1,0,0
1707501600000,new_york,precipitation,0.0,0,0,1
1707505200000,new_york,precipitation,0.0,0,0,1
1707508800000,new_york,precipitation,0.0,1,0,0
1707512400000,new_york,precipitation,0.0,0,0,1
1707516000000,new_york,precipitation,0.0,0,0,1
1707519600000,new_york,precipitation,0.0,0,0,1
1707523200000,new_york,precipitation,0.0,0,0,1
1707526800000,new_york,precipitation,0.0,0,0,1
1707530400000,new_york,precipitation,0.0,0,0,1
1707534000000,new_york,precipitation,0.0,0,0,1
1707537600000,new_york,precipitation,0.0,0,0,1
1707541200000,new_york,precipitation,0.0,0,0,1
1707544800000,new_york,precipitation,0.0,0,0,1
1707548400000,new_york,precipitation,0.0,0,0,1
1707552000000,new_york,precipitation,0.0,0,0,1
1707555600000,new_york,precipitation,0.0,0,0,1
1707559200000,new_york,precipitation,0.0,0,0,1
1707562800000,new_york,precipitation,0.0,0,0,1
1707566400000,new_york,precipitation,0.0,0,0,1
1707570000000,new_york,precipitation,0.0,1,0,0
1707573600000,new_york,precipitation,0.0,0,0,1
1707577200000,new_york,precipitation,0.0,0,0,1
1707580800000,new_york,precipitation,0.0,0,0,1
1707584400000,new_york,precipitation,0.0,0,0,1
1707588000000,new_york,precipitation,0.0,0,0,1
1707591600000,new_york,precipitation,0.0,0,0,1
1707595200000,new_york,precipitation,0.0,0,0,1
1707598800000,new_york,precipitation,0.1,0,1,0
1707602400000,new_york,precipitation,0.0,0,0,1
1707606000000,new_york,precipitation,0.0,0,0,1
1707609600000,new_york,precipitation,0.0,0,0,1
1707613200000,new_york,precipitation,0.0,0,0,1
1707616800000,new_york,precipitation,0.0,0,0,1
1707620400000,new_york,precipitation,0.0,0,0,1
1707624000000,new_york,precipitation,0.0,1,0,0
1707627600000,new_york,precipitation,0.0,0,0,1
1707631200000,new_york,precipitation,0.0,0,0,1
1707634800000,new_york,precipitation,0.0,1,0,0
1707638400000,new_york,precipitation,0.0,0,0,1
1707642000000,new_york,precipitation,0.0,0,0,1
1707645600000,new_york,precipitation,0.0,0,0,1
1707649200000,new_york,precipitation,0.0,0,0,1
1707652800000,new_york,precipitation,0.0,0,0,1
1707656400000,new_york,precipitation,0.0,0,0,1
1707660000000,new_york,precipitation,0.0,0,0,1
1707663600000,new_york,precipitation,0.0,0,0,1
1707667200000,new_york,precipitation,0.0,0,0,1
1707670800000,new_york,precipitation,0.0,1,0,0
1707674400000,new_york,precipitation,0.0,1,0,0
1707678000000,new_york,precipitation,0.0,0,0,1
1707681600000,new_york,precipitation,0.0,1,0,0
1707685200000,new_york,precipitation,0.0,0,0,1
1707688800000,new_york,precipitation,0.0,0,0,1
1707692400000,new_york,precipitation,0.0,0,0,1
1707696000000,new_york,precipitation,0.0,0,0,1
1707699600000,new_york,precipitation,0.0,0,0,1
1707703200000,new_york,precipitation,0.0,0,0,1
1707706800000,new_york,precipitation,0.0,0,0,1
1707710400000,new_york,precipitation,0.0,0,0,1
1707714000000,new_york,precipitation,0.0,0,0,1
1707717600000,new_york,precipitation,0.0,0,0,1
1707721200000,new_york,precipitation,0.0,0,0,1
1707724800000,new_york,precipitation,0.0,0,0,1
1707728400000,new_york,precipitation,0.0,1,0,0
1707732000000,new_york,precipitation,0.0,0,0,1
1707735600000,new_york,precipitation,0.0,0,0,1
1707739200000,new_york,precipitation,0.0,0,0,1
1707742800000,new_york,precipitation,0.0,0,0,1
1707746400000,new_york,precipitation,0.0,0,0,1
1707750000000,new_york,precipitation,0.0,0,0,1
1707753600000,new_york,precipitation,0.0,0,0,1
1707757200000,new_york,precipitation,0.0,0,0,1
1707760800000,new_york,precipitation,0.0,0,0,1
1707764400000,new_york,precipitation,0.0,0,0,1
1707768000000,new_york,precipitation,0.0,0,0,1
1707771600000,new_york,precipitation,0.0,0,0,1
1707775200000,new_york,precipitation,0.0,0,0,1
1707778800000,new_york,precipitation,0.1,0,1,0
1707782400000,new_york,precipitation,0.0,1,0,0
1707786000000,new_york,precipitation,0.1,0,1,0
1707789600000,new_york,precipitation,3.5,0,1,0
1707793200000,new_york,precipitation,1.7,1,1,1
1707796800000,new_york,precipitation,0.9,1,1,1
1707800400000,new_york,precipitation,2.1,0,1,0
1707804000000,new_york,precipitation,1.7,0,1,0
1707807600000,new_york,precipitation,2.1,0,1,0
1707811200000,new_york,precipitation,2.4,0,1,0
1707814800000,new_york,precipitation,2.5,0,1,0
1707818400000,new_york,precipitation,2.9,0,1,0
1707822000000,new_york,precipitation,3.1,0,1,0
1707825600000,new_york,precipitation,2.3,0,1,0
1707829200000,new_york,precipitation,1.8,0,1,0
1707832800000,new_york,precipitation,0.6,0,1,0
1707836400000,new_york,precipitation,0.0,0,0,1
1707840000000,new_york,precipitation,0.0,1,0,0
1707843600000,new_york,precipitation,0.0,0,0,1
1707847200000,new_york,precipitation,0.0,0,0,1
1707850800000,new_york,precipitation,0.0,0,0,1
1707854400000,new_york,precipitation,0.0,0,0,1
1707858000000,new_york,precipitation,0.0,0,0,1
1707861600000,new_york,precipitation,0.0,0,0,1
1707865200000,new_york,precipitation,0.0,0,0,1
1707868800000,new_york,precipitation,0.0,1,0,0
1707872400000,new_york,precipitation,0.0,0,0,1
1707876000000,new_york,precipitation,0.0,0,0,1
1707879600000,new_york,precipitation,0.0,0,0,1
1707883200000,new_york,precipitation,0.0,0,0,1
1707886800000,new_york,precipitation,0.0,0,0,1
1707890400000,new_york,precipitation,0.0,0,0,1
1707894000000,new_york,precipitation,0.0,0,0,1
1707897600000,new_york,precipitation,0.0,0,0,1
1707901200000,new_york,precipitation,0.0,0,0,1
1707904800000,new_york,precipitation,0.0,0,0,1
1707908400000,new_york,precipitation,0.0,0,0,1
1707912000000,new_york,precipitation,0.0,0,0,1
1707915600000,new_york,precipitation,0.0,0,0,1
1707919200000,new_york,precipitation,0.0,0,0,1
1707922800000,new_york,precipitation,0.0,0,0,1
1707926400000,new_york,precipitation,0.0,0,0,1
1707930000000,new_york,precipitation,0.0,0,0,1
1707933600000,new_york,precipitation,0.0,1,0,0
1707937200000,new_york,precipitation,0.0,0,0,1
1707940800000,new_york,precipitation,0.0,0,0,1
1707944400000,new_york,precipitation,0.0,0,0,1
1707948000000,new_york,precipitation,0.0,0,0,1
1707951600000,new_york,precipitation,0.0,0,0,1
1707955200000,new_york,precipitation,0.0,0,0,1
1707958800000,new_york,precipitation,0.0,0,0,1
1707962400000,new_york,precipitation,0.0,0,0,1
1707966000000,new_york,precipitation,0.0,0,0,1
1707969600000,new_york,precipitation,0.0,0,0,1
1707973200000,new_york,precipitation,0.0,0,0,1
1707976800000,new_york,precipitation,0.0,0,0,1
1707980400000,new_york,precipitation,0.0,0,0,1
1707984000000,new_york,precipitation,0.0,1,0,0
1707987600000,new_york,precipitation,0.0,1,0,0
1707991200000,new_york,precipitation,0.0,1,0,0
1707994800000,new_york,precipitation,0.0,0,0,1
1707998400000,new_york,precipitation,0.0,0,0,1
1708002000000,new_york,precipitation,0.0,0,0,1
1708005600000,new_york,precipitation,0.0,0,0,1
1708009200000,new_york,precipitation,0.0,0,0,1
1708012800000,new_york,precipitation,0.0,0,0,1
1708016400000,new_york,precipitation,0.0,0,0,1
1708020000000,new_york,precipitation,0.0,0,0,1
1708023600000,new_york,precipitation,0.0,0,0,1
1708027200000,new_york,precipitation,0.0,0,0,1
1708030800000,new_york,precipitation,0.2,1,1,1
1708034400000,new_york,precipitation,0.0,0,0,1
1708038000000,new_york,precipitation,0.0,0,0,1
1708041600000,new_york,precipitation,0.0,0,0,1
1708045200000,new_york,precipitation,0.0,0,0,1
1708048800000,new_york,precipitation,0.0,0,0,1
1708052400000,new_york,precipitation,0.0,0,0,1
1708056000000,new_york,precipitation,0.0,0,0,1
1708059600000,new_york,precipitation,0.0,0,0,1
1708063200000,new_york,precipitation,0.0,0,0,1
1708066800000,new_york,precipitation,0.0,0,0,1
1708070400000,new_york,precipitation,0.0,1,0,0
1708074000000,new_york,precipitation,0.0,0,0,1
1708077600000,new_york,precipitation,0.0,0,0,1
1708081200000,new_york,precipitation,0.0,0,0,1
1708084800000,new_york,precipitation,0.0,0,0,1
1708088400000,new_york,precipitation,0.0,0,0,1
1708092000000,new_york,precipitation,0.0,0,0,1
1708095600000,new_york,precipitation,0.0,0,0,1
1708099200000,new_york,precipitation,0.0,1,0,0
1708102800000,new_york,precipitation,0.0,0,0,1
1708106400000,new_york,precipitation,0.0,0,0,1
1708110000000,new_york,precipitation,0.0,0,0,1
1708113600000,new_york,precipitation,0.0,0,0,1
1708117200000,new_york,precipitation,0.0,0,0,1
1708120800000,new_york,precipitation,0.0,0,0,1
1708124400000,new_york,precipitation,0.0,1,0,0
1708128000000,new_york,precipitation,0.1,0,1,0
1708131600000,new_york,precipitation,0.2,0,1,0
1708135200000,new_york,precipitation,0.5,0,1,0
1708138800000,new_york,precipitation,0.8,0,1,0
1708142400000,new_york,precipitation,0.8,0,1,0
1708146000000,new_york,precipitation,1.2,1,1,1
1708149600000,new_york,precipitation,0.8,1,1,1
1708153200000,new_york,precipitation,0.5,0,1,0
1708156800000,new_york,precipitation,0.3,0,1,0
1708160400000,new_york,precipitation,0.3,0,1,0
1708164000000,new_york,precipitation,0.1,0,1,0
1708167600000,new_york,precipitation,0.0,0,0,1
1708171200000,new_york,precipitation,0.1,0,1,0
1708174800000,new_york,precipitation,0.1,0,1,0
1708178400000,new_york,precipitation,0.1,1,1,1
1708182000000,new_york,precipitation,0.0,0,0,1
1708185600000,new_york,precipitation,0.0,0,0,1
1708189200000,new_york,precipitation,0.0,0,0,1
1708192800000,new_york,precipitation,0.0,0,0,1
1708196400000,new_york,precipitation,0.0,1,0,0
1708200000000,new_york,precipitation,0.0,0,0,1
1708203600000,new_york,precipitation,0.0,0,0,1
1708207200000,new_york,precipitation,0.0,0,0,1
1708210800000,new_york,precipitation,0.0,0,0,1
1708214400000,new_york,precipitation,0.0,0,0,1
1708218000000,new_york,precipitation,0.0,0,0,1
1708221600000,new_york,precipitation,0.0,0,0,1
1708225200000,new_york,precipitation,0.0,0,0,1
1708228800000,new_york,precipitation,0.0,0,0,1
1708232400000,new_york,precipitation,0.0,0,0,1
1708236000000,new_york,precipitation,0.0,0,0,1
1708239600000,new_york,precipitation,0.0,1,0,0
1708243200000,new_york,precipitation,0.0,1,0,0
1708246800000,new_york,precipitation,0.0,0,0,1
1708250400000,new_york,precipitation,0.0,0,0,1
1708254000000,new_york,precipitation,0.0,0,0,1
1708257600000,new_york,precipitation,0.0,0,0,1
1708261200000,new_york,precipitation,0.0,0,0,1
1708264800000,new_york,precipitation,0.0,1,0,0
1708268400000,new_york,precipitation,0.0,0,0,1
1708272000000,new_york,precipitation,0.0,0,0,1
1708275600000,new_york,precipitation,0.0,0,0,1
1708279200000,new_york,precipitation,0.0,0,0,1
1708282800000,new_york,precipitation,0.0,0,0,1
1708286400000,new_york,precipitation,0.0,1,0,0
1708290000000,new_york,precipitation,0.0,1,0,0
1708293600000,new_york,precipitation,0.0,0,0,1
1708297200000,new_york,precipitation,0.0,0,0,1
1708300800000,new_york,precipitation,0.0,0,0,1
1708304400000,new_york,precipitation,0.0,0,0,1
1708308000000,new_york,precipitation,0.0,0,0,1
1708311600000,new_york,precipitation,0.0,0,0,1
1708315200000,new_york,precipitation,0.0,0,0,1
1708318800000,new_york,precipitation,0.0,0,0,1
1708322400000,new_york,precipitation,0.0,1,0,0
1708326000000,new_york,precipitation,0.0,0,0,1
1708329600000,new_york,precipitation,0.0,0,0,1
1708333200000,new_york,precipitation,0.0,0,0,1
1708336800000,new_york,precipitation,0.0,0,0,1
1708340400000,new_york,precipitation,0.0,1,0,0
1708344000000,new_york,precipitation,0.0,0,0,1
1708347600000,new_york,precipitation,0.0,1,0,0
1708351200000,new_york,precipitation,0.0,0,0,1
1708354800000,new_york,precipitation,0.0,1,0,0
1708358400000,new_york,precipitation,0.0,0,0,1
1708362000000,new_york,precipitation,0.0,0,0,1
1708365600000,new_york,precipitation,0.0,0,0,1
1708369200000,new_york,precipitation,0.0,1,0,0
1708372800000,new_york,precipitation,0.0,1,0,0
1708376400000,new_york,precipitation,0.0,0,0,1
1708380000000,new_york,precipitation,0.0,0,0,1
1708383600000,new_york,precipitation,0.0,0,0,1
1708387200000,new_york,precipitation,0.0,0,0,1
1708390800000,new_york,precipitation,0.0,0,0,1
1708394400000,new_york,precipitation,0.0,0,0,1
1708398000000,new_york,precipitation,0.0,0,0,1
1708401600000,new_york,precipitation,0.0,0,0,1
1708405200000,new_york,precipitation,0.0,0,0,1
1708408800000,new_york,precipitation,0.0,0,0,1
1708412400000,new_york,precipitation,0.0,0,0,1
1708416000000,new_york,precipitation,0.0,0,0,1
1708419600000,new_york,precipitation,0.0,0,0,1
1708423200000,new_york,precipitation,0.0,0,0,1
1708426800000,new_york,precipitation,0.0,1,0,0
1708430400000,new_york,precipitation,0.0,0,0,1
1708434000000,new_york,precipitation,0.0,1,0,0
1708437600000,new_york,precipitation,0.0,1,0,0
1708441200000,new_york,precipitation,0.0,0,0,1
1708444800000,new_york,precipitation,0.0,0,0,1
1708448400000,new_york,precipitation,0.0,0,0,1
1708452000000,new_york,precipitation,0.0,0,0,1
1708455600000,new_york,precipitation,0.0,0,0,1
1708459200000,new_york,precipitation,0.0,0,0,1
1708462800000,new_york,precipitation,0.0,0,0,1
1708466400000,new_york,precipitation,0.0,0,0,1
1708470000000,new_york,precipitation,0.0,0,0,1
1708473600000,new_york,precipitation,0.0,0,0,1
1708477200000,new_york,precipitation,0.0,0,0,1
1708480800000,new_york,precipitation,0.0,0,0,1
1708484400000,new_york,precipitation,0.0,0,0,1
1708488000000,new_york,precipitation,0.0,0,0,1
1708491600000,new_york,precipitation,0.0,0,0,1
1708495200000,new_york,precipitation,0.0,0,0,1
1708498800000,new_york,precipitation,0.0,0,0,1
1708502400000,new_york,precipitation,0.0,0,0,1
1708506000000,new_york,precipitation,0.0,1,0,0
1708509600000,new_york,precipitation,0.0,0,0,1
1708513200000,new_york,precipitation,0.0,0,0,1
1708516800000,new_york,precipitation,0.0,0,0,1
1708520400000,new_york,precipitation,0.0,0,0,1
1708524000000,new_york,precipitation,0.0,0,0,1
1708527600000,new_york,precipitation,0.0,1,0,0
1708531200000,new_york,precipitation,0.0,1,0,0
1708534800000,new_york,precipitation,0.0,0,0,1
1708538400000,new_york,precipitation,0.0,0,0,1
1708542000000,new_york,precipitation,0.0,0,0,1
1708545600000,new_york,precipitation,0.0,0,0,1
1708549200000,new_york,precipitation,0.0,0,0,1
1708552800000,new_york,precipitation,0.0,0,0,1
1708556400000,new_york,precipitation,0.0,0,0,1
1708560000000,new_york,precipitation,0.0,0,0,1
1708563600000,new_york,precipitation,0.0,0,0,1
1708567200000,new_york,precipitation,0.0,0,0,1
1708570800000,new_york,precipitation,0.0,1,0,0
1708574400000,new_york,precipitation,0.0,0,0,1
1708578000000,new_york,precipitation,0.0,0,0,1
1708581600000,new_york,precipitation,0.0,0,0,1
1708585200000,new_york,precipitation,0.0,0,0,1
1708588800000,new_york,precipitation,0.0,0,0,1
1708592400000,new_york,precipitation,0.0,0,0,1
1708596000000,new_york,precipitation,0.0,0,0,1
1708599600000,new_york,precipitation,0.0,1,0,0
1708603200000,new_york,precipitation,0.0,0,0,1
1708606800000,new_york,precipitation,0.0,0,0,1
1708610400000,new_york,precipitation,0.0,1,0,0
1708614000000,new_york,precipitation,0.0,0,0,1
1708617600000,new_york,precipitation,0.0,0,0,1
1708621200000,new_york,precipitation,0.0,0,0,1
1708624800000,new_york,precipitation,0.0,0,0,1
1708628400000,new_york,precipitation,0.0,0,0,1
1708632000000,new_york,precipitation,0.0,0,0,1
1708635600000,new_york,precipitation,0.1,0,1,0
1708639200000,new_york,precipitation,0.1,0,1,0
1708642800000,new_york,precipitation,0.1,0,1,0
1708646400000,new_york,precipitation,0.1,1,1,1
1708650000000,new_york,precipitation,0.8,1,1,1
1708653600000,new_york,precipitation,0.8,0,1,0
1708657200000,new_york,precipitation,0.2,0,1,0
1708660800000,new_york,precipitation,0.1,0,1,0
1708664400000,new_york,precipitation,0.4,0,1,0
1708668000000,new_york,precipitation,0.4,0,1,0
1708671600000,new_york,precipitation,0.1,0,1,0
1708675200000,new_york,precipitation,0.0,0,0,1
1708678800000,new_york,precipitation,0.0,0,0,1
1708682400000,new_york,precipitation,0.0,0,0,1
1708686000000,new_york,precipitation,0.0,1,0,0
1708689600000,new_york,precipitation,0.0,0,0,1
1708693200000,new_york,precipitation,0.0,0,0,1
1708696800000,new_york,precipitation,0.0,0,0,1
1708700400000,new_york,precipitation,0.0,0,0,1
1708704000000,new_york,precipitation,0.1,0,1,0
1708707600000,new_york,precipitation,0.1,0,1,0
1708711200000,new_york,precipitation,0.0,0,0,1
1708714800000,new_york,precipitation,0.0,1,0,0
1708718400000,new_york,precipitation,0.0,1,0,0
1708722000000,new_york,precipitation,0.0,0,0,1
1708725600000,new_york,precipitation,0.0,0,0,1
1708729200000,new_york,precipitation,0.0,0,0,1
1708732800000,new_york,precipitation,0.0,0,0,1
1708736400000,new_york,precipitation,0.0,0,0,1
1708740000000,new_york,precipitation,0.0,0,0,1
1708743600000,new_york,precipitation,0.0,0,0,1
1708747200000,new_york,precipitation,0.0,0,0,1
1708750800000,new_york,precipitation,0.0,0,0,1
1708754400000,new_york,precipitation,0.0,1,0,0
1708758000000,new_york,precipitation,0.0,0,0,1
1708761600000,new_york,precipitation,0.0,0,0,1
1708765200000,new_york,precipitation,0.0,0,0,1
1708768800000,new_york,precipitation,0.0,0,0,1
1708772400000,new_york,precipitation,0.0,0,0,1
1708776000000,new_york,precipitation,0.0,0,0,1
1708779600000,new_york,precipitation,0.0,0,0,1
1708783200000,new_york,precipitation,0.0,0,0,1
1708786800000,new_york,precipitation,0.0,0,0,1
1708790400000,new_york,precipitation,0.0,1,0,0
1708794000000,new_york,precipitation,0.0,0,0,1
1708797600000,new_york,precipitation,0.0,0,0,1
1708801200000,new_york,precipitation,0.0,0,0,1
1708804800000,new_york,precipitation,0.0,0,0,1
1708808400000,new_york,precipitation,0.0,0,0,1
1708812000000,new_york,precipitation,0.0,0,0,1
1708815600000,new_york,precipitation,0.0,0,0,1
1708819200000,new_york,precipitation,0.0,0,0,1
1708822800000,new_york,precipitation,0.0,0,0,1
1708826400000,new_york,precipitation,0.0,0,0,1
1708830000000,new_york,precipitation,0.0,0,0,1
1708833600000,new_york,precipitation,0.0,0,0,1
1708837200000,new_york,precipitation,0.0,0,0,1
1708840800000,new_york,precipitation,0.0,0,0,1
1708844400000,new_york,precipitation,0.0,0,0,1
1708848000000,new_york,precipitation,0.0,0,0,1
1708851600000,new_york,precipitation,0.0,1,0,0
1708855200000,new_york,precipitation,0.0,0,0,1
1708858800000,new_york,precipitation,0.0,0,0,1
1708862400000,new_york,precipitation,0.0,0,0,1
1708866000000,new_york,precipitation,0.0,0,0,1
1708869600000,new_york,precipitation,0.0,0,0,1
1708873200000,new_york,precipitation,0.0,0,0,1
1708876800000,new_york,precipitation,0.0,0,0,1
1708880400000,new_york,precipitation,0.0,1,0,0
1708884000000,new_york,precipitation,0.0,0,0,1
1708887600000,new_york,precipitation,0.0,0,0,1
1708891200000,new_york,precipitation,0.0,0,0,1
1708894800000,new_york,precipitation,0.0,0,0,1
1708898400000,new_york,precipitation,0.0,0,0,1
1708902000000,new_york,precipitation,0.0,0,0,1
1708905600000,new_york,precipitation,0.0,0,0,1
1708909200000,new_york,precipitation,0.0,1,0,0
1708912800000,new_york,precipitation,0.0,0,0,1
1708916400000,new_york,precipitation,0.0,0,0,1
1708920000000,new_york,precipitation,0.0,0,0,1
1708923600000,new_york,precipitation,0.0,0,0,1
1708927200000,new_york,precipitation,0.0,0,0,1
1708930800000,new_york,precipitation,0.0,0,0,1
1708934400000,new_york,precipitation,0.0,0,0,1
1708938000000,new_york,precipitation,0.0,0,0,1
1708941600000,new_york,precipitation,0.1,0,1,0
1708945200000,new_york,precipitation,2.8,0,1,0
1708948800000,new_york,precipitation,0.0,0,0,1
1708952400000,new_york,precipitation,0.0,0,0,1
1708956000000,new_york,precipitation,0.0,0,0,1
1708959600000,new_york,precipitation,0.0,0,0,1
1708963200000,new_york,precipitation,0.0,0,0,1
1708966800000,new_york,precipitation,0.0,0,0,1
1708970400000,new_york,precipitation,0.0,0,0,1
1708974000000,new_york,precipitation,0.0,0,0,1
1708977600000,new_york,precipitation,0.0,1,0,0
1708981200000,new_york,precipitation,0.0,1,0,0
1708984800000,new_york,precipitation,0.0,0,0,1
1708988400000,new_york,precipitation,0.0,1,0,0
1708992000000,new_york,precipitation,0.0,1,0,0
1708995600000,new_york,precipitation,0.0,1,0,0
1708999200000,new_york,precipitation,0.0,0,0,1
1709002800000,new_york,precipitation,0.0,0,0,1
1709006400000,new_york,precipitation,0.0,0,0,1
1709010000000,new_york,precipitation,0.0,0,0,1
1709013600000,new_york,precipitation,0.0,0,0,1
1709017200000,new_york,precipitation,0.0,0,0,1
1709020800000,new_york,precipitation,0.0,0,0,1
1709024400000,new_york,precipitation,0.0,0,0,1
1709028000000,new_york,precipitation,0.0,1,0,0
1709031600000,new_york,precipitation,0.0,0,0,1
1709035200000,new_york,precipitation,0.0,0,0,1
1709038800000,new_york,precipitation,0.0,1,0,0
1709042400000,new_york,precipitation,0.0,1,0,0
1709046000000,new_york,precipitation,0.0,1,0,0
1709049600000,new_york,precipitation,0.0,0,0,1
1709053200000,new_york,precipitation,0.0,0,0,1
1709056800000,new_york,precipitation,0.0,0,0,1
1709060400000,new_york,precipitation,0.0,0,0,1
1709064000000,new_york,precipitation,1.0,1,1,1
1709067600000,new_york,precipitation,2.1,0,1,0
1709071200000,new_york,precipitation,0.5,0,1,0
1709074800000,new_york,precipitation,0.2,0,1,0
1709078400000,new_york,precipitation,0.2,0,1,0
1709082000000,new_york,precipitation,0.1,0,1,0
1709085600000,new_york,precipitation,0.0,0,0,1
1709089200000,new_york,precipitation,0.0,0,0,1
1709092800000,new_york,precipitation,0.0,0,0,1
1709096400000,new_york,precipitation,0.0,0,0,1
1709100000000,new_york,precipitation,0.0,0,0,1
1709103600000,new_york,precipitation,0.6,0,1,0
1709107200000,new_york,precipitation,0.6,0,1,0
1709110800000,new_york,precipitation,0.2,0,1,0
1709114400000,new_york,precipitation,0.4,0,1,0
1709118000000,new_york,precipitation,2.8,0,1,0
1709121600000,new_york,precipitation,0.2,0,1,0
1709125200000,new_york,precipitation,0.422052569470326,1,1,1
1709128800000,new_york,precipitation,0.1,0,1,0
1709132400000,new_york,precipitation,1.7150748385925834,1,1,1
1709136000000,new_york,precipitation,2.7,0,1,0
1709139600000,new_york,precipitation,0.1,0,1,0
1709143200000,new_york,precipitation,1.4,0,1,0
1709146800000,new_york,precipitation,0.3,0,1,0
1709150400000,new_york,precipitation,0.6,0,1,0
1709154000000,new_york,precipitation,0.6,0,1,0
1709157600000,new_york,precipitation,2.0,0,1,0
1709161200000,new_york,precipitation,0.8,0,1,0
1709164800000,new_york,precipitation,0.1,0,1,0
1709168400000,new_york,precipitation,0.0,1,0,0
1709172000000,new_york,precipitation,0.0,0,0,1
1709175600000,new_york,precipitation,0.0,0,0,1
1709179200000,new_york,precipitation,0.0,0,0,1
1709182800000,new_york,precipitation,0.0,0,0,1
1709186400000,new_york,precipitation,0.0,0,0,1
1709190000000,new_york,precipitation,0.0,0,0,1
1709193600000,new_york,precipitation,0.0,0,0,1
1709197200000,new_york,precipitation,0.0,0,0,1
1709200800000,new_york,precipitation,0.0,0,0,1
1709204400000,new_york,precipitation,0.0,0,0,1
1709208000000,new_york,precipitation,0.0,0,0,1
1709211600000,new_york,precipitation,0.0,0,0,1
1709215200000,new_york,precipitation,0.0,0,0,1
1709218800000,new_york,precipitation,0.0,0,0,1
1709222400000,new_york,precipitation,0.0,0,0,1
1709226000000,new_york,precipitation,0.0,0,0,1
1709229600000,new_york,precipitation,0.0,0,0,1
1709233200000,new_york,precipitation,0.0,0,0,1
1709236800000,new_york,precipitation,0.0,0,0,1
1709240400000,new_york,precipitation,0.0,0,0,1
1709244000000,new_york,precipitation,0.0,0,0,1
1709247600000,new_york,precipitation,0.0,0,0,1
1709251200000,new_york,precipitation,0.0,0,0,1
1709254800000,new_york,precipitation,0.0,0,0,1
1709258400000,new_york,precipitation,0.0,0,0,1
1709262000000,new_york,precipitation,0.0,1,0,0
1709265600000,new_york,precipitation,0.0,0,0,1
1709269200000,new_york,precipitation,0.0,0,0,1
1709272800000,new_york,precipitation,0.0,0,0,1
1709276400000,new_york,precipitation,0.0,1,0,0
1709280000000,new_york,precipitation,0.0,0,0,1
1709283600000,new_york,precipitation,0.0,0,0,1
1709287200000,new_york,precipitation,0.0,1,0,0
1709290800000,new_york,precipitation,0.0,0,0,1
1709294400000,new_york,precipitation,0.0,0,0,1
1709298000000,new_york,precipitation,0.0,0,0,1
1709301600000,new_york,precipitation,0.0,0,0,1
1709305200000,new_york,precipitation,0.0,0,0,1
1709308800000,new_york,precipitation,0.0,0,0,1
1709312400000,new_york,precipitation,0.0,0,0,1
1709316000000,new_york,precipitation,0.0,0,0,1
1709319600000,new_york,precipitation,0.0,0,0,1
1709323200000,new_york,precipitation,0.0,0,0,1
1709326800000,new_york,precipitation,0.0,0,0,1
1709330400000,new_york,precipitation,0.0,0,0,1
1709334000000,new_york,precipitation,0.0,0,0,1
1709337600000,new_york,precipitation,0.0,0,0,1
1709341200000,new_york,precipitation,0.0,0,0,1
1709344800000,new_york,precipitation,0.0,0,0,1
1709348400000,new_york,precipitation,0.0,0,0,1
1709352000000,new_york,precipitation,0.0,0,0,1
1709355600000,new_york,precipitation,0.1,0,1,0
1709359200000,new_york,precipitation,0.1,0,1,0
1709362800000,new_york,precipitation,0.1,1,1,1
1709366400000,new_york,precipitation,0.1,0,1,0
1709370000000,new_york,precipitation,0.5,0,1,0
1709373600000,new_york,precipitation,0.6,0,1,0
1709377200000,new_york,precipitation,0.6,0,1,0
1709380800000,new_york,precipitation,1.1,1,1,1
1709384400000,new_york,precipitation,2.1,0,1,0
1709388000000,new_york,precipitation,2.8,0,1,0
1709391600000,new_york,precipitation,3.0,0,1,0
1709395200000,new_york,precipitation,3.1,0,1,0
1709398800000,new_york,precipitation,4.2,0,1,0
1709402400000,new_york,precipitation,4.8,0,1,0
1709406000000,new_york,precipitation,3.9,0,1,0
1709409600000,new_york,precipitation,1.0,0,1,0
1709413200000,new_york,precipitation,0.0,0,0,1
1709416800000,new_york,precipitation,0.0,0,0,1
1709420400000,new_york,precipitation,0.0,0,0,1
1709424000000,new_york,precipitation,0.0,0,0,1
1709427600000,new_york,precipitation,0.0,0,0,1
1709431200000,new_york,precipitation,0.0,1,0,0
1709434800000,new_york,precipitation,0.0,0,0,1
1709438400000,new_york,precipitation,0.0,1,0,0
1709442000000,new_york,precipitation,0.0,0,0,1
1709445600000,new_york,precipitation,0.0,0,0,1
1709449200000,new_york,precipitation,0.0,0,0,1
1709452800000,new_york,precipitation,0.0,0,0,1
1709456400000,new_york,precipitation,0.0,1,0,0
1709460000000,new_york,precipitation,0.0,0,0,1
1709463600000,new_york,precipitation,0.0,0,0,1
1709467200000,new_york,precipitation,0.0,0,0,1
1709470800000,new_york,precipitation,0.0,0,0,1
1709474400000,new_york,precipitation,0.0,1,0,0
1709478000000,new_york,precipitation,0.0,0,0,1
1709481600000,new_york,precipitation,0.0,1,0,0
1709485200000,new_york,precipitation,0.0,1,0,0
1709488800000,new_york,precipitation,0.0,0,0,1
1709492400000,new_york,precipitation,0.0,0,0,1
1709496000000,new_york,precipitation,0.0,0,0,1
1709499600000,new_york,precipitation,0.0,0,0,1
1709503200000,new_york,precipitation,0.0,0,0,1
1709506800000,new_york,precipitation,0.0,0,0,1
1709510400000,new_york,precipitation,0.0,0,0,1
1709514000000,new_york,precipitation,0.0,0,0,1
1709517600000,new_york,precipitation,0.0,0,0,1
1709521200000,new_york,precipitation,0.0,0,0,1
1709524800000,new_york,precipitation,0.0,0,0,1
1709528400000,new_york,precipitation,0.0,0,0,1
1709532000000,new_york,precipitation,0.0,0,0,1
1709535600000,new_york,precipitation,0.0,1,0,0
1709539200000,new_york,precipitation,0.0,0,0,1
1709542800000,new_york,precipitation,0.0,0,0,1
1709546400000,new_york,precipitation,0.0,0,0,1
1709550000000,new_york,precipitation,0.0,0,0,1
1709553600000,new_york,precipitation,0.0,0,0,1
1709557200000,new_york,precipitation,0.0,0,0,1
1709560800000,new_york,precipitation,0.0,0,0,1
1709564400000,new_york,precipitation,0.0,0,0,1
1709568000000,new_york,precipitation,0.0,1,0,0
1709571600000,new_york,precipitation,0.0,0,0,1
1709575200000,new_york,precipitation,0.0,1,0,0
1709578800000,new_york,precipitation,0.0,0,0,1
1709582400000,new_york,precipitation,0.0,1,0,0
1709586000000,new_york,precipitation,0.0,1,0,0
1709589600000,new_york,precipitation,0.0,1,0,0
1709593200000,new_york,precipitation,0.0,0,0,1
1709596800000,new_york,precipitation,0.0,0,0,1
1709600400000,new_york,precipitation,0.0,1,0,0
1709604000000,new_york,precipitation,0.0,0,0,1
1709607600000,new_york,precipitation,0.0,1,0,0
1709611200000,new_york,precipitation,0.2,0,1,0
1709614800000,new_york,precipitation,0.1,0,1,0
1709618400000,new_york,precipitation,0.2,0,1,0
1709622000000,new_york,precipitation,1.0,0,1,0
1709625600000,new_york,precipitation,1.6,0,1,0
1709629200000,new_york,precipitation,2.9,0,1,0
1709632800000,new_york,precipitation,3.4,0,1,0
1709636400000,new_york,precipitation,1.2,0,1,0
1709640000000,new_york,precipitation,0.8,0,1,0
1709643600000,new_york,precipitation,0.5,0,1,0
1709647200000,new_york,precipitation,0.6,1,1,1
1709650800000,new_york,precipitation,1.2,0,1,0
1709654400000,new_york,precipitation,2.7,0,1,0
1709658000000,new_york,precipitation,2.7,1,1,1
1709661600000,new_york,precipitation,1.2,0,1,0
1709665200000,new_york,precipitation,0.0,0,0,1
1709668800000,new_york,precipitation,0.0,0,0,1
1709672400000,new_york,precipitation,0.0,0,0,1
1709676000000,new_york,precipitation,0.0,0,0,1
1709679600000,new_york,precipitation,0.0,0,0,1
1709683200000,new_york,precipitation,0.0,0,0,1
1709686800000,new_york,precipitation,0.0,0,0,1
1709690400000,new_york,precipitation,0.0,0,0,1
1709694000000,new_york,precipitation,0.0,1,0,0
1709697600000,new_york,precipitation,0.0,0,0,1
1709701200000,new_york,precipitation,0.0,0,0,1
1709704800000,new_york,precipitation,0.0,0,0,1
1709708400000,new_york,precipitation,0.0,0,0,1
1709712000000,new_york,precipitation,0.0,0,0,1
1709715600000,new_york,precipitation,0.0,1,0,0
1709719200000,new_york,precipitation,0.0,0,0,1
1709722800000,new_york,precipitation,0.0,0,0,1
1709726400000,new_york,precipitation,0.0,0,0,1
1709730000000,new_york,precipitation,0.0,0,0,1
1709733600000,new_york,precipitation,0.5,0,1,0
1709737200000,new_york,precipitation,1.5,0,1,0
1709740800000,new_york,precipitation,2.1,0,1,0
1709744400000,new_york,precipitation,1.4,0,1,0
1709748000000,new_york,precipitation,3.5,0,1,0
1709751600000,new_york,precipitation,5.6,0,1,0
1709755200000,new_york,precipitation,10.3,0,1,0
1709758800000,new_york,precipitation,4.4,0,1,0
1709762400000,new_york,precipitation,3.1,0,1,0
1709766000000,new_york,precipitation,0.8,1,1,1
1709769600000,new_york,precipitation,0.8,0,1,0
1709773200000,new_york,precipitation,0.6,0,1,0
1709776800000,new_york,precipitation,0.5,0,1,0
1709780400000,new_york,precipitation,0.2,0,1,0
1709784000000,new_york,precipitation,0.2,0,1,0
1709787600000,new_york,precipitation,0.4,1,1,1
1709791200000,new_york,precipitation,0.3,0,1,0
1709794800000,new_york,precipitation,0.4,0,1,0
1709798400000,new_york,precipitation,0.1,0,1,0
1709802000000,new_york,precipitation,0.0,1,0,0
1709805600000,new_york,precipitation,0.0,1,0,0
1709809200000,new_york,precipitation,0.0,0,0,1
1709812800000,new_york,precipitation,0.0,0,0,1
1709816400000,new_york,precipitation,0.0,0,0,1
1709820000000,new_york,precipitation,0.0,0,0,1
1709823600000,new_york,precipitation,0.0,0,0,1
1709827200000,new_york,precipitation,0.0,0,0,1
1709830800000,new_york,precipitation,0.0,0,0,1
1709834400000,new_york,precipitation,0.0,0,0,1
1709838000000,new_york,precipitation,0.0,1,0,0
1709841600000,new_york,precipitation,0.0,1,0,0
1709845200000,new_york,precipitation,0.0,0,0,1
1709848800000,new_york,precipitation,0.0,0,0,1
1709852400000,new_york,precipitation,0.0,1,0,0
1709856000000,new_york,precipitation,0.0,0,0,1
1709859600000,new_york,precipitation,0.0,0,0,1
1709863200000,new_york,precipitation,0.0,1,0,0
1709866800000,new_york,precipitation,0.0,0,0,1
1709870400000,new_york,precipitation,0.0,0,0,1
1709874000000,new_york,precipitation,0.0,0,0,1
1709877600000,new_york,precipitation,0.0,0,0,1
1709881200000,new_york,precipitation,0.0,0,0,1
1709884800000,new_york,precipitation,0.0,0,0,1
1709888400000,new_york,precipitation,0.0,0,0,1
1709892000000,new_york,precipitation,0.0,0,0,1
1709895600000,new_york,precipitation,0.0,0,0,1
1709899200000,new_york,precipitation,0.0,0,0,1
1709902800000,new_york,precipitation,0.0,0,0,1
1709906400000,new_york,precipitation,0.0,0,0,1
1709910000000,new_york,precipitation,0.0,1,0,0
1709913600000,new_york,precipitation,0.0,1,0,0
1709917200000,new_york,precipitation,0.0,0,0,1
1709920800000,new_york,precipitation,0.0,0,0,1
1709924400000,new_york,precipitation,0.0,0,0,1
1709928000000,new_york,precipitation,0.0,0,0,1
1709931600000,new_york,precipitation,0.0,0,0,1
1709935200000,new_york,precipitation,0.0,1,0,0
1709938800000,new_york,precipitation,0.0,1,0,0
1709942400000,new_york,precipitation,0.0,0,0,1
1709946000000,new_york,precipitation,0.0,0,0,1
1709949600000,new_york,precipitation,0.0,0,0,1
1709953200000,new_york,precipitation,0.0,0,0,1
1709956800000,new_york,precipitation,0.0,1,0,0
1709960400000,new_york,precipitation,0.0,0,0,1
1709964000000,new_york,precipitation,0.0,0,0,1
1709967600000,new_york,precipitation,0.0,0,0,1
1709971200000,new_york,precipitation,0.0,0,0,1
1709974800000,new_york,precipitation,0.0,1,0,0
1709978400000,new_york,precipitation,0.0,0,0,1
1709982000000,new_york,precipitation,0.0,0,0,1
1709985600000,new_york,precipitation,0.0,0,0,1
1709989200000,new_york,precipitation,0.1,0,1,0
1709992800000,new_york,precipitation,0.2,0,1,0
1709996400000,new_york,precipitation,0.1,0,1,0
1710000000000,new_york,precipitation,0.8,0,1,0
1710003600000,new_york,precipitation,1.1,0,1,0
1710007200000,new_york,precipitation,1.4,1,1,1
1710010800000,new_york,precipitation,2.5,0,1,0
1710014400000,new_york,precipitation,1.2,0,1,0
1710018000000,new_york,precipitation,5.3,0,1,0
1710021600000,new_york,precipitation,7.4,0,1,0
1710025200000,new_york,precipitation,8.6,0,1,0
1710028800000,new_york,precipitation,14.8,0,1,0
1710032400000,new_york,precipitation,4.9,0,1,0
1710036000000,new_york,precipitation,0.0,0,0,1
1710039600000,new_york,precipitation,0.0,0,0,1
1710043200000,new_york,precipitation,0.1,0,1,0
1710046800000,new_york,precipitation,0.0,0,0,1
1710050400000,new_york,precipitation,0.0,0,0,1
1710054000000,new_york,precipitation,0.2,0,1,0
1710057600000,new_york,precipitation,0.1,0,1,0
1710061200000,new_york,precipitation,0.0,0,0,1
1710064800000,new_york,precipitation,0.0,0,0,1
1710068400000,new_york,precipitation,0.0,0,0,1
1710072000000,new_york,precipitation,0.0,0,0,1
1710075600000,new_york,precipitation,0.0,0,0,1
1710079200000,new_york,precipitation,0.1,0,1,0
1710082800000,new_york,precipitation,0.2,0,1,0
1710086400000,new_york,precipitation,0.4,0,1,0
1710090000000,new_york,precipitation,0.1,0,1,0
1710093600000,new_york,precipitation,0.0,0,0,1
1710097200000,new_york,precipitation,0.0,0,0,1
1710100800000,new_york,precipitation,0.0,0,0,1
1710104400000,new_york,precipitation,0.0,0,0,1
1710108000000,new_york,precipitation,0.0,1,0,0
1710111600000,new_york,precipitation,0.0,0,0,1
1710115200000,new_york,precipitation,0.0,1,0,0
1710118800000,new_york,precipitation,0.0,0,0,1
1710122400000,new_york,precipitation,0.0,0,0,1
1710126000000,new_york,precipitation,0.0,0,0,1
1710129600000,new_york,precipitation,0.0,1,0,0
1710133200000,new_york,precipitation,0.0,0,0,1
1710136800000,new_york,precipitation,0.0,0,0,1
1710140400000,new_york,precipitation,0.0,0,0,1
1710144000000,new_york,precipitation,0.0,0,0,1
1710147600000,new_york,precipitation,0.0,1,0,0
1710151200000,new_york,precipitation,0.0,1,0,0
1710154800000,new_york,precipitation,0.0,0,0,1
1710158400000,new_york,precipitation,0.0,0,0,1
1710162000000,new_york,precipitation,0.0,0,0,1
1710165600000,new_york,precipitation,0.0,1,0,0
1710169200000,new_york,precipitation,0.0,0,0,1
1710172800000,new_york,precipitation,0.0,0,0,1
1710176400000,new_york,precipitation,0.0,0,0,1
1710180000000,new_york,precipitation,0.0,0,0,1
1710183600000,new_york,precipitation,0.0,0,0,1
1710187200000,new_york,precipitation,0.0,0,0,1
1710190800000,new_york,precipitation,0.0,0,0,1
1710194400000,new_york,precipitation,0.0,0,0,1
1710198000000,new_york,precipitation,0.0,0,0,1
1710201600000,new_york,precipitation,0.0,0,0,1
1710205200000,new_york,precipitation,0.0,0,0,1
1710208800000,new_york,precipitation,0.0,1,0,0
1710212400000,new_york,precipitation,0.0,0,0,1
1710216000000,new_york,precipitation,0.0,0,0,1
1710219600000,new_york,precipitation,0.0,0,0,1
1710223200000,new_york,precipitation,0.0,0,0,1
1710226800000,new_york,precipitation,0.0,0,0,1
1710230400000,new_york,precipitation,0.0,0,0,1
1710234000000,new_york,precipitation,0.0,1,0,0
1710237600000,new_york,precipitation,0.0,0,0,1
1710241200000,new_york,precipitation,0.0,0,0,1
1710244800000,new_york,precipitation,0.0,0,0,1
1710248400000,new_york,precipitation,0.0,0,0,1
1710252000000,new_york,precipitation,0.0,0,0,1
1710255600000,new_york,precipitation,0.0,0,0,1
1710259200000,new_york,precipitation,0.0,0,0,1
1710262800000,new_york,precipitation,0.0,0,0,1
1710266400000,new_york,precipitation,0.0,0,0,1
1710270000000,new_york,precipitation,0.0,0,0,1
1710273600000,new_york,precipitation,0.0,0,0,1
1710277200000,new_york,precipitation,0.0,0,0,1
1710280800000,new_york,precipitation,0.0,0,0,1
1710284400000,new_york,precipitation,0.0,0,0,1
1710288000000,new_york,precipitation,0.0,0,0,1
1710291600000,new_york,precipitation,0.0,0,0,1
1710295200000,new_york,precipitation,0.0,0,0,1
1710298800000,new_york,precipitation,0.0,0,0,1
1710302400000,new_york,precipitation,0.0,0,0,1
1710306000000,new_york,precipitation,0.0,0,0,1
1710309600000,new_york,precipitation,0.0,0,0,1
1710313200000,new_york,precipitation,0.0,0,0,1
1710316800000,new_york,precipitation,0.0,0,0,1
1710320400000,new_york,precipitation,0.0,0,0,1
1710324000000,new_york,precipitation,0.0,0,0,1
1710327600000,new_york,precipitation,0.0,1,0,0
1710331200000,new_york,precipitation,0.0,0,0,1
1710334800000,new_york,precipitation,0.0,0,0,1
1710338400000,new_york,precipitation,0.0,0,0,1
1710342000000,new_york,precipitation,0.0,0,0,1
1710345600000,new_york,precipitation,0.0,1,0,0
1710349200000,new_york,precipitation,0.0,0,0,1
1710352800000,new_york,precipitation,0.0,1,0,0
1710356400000,new_york,precipitation,0.0,1,0,0
1710360000000,new_york,precipitation,0.0,0,0,1
1710363600000,new_york,precipitation,0.0,0,0,1
1710367200000,new_york,precipitation,0.0,0,0,1
1710370800000,new_york,precipitation,0.0,0,0,1
1710374400000,new_york,precipitation,0.0,0,0,1
1710378000000,new_york,precipitation,0.0,0,0,1
1710381600000,new_york,precipitation,0.0,0,0,1
1710385200000,new_york,precipitation,0.0,0,0,1
1710388800000,new_york,precipitation,0.0,0,0,1
1710392400000,new_york,precipitation,0.0,0,0,1
1710396000000,new_york,precipitation,0.0,0,0,1
1710399600000,new_york,precipitation,0.0,0,0,1
1710403200000,new_york,precipitation,0.0,0,0,1
1710406800000,new_york,precipitation,0.0,0,0,1
1710410400000,new_york,precipitation,0.0,0,0,1
1710414000000,new_york,precipitation,0.0,0,0,1
1710417600000,new_york,precipitation,0.0,0,0,1
1710421200000,new_york,precipitation,0.0,1,0,0
1710424800000,new_york,precipitation,0.0,0,0,1
1710428400000,new_york,precipitation,0.0,0,0,1
1710432000000,new_york,precipitation,0.0,0,0,1
1710435600000,new_york,precipitation,0.0,0,0,1
1710439200000,new_york,precipitation,0.0,1,0,0
1710442800000,new_york,precipitation,0.0,0,0,1
1710446400000,new_york,precipitation,0.0,0,0,1
1710450000000,new_york,precipitation,0.0,1,0,0
1710453600000,new_york,precipitation,0.0,1,0,0
1710457200000,new_york,precipitation,0.0,0,0,1
1710460800000,new_york,precipitation,0.0,1,0,0
1710464400000,new_york,precipitation,0.0,0,0,1
1710468000000,new_york,precipitation,0.0,1,0,0
1710471600000,new_york,precipitation,0.0,1,0,0
1710475200000,new_york,precipitation,0.0,0,0,1
1710478800000,new_york,precipitation,0.0,0,0,1
1710482400000,new_york,precipitation,0.8,1,1,1
1710486000000,new_york,precipitation,0.0,0,0,1
1710489600000,new_york,precipitation,0.0,0,0,1
1710493200000,new_york,precipitation,0.0,0,0,1
1710496800000,new_york,precipitation,0.0,0,0,1
1710500400000,new_york,precipitation,0.0,0,0,1
1710504000000,new_york,precipitation,0.0,0,0,1
1710507600000,new_york,precipitation,0.0,0,0,1
1710511200000,new_york,precipitation,0.0,0,0,1
1710514800000,new_york,precipitation,0.0,1,0,0
1710518400000,new_york,precipitation,0.0,0,0,1
1710522000000,new_york,precipitation,0.0,0,0,1
1710525600000,new_york,precipitation,0.0,1,0,0
1710529200000,new_york,precipitation,0.0,0,0,1
1710532800000,new_york,precipitation,0.0,0,0,1
1710536400000,new_york,precipitation,0.0,0,0,1
1710540000000,new_york,precipitation,0.0,0,0,1
1710543600000,new_york,precipitation,0.0,0,0,1
1710547200000,new_york,precipitation,0.0,0,0,1
1710550800000,new_york,precipitation,0.0,0,0,1
1710554400000,new_york,precipitation,0.0,0,0,1
1710558000000,new_york,precipitation,0.0,0,0,1
1710561600000,new_york,precipitation,0.0,1,0,0
1710565200000,new_york,precipitation,0.0,0,0,1
1710568800000,new_york,precipitation,0.0,0,0,1
1710572400000,new_york,precipitation,0.0,1,0,0
1710576000000,new_york,precipitation,0.0,1,0,0
1710579600000,new_york,precipitation,0.0,0,0,1
1710583200000,new_york,precipitation,0.0,0,0,1
1710586800000,new_york,precipitation,0.0,0,0,1
1710590400000,new_york,precipitation,0.1,0,1,0
1710594000000,new_york,precipitation,0.0,0,0,1
1710597600000,new_york,precipitation,0.0,1,0,0
1710601200000,new_york,precipitation,0.0,0,0,1
1710604800000,new_york,precipitation,0.0,0,0,1
1710608400000,new_york,precipitation,0.0,0,0,1
1710612000000,new_york,precipitation,0.0,0,0,1
1710615600000,new_york,precipitation,0.0,0,0,1
1710619200000,new_york,precipitation,0.0,0,0,1
1710622800000,new_york,precipitation,0.0,0,0,1
1710626400000,new_york,precipitation,0.0,0,0,1
1710630000000,new_york,precipitation,0.0,1,0,0
1710633600000,new_york,precipitation,0.0,0,0,1
1710637200000,new_york,precipitation,0.0,0,0,1
1710640800000,new_york,precipitation,0.0,0,0,1
1710644400000,new_york,precipitation,0.3,1,1,1
1710648000000,new_york,precipitation,0.1,0,1,0
1710651600000,new_york,precipitation,0.0,0,0,1
1710655200000,new_york,precipitation,0.0,0,0,1
1710658800000,new_york,precipitation,0.0,0,0,1
1710662400000,new_york,precipitation,0.0,0,0,1
1710666000000,new_york,precipitation,0.0,0,0,1
1710669600000,new_york,precipitation,0.0,0,0,1
1710673200000,new_york,precipitation,0.0,0,0,1
1710676800000,new_york,precipitation,0.0,0,0,1
1710680400000,new_york,precipitation,0.0,0,0,1
1710684000000,new_york,precipitation,0.0,0,0,1
1710687600000,new_york,precipitation,0.0,0,0,1
1710691200000,new_york,precipitation,0.0,0,0,1
1710694800000,new_york,precipitation,0.0,0,0,1
1710698400000,new_york,precipitation,0.0,1,0,0
1710702000000,new_york,precipitation,0.0,0,0,1
1710705600000,new_york,precipitation,0.0,0,0,1
1710709200000,new_york,precipitation,0.0,0,0,1
1710712800000,new_york,precipitation,0.0,0,0,1
1710716400000,new_york,precipitation,0.0,0,0,1
1710720000000,new_york,precipitation,0.0,0,0,1
1710723600000,new_york,precipitation,0.0,0,0,1
1710727200000,new_york,precipitation,0.0,0,0,1
1710730800000,new_york,precipitation,0.0,1,0,0
1710734400000,new_york,precipitation,0.0,1,0,0
1710738000000,new_york,precipitation,0.0,0,0,1
1710741600000,new_york,precipitation,0.0,0,0,1
1710745200000,new_york,precipitation,0.0,0,0,1
1710748800000,new_york,precipitation,0.0,0,0,1
1710752400000,new_york,precipitation,0.0,0,0,1
1710756000000,new_york,precipitation,0.0,0,0,1
1710759600000,new_york,precipitation,0.0,0,0,1
1710763200000,new_york,precipitation,0.0,0,0,1
1710766800000,new_york,precipitation,0.0,0,0,1
1710770400000,new_york,precipitation,0.0,0,0,1
1710774000000,new_york,precipitation,0.0,0,0,1
1710777600000,new_york,precipitation,0.0,0,0,1
1710781200000,new_york,precipitation,0.0,1,0,0
1710784800000,new_york,precipitation,0.0,0,0,1
1710788400000,new_york,precipitation,0.0,0,0,1
1710792000000,new_york,precipitation,0.0,0,0,1
1710795600000,new_york,precipitation,0.0,0,0,1
1710799200000,new_york,precipitation,0.0,0,0,1
1710802800000,new_york,precipitation,0.0,0,0,1
1710806400000,new_york,precipitation,0.0,0,0,1
1710810000000,new_york,precipitation,0.0,0,0,1
1710813600000,new_york,precipitation,0.0,0,0,1
1710817200000,new_york,precipitation,0.0,0,0,1
1710820800000,new_york,precipitation,0.0,0,0,1
1710824400000,new_york,precipitation,0.0,0,0,1
1710828000000,new_york,precipitation,0.0,0,0,1
1710831600000,new_york,precipitation,0.0,0,0,1
1710835200000,new_york,precipitation,0.0,0,0,1
1710838800000,new_york,precipitation,0.0,0,0,1
1710842400000,new_york,precipitation,0.0,0,0,1
1710846000000,new_york,precipitation,0.0,0,0,1
1710849600000,new_york,precipitation,0.0,0,0,1
1710853200000,new_york,precipitation,0.0,0,0,1
1710856800000,new_york,precipitation,0.0,0,0,1
1710860400000,new_york,precipitation,0.0,0,0,1
1710864000000,new_york,precipitation,0.0,0,0,1
1710867600000,new_york,precipitation,0.0,1,0,0
1710871200000,new_york,precipitation,0.0,0,0,1
1710874800000,new_york,precipitation,0.0,0,0,1
1710878400000,new_york,precipitation,0.1,1,1,1
1710882000000,new_york,precipitation,0.1,0,1,0
1710885600000,new_york,precipitation,0.3,0,1,0
1710889200000,new_york,precipitation,0.0,0,0,1
1710892800000,new_york,precipitation,0.0,0,0,1
1710896400000,new_york,precipitation,0.0,0,0,1
1710900000000,new_york,precipitation,0.0,0,0,1
1710903600000,new_york,precipitation,0.0,0,0,1
1710907200000,new_york,precipitation,0.0,0,0,1
1710910800000,new_york,precipitation,0.0,0,0,1
1710914400000,new_york,precipitation,0.0,1,0,0
1710918000000,new_york,precipitation,0.0,0,0,1
1710921600000,new_york,precipitation,0.0,0,0,1
1710925200000,new_york,precipitation,0.0,0,0,1
1710928800000,new_york,precipitation,0.0,1,0,0
1710932400000,new_york,precipitation,0.0,0,0,1
1710936000000,new_york,precipitation,0.0,0,0,1
1710939600000,new_york,precipitation,0.8,1,1,1
1710943200000,new_york,precipitation,0.7,0,1,0
1710946800000,new_york,precipitation,0.0,0,0,1
1710950400000,new_york,precipitation,0.0,0,0,1
1710954000000,new_york,precipitation,0.3,0,1,0
1710957600000,new_york,precipitation,0.0,0,0,1
1710961200000,new_york,precipitation,1.0,0,1,0
1710964800000,new_york,precipitation,0.0,0,0,1
1710968400000,new_york,precipitation,0.0,0,0,1
1710972000000,new_york,precipitation,0.0,0,0,1
1710975600000,new_york,precipitation,0.0,0,0,1
1710979200000,new_york,precipitation,0.0,0,0,1
1710982800000,new_york,precipitation,0.0,0,0,1
1710986400000,new_york,precipitation,0.0,1,0,0
1710990000000,new_york,precipitation,0.0,0,0,1
1710993600000,new_york,precipitation,0.0,1,0,0
1710997200000,new_york,precipitation,0.0,0,0,1
1711000800000,new_york,precipitation,0.0,0,0,1
1711004400000,new_york,precipitation,0.0,0,0,1
1711008000000,new_york,precipitation,0.0,0,0,1
1711011600000,new_york,precipitation,0.0,0,0,1
1711015200000,new_york,precipitation,0.0,0,0,1
1711018800000,new_york,precipitation,0.0,0,0,1
1711022400000,new_york,precipitation,0.0,0,0,1
1711026000000,new_york,precipitation,0.0,1,0,0
1711029600000,new_york,precipitation,0.0,0,0,1
1711033200000,new_york,precipitation,0.0,0,0,1
1711036800000,new_york,precipitation,0.0,0,0,1
1711040400000,new_york,precipitation,0.0,0,0,1
1711044000000,new_york,precipitation,0.0,1,0,0
1711047600000,new_york,precipitation,0.0,0,0,1
1711051200000,new_york,precipitation,0.0,0,0,1
1711054800000,new_york,precipitation,0.0,0,0,1
1711058400000,new_york,precipitation,0.0,0,0,1
1711062000000,new_york,precipitation,0.0,1,0,0
1711065600000,new_york,precipitation,0.0,0,0,1
1711069200000,new_york,precipitation,0.0,0,0,1
1711072800000,new_york,precipitation,0.0,0,0,1
1711076400000,new_york,precipitation,0.0,0,0,1
1711080000000,new_york,precipitation,0.0,0,0,1
1711083600000,new_york,precipitation,0.0,1,0,0
1711087200000,new_york,precipitation,0.0,0,0,1
1711090800000,new_york,precipitation,0.0,0,0,1
1711094400000,new_york,precipitation,0.0,1,0,0
1711098000000,new_york,precipitation,0.0,0,0,1
1711101600000,new_york,precipitation,0.0,0,0,1
1711105200000,new_york,precipitation,0.0,0,0,1
1711108800000,new_york,precipitation,0.0,0,0,1
1711112400000,new_york,precipitation,0.0,0,0,1
1711116000000,new_york,precipitation,0.0,0,0,1
1711119600000,new_york,precipitation,0.0,0,0,1
1711123200000,new_york,precipitation,0.0,0,0,1
1711126800000,new_york,precipitation,0.0,0,0,1
1711130400000,new_york,precipitation,0.0,0,0,1
1711134000000,new_york,precipitation,0.0,1,0,0
1711137600000,new_york,precipitation,0.0,0,0,1
1711141200000,new_york,precipitation,0.0,0,0,1
1711144800000,new_york,precipitation,0.0,0,0,1
1711148400000,new_york,precipitation,0.0,1,0,0
1711152000000,new_york,precipitation,0.0,0,0,1
1711155600000,new_york,precipitation,0.0,0,0,1
1711159200000,new_york,precipitation,0.0,0,0,1
1711162800000,new_york,precipitation,0.0,0,0,1
1711166400000,new_york,precipitation,0.8,0,1,0
1711170000000,new_york,precipitation,1.6,0,1,0
1711173600000,new_york,precipitation,2.4,0,1,0
1711177200000,new_york,precipitation,1.9,0,1,0
1711180800000,new_york,precipitation,3.8,0,1,0
1711184400000,new_york,precipitation,4.0,0,1,0
1711188000000,new_york,precipitation,4.9,0,1,0
1711191600000,new_york,precipitation,5.3,0,1,0
1711195200000,new_york,precipitation,3.4,0,1,0
1711198800000,new_york,precipitation,4.7,0,1,0
1711202400000,new_york,precipitation,8.1,1,1,1
1711206000000,new_york,precipitation,12.7,1,1,1
1711209600000,new_york,precipitation,8.4,1,1,1
1711213200000,new_york,precipitation,1.3,0,1,0
1711216800000,new_york,precipitation,0.3,0,1,0
1711220400000,new_york,precipitation,0.0,0,0,1
1711224000000,new_york,precipitation,0.0,0,0,1
1711227600000,new_york,precipitation,0.0,0,0,1
1711231200000,new_york,precipitation,0.0,0,0,1
1711234800000,new_york,precipitation,0.0,0,0,1
1711238400000,new_york,precipitation,0.0,0,0,1
1711242000000,new_york,precipitation,0.0,0,0,1
1711245600000,new_york,precipitation,0.0,0,0,1
1711249200000,new_york,precipitation,0.0,0,0,1
1711252800000,new_york,precipitation,0.0,0,0,1
1711256400000,new_york,precipitation,0.0,1,0,0
1711260000000,new_york,precipitation,0.0,0,0,1
1711263600000,new_york,precipitation,0.0,0,0,1
1711267200000,new_york,precipitation,0.0,0,0,1
1711270800000,new_york,precipitation,0.0,0,0,1
1711274400000,new_york,precipitation,0.0,0,0,1
1711278000000,new_york,precipitation,0.0,0,0,1
1711281600000,new_york,precipitation,0.0,1,0,0
1711285200000,new_york,precipitation,0.0,0,0,1
1711288800000,new_york,precipitation,0.0,0,0,1
1711292400000,new_york,precipitation,0.0,0,0,1
1711296000000,new_york,precipitation,0.0,0,0,1
1711299600000,new_york,precipitation,0.0,0,0,1
1711303200000,new_york,precipitation,0.0,0,0,1
1711306800000,new_york,precipitation,0.0,0,0,1
1711310400000,new_york,precipitation,0.0,0,0,1
1711314000000,new_york,precipitation,0.0,0,0,1
1711317600000,new_york,precipitation,0.0,0,0,1
1711321200000,new_york,precipitation,0.0,0,0,1
1711324800000,new_york,precipitation,0.0,0,0,1
1711328400000,new_york,precipitation,0.0,0,0,1
1711332000000,new_york,precipitation,0.0,0,0,1
1711335600000,new_york,precipitation,0.0,1,0,0
1711339200000,new_york,precipitation,0.0,0,0,1
1711342800000,new_york,precipitation,0.0,0,0,1
1711346400000,new_york,precipitation,0.0,1,0,0
1711350000000,new_york,precipitation,0.0,0,0,1
1711353600000,new_york,precipitation,0.0,0,0,1
1711357200000,new_york,precipitation,0.0,1,0,0
1711360800000,new_york,precipitation,0.0,0,0,1
1711364400000,new_york,precipitation,0.0,0,0,1
1711368000000,new_york,precipitation,0.0,0,0,1
1711371600000,new_york,precipitation,0.0,0,0,1
1711375200000,new_york,precipitation,0.0,0,0,1
1711378800000,new_york,precipitation,0.0,0,0,1
1711382400000,new_york,precipitation,0.0,0,0,1
1711386000000,new_york,precipitation,0.0,0,0,1
1711389600000,new_york,precipitation,0.0,0,0,1
1711393200000,new_york,precipitation,0.0,1,0,0
1711396800000,new_york,precipitation,0.0,0,0,1
1711400400000,new_york,precipitation,0.0,0,0,1
1711404000000,new_york,precipitation,0.0,0,0,1
1711407600000,new_york,precipitation,0.0,0,0,1
1711411200000,new_york,precipitation,0.0,0,0,1
1711414800000,new_york,precipitation,0.0,0,0,1
1711418400000,new_york,precipitation,0.0,0,0,1
1711422000000,new_york,precipitation,0.0,0,0,1
1711425600000,new_york,precipitation,0.0,0,0,1
1711429200000,new_york,precipitation,0.0,1,0,0
1711432800000,new_york,precipitation,0.0,0,0,1
1711436400000,new_york,precipitation,0.0,1,0,0
1711440000000,new_york,precipitation,0.0,0,0,1
1711443600000,new_york,precipitation,0.0,0,0,1
1711447200000,new_york,precipitation,0.0,0,0,1
1711450800000,new_york,precipitation,0.0,0,0,1
1711454400000,new_york,precipitation,0.0,0,0,1
1711458000000,new_york,precipitation,0.0,0,0,1
1711461600000,new_york,precipitation,0.0,1,0,0
1711465200000,new_york,precipitation,0.0,1,0,0
1711468800000,new_york,precipitation,0.0,0,0,1
1711472400000,new_york,precipitation,0.0,0,0,1
1711476000000,new_york,precipitation,0.0,0,0,1
1711479600000,new_york,precipitation,0.0,0,0,1
1711483200000,new_york,precipitation,0.0,1,0,0
1711486800000,new_york,precipitation,0.0,0,0,1
1711490400000,new_york,precipitation,0.0,0,0,1
1711494000000,new_york,precipitation,0.0,1,0,0
1711497600000,new_york,precipitation,0.0,0,0,1
1711501200000,new_york,precipitation,0.0,0,0,1
1711504800000,new_york,precipitation,0.0,0,0,1
1711508400000,new_york,precipitation,0.0,1,0,0
1711512000000,new_york,precipitation,0.0,0,0,1
1711515600000,new_york,precipitation,0.0,0,0,1
1711519200000,new_york,precipitation,0.0,1,0,0
1711522800000,new_york,precipitation,0.0,0,0,1
1711526400000,new_york,precipitation,0.0,0,0,1
1711530000000,new_york,precipitation,0.0,0,0,1
1711533600000,new_york,precipitation,0.0,1,0,0
1711537200000,new_york,precipitation,0.0,0,0,1
1711540800000,new_york,precipitation,0.0,1,0,0
1711544400000,new_york,precipitation,0.0,0,0,1
1711548000000,new_york,precipitation,0.0,0,0,1
1711551600000,new_york,precipitation,0.0,0,0,1
1711555200000,new_york,precipitation,0.0,0,0,1
1711558800000,new_york,precipitation,0.0,0,0,1
1711562400000,new_york,precipitation,0.0,1,0,0
1711566000000,new_york,precipitation,0.6,0,1,0
1711569600000,new_york,precipitation,0.0,0,0,1
1711573200000,new_york,precipitation,0.0,0,0,1
1711576800000,new_york,precipitation,0.0,0,0,1
1711580400000,new_york,precipitation,0.0,1,0,0
1711584000000,new_york,precipitation,0.4,0,1,0
1711587600000,new_york,precipitation,2.0,0,1,0
1711591200000,new_york,precipitation,1.5,0,1,0
1711594800000,new_york,precipitation,0.9,0,1,0
1711598400000,new_york,precipitation,1.1,0,1,0
1711602000000,new_york,precipitation,2.3,0,1,0
1711605600000,new_york,precipitation,2.8,0,1,0
1711609200000,new_york,precipitation,1.9,0,1,0
1711612800000,new_york,precipitation,0.7,0,1,0
1711616400000,new_york,precipitation,0.3,0,1,0
1711620000000,new_york,precipitation,0.8,0,1,0
1711623600000,new_york,precipitation,0.6,0,1,0
1711627200000,new_york,precipitation,0.5,0,1,0
1711630800000,new_york,precipitation,0.7,0,1,0
1711634400000,new_york,precipitation,0.8,0,1,0
1711638000000,new_york,precipitation,0.5,0,1,0
1711641600000,new_york,precipitation,0.2,0,1,0
1711645200000,new_york,precipitation,0.5,0,1,0
1711648800000,new_york,precipitation,0.4243720921889872,1,1,1
1711652400000,new_york,precipitation,0.6,1,1,1
1711656000000,new_york,precipitation,0.5,0,1,0
1711659600000,new_york,precipitation,0.7,0,1,0
1711663200000,new_york,precipitation,0.4,0,1,0
1711666800000,new_york,precipitation,0.4,0,1,0
1711670400000,new_york,precipitation,0.3,0,1,0
1711674000000,new_york,precipitation,0.1,0,1,0
1711677600000,new_york,precipitation,0.0,0,0,1
1711681200000,new_york,precipitation,0.0,0,0,1
1711684800000,new_york,precipitation,0.0,0,0,1
1711688400000,new_york,precipitation,0.0,0,0,1
1711692000000,new_york,precipitation,0.0,0,0,1
1711695600000,new_york,precipitation,0.0,1,0,0
1711699200000,new_york,precipitation,0.0,0,0,1
1711702800000,new_york,precipitation,0.0,0,0,1
1711706400000,new_york,precipitation,0.0,1,0,0
1711710000000,new_york,precipitation,0.0,0,0,1
1711713600000,new_york,precipitation,0.0,0,0,1
1711717200000,new_york,precipitation,0.0,0,0,1
1711720800000,new_york,precipitation,0.0,0,0,1
1711724400000,new_york,precipitation,0.0,0,0,1
1711728000000,new_york,precipitation,0.0,0,0,1
1711731600000,new_york,precipitation,0.0,0,0,1
1711735200000,new_york,precipitation,0.0,0,0,1
1711738800000,new_york,precipitation,0.0,0,0,1
1711742400000,new_york,precipitation,0.0,0,0,1
1711746000000,new_york,precipitation,0.0,0,0,1
1711749600000,new_york,precipitation,0.0,0,0,1
1711753200000,new_york,precipitation,0.0,0,0,1
1711756800000,new_york,precipitation,0.0,0,0,1
1711760400000,new_york,precipitation,0.0,1,0,0
1711764000000,new_york,precipitation,0.0,0,0,1
1711767600000,new_york,precipitation,0.0,0,0,1
1711771200000,new_york,precipitation,0.0,0,0,1
1711774800000,new_york,precipitation,0.0,0,0,1
1711778400000,new_york,precipitation,0.0,1,0,0
1711782000000,new_york,precipitation,0.0,0,0,1
1711785600000,new_york,precipitation,0.0,0,0,1
1711789200000,new_york,precipitation,0.0,0,0,1
1711792800000,new_york,precipitation,0.0,0,0,1
1711796400000,new_york,precipitation,0.0,1,0,0
1711800000000,new_york,precipitation,0.0,0,0,1
1711803600000,new_york,precipitation,0.0,0,0,1
1711807200000,new_york,precipitation,0.0,0,0,1
1711810800000,new_york,precipitation,0.0,0,0,1
1711814400000,new_york,precipitation,0.0,0,0,1
1711818000000,new_york,precipitation,0.0,0,0,1
1711821600000,new_york,precipitation,0.0,0,0,1
1711825200000,new_york,precipitation,0.0,1,0,0
1711828800000,new_york,precipitation,0.0,0,0,1
1711832400000,new_york,precipitation,0.0,0,0,1
1711836000000,new_york,precipitation,0.1,0,1,0
1711839600000,new_york,precipitation,0.0,0,0,1
1711843200000,new_york,precipitation,0.0,0,0,1
1711846800000,new_york,precipitation,0.0,0,0,1
1711850400000,new_york,precipitation,0.2,0,1,0
1711854000000,new_york,precipitation,0.0,0,0,1
1711857600000,new_york,precipitation,0.0,0,0,1
1711861200000,new_york,precipitation,0.0,0,0,1
1711864800000,new_york,precipitation,0.0,0,0,1
1711868400000,new_york,precipitation,0.0,0,0,1
1711872000000,new_york,precipitation,0.0,0,0,1
1711875600000,new_york,precipitation,0.0,0,0,1
1711879200000,new_york,precipitation,0.0,0,0,1
1711882800000,new_york,precipitation,0.0,0,0,1
1711886400000,new_york,precipitation,0.0,1,0,0
1711890000000,new_york,precipitation,0.0,0,0,1
1711893600000,new_york,precipitation,0.0,0,0,1
1711897200000,new_york,precipitation,0.0,0,0,1
1711900800000,new_york,precipitation,0.0,0,0,1
1711904400000,new_york,precipitation,0.0,0,0,1
1711908000000,new_york,precipitation,0.0,1,0,0
1711911600000,new_york,precipitation,0.0,0,0,1
1711915200000,new_york,precipitation,0.0,0,0,1
1711918800000,new_york,precipitation,0.0,0,0,1
1711922400000,new_york,precipitation,0.0,1,0,0
1711926000000,new_york,precipitation,0.0,0,0,1
1711929600000,new_york,precipitation,0.0,0,0,1
1711933200000,new_york,precipitation,0.0,1,0,0
1711936800000,new_york,precipitation,0.0,0,0,1
1711940400000,new_york,precipitation,0.0,0,0,1
1711944000000,new_york,precipitation,0.0,0,0,1
1711947600000,new_york,precipitation,0.0,1,0,0
1711951200000,new_york,precipitation,0.2,0,1,0
1711954800000,new_york,precipitation,0.0,0,0,1
1711958400000,new_york,precipitation,0.0,0,0,1
1711962000000,new_york,precipitation,0.1,0,1,0
1711965600000,new_york,precipitation,0.5,1,1,1
1711969200000,new_york,precipitation,0.9,0,1,0
1711972800000,new_york,precipitation,0.6,0,1,0
1711976400000,new_york,precipitation,0.6,0,1,0
1711980000000,new_york,precipitation,0.3,0,1,0
1711983600000,new_york,precipitation,0.1,0,1,0
1711987200000,new_york,precipitation,0.0,1,0,0
1711990800000,new_york,precipitation,0.0,0,0,1
1711994400000,new_york,precipitation,0.0,0,0,1
1711998000000,new_york,precipitation,0.0,0,0,1
1712001600000,new_york,precipitation,0.0,0,0,1
1712005200000,new_york,precipitation,0.0,0,0,1
1712008800000,new_york,precipitation,0.0,1,0,0
1712012400000,new_york,precipitation,0.0,0,0,1
1712016000000,new_york,precipitation,0.0,0,0,1
1712019600000,new_york,precipitation,0.0,0,0,1
1712023200000,new_york,precipitation,0.0,0,0,1
1712026800000,new_york,precipitation,0.0,0,0,1
1712030400000,new_york,precipitation,0.0,0,0,1
1712034000000,new_york,precipitation,0.0,0,0,1
1712037600000,new_york,precipitation,1.8,0,1,0
1712041200000,new_york,precipitation,0.7,0,1,0
1712044800000,new_york,precipitation,1.4,0,1,0
1712048400000,new_york,precipitation,0.9,0,1,0
1712052000000,new_york,precipitation,0.8,0,1,0
1712055600000,new_york,precipitation,0.5,0,1,0
1712059200000,new_york,precipitation,0.6,0,1,0
1712062800000,new_york,precipitation,1.6,0,1,0
1712066400000,new_york,precipitation,1.7,1,1,1
1712070000000,new_york,precipitation,1.9,0,1,0
1712073600000,new_york,precipitation,2.3,0,1,0
1712077200000,new_york,precipitation,2.7,0,1,0
1712080800000,new_york,precipitation,0.8,0,1,0
1712084400000,new_york,precipitation,0.3,0,1,0
1712088000000,new_york,precipitation,0.4,0,1,0
1712091600000,new_york,precipitation,0.6,0,1,0
1712095200000,new_york,precipitation,0.0,0,0,1
1712098800000,new_york,precipitation,0.0,0,0,1
1712102400000,new_york,precipitation,0.0,0,0,1
1712106000000,new_york,precipitation,0.0,0,0,1
1712109600000,new_york,precipitation,0.0,0,0,1
1712113200000,new_york,precipitation,0.0,0,0,1
1712116800000,new_york,precipitation,0.1,1,1,1
1712120400000,new_york,precipitation,0.3,1,1,1
1712124000000,new_york,precipitation,0.7,1,1,1
1712127600000,new_york,precipitation,1.7,0,1,0
1712131200000,new_york,precipitation,1.2,1,1,1
1712134800000,new_york,precipitation,0.6,1,1,1
1712138400000,new_york,precipitation,1.6,1,1,1
1712142000000,new_york,precipitation,1.0,0,1,0
1712145600000,new_york,precipitation,1.1,0,1,0
1712149200000,new_york,precipitation,3.1,0,1,0
1712152800000,new_york,precipitation,2.3,0,1,0
1712156400000,new_york,precipitation,0.8,0,1,0
1712160000000,new_york,precipitation,0.6,0,1,0
1712163600000,new_york,precipitation,1.4,0,1,0
1712167200000,new_york,precipitation,1.5,0,1,0
1712170800000,new_york,precipitation,3.8,1,1,1
1712174400000,new_york,precipitation,2.5,0,1,0
1712178000000,new_york,precipitation,0.4,0,1,0
1712181600000,new_york,precipitation,0.0,0,0,1
1712185200000,new_york,precipitation,0.9,0,1,0
1712188800000,new_york,precipitation,2.9,0,1,0
1712192400000,new_york,precipitation,2.2,0,1,0
1712196000000,new_york,precipitation,0.7,0,1,0
1712199600000,new_york,precipitation,0.5,1,1,1
1712203200000,new_york,precipitation,1.4,0,1,0
1712206800000,new_york,precipitation,0.7656077657188608,1,1,1
1712210400000,new_york,precipitation,0.0,0,0,1
1712214000000,new_york,precipitation,0.0,0,0,1
1712217600000,new_york,precipitation,0.1,0,1,0
1712221200000,new_york,precipitation,0.0,0,0,1
1712224800000,new_york,precipitation,0.0,0,0,1
1712228400000,new_york,precipitation,0.0,0,0,1
1712232000000,new_york,precipitation,0.0,0,0,1
1712235600000,new_york,precipitation,0.0,0,0,1
1712239200000,new_york,precipitation,0.0,0,0,1
1712242800000,new_york,precipitation,0.0,0,0,1
1712246400000,new_york,precipitation,0.0,1,0,0
1712250000000,new_york,precipitation,0.0,1,0,0
1712253600000,new_york,precipitation,0.0,0,0,1
1712257200000,new_york,precipitation,0.0,0,0,1
1712260800000,new_york,precipitation,0.0,0,0,1
1712264400000,new_york,precipitation,0.0,1,0,0
1712268000000,new_york,precipitation,0.5,0,1,0
1712271600000,new_york,precipitation,0.1,0,1,0
1712275200000,new_york,precipitation,0.0,0,0,1
1712278800000,new_york,precipitation,0.0,0,0,1
1712282400000,new_york,precipitation,0.0,0,0,1
1712286000000,new_york,precipitation,0.0,0,0,1
1712289600000,new_york,precipitation,0.0,0,0,1
1712293200000,new_york,precipitation,0.0,0,0,1
1712296800000,new_york,precipitation,0.0,0,0,1
1712300400000,new_york,precipitation,0.0,1,0,0
1712304000000,new_york,precipitation,0.0,1,0,0
1712307600000,new_york,precipitation,0.0,1,0,0
1712311200000,new_york,precipitation,0.0,0,0,1
1712314800000,new_york,precipitation,0.0,0,0,1
1712318400000,new_york,precipitation,0.0,0,0,1
1712322000000,new_york,precipitation,0.0,0,0,1
1712325600000,new_york,precipitation,0.0,1,0,0
1712329200000,new_york,precipitation,0.0,0,0,1
1712332800000,new_york,precipitation,0.0,0,0,1
1712336400000,new_york,precipitation,0.0,0,0,1
1712340000000,new_york,precipitation,0.0,0,0,1
1712343600000,new_york,precipitation,0.0,0,0,1
1712347200000,new_york,precipitation,0.0,0,0,1
1712350800000,new_york,precipitation,0.0,0,0,1
1712354400000,new_york,precipitation,0.0,0,0,1
1712358000000,new_york,precipitation,0.0,0,0,1
1712361600000,new_york,precipitation,0.0,1,0,0
1712365200000,new_york,precipitation,0.0,0,0,1
1712368800000,new_york,precipitation,0.0,0,0,1
1712372400000,new_york,precipitation,0.0,0,0,1
1712376000000,new_york,precipitation,0.0,0,0,1
1712379600000,new_york,precipitation,0.0,1,0,0
1712383200000,new_york,precipitation,0.0,0,0,1
1712386800000,new_york,precipitation,0.0,0,0,1
1712390400000,new_york,precipitation,0.0,0,0,1
1712394000000,new_york,precipitation,0.0,1,0,0
1712397600000,new_york,precipitation,0.1,0,1,0
1712401200000,new_york,precipitation,0.1,0,1,0
1712404800000,new_york,precipitation,0.0,0,0,1
1712408400000,new_york,precipitation,0.0,1,0,0
1712412000000,new_york,precipitation,0.0,1,0,0
1712415600000,new_york,precipitation,0.0,0,0,1
1712419200000,new_york,precipitation,0.0,0,0,1
1712422800000,new_york,precipitation,0.0,0,0,1
1712426400000,new_york,precipitation,0.0,0,0,1
1712430000000,new_york,precipitation,0.0,0,0,1
1712433600000,new_york,precipitation,0.0,0,0,1
1712437200000,new_york,precipitation,0.0,0,0,1
1712440800000,new_york,precipitation,0.0,0,0,1
1712444400000,new_york,precipitation,0.0,0,0,1
1712448000000,new_york,precipitation,0.0,0,0,1
1712451600000,new_york,precipitation,0.0,0,0,1
1712455200000,new_york,precipitation,0.0,0,0,1
1712458800000,new_york,precipitation,0.0,0,0,1
1712462400000,new_york,precipitation,0.0,0,0,1
1712466000000,new_york,precipitation,0.0,0,0,1
1712469600000,new_york,precipitation,0.0,0,0,1
1712473200000,new_york,precipitation,0.0,0,0,1
1712476800000,new_york,precipitation,0.0,0,0,1
1712480400000,new_york,precipitation,0.0,0,0,1
1712484000000,new_york,precipitation,0.1,0,1,0
1712487600000,new_york,precipitation,0.0,1,0,0
1712491200000,new_york,precipitation,0.0,0,0,1
1712494800000,new_york,precipitation,0.0,0,0,1
1712498400000,new_york,precipitation,0.0,0,0,1
1712502000000,new_york,precipitation,0.0,0,0,1
1712505600000,new_york,precipitation,0.0,0,0,1
1712509200000,new_york,precipitation,0.0,0,0,1
1712512800000,new_york,precipitation,0.0,0,0,1
1712516400000,new_york,precipitation,0.0,0,0,1
1712520000000,new_york,precipitation,0.0,0,0,1
1712523600000,new_york,precipitation,0.0,0,0,1
1712527200000,new_york,precipitation,0.0,0,0,1
1712530800000,new_york,precipitation,0.0,0,0,1
1712534400000,new_york,precipitation,0.0,0,0,1
1712538000000,new_york,precipitation,0.0,0,0,1
1712541600000,new_york,precipitation,0.0,0,0,1
1712545200000,new_york,precipitation,0.0,0,0,1
1712548800000,new_york,precipitation,0.0,1,0,0
1712552400000,new_york,precipitation,0.0,0,0,1
1712556000000,new_york,precipitation,0.0,0,0,1
1712559600000,new_york,precipitation,0.0,1,0,0
1712563200000,new_york,precipitation,0.0,0,0,1
1712566800000,new_york,precipitation,0.0,0,0,1
1712570400000,new_york,precipitation,0.0,0,0,1
1712574000000,new_york,precipitation,0.0,0,0,1
1712577600000,new_york,precipitation,0.0,0,0,1
1712581200000,new_york,precipitation,0.0,0,0,1
1712584800000,new_york,precipitation,0.0,0,0,1
1712588400000,new_york,precipitation,0.0,0,0,1
1712592000000,new_york,precipitation,0.0,0,0,1
1712595600000,new_york,precipitation,0.0,0,0,1
1712599200000,new_york,precipitation,0.5,0,1,0
1712602800000,new_york,precipitation,0.4,0,1,0
1712606400000,new_york,precipitation,0.1,1,1,1
1712610000000,new_york,precipitation,0.0,0,0,1
1712613600000,new_york,precipitation,0.0,0,0,1
1712617200000,new_york,precipitation,0.0,0,0,1
1712620800000,new_york,precipitation,0.0,0,0,1
1712624400000,new_york,precipitation,0.0,0,0,1
1712628000000,new_york,precipitation,0.0,0,0,1
1712631600000,new_york,precipitation,0.0,0,0,1
1712635200000,new_york,precipitation,0.0,0,0,1
1712638800000,new_york,precipitation,0.0,0,0,1
1712642400000,new_york,precipitation,0.0,1,0,0
1712646000000,new_york,precipitation,0.0,0,0,1
1712649600000,new_york,precipitation,0.0,0,0,1
1712653200000,new_york,precipitation,0.0,0,0,1
1712656800000,new_york,precipitation,0.0,0,0,1
1712660400000,new_york,precipitation,0.0,0,0,1
1712664000000,new_york,precipitation,0.0,0,0,1
1712667600000,new_york,precipitation,0.0,1,0,0
1712671200000,new_york,precipitation,0.0,0,0,1
1712674800000,new_york,precipitation,0.0,0,0,1
1712678400000,new_york,precipitation,0.0,0,0,1
1712682000000,new_york,precipitation,0.0,0,0,1
1712685600000,new_york,precipitation,0.0,0,0,1
1712689200000,new_york,precipitation,0.0,0,0,1
1712692800000,new_york,precipitation,0.0,1,0,0
1712696400000,new_york,precipitation,0.0,0,0,1
1712700000000,new_york,precipitation,0.0,0,0,1
1712703600000,new_york,precipitation,0.0,0,0,1
1712707200000,new_york,precipitation,0.0,0,0,1
1712710800000,new_york,precipitation,0.0,0,0,1
1712714400000,new_york,precipitation,0.0,0,0,1
1712718000000,new_york,precipitation,0.0,0,0,1
1712721600000,new_york,precipitation,0.0,0,0,1
1712725200000,new_york,precipitation,0.0,0,0,1
1712728800000,new_york,precipitation,0.0,0,0,1
1712732400000,new_york,precipitation,0.0,0,0,1
1712736000000,new_york,precipitation,0.0,1,0,0
1712739600000,new_york,precipitation,0.0,0,0,1
1712743200000,new_york,precipitation,0.0,1,0,0
1712746800000,new_york,precipitation,0.0,0,0,1
1712750400000,new_york,precipitation,0.0,1,0,0
1712754000000,new_york,precipitation,0.0,0,0,1
1712757600000,new_york,precipitation,0.1,0,1,0
1712761200000,new_york,precipitation,0.5,1,1,1
1712764800000,new_york,precipitation,0.0,0,0,1
1712768400000,new_york,precipitation,0.0,1,0,0
1712772000000,new_york,precipitation,0.0,0,0,1
1712775600000,new_york,precipitation,0.0,0,0,1
1712779200000,new_york,precipitation,0.0,0,0,1
1712782800000,new_york,precipitation,0.0,0,0,1
1712786400000,new_york,precipitation,0.0,0,0,1
1712790000000,new_york,precipitation,0.0,0,0,1
1712793600000,new_york,precipitation,0.0,0,0,1
1712797200000,new_york,precipitation,0.0,0,0,1
1712800800000,new_york,precipitation,0.0,0,0,1
1712804400000,new_york,precipitation,0.0,0,0,1
1712808000000,new_york,precipitation,0.0,0,0,1
1712811600000,new_york,precipitation,0.0,1,0,0
1712815200000,new_york,precipitation,0.0,0,0,1
1712818800000,new_york,precipitation,0.2,0,1,0
1712822400000,new_york,precipitation,0.3,0,1,0
1712826000000,new_york,precipitation,0.4,0,1,0
1712829600000,new_york,precipitation,0.0,0,0,1
1712833200000,new_york,precipitation,0.0,1,0,0
1712836800000,new_york,precipitation,0.0,0,0,1
1712840400000,new_york,precipitation,0.0,1,0,0
1712844000000,new_york,precipitation,0.0,0,0,1
1712847600000,new_york,precipitation,0.2,0,1,0
1712851200000,new_york,precipitation,2.0,0,1,0
1712854800000,new_york,precipitation,0.22743836102316162,1,1,1
1712858400000,new_york,precipitation,0.8,0,1,0
1712862000000,new_york,precipitation,0.1,0,1,0
1712865600000,new_york,precipitation,0.1,0,1,0
1712869200000,new_york,precipitation,1.2,0,1,0
1712872800000,new_york,precipitation,0.6,0,1,0
1712876400000,new_york,precipitation,0.4,0,1,0
1712880000000,new_york,precipitation,0.1,0,1,0
1712883600000,new_york,precipitation,0.8,0,1,0
1712887200000,new_york,precipitation,1.0,0,1,0
1712890800000,new_york,precipitation,4.8,0,1,0
1712894400000,new_york,precipitation,0.3,0,1,0
1712898000000,new_york,precipitation,0.1,0,1,0
1712901600000,new_york,precipitation,0.2,0,1,0
1712905200000,new_york,precipitation,0.0,0,0,1
1712908800000,new_york,precipitation,0.0,0,0,1
1712912400000,new_york,precipitation,0.0,0,0,1
1712916000000,new_york,precipitation,0.4,0,1,0
1712919600000,new_york,precipitation,0.2,0,1,0
1712923200000,new_york,precipitation,0.5,0,1,0
1712926800000,new_york,precipitation,6.4,0,1,0
1712930400000,new_york,precipitation,0.1,0,1,0
1712934000000,new_york,precipitation,0.0,1,0,0
1712937600000,new_york,precipitation,0.0,0,0,1
1712941200000,new_york,precipitation,0.0,0,0,1
1712944800000,new_york,precipitation,0.0,0,0,1
1712948400000,new_york,precipitation,0.0,0,0,1
1712952000000,new_york,precipitation,0.0,0,0,1
1712955600000,new_york,precipitation,0.0,0,0,1
1712959200000,new_york,precipitation,0.0,0,0,1
1712962800000,new_york,precipitation,0.0,0,0,1
1712966400000,new_york,precipitation,0.0,0,0,1
1712970000000,new_york,precipitation,0.0,0,0,1
1712973600000,new_york,precipitation,0.0,0,0,1
1712977200000,new_york,precipitation,0.0,0,0,1
1712980800000,new_york,precipitation,0.0,0,0,1
1712984400000,new_york,precipitation,0.0,0,0,1
1712988000000,new_york,precipitation,0.0,0,0,1
1712991600000,new_york,precipitation,0.0,0,0,1
1712995200000,new_york,precipitation,0.0,0,0,1
1712998800000,new_york,precipitation,0.2,1,1,1
1713002400000,new_york,precipitation,0.2,1,1,1
1713006000000,new_york,precipitation,0.3,0,1,0
1713009600000,new_york,precipitation,0.1,0,1,0
1713013200000,new_york,precipitation,0.3,0,1,0
1713016800000,new_york,precipitation,0.3,0,1,0
1713020400000,new_york,precipitation,0.5,0,1,0
1713024000000,new_york,precipitation,0.1,0,1,0
1713027600000,new_york,precipitation,0.0,0,0,1
1713031200000,new_york,precipitation,0.0,0,0,1
1713034800000,new_york,precipitation,0.0,1,0,0
1713038400000,new_york,precipitation,0.0,0,0,1
1713042000000,new_york,precipitation,0.0,0,0,1
1713045600000,new_york,precipitation,0.0,0,0,1
1713049200000,new_york,precipitation,0.0,0,0,1
1713052800000,new_york,precipitation,0.0,0,0,1
1713056400000,new_york,precipitation,0.0,0,0,1
1713060000000,new_york,precipitation,0.0,0,0,1
1713063600000,new_york,precipitation,0.0,0,0,1
1713067200000,new_york,precipitation,0.0,1,0,0
1713070800000,new_york,precipitation,0.0,0,0,1
1713074400000,new_york,precipitation,0.0,0,0,1
1713078000000,new_york,precipitation,0.0,0,0,1
1713081600000,new_york,precipitation,0.0,0,0,1
1713085200000,new_york,precipitation,0.0,0,0,1
1713088800000,new_york,precipitation,0.0,0,0,1
1713092400000,new_york,precipitation,0.0,0,0,1
1713096000000,new_york,precipitation,0.0,0,0,1
1713099600000,new_york,precipitation,0.0,1,0,0
1713103200000,new_york,precipitation,0.8,0,1,0
1713106800000,new_york,precipitation,0.0,0,0,1
1713110400000,new_york,precipitation,0.0,0,0,1
1713114000000,new_york,precipitation,0.0,0,0,1
1713117600000,new_york,precipitation,0.0,0,0,1
1713121200000,new_york,precipitation,0.0,0,0,1
1713124800000,new_york,precipitation,0.0,1,0,0
1713128400000,new_york,precipitation,0.0,0,0,1
1713132000000,new_york,precipitation,0.1,1,1,1
1713135600000,new_york,precipitation,0.0,0,0,1
1713139200000,new_york,precipitation,0.0,0,0,1
1713142800000,new_york,precipitation,0.0,0,0,1
1713146400000,new_york,precipitation,0.0,0,0,1
1713150000000,new_york,precipitation,0.0,0,0,1
1713153600000,new_york,precipitation,0.0,0,0,1
1713157200000,new_york,precipitation,0.0,1,0,0
1713160800000,new_york,precipitation,0.0,0,0,1
1713164400000,new_york,precipitation,0.0,1,0,0
1713168000000,new_york,precipitation,0.0,0,0,1
1713171600000,new_york,precipitation,0.0,0,0,1
1713175200000,new_york,precipitation,0.0,1,0,0
1713178800000,new_york,precipitation,0.0,0,0,1
1713182400000,new_york,precipitation,0.0,0,0,1
1713186000000,new_york,precipitation,0.0,0,0,1
1713189600000,new_york,precipitation,0.0,0,0,1
1713193200000,new_york,precipitation,0.0,0,0,1
1713196800000,new_york,precipitation,0.0,0,0,1
1713200400000,new_york,precipitation,0.0,0,0,1
1713204000000,new_york,precipitation,0.0,1,0,0
1713207600000,new_york,precipitation,0.0,0,0,1
1713211200000,new_york,precipitation,0.0,0,0,1
1713214800000,new_york,precipitation,0.0,0,0,1
1713218400000,new_york,precipitation,0.0,0,0,1
1713222000000,new_york,precipitation,0.0,1,0,0
1713225600000,new_york,precipitation,0.0,0,0,1
1713229200000,new_york,precipitation,0.0,0,0,1
1713232800000,new_york,precipitation,0.0,0,0,1
1713236400000,new_york,precipitation,0.0,1,0,0
1713240000000,new_york,precipitation,0.0,1,0,0
1713243600000,new_york,precipitation,0.0,1,0,0
1713247200000,new_york,precipitation,0.0,0,0,1
1713250800000,new_york,precipitation,0.0,0,0,1
1713254400000,new_york,precipitation,0.0,0,0,1
1713258000000,new_york,precipitation,0.0,0,0,1
1713261600000,new_york,precipitation,0.0,1,0,0
1713265200000,new_york,precipitation,0.0,0,0,1
1713268800000,new_york,precipitation,0.0,0,0,1
1713272400000,new_york,precipitation,0.0,0,0,1
1713276000000,new_york,precipitation,0.0,0,0,1
1713279600000,new_york,precipitation,0.0,1,0,0
1713283200000,new_york,precipitation,0.0,0,0,1
1713286800000,new_york,precipitation,0.0,0,0,1
1713290400000,new_york,precipitation,0.0,0,0,1
1713294000000,new_york,precipitation,0.0,0,0,1
1713297600000,new_york,precipitation,0.0,0,0,1
1713301200000,new_york,precipitation,0.0,0,0,1
1713304800000,new_york,precipitation,0.0,0,0,1
1713308400000,new_york,precipitation,0.0,1,0,0
1713312000000,new_york,precipitation,0.0,0,0,1
1713315600000,new_york,precipitation,0.0,0,0,1
1713319200000,new_york,precipitation,0.0,1,0,0
1713322800000,new_york,precipitation,0.0,0,0,1
1713326400000,new_york,precipitation,0.0,0,0,1
1713330000000,new_york,precipitation,0.0,0,0,1
1713333600000,new_york,precipitation,0.0,0,0,1
1713337200000,new_york,precipitation,0.0,0,0,1
1713340800000,new_york,precipitation,0.0,0,0,1
1713344400000,new_york,precipitation,0.0,1,0,0
1713348000000,new_york,precipitation,0.0,0,0,1
1713351600000,new_york,precipitation,0.0,0,0,1
1713355200000,new_york,precipitation,0.0,0,0,1
1713358800000,new_york,precipitation,0.0,0,0,1
1713362400000,new_york,precipitation,0.0,0,0,1
1713366000000,new_york,precipitation,0.0,0,0,1
1713369600000,new_york,precipitation,0.4,0,1,0
1713373200000,new_york,precipitation,0.7,0,1,0
1713376800000,new_york,precipitation,0.1,0,1,0
1713380400000,new_york,precipitation,0.0,0,0,1
1713384000000,new_york,precipitation,0.1,1,1,1
1713387600000,new_york,precipitation,0.1,1,1,1
1713391200000,new_york,precipitation,0.9,0,1,0
1713394800000,new_york,precipitation,0.7,1,1,1
1713398400000,new_york,precipitation,0.3,0,1,0
1713402000000,new_york,precipitation,4.4,0,1,0
1713405600000,new_york,precipitation,0.2,1,1,1
1713409200000,new_york,precipitation,0.2,0,1,0
1713412800000,new_york,precipitation,0.2,0,1,0
1713416400000,new_york,precipitation,0.10698336565913442,1,1,1
1713420000000,new_york,precipitation,0.1,0,1,0
1713423600000,new_york,precipitation,0.1,0,1,0
1713427200000,new_york,precipitation,0.1,1,1,1
1713430800000,new_york,precipitation,0.1,0,1,0
1713434400000,new_york,precipitation,0.1,0,1,0
1713438000000,new_york,precipitation,0.2,0,1,0
1713441600000,new_york,precipitation,0.1,0,1,0
1713445200000,new_york,precipitation,0.0,0,0,1
1713448800000,new_york,precipitation,0.0,0,0,1
1713452400000,new_york,precipitation,0.0,0,0,1
1713456000000,new_york,precipitation,0.0,1,0,0
1713459600000,new_york,precipitation,0.0,0,0,1
1713463200000,new_york,precipitation,0.0,0,0,1
1713466800000,new_york,precipitation,0.0,0,0,1
1713470400000,new_york,precipitation,0.0,0,0,1
1713474000000,new_york,precipitation,0.0,0,0,1
1713477600000,new_york,precipitation,0.0,1,0,0
1713481200000,new_york,precipitation,0.0,0,0,1
1713484800000,new_york,precipitation,0.0,0,0,1
1713488400000,new_york,precipitation,0.0,0,0,1
1713492000000,new_york,precipitation,0.0,0,0,1
1713495600000,new_york,precipitation,0.0,0,0,1
1713499200000,new_york,precipitation,0.0,0,0,1
1713502800000,new_york,precipitation,0.0,0,0,1
1713506400000,new_york,precipitation,0.0,0,0,1
1713510000000,new_york,precipitation,0.0,0,0,1
1713513600000,new_york,precipitation,0.0,0,0,1
1713517200000,new_york,precipitation,0.0,1,0,0
1713520800000,new_york,precipitation,0.0,0,0,1
1713524400000,new_york,precipitation,0.0,0,0,1
1713528000000,new_york,precipitation,0.0,0,0,1
1713531600000,new_york,precipitation,0.0,0,0,1
1713535200000,new_york,precipitation,0.0,0,0,1
1713538800000,new_york,precipitation,0.0,0,0,1
1713542400000,new_york,precipitation,0.0,0,0,1
1713546000000,new_york,precipitation,0.0,0,0,1
1713549600000,new_york,precipitation,0.0,0,0,1
1713553200000,new_york,precipitation,0.0,0,0,1
1713556800000,new_york,precipitation,0.0,0,0,1
1713560400000,new_york,precipitation,0.0,0,0,1
1713564000000,new_york,precipitation,0.0,0,0,1
1713567600000,new_york,precipitation,0.0,1,0,0
1713571200000,new_york,precipitation,0.0,0,0,1
1713574800000,new_york,precipitation,0.0,0,0,1
1713578400000,new_york,precipitation,0.0,0,0,1
1713582000000,new_york,precipitation,0.0,0,0,1
1713585600000,new_york,precipitation,0.3,1,1,1
1713589200000,new_york,precipitation,0.1,0,1,0
1713592800000,new_york,precipitation,0.5,0,1,0
1713596400000,new_york,precipitation,0.9,0,1,0
1713600000000,new_york,precipitation,0.2,0,1,0
1713603600000,new_york,precipitation,0.3,1,1,1
1713607200000,new_york,precipitation,0.0,0,0,1
1713610800000,new_york,precipitation,0.0,0,0,1
1713614400000,new_york,precipitation,0.0,1,0,0
1713618000000,new_york,precipitation,0.0,0,0,1
1713621600000,new_york,precipitation,0.0,1,0,0
1713625200000,new_york,precipitation,0.0,0,0,1
1713628800000,new_york,precipitation,0.0,1,0,0
1713632400000,new_york,precipitation,0.0,0,0,1
1713636000000,new_york,precipitation,0.0,0,0,1
1713639600000,new_york,precipitation,0.0,0,0,1
1713643200000,new_york,precipitation,0.0,0,0,1
1713646800000,new_york,precipitation,0.0,0,0,1
1713650400000,new_york,precipitation,0.0,0,0,1
1713654000000,new_york,precipitation,0.0,0,0,1
1713657600000,new_york,precipitation,0.0,0,0,1
1713661200000,new_york,precipitation,0.0,1,0,0
1713664800000,new_york,precipitation,0.0,0,0,1
1713668400000,new_york,precipitation,0.0,0,0,1
1713672000000,new_york,precipitation,0.0,0,0,1
1713675600000,new_york,precipitation,0.0,1,0,0
1713679200000,new_york,precipitation,0.0,0,0,1
1713682800000,new_york,precipitation,0.0,1,0,0
1713686400000,new_york,precipitation,0.0,0,0,1
1713690000000,new_york,precipitation,0.0,0,0,1
1713693600000,new_york,precipitation,0.0,1,0,0
1713697200000,new_york,precipitation,0.0,0,0,1
1713700800000,new_york,precipitation,0.0,0,0,1
1713704400000,new_york,precipitation,0.0,1,0,0
1713708000000,new_york,precipitation,0.0,1,0,0
1713711600000,new_york,precipitation,0.0,0,0,1
1713715200000,new_york,precipitation,0.0,1,0,0
1713718800000,new_york,precipitation,0.0,0,0,1
1713722400000,new_york,precipitation,0.0,1,0,0
1713726000000,new_york,precipitation,0.0,1,0,0
1713729600000,new_york,precipitation,0.0,0,0,1
1713733200000,new_york,precipitation,0.0,0,0,1
1713736800000,new_york,precipitation,0.0,1,0,0
1713740400000,new_york,precipitation,0.0,1,0,0
1713744000000,new_york,precipitation,0.0,0,0,1
1713747600000,new_york,precipitation,0.0,0,0,1
1713751200000,new_york,precipitation,0.0,0,0,1
1713754800000,new_york,precipitation,0.0,0,0,1
1713758400000,new_york,precipitation,0.0,1,0,0
1713762000000,new_york,precipitation,0.0,0,0,1
1713765600000,new_york,precipitation,0.0,0,0,1
1713769200000,new_york,precipitation,0.0,1,0,0
1713772800000,new_york,precipitation,0.0,0,0,1
1713776400000,new_york,precipitation,0.0,0,0,1
1713780000000,new_york,precipitation,0.0,0,0,1
1713783600000,new_york,precipitation,0.0,0,0,1
1713787200000,new_york,precipitation,0.0,0,0,1
1713790800000,new_york,precipitation,0.0,0,0,1
1713794400000,new_york,precipitation,0.0,1,0,0
1713798000000,new_york,precipitation,0.0,0,0,1
1713801600000,new_york,precipitation,0.0,0,0,1
1713805200000,new_york,precipitation,0.0,0,0,1
1713808800000,new_york,precipitation,0.0,0,0,1
1713812400000,new_york,precipitation,0.0,0,0,1
1713816000000,new_york,precipitation,0.0,0,0,1
1713819600000,new_york,precipitation,0.0,0,0,1
1713823200000,new_york,precipitation,0.0,0,0,1
1713826800000,new_york,precipitation,0.0,0,0,1
1713830400000,new_york,precipitation,0.0,0,0,1
1713834000000,new_york,precipitation,0.0,0,0,1
1713837600000,new_york,precipitation,0.0,0,0,1
1713841200000,new_york,precipitation,0.0,0,0,1
1713844800000,new_york,precipitation,0.0,0,0,1
1713848400000,new_york,precipitation,0.0,0,0,1
1713852000000,new_york,precipitation,0.0,0,0,1
1713855600000,new_york,precipitation,0.0,1,0,0
1713859200000,new_york,precipitation,0.0,0,0,1
1713862800000,new_york,precipitation,0.0,0,0,1
1713866400000,new_york,precipitation,0.0,0,0,1
1713870000000,new_york,precipitation,0.0,0,0,1
1713873600000,new_york,precipitation,0.0,0,0,1
1713877200000,new_york,precipitation,0.0,0,0,1
1713880800000,new_york,precipitation,0.0,1,0,0
1713884400000,new_york,precipitation,0.0,0,0,1
1713888000000,new_york,precipitation,0.0,0,0,1
1713891600000,new_york,precipitation,0.0,0,0,1
1713895200000,new_york,precipitation,0.0,0,0,1
1713898800000,new_york,precipitation,0.0,0,0,1
1713902400000,new_york,precipitation,0.0,0,0,1
1713906000000,new_york,precipitation,0.0,1,0,0
1713909600000,new_york,precipitation,0.0,0,0,1
1713913200000,new_york,precipitation,0.0,0,0,1
1713916800000,new_york,precipitation,0.0,0,0,1
1713920400000,new_york,precipitation,0.0,0,0,1
1713924000000,new_york,precipitation,0.0,1,0,0
1713927600000,new_york,precipitation,0.0,0,0,1
1713931200000,new_york,precipitation,0.0,1,0,0
1713934800000,new_york,precipitation,0.0,0,0,1
1713938400000,new_york,precipitation,0.0,0,0,1
1713942000000,new_york,precipitation,0.0,0,0,1
1713945600000,new_york,precipitation,0.0,0,0,1
1713949200000,new_york,precipitation,0.0,0,0,1
1713952800000,new_york,precipitation,0.0,0,0,1
1713956400000,new_york,precipitation,0.0,0,0,1
1713960000000,new_york,precipitation,0.0,0,0,1
1713963600000,new_york,precipitation,0.0,0,0,1
1713967200000,new_york,precipitation,0.0,0,0,1
1713970800000,new_york,precipitation,1.6,1,1,1
1713974400000,new_york,precipitation,0.0,0,0,1
1713978000000,new_york,precipitation,0.0,0,0,1
1713981600000,new_york,precipitation,0.0,0,0,1
1713985200000,new_york,precipitation,0.0,0,0,1
1713988800000,new_york,precipitation,0.0,0,0,1
1713992400000,new_york,precipitation,0.0,1,0,0
1713996000000,new_york,precipitation,0.0,1,0,0
1713999600000,new_york,precipitation,0.0,1,0,0
1714003200000,new_york,precipitation,0.0,0,0,1
1714006800000,new_york,precipitation,0.0,0,0,1
1714010400000,new_york,precipitation,0.0,0,0,1
1714014000000,new_york,precipitation,0.0,0,0,1
1714017600000,new_york,precipitation,0.0,0,0,1
1714021200000,new_york,precipitation,0.0,0,0,1
1714024800000,new_york,precipitation,0.0,0,0,1
1714028400000,new_york,precipitation,0.0,0,0,1
1714032000000,new_york,precipitation,0.0,0,0,1
1714035600000,new_york,precipitation,0.0,0,0,1
1714039200000,new_york,precipitation,0.0,0,0,1
1714042800000,new_york,precipitation,0.0,0,0,1
1714046400000,new_york,precipitation,0.0,1,0,0
1714050000000,new_york,precipitation,0.0,0,0,1
1714053600000,new_york,precipitation,0.0,0,0,1
1714057200000,new_york,precipitation,0.0,0,0,1
1714060800000,new_york,precipitation,0.0,0,0,1
1714064400000,new_york,precipitation,0.0,1,0,0
1714068000000,new_york,precipitation,0.0,0,0,1
1714071600000,new_york,precipitation,0.0,1,0,0
1714075200000,new_york,precipitation,0.0,0,0,1
1714078800000,new_york,precipitation,0.0,1,0,0
1714082400000,new_york,precipitation,0.0,0,0,1
1714086000000,new_york,precipitation,0.0,0,0,1
1714089600000,new_york,precipitation,0.0,0,0,1
1714093200000,new_york,precipitation,0.0,0,0,1
1714096800000,new_york,precipitation,0.0,0,0,1
1714100400000,new_york,precipitation,0.0,0,0,1
1714104000000,new_york,precipitation,0.0,0,0,1
1714107600000,new_york,precipitation,0.0,1,0,0
1714111200000,new_york,precipitation,0.0,0,0,1
1714114800000,new_york,precipitation,0.0,0,0,1
1714118400000,new_york,precipitation,0.0,0,0,1
1714122000000,new_york,precipitation,0.0,0,0,1
1714125600000,new_york,precipitation,0.0,0,0,1
1714129200000,new_york,precipitation,0.0,0,0,1
1714132800000,new_york,precipitation,0.0,0,0,1
1714136400000,new_york,precipitation,0.0,0,0,1
1714140000000,new_york,precipitation,0.0,0,0,1
1714143600000,new_york,precipitation,0.0,0,0,1
1714147200000,new_york,precipitation,0.0,0,0,1
1714150800000,new_york,precipitation,0.0,0,0,1
1714154400000,new_york,precipitation,0.0,0,0,1
1714158000000,new_york,precipitation,0.0,1,0,0
1714161600000,new_york,precipitation,0.0,0,0,1
1714165200000,new_york,precipitation,0.0,0,0,1
1714168800000,new_york,precipitation,0.0,0,0,1
1714172400000,new_york,precipitation,0.0,0,0,1
1714176000000,new_york,precipitation,0.0,0,0,1
1714179600000,new_york,precipitation,0.0,0,0,1
1714183200000,new_york,precipitation,0.0,1,0,0
1714186800000,new_york,precipitation,0.0,0,0,1
1714190400000,new_york,precipitation,0.0,0,0,1
1714194000000,new_york,precipitation,0.0,0,0,1
1714197600000,new_york,precipitation,0.0,0,0,1
1714201200000,new_york,precipitation,0.0,0,0,1
1714204800000,new_york,precipitation,0.0,0,0,1
1714208400000,new_york,precipitation,0.0,0,0,1
1714212000000,new_york,precipitation,0.0,1,0,0
1714215600000,new_york,precipitation,0.0,0,0,1
1714219200000,new_york,precipitation,0.0,0,0,1
1714222800000,new_york,precipitation,0.0,0,0,1
1714226400000,new_york,precipitation,0.0,0,0,1
1714230000000,new_york,precipitation,0.0,0,0,1
1714233600000,new_york,precipitation,0.0,0,0,1
1714237200000,new_york,precipitation,0.0,1,0,0
1714240800000,new_york,precipitation,0.0,0,0,1
1714244400000,new_york,precipitation,0.0,0,0,1
1714248000000,new_york,precipitation,0.0,0,0,1
1714251600000,new_york,precipitation,0.0,0,0,1
1714255200000,new_york,precipitation,0.3,0,1,0
1714258800000,new_york,precipitation,0.0,0,0,1
1714262400000,new_york,precipitation,0.0,0,0,1
1714266000000,new_york,precipitation,0.0,0,0,1
1714269600000,new_york,precipitation,0.0,0,0,1
1714273200000,new_york,precipitation,0.0,0,0,1
1714276800000,new_york,precipitation,0.0,0,0,1
1714280400000,new_york,precipitation,0.0,0,0,1
1714284000000,new_york,precipitation,0.0,0,0,1
1714287600000,new_york,precipitation,0.0,0,0,1
1714291200000,new_york,precipitation,0.0,0,0,1
1714294800000,new_york,precipitation,0.0,0,0,1
1714298400000,new_york,precipitation,0.0,1,0,0
1714302000000,new_york,precipitation,0.0,0,0,1
1714305600000,new_york,precipitation,0.0,0,0,1
1714309200000,new_york,precipitation,0.0,0,0,1
1714312800000,new_york,precipitation,0.0,0,0,1
1714316400000,new_york,precipitation,0.0,0,0,1
1714320000000,new_york,precipitation,0.0,0,0,1
1714323600000,new_york,precipitation,0.0,0,0,1
1714327200000,new_york,precipitation,0.0,0,0,1
1714330800000,new_york,precipitation,0.0,1,0,0
1714334400000,new_york,precipitation,0.4,0,1,0
1714338000000,new_york,precipitation,0.2,0,1,0
1714341600000,new_york,precipitation,0.0,1,0,0
1714345200000,new_york,precipitation,0.0,0,0,1
1714348800000,new_york,precipitation,0.0,0,0,1
1714352400000,new_york,precipitation,0.0,0,0,1
1714356000000,new_york,precipitation,0.0,0,0,1
1714359600000,new_york,precipitation,0.0,0,0,1
1714363200000,new_york,precipitation,0.0,0,0,1
1714366800000,new_york,precipitation,0.0,0,0,1
1714370400000,new_york,precipitation,0.0,1,0,0
1714374000000,new_york,precipitation,0.0,0,0,1
1714377600000,new_york,precipitation,0.0,0,0,1
1714381200000,new_york,precipitation,0.0,0,0,1
1714384800000,new_york,precipitation,0.0,0,0,1
1714388400000,new_york,precipitation,0.0,0,0,1
1714392000000,new_york,precipitation,0.0,0,0,1
1714395600000,new_york,precipitation,0.0,0,0,1
1714399200000,new_york,precipitation,0.1,0,1,0
1714402800000,new_york,precipitation,1.8,0,1,0
1714406400000,new_york,precipitation,0.1,0,1,0
1714410000000,new_york,precipitation,0.0,1,0,0
1714413600000,new_york,precipitation,1.4,1,1,1
1714417200000,new_york,precipitation,0.0,0,0,1
1714420800000,new_york,precipitation,0.0,0,0,1
1714424400000,new_york,precipitation,0.0,0,0,1
1714428000000,new_york,precipitation,0.0,1,0,0
1714431600000,new_york,precipitation,0.0,0,0,1
1714435200000,new_york,precipitation,0.0,0,0,1
1714438800000,new_york,precipitation,0.0,0,0,1
1714442400000,new_york,precipitation,0.0,0,0,1
1714446000000,new_york,precipitation,0.0,0,0,1
1714449600000,new_york,precipitation,0.0,0,0,1
1714453200000,new_york,precipitation,0.0,0,0,1
1714456800000,new_york,precipitation,0.0,0,0,1
1714460400000,new_york,precipitation,0.0,1,0,0
1714464000000,new_york,precipitation,0.0,0,0,1
1714467600000,new_york,precipitation,0.0,0,0,1
1714471200000,new_york,precipitation,0.0,1,0,0
1714474800000,new_york,precipitation,0.0,0,0,1
1714478400000,new_york,precipitation,0.0,0,0,1
1714482000000,new_york,precipitation,0.0,0,0,1
1714485600000,new_york,precipitation,0.0,0,0,1
1714489200000,new_york,precipitation,0.0,1,0,0
1714492800000,new_york,precipitation,0.0,1,0,0
1714496400000,new_york,precipitation,0.0,0,0,1
1714500000000,new_york,precipitation,0.0,0,0,1
1714503600000,new_york,precipitation,0.0,0,0,1
1714507200000,new_york,precipitation,0.0,0,0,1
1714510800000,new_york,precipitation,0.0,0,0,1
1714514400000,new_york,precipitation,1.0,0,1,0
1714518000000,new_york,precipitation,1.2,0,1,0
1714521600000,new_york,precipitation,0.0,0,0,1
1714525200000,new_york,precipitation,0.0,1,0,0
1714528800000,new_york,precipitation,0.3,0,1,0
1714532400000,new_york,precipitation,0.8,0,1,0
1714536000000,new_york,precipitation,0.2,0,1,0
1714539600000,new_york,precipitation,0.0,0,0,1
1714543200000,new_york,precipitation,0.0,0,0,1
1714546800000,new_york,precipitation,0.0,0,0,1
1714550400000,new_york,precipitation,0.0,0,0,1
1714554000000,new_york,precipitation,0.0,0,0,1
1714557600000,new_york,precipitation,0.0,0,0,1
1714561200000,new_york,precipitation,0.0,0,0,1
1714564800000,new_york,precipitation,0.0,0,0,1
1714568400000,new_york,precipitation,0.0,0,0,1
1714572000000,new_york,precipitation,0.0,0,0,1
1714575600000,new_york,precipitation,0.2,0,1,0
1714579200000,new_york,precipitation,0.0,1,0,0
1714582800000,new_york,precipitation,0.0,0,0,1
1714586400000,new_york,precipitation,0.0,1,0,0
1714590000000,new_york,precipitation,0.0,1,0,0
1714593600000,new_york,precipitation,0.0,0,0,1
1714597200000,new_york,precipitation,0.0,0,0,1
1714600800000,new_york,precipitation,0.0,0,0,1
1714604400000,new_york,precipitation,0.0,0,0,1
1714608000000,new_york,precipitation,0.0,0,0,1
1714611600000,new_york,precipitation,0.0,0,0,1
1714615200000,new_york,precipitation,0.0,0,0,1
1714618800000,new_york,precipitation,0.0,0,0,1
1714622400000,new_york,precipitation,0.0,0,0,1
1714626000000,new_york,precipitation,0.0,1,0,0
1714629600000,new_york,precipitation,0.0,0,0,1
1714633200000,new_york,precipitation,0.0,0,0,1
1714636800000,new_york,precipitation,0.0,0,0,1
1714640400000,new_york,precipitation,0.0,0,0,1
1714644000000,new_york,precipitation,0.0,1,0,0
1714647600000,new_york,precipitation,0.0,0,0,1
1714651200000,new_york,precipitation,0.0,0,0,1
1714654800000,new_york,precipitation,0.0,0,0,1
1714658400000,new_york,precipitation,0.0,1,0,0
1714662000000,new_york,precipitation,0.0,0,0,1
1714665600000,new_york,precipitation,0.0,1,0,0
1714669200000,new_york,precipitation,0.0,0,0,1
1714672800000,new_york,precipitation,0.0,0,0,1
1714676400000,new_york,precipitation,0.0,0,0,1
1714680000000,new_york,precipitation,0.0,1,0,0
1714683600000,new_york,precipitation,0.0,0,0,1
1714687200000,new_york,precipitation,0.0,0,0,1
1714690800000,new_york,precipitation,0.0,0,0,1
1714694400000,new_york,precipitation,0.0,1,0,0
1714698000000,new_york,precipitation,0.0,1,0,0
1714701600000,new_york,precipitation,0.0,1,0,0
1714705200000,new_york,precipitation,0.0,0,0,1
1714708800000,new_york,precipitation,0.0,0,0,1
1714712400000,new_york,precipitation,0.0,0,0,1
1714716000000,new_york,precipitation,0.0,0,0,1
1714719600000,new_york,precipitation,0.0,1,0,0
1714723200000,new_york,precipitation,0.0,0,0,1
1714726800000,new_york,precipitation,0.0,0,0,1
1714730400000,new_york,precipitation,0.0,0,0,1
1714734000000,new_york,precipitation,0.0,1,0,0
1714737600000,new_york,precipitation,0.0,0,0,1
1714741200000,new_york,precipitation,0.0,0,0,1
1714744800000,new_york,precipitation,0.0,0,0,1
1714748400000,new_york,precipitation,0.0,0,0,1
1714752000000,new_york,precipitation,0.0,0,0,1
1714755600000,new_york,precipitation,0.0,0,0,1
1714759200000,new_york,precipitation,0.0,0,0,1
1714762800000,new_york,precipitation,0.0,0,0,1
1714766400000,new_york,precipitation,0.0,0,0,1
1714770000000,new_york,precipitation,0.0,0,0,1
1714773600000,new_york,precipitation,0.0,0,0,1
1714777200000,new_york,precipitation,0.0,0,0,1
1714780800000,new_york,precipitation,0.0,0,0,1
1714784400000,new_york,precipitation,0.0,0,0,1
1714788000000,new_york,precipitation,0.0,0,0,1
1714791600000,new_york,precipitation,0.0,0,0,1
1714795200000,new_york,precipitation,0.0,1,0,0
1714798800000,new_york,precipitation,0.0,0,0,1
1714802400000,new_york,precipitation,0.0,0,0,1
1714806000000,new_york,precipitation,0.0,1,0,0
1714809600000,new_york,precipitation,0.0,0,0,1
1714813200000,new_york,precipitation,0.0,1,0,0
1714816800000,new_york,precipitation,0.0,1,0,0
1714820400000,new_york,precipitation,0.0,0,0,1
1714824000000,new_york,precipitation,0.0,0,0,1
1714827600000,new_york,precipitation,0.0,0,0,1
1714831200000,new_york,precipitation,0.0,0,0,1
1714834800000,new_york,precipitation,0.0,0,0,1
1714838400000,new_york,precipitation,0.0,1,0,0
1714842000000,new_york,precipitation,0.0,1,0,0
1714845600000,new_york,precipitation,0.0,0,0,1
1714849200000,new_york,precipitation,0.0,0,0,1
1714852800000,new_york,precipitation,0.0,1,0,0
1714856400000,new_york,precipitation,0.0,0,0,1
1714860000000,new_york,precipitation,0.0,0,0,1
1714863600000,new_york,precipitation,0.0,0,0,1
1714867200000,new_york,precipitation,0.0,0,0,1
1714870800000,new_york,precipitation,0.0,0,0,1
1714874400000,new_york,precipitation,0.0,1,0,0
1714878000000,new_york,precipitation,0.0,0,0,1
1714881600000,new_york,precipitation,0.0,0,0,1
1714885200000,new_york,precipitation,0.2,0,1,0
1714888800000,new_york,precipitation,0.1,0,1,0
1714892400000,new_york,precipitation,0.0,0,0,1
1714896000000,new_york,precipitation,0.0,1,0,0
1714899600000,new_york,precipitation,0.1,0,1,0
1714903200000,new_york,precipitation,0.2,0,1,0
1714906800000,new_york,precipitation,0.1,0,1,0
1714910400000,new_york,precipitation,0.3,0,1,0
1714914000000,new_york,precipitation,0.4,0,1,0
1714917600000,new_york,precipitation,0.9,0,1,0
1714921200000,new_york,precipitation,1.3,0,1,0
1714924800000,new_york,precipitation,1.1,0,1,0
1714928400000,new_york,precipitation,1.0,0,1,0
1714932000000,new_york,precipitation,0.2,0,1,0
1714935600000,new_york,precipitation,0.0,1,0,0
1714939200000,new_york,precipitation,0.0,0,0,1
1714942800000,new_york,precipitation,1.9,1,1,1
1714946400000,new_york,precipitation,0.3,1,1,1
1714950000000,new_york,precipitation,0.5,0,1,0
1714953600000,new_york,precipitation,0.3,0,1,0
1714957200000,new_york,precipitation,0.1,0,1,0
1714960800000,new_york,precipitation,0.0,0,0,1
1714964400000,new_york,precipitation,0.0,0,0,1
1714968000000,new_york,precipitation,0.0,0,0,1
1714971600000,new_york,precipitation,0.0,1,0,0
1714975200000,new_york,precipitation,0.0,0,0,1
1714978800000,new_york,precipitation,0.0,1,0,0
1714982400000,new_york,precipitation,0.0,0,0,1
1714986000000,new_york,precipitation,0.0,0,0,1
1714989600000,new_york,precipitation,0.0,0,0,1
1714993200000,new_york,precipitation,0.0,0,0,1
1714996800000,new_york,precipitation,0.0,0,0,1
1715000400000,new_york,precipitation,0.2,0,1,0
1715004000000,new_york,precipitation,0.1,1,1,1
1715007600000,new_york,precipitation,0.0,0,0,1
1715011200000,new_york,precipitation,0.0,0,0,1
1715014800000,new_york,precipitation,0.0,0,0,1
1715018400000,new_york,precipitation,0.1,0,1,0
1715022000000,new_york,precipitation,0.0,0,0,1
1715025600000,new_york,precipitation,0.0,0,0,1
1715029200000,new_york,precipitation,0.0,0,0,1
1715032800000,new_york,precipitation,0.0,0,0,1
1715036400000,new_york,precipitation,0.0,1,0,0
1715040000000,new_york,precipitation,0.0,0,0,1
1715043600000,new_york,precipitation,0.0,0,0,1
1715047200000,new_york,precipitation,0.0,0,0,1
1715050800000,new_york,precipitation,0.0,0,0,1
1715054400000,new_york,precipitation,0.0,0,0,1
1715058000000,new_york,precipitation,0.0,0,0,1
1715061600000,new_york,precipitation,0.0,0,0,1
1715065200000,new_york,precipitation,0.0,0,0,1
1715068800000,new_york,precipitation,0.0,0,0,1
1715072400000,new_york,precipitation,0.0,1,0,0
1715076000000,new_york,precipitation,0.0,0,0,1
1715079600000,new_york,precipitation,0.0,0,0,1
1715083200000,new_york,precipitation,0.0,0,0,1
1715086800000,new_york,precipitation,0.0,0,0,1
1715090400000,new_york,precipitation,0.0,0,0,1
1715094000000,new_york,precipitation,0.0,0,0,1
1715097600000,new_york,precipitation,0.0,1,0,0
1715101200000,new_york,precipitation,0.0,0,0,1
1715104800000,new_york,precipitation,0.0,0,0,1
1715108400000,new_york,precipitation,0.0,1,0,0
1715112000000,new_york,precipitation,0.0,0,0,1
1715115600000,new_york,precipitation,0.0,0,0,1
1715119200000,new_york,precipitation,0.0,0,0,1
1715122800000,new_york,precipitation,0.0,0,0,1
1715126400000,new_york,precipitation,0.0,0,0,1
1715130000000,new_york,precipitation,0.0,0,0,1
1715133600000,new_york,precipitation,0.0,0,0,1
1715137200000,new_york,precipitation,0.0,0,0,1
1715140800000,new_york,precipitation,0.0,0,0,1
1715144400000,new_york,precipitation,0.0,0,0,1
1715148000000,new_york,precipitation,0.0,0,0,1
1715151600000,new_york,precipitation,0.0,0,0,1
1715155200000,new_york,precipitation,0.0,0,0,1
1715158800000,new_york,precipitation,0.0,0,0,1
1715162400000,new_york,precipitation,0.0,0,0,1
1715166000000,new_york,precipitation,0.0,0,0,1
1715169600000,new_york,precipitation,0.0,0,0,1
1715173200000,new_york,precipitation,0.0,0,0,1
1715176800000,new_york,precipitation,0.0,0,0,1
1715180400000,new_york,precipitation,0.0,1,0,0
1715184000000,new_york,precipitation,0.0,0,0,1
1715187600000,new_york,precipitation,0.0,0,0,1
1715191200000,new_york,precipitation,0.0,1,0,0
1715194800000,new_york,precipitation,0.0,1,0,0
1715198400000,new_york,precipitation,0.0,0,0,1
1715202000000,new_york,precipitation,0.0,0,0,1
1715205600000,new_york,precipitation,0.0,0,0,1
1715209200000,new_york,precipitation,0.0,0,0,1
1715212800000,new_york,precipitation,0.0,0,0,1
1715216400000,new_york,precipitation,0.0,0,0,1
1715220000000,new_york,precipitation,0.0,0,0,1
1715223600000,new_york,precipitation,0.0,0,0,1
1715227200000,new_york,precipitation,0.0,0,0,1
1715230800000,new_york,precipitation,0.0,1,0,0
1715234400000,new_york,precipitation,0.0,0,0,1
1715238000000,new_york,precipitation,0.0,0,0,1
1715241600000,new_york,precipitation,0.0,0,0,1
1715245200000,new_york,precipitation,0.0,0,0,1
1715248800000,new_york,precipitation,0.0,0,0,1
1715252400000,new_york,precipitation,0.0,0,0,1
1715256000000,new_york,precipitation,0.0,0,0,1
1715259600000,new_york,precipitation,0.0,0,0,1
1715263200000,new_york,precipitation,0.0,0,0,1
1715266800000,new_york,precipitation,0.0,0,0,1
1715270400000,new_york,precipitation,0.0,0,0,1
1715274000000,new_york,precipitation,0.0,0,0,1
1715277600000,new_york,precipitation,0.0,0,0,1
1715281200000,new_york,precipitation,0.0,0,0,1
1715284800000,new_york,precipitation,0.0,1,0,0
1715288400000,new_york,precipitation,0.0,0,0,1
1715292000000,new_york,precipitation,0.0,0,0,1
1715295600000,new_york,precipitation,0.0,1,0,0
1715299200000,new_york,precipitation,0.0,0,0,1
1715302800000,new_york,precipitation,0.0,0,0,1
1715306400000,new_york,precipitation,0.0,1,0,0
1715310000000,new_york,precipitation,0.1,0,1,0
1715313600000,new_york,precipitation,1.0,0,1,0
1715317200000,new_york,precipitation,1.6,1,1,1
1715320800000,new_york,precipitation,1.1,1,1,1
1715324400000,new_york,precipitation,0.7,0,1,0
1715328000000,new_york,precipitation,2.9,1,1,1
1715331600000,new_york,precipitation,0.6,1,1,1
1715335200000,new_york,precipitation,0.5,0,1,0
1715338800000,new_york,precipitation,0.3,0,1,0
1715342400000,new_york,precipitation,0.3,0,1,0
1715346000000,new_york,precipitation,0.6,0,1,0
1715349600000,new_york,precipitation,1.0,0,1,0
1715353200000,new_york,precipitation,0.1,0,1,0
1715356800000,new_york,precipitation,0.5,0,1,0
1715360400000,new_york,precipitation,0.2,1,1,1
1715364000000,new_york,precipitation,0.0,0,0,1
1715367600000,new_york,precipitation,0.0,0,0,1
1715371200000,new_york,precipitation,0.0,0,0,1
1715374800000,new_york,precipitation,0.5,0,1,0
1715378400000,new_york,precipitation,0.7,0,1,0
1715382000000,new_york,precipitation,0.21798966508697332,1,1,1
1715385600000,new_york,precipitation,0.0,0,0,1
1715389200000,new_york,precipitation,0.0,0,0,1
1715392800000,new_york,precipitation,0.0,0,0,1
1715396400000,new_york,precipitation,0.0,0,0,1
1715400000000,new_york,precipitation,0.0,0,0,1
1715403600000,new_york,precipitation,0.0,0,0,1
1715407200000,new_york,precipitation,0.0,0,0,1
1715410800000,new_york,precipitation,0.0,1,0,0
1715414400000,new_york,precipitation,0.0,0,0,1
1715418000000,new_york,precipitation,0.0,0,0,1
1715421600000,new_york,precipitation,0.0,0,0,1
1715425200000,new_york,precipitation,0.0,0,0,1
1715428800000,new_york,precipitation,0.0,0,0,1
1715432400000,new_york,precipitation,0.0,0,0,1
1715436000000,new_york,precipitation,0.0,0,0,1
1715439600000,new_york,precipitation,0.0,1,0,0
1715443200000,new_york,precipitation,0.0,0,0,1
1715446800000,new_york,precipitation,0.0,0,0,1
1715450400000,new_york,precipitation,0.0,0,0,1
1715454000000,new_york,precipitation,0.0,0,0,1
1715457600000,new_york,precipitation,0.0,0,0,1
1715461200000,new_york,precipitation,0.0,0,0,1
1715464800000,new_york,precipitation,0.0,0,0,1
1715468400000,new_york,precipitation,0.0,0,0,1
1715472000000,new_york,precipitation,0.0,0,0,1
1715475600000,new_york,precipitation,0.1,0,1,0
1715479200000,new_york,precipitation,0.1,0,1,0
1715482800000,new_york,precipitation,0.0,0,0,1
1715486400000,new_york,precipitation,0.0,0,0,1
1715490000000,new_york,precipitation,0.0,0,0,1
1715493600000,new_york,precipitation,0.2,0,1,0
1715497200000,new_york,precipitation,0.4,0,1,0
1715500800000,new_york,precipitation,1.0,1,1,1
1715504400000,new_york,precipitation,1.5,0,1,0
1715508000000,new_york,precipitation,1.8,0,1,0
1715511600000,new_york,precipitation,1.3,0,1,0
1715515200000,new_york,precipitation,0.6,1,1,1
1715518800000,new_york,precipitation,0.3,0,1,0
1715522400000,new_york,precipitation,0.1,1,1,1
1715526000000,new_york,precipitation,0.1,0,1,0
1715529600000,new_york,precipitation,0.1,1,1,1
1715533200000,new_york,precipitation,0.0,0,0,1
1715536800000,new_york,precipitation,0.0,0,0,1
1715540400000,new_york,precipitation,0.0,0,0,1
1715544000000,new_york,precipitation,0.0,0,0,1
1715547600000,new_york,precipitation,0.0,1,0,0
1715551200000,new_york,precipitation,0.0,0,0,1
1715554800000,new_york,precipitation,0.0,0,0,1
1715558400000,new_york,precipitation,0.0,0,0,1
1715562000000,new_york,precipitation,0.0,0,0,1
1715565600000,new_york,precipitation,0.0,1,0,0
1715569200000,new_york,precipitation,0.0,0,0,1
1715572800000,new_york,precipitation,0.0,0,0,1
1715576400000,new_york,precipitation,0.0,0,0,1
1715580000000,new_york,precipitation,0.0,1,0,0
1715583600000,new_york,precipitation,0.0,0,0,1
1715587200000,new_york,precipitation,0.0,0,0,1
1715590800000,new_york,precipitation,0.0,0,0,1
1715594400000,new_york,precipitation,0.0,0,0,1
1715598000000,new_york,precipitation,0.0,0,0,1
1715601600000,new_york,precipitation,0.0,0,0,1
1715605200000,new_york,precipitation,0.0,0,0,1
1715608800000,new_york,precipitation,0.0,0,0,1
1715612400000,new_york,precipitation,0.0,0,0,1
1715616000000,new_york,precipitation,0.0,0,0,1
1715619600000,new_york,precipitation,0.0,0,0,1
1715623200000,new_york,precipitation,0.0,0,0,1
1715626800000,new_york,precipitation,0.0,0,0,1
1715630400000,new_york,precipitation,0.0,0,0,1
1715634000000,new_york,precipitation,0.0,0,0,1
1715637600000,new_york,precipitation,0.0,0,0,1
1715641200000,new_york,precipitation,0.0,0,0,1
1715644800000,new_york,precipitation,0.0,0,0,1
1715648400000,new_york,precipitation,0.0,1,0,0
1715652000000,new_york,precipitation,0.0,0,0,1
1715655600000,new_york,precipitation,0.0,0,0,1
1715659200000,new_york,precipitation,0.0,0,0,1
1715662800000,new_york,precipitation,0.0,0,0,1
1715666400000,new_york,precipitation,0.0,0,0,1
1715670000000,new_york,precipitation,0.0,0,0,1
1715673600000,new_york,precipitation,0.0,0,0,1
1715677200000,new_york,precipitation,0.0,0,0,1
1715680800000,new_york,precipitation,0.0,1,0,0
1715684400000,new_york,precipitation,0.0,0,0,1
1715688000000,new_york,precipitation,0.0,0,0,1
1715691600000,new_york,precipitation,0.0,0,0,1
1715695200000,new_york,precipitation,0.0,0,0,1
1715698800000,new_york,precipitation,0.1,0,1,0
1715702400000,new_york,precipitation,0.1,0,1,0
1715706000000,new_york,precipitation,0.5745847251844344,1,1,1
1715709600000,new_york,precipitation,0.0,0,0,1
1715713200000,new_york,precipitation,0.0,0,0,1
1715716800000,new_york,precipitation,0.0,1,0,0
1715720400000,new_york,precipitation,1.0,0,1,0
1715724000000,new_york,precipitation,1.4,0,1,0
1715727600000,new_york,precipitation,0.1,0,1,0
1715731200000,new_york,precipitation,0.1,0,1,0
1715734800000,new_york,precipitation,0.1,0,1,0
1715738400000,new_york,precipitation,0.2,0,1,0
1715742000000,new_york,precipitation,0.1,0,1,0
1715745600000,new_york,precipitation,0.3,0,1,0
1715749200000,new_york,precipitation,0.3,0,1,0
1715752800000,new_york,precipitation,0.1094897896492413,1,1,1
1715756400000,new_york,precipitation,0.1,0,1,0
1715760000000,new_york,precipitation,0.0,0,0,1
1715763600000,new_york,precipitation,1.1,0,1,0
1715767200000,new_york,precipitation,1.0,0,1,0
1715770800000,new_york,precipitation,0.7,1,1,1
1715774400000,new_york,precipitation,0.6,0,1,0
1715778000000,new_york,precipitation,0.3179149938692858,1,1,1
1715781600000,new_york,precipitation,0.1,1,1,1
1715785200000,new_york,precipitation,0.2,0,1,0
1715788800000,new_york,precipitation,0.3,0,1,0
1715792400000,new_york,precipitation,0.2,0,1,0
1715796000000,new_york,precipitation,0.2,0,1,0
1715799600000,new_york,precipitation,0.1,1,1,1
1715803200000,new_york,precipitation,0.1,0,1,0
1715806800000,new_york,precipitation,0.4,0,1,0
1715810400000,new_york,precipitation,0.1,1,1,1
1715814000000,new_york,precipitation,0.1,1,1,1
1715817600000,new_york,precipitation,0.1,0,1,0
1715821200000,new_york,precipitation,0.2,0,1,0
1715824800000,new_york,precipitation,0.2,1,1,1
1715828400000,new_york,precipitation,0.3,0,1,0
1715832000000,new_york,precipitation,0.1,0,1,0
1715835600000,new_york,precipitation,0.1,1,1,1
1715839200000,new_york,precipitation,0.1,0,1,0
1715842800000,new_york,precipitation,0.1,0,1,0
1715846400000,new_york,precipitation,0.1,0,1,0
1715850000000,new_york,precipitation,0.2,0,1,0
1715853600000,new_york,precipitation,0.2,0,1,0
1715857200000,new_york,precipitation,0.2,0,1,0
1715860800000,new_york,precipitation,0.2,0,1,0
1715864400000,new_york,precipitation,0.4,0,1,0
1715868000000,new_york,precipitation,0.2,0,1,0
1715871600000,new_york,precipitation,0.4,0,1,0
1715875200000,new_york,precipitation,0.5,0,1,0
1715878800000,new_york,precipitation,0.2,1,1,1
1715882400000,new_york,precipitation,0.3,0,1,0
1715886000000,new_york,precipitation,0.33198569283817997,1,1,1
1715889600000,new_york,precipitation,0.2,1,1,1
1715893200000,new_york,precipitation,0.2,0,1,0
1715896800000,new_york,precipitation,0.0,0,0,1
1715900400000,new_york,precipitation,0.0,0,0,1
1715904000000,new_york,precipitation,0.0,0,0,1
1715907600000,new_york,precipitation,0.0,0,0,1
1715911200000,new_york,precipitation,0.0,0,0,1
1715914800000,new_york,precipitation,0.0,1,0,0
1715918400000,new_york,precipitation,0.0,0,0,1
1715922000000,new_york,precipitation,0.0,0,0,1
1715925600000,new_york,precipitation,0.0,1,0,0
1715929200000,new_york,precipitation,0.0,0,0,1
1715932800000,new_york,precipitation,0.0,0,0,1
1715936400000,new_york,precipitation,0.0,0,0,1
1715940000000,new_york,precipitation,0.0,1,0,0
1715943600000,new_york,precipitation,0.0,0,0,1
1715947200000,new_york,precipitation,0.0,0,0,1
1715950800000,new_york,precipitation,0.0,0,0,1
1715954400000,new_york,precipitation,0.0,0,0,1
1715958000000,new_york,precipitation,0.0,0,0,1
1715961600000,new_york,precipitation,0.0,0,0,1
1715965200000,new_york,precipitation,0.0,0,0,1
1715968800000,new_york,precipitation,0.0,0,0,1
1715972400000,new_york,precipitation,0.0,0,0,1
1715976000000,new_york,precipitation,0.0,0,0,1
1715979600000,new_york,precipitation,0.0,0,0,1
1715983200000,new_york,precipitation,0.0,1,0,0
1715986800000,new_york,precipitation,0.0,0,0,1
1715990400000,new_york,precipitation,0.0,0,0,1
1715994000000,new_york,precipitation,0.0,0,0,1
1715997600000,new_york,precipitation,0.0,0,0,1
1716001200000,new_york,precipitation,0.0,0,0,1
1716004800000,new_york,precipitation,0.0,1,0,0
1716008400000,new_york,precipitation,0.0,0,0,1
1716012000000,new_york,precipitation,0.0,1,0,0
1716015600000,new_york,precipitation,0.0,0,0,1
1716019200000,new_york,precipitation,0.0,1,0,0
1716022800000,new_york,precipitation,0.0,0,0,1
1716026400000,new_york,precipitation,0.0,0,0,1
1716030000000,new_york,precipitation,0.0,0,0,1
1716033600000,new_york,precipitation,0.0,0,0,1
1716037200000,new_york,precipitation,0.0,0,0,1
1716040800000,new_york,precipitation,0.0,0,0,1
1716044400000,new_york,precipitation,0.0,1,0,0
1716048000000,new_york,precipitation,0.1,1,1,1
1716051600000,new_york,precipitation,0.3,0,1,0
1716055200000,new_york,precipitation,0.4,0,1,0
1716058800000,new_york,precipitation,0.4,0,1,0
1716062400000,new_york,precipitation,0.3,0,1,0
1716066000000,new_york,precipitation,0.2,0,1,0
1716069600000,new_york,precipitation,0.4,0,1,0
1716073200000,new_york,precipitation,0.1,0,1,0
1716076800000,new_york,precipitation,0.0,0,0,1
1716080400000,new_york,precipitation,0.0,0,0,1
1716084000000,new_york,precipitation,0.0,0,0,1
1716087600000,new_york,precipitation,0.0,0,0,1
1716091200000,new_york,precipitation,0.0,0,0,1
1716094800000,new_york,precipitation,0.0,0,0,1
1716098400000,new_york,precipitation,0.0,0,0,1
1716102000000,new_york,precipitation,0.0,0,0,1
1716105600000,new_york,precipitation,0.0,0,0,1
1716109200000,new_york,precipitation,0.0,0,0,1
1716112800000,new_york,precipitation,0.0,0,0,1
1716116400000,new_york,precipitation,0.0,1,0,0
1716120000000,new_york,precipitation,0.0,0,0,1
1716123600000,new_york,precipitation,0.0,0,0,1
1716127200000,new_york,precipitation,0.1,0,1,0
1716130800000,new_york,precipitation,0.1,0,1,0
1716134400000,new_york,precipitation,0.0,0,0,1
1716138000000,new_york,precipitation,0.0,0,0,1
1716141600000,new_york,precipitation,0.0,0,0,1
1716145200000,new_york,precipitation,0.0,0,0,1
1716148800000,new_york,precipitation,0.0,0,0,1
1716152400000,new_york,precipitation,0.0,0,0,1
1716156000000,new_york,precipitation,0.0,1,0,0
1716159600000,new_york,precipitation,0.0,0,0,1
1716163200000,new_york,precipitation,0.0,0,0,1
1716166800000,new_york,precipitation,0.0,0,0,1
1716170400000,new_york,precipitation,0.0,1,0,0
1716174000000,new_york,precipitation,0.0,0,0,1
1716177600000,new_york,precipitation,0.0,0,0,1
1716181200000,new_york,precipitation,0.0,0,0,1
1716184800000,new_york,precipitation,0.0,0,0,1
1716188400000,new_york,precipitation,0.0,0,0,1
1716192000000,new_york,precipitation,0.0,0,0,1
1716195600000,new_york,precipitation,0.0,0,0,1
1716199200000,new_york,precipitation,0.0,0,0,1
1716202800000,new_york,precipitation,0.0,0,0,1
1716206400000,new_york,precipitation,0.0,0,0,1
1716210000000,new_york,precipitation,0.0,1,0,0
1716213600000,new_york,precipitation,0.0,0,0,1
1716217200000,new_york,precipitation,0.0,0,0,1
1716220800000,new_york,precipitation,0.0,0,0,1
1716224400000,new_york,precipitation,0.0,0,0,1
1716228000000,new_york,precipitation,0.0,1,0,0
1716231600000,new_york,precipitation,0.0,0,0,1
1716235200000,new_york,precipitation,0.0,0,0,1
1716238800000,new_york,precipitation,0.0,0,0,1
1716242400000,new_york,precipitation,0.0,0,0,1
1716246000000,new_york,precipitation,0.0,0,0,1
1716249600000,new_york,precipitation,0.0,0,0,1
1716253200000,new_york,precipitation,0.0,0,0,1
1716256800000,new_york,precipitation,0.0,0,0,1
1716260400000,new_york,precipitation,0.0,0,0,1
1716264000000,new_york,precipitation,0.0,0,0,1
1716267600000,new_york,precipitation,0.0,0,0,1
1716271200000,new_york,precipitation,0.0,1,0,0
1716274800000,new_york,precipitation,0.0,0,0,1
1716278400000,new_york,precipitation,0.0,0,0,1
1716282000000,new_york,precipitation,0.0,0,0,1
1716285600000,new_york,precipitation,0.0,0,0,1
1716289200000,new_york,precipitation,0.0,0,0,1
1716292800000,new_york,precipitation,0.0,0,0,1
1716296400000,new_york,precipitation,0.0,1,0,0
1716300000000,new_york,precipitation,0.0,0,0,1
1716303600000,new_york,precipitation,0.0,0,0,1
1716307200000,new_york,precipitation,0.0,0,0,1
1716310800000,new_york,precipitation,0.0,0,0,1
1716314400000,new_york,precipitation,0.0,0,0,1
1716318000000,new_york,precipitation,0.0,0,0,1
1716321600000,new_york,precipitation,0.0,0,0,1
1716325200000,new_york,precipitation,0.0,0,0,1
1716328800000,new_york,precipitation,0.0,0,0,1
1716332400000,new_york,precipitation,0.0,0,0,1
1716336000000,new_york,precipitation,0.0,1,0,0
1716339600000,new_york,precipitation,0.0,0,0,1
1716343200000,new_york,precipitation,0.0,0,0,1
1716346800000,new_york,precipitation,0.0,0,0,1
1716350400000,new_york,precipitation,0.0,0,0,1
1716354000000,new_york,precipitation,0.0,0,0,1
1716357600000,new_york,precipitation,0.0,0,0,1
1716361200000,new_york,precipitation,0.0,0,0,1
1716364800000,new_york,precipitation,0.0,0,0,1
1716368400000,new_york,precipitation,0.0,0,0,1
1716372000000,new_york,precipitation,0.0,1,0,0
1716375600000,new_york,precipitation,0.0,0,0,1
1716379200000,new_york,precipitation,0.0,0,0,1
1716382800000,new_york,precipitation,0.0,0,0,1
1716386400000,new_york,precipitation,0.0,0,0,1
1716390000000,new_york,precipitation,0.0,0,0,1
1716393600000,new_york,precipitation,0.0,0,0,1
1716397200000,new_york,precipitation,0.0,0,0,1
1716400800000,new_york,precipitation,0.0,0,0,1
1716404400000,new_york,precipitation,0.0,1,0,0
1716408000000,new_york,precipitation,0.0,0,0,1
1716411600000,new_york,precipitation,0.0,1,0,0
1716415200000,new_york,precipitation,0.0,0,0,1
1716418800000,new_york,precipitation,0.0,0,0,1
1716422400000,new_york,precipitation,0.0,0,0,1
1716426000000,new_york,precipitation,0.0,0,0,1
1716429600000,new_york,precipitation,0.0,0,0,1
1716433200000,new_york,precipitation,0.0,0,0,1
1716436800000,new_york,precipitation,0.0,1,0,0
1716440400000,new_york,precipitation,0.0,0,0,1
1716444000000,new_york,precipitation,0.3,0,1,0
1716447600000,new_york,precipitation,0.0,1,0,0
1716451200000,new_york,precipitation,0.0,0,0,1
1716454800000,new_york,precipitation,1.6,0,1,0
1716458400000,new_york,precipitation,0.5,0,1,0
1716462000000,new_york,precipitation,0.6,1,1,1
1716465600000,new_york,precipitation,0.0,0,0,1
1716469200000,new_york,precipitation,0.0,0,0,1
1716472800000,new_york,precipitation,0.0,0,0,1
1716476400000,new_york,precipitation,0.0,0,0,1
1716480000000,new_york,precipitation,0.0,0,0,1
1716483600000,new_york,precipitation,0.0,1,0,0
1716487200000,new_york,precipitation,0.0,0,0,1
1716490800000,new_york,precipitation,0.0,0,0,1
1716494400000,new_york,precipitation,0.0,0,0,1
1716498000000,new_york,precipitation,0.0,0,0,1
1716501600000,new_york,precipitation,0.0,1,0,0
1716505200000,new_york,precipitation,0.0,0,0,1
1716508800000,new_york,precipitation,0.0,0,0,1
1716512400000,new_york,precipitation,0.0,0,0,1
1716516000000,new_york,precipitation,0.0,0,0,1
1716519600000,new_york,precipitation,0.0,0,0,1
1716523200000,new_york,precipitation,0.0,0,0,1
1716526800000,new_york,precipitation,0.0,0,0,1
1716530400000,new_york,precipitation,0.0,0,0,1
1716534000000,new_york,precipitation,0.0,0,0,1
1716537600000,new_york,precipitation,0.0,0,0,1
1716541200000,new_york,precipitation,0.0,0,0,1
1716544800000,new_york,precipitation,0.0,0,0,1
1716548400000,new_york,precipitation,0.0,0,0,1
1716552000000,new_york,precipitation,0.0,0,0,1
1716555600000,new_york,precipitation,0.0,1,0,0
1716559200000,new_york,precipitation,0.0,1,0,0
1716562800000,new_york,precipitation,0.0,0,0,1
1716566400000,new_york,precipitation,0.0,1,0,0
1716570000000,new_york,precipitation,0.0,0,0,1
1716573600000,new_york,precipitation,0.0,0,0,1
1716577200000,new_york,precipitation,0.0,0,0,1
1716580800000,new_york,precipitation,0.0,1,0,0
1716584400000,new_york,precipitation,0.0,0,0,1
1716588000000,new_york,precipitation,0.0,0,0,1
1716591600000,new_york,precipitation,0.0,0,0,1
1716595200000,new_york,precipitation,0.0,0,0,1
1716598800000,new_york,precipitation,0.0,0,0,1
1716602400000,new_york,precipitation,0.0,0,0,1
1716606000000,new_york,precipitation,0.0,0,0,1
1716609600000,new_york,precipitation,0.0,1,0,0
1716613200000,new_york,precipitation,0.0,0,0,1
1716616800000,new_york,precipitation,0.0,0,0,1
1716620400000,new_york,precipitation,0.0,0,0,1
1716624000000,new_york,precipitation,0.0,0,0,1
1716627600000,new_york,precipitation,0.0,1,0,0
1716631200000,new_york,precipitation,0.0,0,0,1
1716634800000,new_york,precipitation,0.0,0,0,1
1716638400000,new_york,precipitation,0.0,0,0,1
1716642000000,new_york,precipitation,0.0,0,0,1
1716645600000,new_york,precipitation,0.0,0,0,1
1716649200000,new_york,precipitation,0.0,0,0,1
1716652800000,new_york,precipitation,0.0,0,0,1
1716656400000,new_york,precipitation,0.0,0,0,1
1716660000000,new_york,precipitation,0.0,0,0,1
1716663600000,new_york,precipitation,0.0,0,0,1
1716667200000,new_york,precipitation,0.0,0,0,1
1716670800000,new_york,precipitation,0.0,0,0,1
1716674400000,new_york,precipitation,0.0,0,0,1
1716678000000,new_york,precipitation,0.0,1,0,0
1716681600000,new_york,precipitation,0.1,1,1,1
1716685200000,new_york,precipitation,0.0,0,0,1
1716688800000,new_york,precipitation,0.1118656996032853,1,1,1
1716692400000,new_york,precipitation,0.0,0,0,1
1716696000000,new_york,precipitation,0.0,0,0,1
1716699600000,new_york,precipitation,0.0,1,0,0
1716703200000,new_york,precipitation,0.0,0,0,1
1716706800000,new_york,precipitation,0.0,0,0,1
1716710400000,new_york,precipitation,0.0,1,0,0
1716714000000,new_york,precipitation,0.0,0,0,1
1716717600000,new_york,precipitation,0.0,0,0,1
1716721200000,new_york,precipitation,0.0,0,0,1
1716724800000,new_york,precipitation,0.0,1,0,0
1716728400000,new_york,precipitation,0.0,0,0,1
1716732000000,new_york,precipitation,0.0,0,0,1
1716735600000,new_york,precipitation,0.0,0,0,1
1716739200000,new_york,precipitation,0.0,0,0,1
1716742800000,new_york,precipitation,0.0,0,0,1
1716746400000,new_york,precipitation,0.0,1,0,0
1716750000000,new_york,precipitation,0.0,0,0,1
1716753600000,new_york,precipitation,0.0,1,0,0
1716757200000,new_york,precipitation,0.0,0,0,1
1716760800000,new_york,precipitation,0.0,0,0,1
1716764400000,new_york,precipitation,0.0,0,0,1
1716768000000,new_york,precipitation,0.0,0,0,1
1716771600000,new_york,precipitation,0.0,0,0,1
1716775200000,new_york,precipitation,0.0,0,0,1
1716778800000,new_york,precipitation,0.0,0,0,1
1716782400000,new_york,precipitation,0.0,0,0,1
1716786000000,new_york,precipitation,0.2,1,1,1
1716789600000,new_york,precipitation,0.0,0,0,1
1716793200000,new_york,precipitation,0.0,0,0,1
1716796800000,new_york,precipitation,0.3,0,1,0
1716800400000,new_york,precipitation,0.1,0,1,0
1716804000000,new_york,precipitation,0.3,0,1,0
1716807600000,new_york,precipitation,0.0,1,0,0
1716811200000,new_york,precipitation,0.1,0,1,0
1716814800000,new_york,precipitation,0.1,1,1,1
1716818400000,new_york,precipitation,0.6,0,1,0
1716822000000,new_york,precipitation,2.9,0,1,0
1716825600000,new_york,precipitation,1.2,0,1,0
1716829200000,new_york,precipitation,1.6,0,1,0
1716832800000,new_york,precipitation,1.1,0,1,0
1716836400000,new_york,precipitation,4.9,0,1,0
1716840000000,new_york,precipitation,0.7,0,1,0
1716843600000,new_york,precipitation,8.6,0,1,0
1716847200000,new_york,precipitation,10.4,0,1,0
1716850800000,new_york,precipitation,1.5,1,1,1
1716854400000,new_york,precipitation,0.0,1,0,0
1716858000000,new_york,precipitation,0.0,0,0,1
1716861600000,new_york,precipitation,0.0,0,0,1
1716865200000,new_york,precipitation,0.0,1,0,0
1716868800000,new_york,precipitation,0.0,0,0,1
1716872400000,new_york,precipitation,0.0,0,0,1
1716876000000,new_york,precipitation,0.0,0,0,1
1716879600000,new_york,precipitation,0.0,0,0,1
1716883200000,new_york,precipitation,0.0,0,0,1
1716886800000,new_york,precipitation,0.0,0,0,1
1716890400000,new_york,precipitation,0.0,0,0,1
1716894000000,new_york,precipitation,0.0,0,0,1
1716897600000,new_york,precipitation,0.0,0,0,1
1716901200000,new_york,precipitation,0.0,0,0,1
1716904800000,new_york,precipitation,0.0,0,0,1
1716908400000,new_york,precipitation,0.0,1,0,0
1716912000000,new_york,precipitation,0.0,0,0,1
1716915600000,new_york,precipitation,0.0,1,0,0
1716919200000,new_york,precipitation,0.0,0,0,1
1716922800000,new_york,precipitation,0.0,0,0,1
1716926400000,new_york,precipitation,0.0,0,0,1
1716930000000,new_york,precipitation,0.0,0,0,1
1716933600000,new_york,precipitation,0.0,0,0,1
1716937200000,new_york,precipitation,0.0,0,0,1
1716940800000,new_york,precipitation,0.0,0,0,1
1716944400000,new_york,precipitation,0.0,0,0,1
1716948000000,new_york,precipitation,0.0,0,0,1
1716951600000,new_york,precipitation,0.0,0,0,1
1716955200000,new_york,precipitation,0.0,0,0,1
1716958800000,new_york,precipitation,0.0,0,0,1
1716962400000,new_york,precipitation,0.0,0,0,1
1716966000000,new_york,precipitation,0.0,0,0,1
1716969600000,new_york,precipitation,0.0,0,0,1
1716973200000,new_york,precipitation,0.0,0,0,1
1716976800000,new_york,precipitation,0.0,0,0,1
1716980400000,new_york,precipitation,0.0,0,0,1
1716984000000,new_york,precipitation,0.1,0,1,0
1716987600000,new_york,precipitation,0.1,0,1,0
1716991200000,new_york,precipitation,0.0,0,0,1
1716994800000,new_york,precipitation,0.0,0,0,1
1716998400000,new_york,precipitation,0.0,0,0,1
1717002000000,new_york,precipitation,0.0,0,0,1
1717005600000,new_york,precipitation,0.6,0,1,0
1717009200000,new_york,precipitation,0.0,0,0,1
1717012800000,new_york,precipitation,0.6,1,1,1
1717016400000,new_york,precipitation,5.0,0,1,0
1717020000000,new_york,precipitation,3.2,0,1,0
1717023600000,new_york,precipitation,2.8,0,1,0
1717027200000,new_york,precipitation,1.4,0,1,0
1717030800000,new_york,precipitation,0.7,0,1,0
1717034400000,new_york,precipitation,0.0,0,0,1
1717038000000,new_york,precipitation,0.0,0,0,1
1717041600000,new_york,precipitation,0.0,0,0,1
1717045200000,new_york,precipitation,0.0,0,0,1
1717048800000,new_york,precipitation,0.0,0,0,1
1717052400000,new_york,precipitation,0.0,0,0,1
1717056000000,new_york,precipitation,0.0,0,0,1
1717059600000,new_york,precipitation,0.0,0,0,1
1717063200000,new_york,precipitation,0.0,0,0,1
1717066800000,new_york,precipitation,0.0,0,0,1
1717070400000,new_york,precipitation,0.0,1,0,0
1717074000000,new_york,precipitation,0.0,0,0,1
1717077600000,new_york,precipitation,0.0,0,0,1
1717081200000,new_york,precipitation,0.0,0,0,1
1717084800000,new_york,precipitation,0.1,0,1,0
1717088400000,new_york,precipitation,0.0,0,0,1
1717092000000,new_york,precipitation,0.0,1,0,0
1717095600000,new_york,precipitation,0.0,0,0,1
1717099200000,new_york,precipitation,0.0,0,0,1
1717102800000,new_york,precipitation,0.0,0,0,1
1717106400000,new_york,precipitation,0.0,1,0,0
1717110000000,new_york,precipitation,0.0,1,0,0
1717113600000,new_york,precipitation,0.0,0,0,1
1717117200000,new_york,precipitation,0.0,0,0,1
1717120800000,new_york,precipitation,0.0,1,0,0
1717124400000,new_york,precipitation,0.0,0,0,1
1717128000000,new_york,precipitation,0.0,0,0,1
1717131600000,new_york,precipitation,0.0,0,0,1
1717135200000,new_york,precipitation,0.0,0,0,1
1717138800000,new_york,precipitation,0.0,0,0,1
1717142400000,new_york,precipitation,0.0,0,0,1
1717146000000,new_york,precipitation,0.0,0,0,1
1717149600000,new_york,precipitation,0.0,1,0,0
1717153200000,new_york,precipitation,0.0,0,0,1
1717156800000,new_york,precipitation,0.0,1,0,0
1717160400000,new_york,precipitation,0.0,0,0,1
1717164000000,new_york,precipitation,0.0,0,0,1
1717167600000,new_york,precipitation,0.0,1,0,0
1717171200000,new_york,precipitation,0.0,1,0,0
1717174800000,new_york,precipitation,0.0,1,0,0
1717178400000,new_york,precipitation,0.0,0,0,1
1717182000000,new_york,precipitation,0.0,0,0,1
1717185600000,new_york,precipitation,0.0,1,0,0
1717189200000,new_york,precipitation,0.0,0,0,1
1717192800000,new_york,precipitation,0.0,1,0,0
1717196400000,new_york,precipitation,0.0,1,0,0
1717200000000,new_york,precipitation,0.0,0,0,1
1717203600000,new_york,precipitation,0.0,0,0,1
1717207200000,new_york,precipitation,0.0,0,0,1
1717210800000,new_york,precipitation,0.0,0,0,1
1717214400000,new_york,precipitation,0.0,1,0,0
1717218000000,new_york,precipitation,0.0,0,0,1
1717221600000,new_york,precipitation,0.0,0,0,1
1717225200000,new_york,precipitation,0.0,0,0,1
1717228800000,new_york,precipitation,0.0,0,0,1
1717232400000,new_york,precipitation,0.0,0,0,1
1717236000000,new_york,precipitation,0.0,0,0,1
1717239600000,new_york,precipitation,0.0,0,0,1
1717243200000,new_york,precipitation,0.0,1,0,0
1717246800000,new_york,precipitation,0.0,0,0,1
1717250400000,new_york,precipitation,0.0,0,0,1
1717254000000,new_york,precipitation,0.0,1,0,0
1717257600000,new_york,precipitation,0.0,0,0,1
1717261200000,new_york,precipitation,0.0,0,0,1
1717264800000,new_york,precipitation,0.0,1,0,0
1717268400000,new_york,precipitation,0.0,0,0,1
1717272000000,new_york,precipitation,0.0,0,0,1
1717275600000,new_york,precipitation,0.0,1,0,0
1717279200000,new_york,precipitation,0.0,0,0,1
1717282800000,new_york,precipitation,0.0,0,0,1
1717286400000,new_york,precipitation,0.0,0,0,1
1717290000000,new_york,precipitation,0.0,0,0,1
1717293600000,new_york,precipitation,0.0,0,0,1
1717297200000,new_york,precipitation,0.0,0,0,1
1717300800000,new_york,precipitation,0.0,0,0,1
1717304400000,new_york,precipitation,0.0,0,0,1
1717308000000,new_york,precipitation,0.0,0,0,1
1717311600000,new_york,precipitation,0.0,0,0,1
1717315200000,new_york,precipitation,0.0,0,0,1
1717318800000,new_york,precipitation,0.0,0,0,1
1717322400000,new_york,precipitation,0.0,0,0,1
1717326000000,new_york,precipitation,0.0,0,0,1
1717329600000,new_york,precipitation,0.0,0,0,1
1717333200000,new_york,precipitation,0.0,0,0,1
1717336800000,new_york,precipitation,0.0,0,0,1
1717340400000,new_york,precipitation,0.0,1,0,0
1717344000000,new_york,precipitation,0.0,0,0,1
1717347600000,new_york,precipitation,0.0,0,0,1
1717351200000,new_york,precipitation,0.0,0,0,1
1717354800000,new_york,precipitation,0.0,1,0,0
1717358400000,new_york,precipitation,0.0,1,0,0
1717362000000,new_york,precipitation,0.0,0,0,1
1717365600000,new_york,precipitation,0.0,0,0,1
1717369200000,new_york,precipitation,0.0,0,0,1
1717372800000,new_york,precipitation,0.0,0,0,1
1717376400000,new_york,precipitation,0.0,0,0,1
1717380000000,new_york,precipitation,0.0,1,0,0
1717383600000,new_york,precipitation,0.0,0,0,1
1717387200000,new_york,precipitation,0.0,0,0,1
1717390800000,new_york,precipitation,0.0,0,0,1
1717394400000,new_york,precipitation,0.0,1,0,0
1717398000000,new_york,precipitation,0.0,0,0,1
1717401600000,new_york,precipitation,0.0,1,0,0
1717405200000,new_york,precipitation,0.0,0,0,1
1717408800000,new_york,precipitation,0.0,0,0,1
1717412400000,new_york,precipitation,0.0,0,0,1
1717416000000,new_york,precipitation,0.0,0,0,1
1717419600000,new_york,precipitation,0.0,0,0,1
1717423200000,new_york,precipitation,0.0,1,0,0
1717426800000,new_york,precipitation,0.0,1,0,0
1717430400000,new_york,precipitation,0.0,1,0,0
1717434000000,new_york,precipitation,0.1,0,1,0
1717437600000,new_york,precipitation,0.1,0,1,0
1717441200000,new_york,precipitation,0.0,0,0,1
1717444800000,new_york,precipitation,0.0,0,0,1
1717448400000,new_york,precipitation,0.0,0,0,1
1717452000000,new_york,precipitation,0.0,0,0,1
1717455600000,new_york,precipitation,0.0,1,0,0
1717459200000,new_york,precipitation,0.0,0,0,1
1717462800000,new_york,precipitation,0.0,1,0,0
1717466400000,new_york,precipitation,0.0,0,0,1
1717470000000,new_york,precipitation,0.0,0,0,1
1717473600000,new_york,precipitation,0.0,0,0,1
1717477200000,new_york,precipitation,0.0,0,0,1
1717480800000,new_york,precipitation,0.0,0,0,1
1717484400000,new_york,precipitation,0.0,0,0,1
1717488000000,new_york,precipitation,0.0,1,0,0
1717491600000,new_york,precipitation,0.0,0,0,1
1717495200000,new_york,precipitation,0.0,0,0,1
1717498800000,new_york,precipitation,0.0,0,0,1
1717502400000,new_york,precipitation,0.0,0,0,1
1717506000000,new_york,precipitation,0.0,1,0,0
1717509600000,new_york,precipitation,0.0,0,0,1
1717513200000,new_york,precipitation,0.0,0,0,1
1717516800000,new_york,precipitation,0.0,0,0,1
1717520400000,new_york,precipitation,0.0,0,0,1
1717524000000,new_york,precipitation,0.0,0,0,1
1717527600000,new_york,precipitation,0.0,0,0,1
1717531200000,new_york,precipitation,0.0,0,0,1
1717534800000,new_york,precipitation,0.0,0,0,1
1717538400000,new_york,precipitation,0.0,0,0,1
1717542000000,new_york,precipitation,0.0,0,0,1
1717545600000,new_york,precipitation,0.0,0,0,1
1717549200000,new_york,precipitation,0.0,0,0,1
1717552800000,new_york,precipitation,0.0,0,0,1
1717556400000,new_york,precipitation,0.0,0,0,1
1717560000000,new_york,precipitation,0.0,0,0,1
1717563600000,new_york,precipitation,0.0,0,0,1
1717567200000,new_york,precipitation,0.0,0,0,1
1717570800000,new_york,precipitation,0.0,0,0,1
1717574400000,new_york,precipitation,0.0,0,0,1
1717578000000,new_york,precipitation,0.0,0,0,1
1717581600000,new_york,precipitation,0.0,0,0,1
1717585200000,new_york,precipitation,0.1,0,1,0
1717588800000,new_york,precipitation,0.0,0,0,1
1717592400000,new_york,precipitation,0.0,0,0,1
1717596000000,new_york,precipitation,0.0,0,0,1
1717599600000,new_york,precipitation,0.0,0,0,1
1717603200000,new_york,precipitation,0.1,0,1,0
1717606800000,new_york,precipitation,0.0,1,0,0
1717610400000,new_york,precipitation,0.0,0,0,1
1717614000000,new_york,precipitation,0.0,0,0,1
1717617600000,new_york,precipitation,0.0,0,0,1
1717621200000,new_york,precipitation,5.2,0,1,0
1717624800000,new_york,precipitation,0.5,0,1,0
1717628400000,new_york,precipitation,0.7,0,1,0
1717632000000,new_york,precipitation,0.2,1,1,1
1717635600000,new_york,precipitation,0.2,0,1,0
1717639200000,new_york,precipitation,3.3,0,1,0
1717642800000,new_york,precipitation,2.9,0,1,0
1717646400000,new_york,precipitation,11.5,0,1,0
1717650000000,new_york,precipitation,0.6,0,1,0
1717653600000,new_york,precipitation,0.0,0,0,1
1717657200000,new_york,precipitation,0.0,0,0,1
1717660800000,new_york,precipitation,0.0,0,0,1
1717664400000,new_york,precipitation,0.7,1,1,1
1717668000000,new_york,precipitation,0.1,0,1,0
1717671600000,new_york,precipitation,0.1,1,1,1
1717675200000,new_york,precipitation,0.1,0,1,0
1717678800000,new_york,precipitation,0.3,0,1,0
1717682400000,new_york,precipitation,3.0,0,1,0
1717686000000,new_york,precipitation,3.8,1,1,1
1717689600000,new_york,precipitation,12.5,0,1,0
1717693200000,new_york,precipitation,1.2,0,1,0
1717696800000,new_york,precipitation,0.0,0,0,1
1717700400000,new_york,precipitation,0.0,0,0,1
1717704000000,new_york,precipitation,0.0,0,0,1
1717707600000,new_york,precipitation,0.0,0,0,1
1717711200000,new_york,precipitation,0.0,0,0,1
1717714800000,new_york,precipitation,0.0,0,0,1
1717718400000,new_york,precipitation,0.2,0,1,0
1717722000000,new_york,precipitation,0.3,0,1,0
1717725600000,new_york,precipitation,0.0,0,0,1
1717729200000,new_york,precipitation,0.0,0,0,1
1717732800000,new_york,precipitation,0.0,0,0,1
1717736400000,new_york,precipitation,0.0,0,0,1
1717740000000,new_york,precipitation,0.0,0,0,1
1717743600000,new_york,precipitation,0.0,0,0,1
1717747200000,new_york,precipitation,0.0,1,0,0
1717750800000,new_york,precipitation,0.0,0,0,1
1717754400000,new_york,precipitation,0.0,0,0,1
1717758000000,new_york,precipitation,0.0,0,0,1
1717761600000,new_york,precipitation,0.0,0,0,1
1717765200000,new_york,precipitation,0.0,0,0,1
1717768800000,new_york,precipitation,0.0,0,0,1
1717772400000,new_york,precipitation,0.0,0,0,1
1717776000000,new_york,precipitation,0.0,1,0,0
1717779600000,new_york,precipitation,0.0,1,0,0
1717783200000,new_york,precipitation,0.0,0,0,1
1717786800000,new_york,precipitation,0.0,0,0,1
1717790400000,new_york,precipitation,0.0,0,0,1
1717794000000,new_york,precipitation,0.0,0,0,1
1717797600000,new_york,precipitation,0.0,0,0,1
1717801200000,new_york,precipitation,0.0,0,0,1
1717804800000,new_york,precipitation,0.0,0,0,1
1717808400000,new_york,precipitation,0.0,0,0,1
1717812000000,new_york,precipitation,0.0,0,0,1
1717815600000,new_york,precipitation,0.0,1,0,0
1717819200000,new_york,precipitation,0.0,0,0,1
1717822800000,new_york,precipitation,0.0,0,0,1
1717826400000,new_york,precipitation,0.0,0,0,1
1717830000000,new_york,precipitation,0.0,1,0,0
1717833600000,new_york,precipitation,0.0,0,0,1
1717837200000,new_york,precipitation,0.0,0,0,1
1717840800000,new_york,precipitation,0.0,0,0,1
1717844400000,new_york,precipitation,0.0,0,0,1
1717848000000,new_york,precipitation,0.0,0,0,1
1717851600000,new_york,precipitation,0.0,0,0,1
1717855200000,new_york,precipitation,0.0,0,0,1
1717858800000,new_york,precipitation,0.0,0,0,1
1717862400000,new_york,precipitation,0.0,0,0,1
1717866000000,new_york,precipitation,0.0,1,0,0
1717869600000,new_york,precipitation,0.0,0,0,1
1717873200000,new_york,precipitation,0.0,0,0,1
1717876800000,new_york,precipitation,0.0,0,0,1
1717880400000,new_york,precipitation,0.0,0,0,1
1717884000000,new_york,precipitation,0.0,0,0,1
1717887600000,new_york,precipitation,0.0,0,0,1
1717891200000,new_york,precipitation,0.0,0,0,1
1717894800000,new_york,precipitation,0.0,1,0,0
1717898400000,new_york,precipitation,0.0,0,0,1
1717902000000,new_york,precipitation,0.0,0,0,1
1717905600000,new_york,precipitation,0.0,0,0,1
1717909200000,new_york,precipitation,0.0,0,0,1
1717912800000,new_york,precipitation,0.0,0,0,1
1717916400000,new_york,precipitation,0.0,0,0,1
1717920000000,new_york,precipitation,0.0,1,0,0
1717923600000,new_york,precipitation,0.0,0,0,1
1717927200000,new_york,precipitation,0.1,0,1,0
1717930800000,new_york,precipitation,0.0,0,0,1
1717934400000,new_york,precipitation,0.0,0,0,1
1717938000000,new_york,precipitation,0.0,0,0,1
1717941600000,new_york,precipitation,0.0,0,0,1
1717945200000,new_york,precipitation,0.0,0,0,1
1717948800000,new_york,precipitation,0.0,0,0,1
1717952400000,new_york,precipitation,0.0,0,0,1
1717956000000,new_york,precipitation,0.0,0,0,1
1717959600000,new_york,precipitation,0.0,1,0,0
1717963200000,new_york,precipitation,0.0,1,0,0
1717966800000,new_york,precipitation,0.0,0,0,1
1717970400000,new_york,precipitation,0.0,0,0,1
1717974000000,new_york,precipitation,0.0,0,0,1
1717977600000,new_york,precipitation,0.0,0,0,1
1717981200000,new_york,precipitation,0.0,0,0,1
1717984800000,new_york,precipitation,0.0,0,0,1
1717988400000,new_york,precipitation,0.0,0,0,1
1717992000000,new_york,precipitation,0.0,1,0,0
1717995600000,new_york,precipitation,0.0,0,0,1
1717999200000,new_york,precipitation,0.0,0,0,1
1718002800000,new_york,precipitation,0.0,0,0,1
1718006400000,new_york,precipitation,0.0,0,0,1
1718010000000,new_york,precipitation,0.0,0,0,1
1718013600000,new_york,precipitation,0.0,0,0,1
1718017200000,new_york,precipitation,0.0,0,0,1
1718020800000,new_york,precipitation,0.0,0,0,1
1718024400000,new_york,precipitation,0.0,0,0,1
1718028000000,new_york,precipitation,0.0,1,0,0
1718031600000,new_york,precipitation,0.0,0,0,1
1718035200000,new_york,precipitation,0.0,0,0,1
1718038800000,new_york,precipitation,0.0,0,0,1
1718042400000,new_york,precipitation,0.0,0,0,1
1718046000000,new_york,precipitation,0.0,0,0,1
1718049600000,new_york,precipitation,0.0,0,0,1
1718053200000,new_york,precipitation,0.0,0,0,1
1718056800000,new_york,precipitation,0.0,0,0,1
1718060400000,new_york,precipitation,0.0,0,0,1
1718064000000,new_york,precipitation,0.0,0,0,1
1718067600000,new_york,precipitation,0.0,1,0,0
1718071200000,new_york,precipitation,0.0,0,0,1
1718074800000,new_york,precipitation,0.0,1,0,0
1718078400000,new_york,precipitation,0.0,0,0,1
1718082000000,new_york,precipitation,0.0,0,0,1
1718085600000,new_york,precipitation,0.0,0,0,1
1718089200000,new_york,precipitation,0.0,0,0,1
1718092800000,new_york,precipitation,0.0,0,0,1
1718096400000,new_york,precipitation,0.0,0,0,1
1718100000000,new_york,precipitation,0.0,1,0,0
1718103600000,new_york,precipitation,0.0,0,0,1
1718107200000,new_york,precipitation,0.0,0,0,1
1718110800000,new_york,precipitation,0.0,0,0,1
1718114400000,new_york,precipitation,0.0,0,0,1
1718118000000,new_york,precipitation,0.10538478386959045,1,1,1
1718121600000,new_york,precipitation,0.2,0,1,0
1718125200000,new_york,precipitation,0.3,0,1,0
1718128800000,new_york,precipitation,0.3,0,1,0
1718132400000,new_york,precipitation,0.2,0,1,0
1718136000000,new_york,precipitation,0.0,1,0,0
1718139600000,new_york,precipitation,0.0,0,0,1
1718143200000,new_york,precipitation,0.0,0,0,1
1718146800000,new_york,precipitation,0.0,0,0,1
1718150400000,new_york,precipitation,0.0,0,0,1
1718154000000,new_york,precipitation,0.0,0,0,1
1718157600000,new_york,precipitation,0.0,0,0,1
1718161200000,new_york,precipitation,0.0,0,0,1
1718164800000,new_york,precipitation,0.0,0,0,1
1718168400000,new_york,precipitation,0.0,0,0,1
1718172000000,new_york,precipitation,0.0,0,0,1
1718175600000,new_york,precipitation,0.0,0,0,1
1718179200000,new_york,precipitation,0.0,1,0,0
1718182800000,new_york,precipitation,0.0,0,0,1
1718186400000,new_york,precipitation,0.0,0,0,1
1718190000000,new_york,precipitation,0.0,0,0,1
1718193600000,new_york,precipitation,0.0,0,0,1
1718197200000,new_york,precipitation,0.0,0,0,1
1718200800000,new_york,precipitation,0.0,0,0,1
1718204400000,new_york,precipitation,0.0,0,0,1
1718208000000,new_york,precipitation,0.0,0,0,1
1718211600000,new_york,precipitation,0.0,0,0,1
1718215200000,new_york,precipitation,0.0,0,0,1
1718218800000,new_york,precipitation,0.0,1,0,0
1718222400000,new_york,precipitation,0.0,1,0,0
1718226000000,new_york,precipitation,0.0,0,0,1
1718229600000,new_york,precipitation,0.0,0,0,1
1718233200000,new_york,precipitation,0.0,0,0,1
1718236800000,new_york,precipitation,0.0,0,0,1
1718240400000,new_york,precipitation,0.0,1,0,0
1718244000000,new_york,precipitation,0.0,0,0,1
1718247600000,new_york,precipitation,0.0,1,0,0
1718251200000,new_york,precipitation,0.0,0,0,1
1718254800000,new_york,precipitation,0.0,0,0,1
1718258400000,new_york,precipitation,0.0,0,0,1
1718262000000,new_york,precipitation,0.0,0,0,1
1718265600000,new_york,precipitation,0.0,1,0,0
1718269200000,new_york,precipitation,0.0,0,0,1
1718272800000,new_york,precipitation,0.0,0,0,1
1718276400000,new_york,precipitation,0.0,0,0,1
1718280000000,new_york,precipitation,0.0,0,0,1
1718283600000,new_york,precipitation,0.0,0,0,1
1718287200000,new_york,precipitation,0.0,0,0,1
1718290800000,new_york,precipitation,0.0,0,0,1
1718294400000,new_york,precipitation,0.0,0,0,1
1718298000000,new_york,precipitation,0.0,1,0,0
1718301600000,new_york,precipitation,0.0,0,0,1
1718305200000,new_york,precipitation,0.0,0,0,1
1718308800000,new_york,precipitation,0.0,0,0,1
1718312400000,new_york,precipitation,0.0,0,0,1
1718316000000,new_york,precipitation,0.0,0,0,1
1718319600000,new_york,precipitation,0.0,0,0,1
1718323200000,new_york,precipitation,0.0,0,0,1
1718326800000,new_york,precipitation,0.0,1,0,0
1718330400000,new_york,precipitation,0.0,0,0,1
1718334000000,new_york,precipitation,0.0,0,0,1
1718337600000,new_york,precipitation,0.0,0,0,1
1718341200000,new_york,precipitation,0.0,0,0,1
1718344800000,new_york,precipitation,0.0,0,0,1
1718348400000,new_york,precipitation,0.0,0,0,1
1718352000000,new_york,precipitation,0.0,0,0,1
1718355600000,new_york,precipitation,0.0,0,0,1
1718359200000,new_york,precipitation,0.0,1,0,0
1718362800000,new_york,precipitation,0.0,0,0,1
1718366400000,new_york,precipitation,0.0,0,0,1
1718370000000,new_york,precipitation,0.0,0,0,1
1718373600000,new_york,precipitation,8.0,0,1,0
1718377200000,new_york,precipitation,5.6,0,1,0
1718380800000,new_york,precipitation,0.5,0,1,0
1718384400000,new_york,precipitation,0.0,0,0,1
1718388000000,new_york,precipitation,0.0,0,0,1
1718391600000,new_york,precipitation,0.8,1,1,1
1718395200000,new_york,precipitation,2.7,0,1,0
1718398800000,new_york,precipitation,1.1,0,1,0
1718402400000,new_york,precipitation,0.2,1,1,1
1718406000000,new_york,precipitation,0.0,0,0,1
1718409600000,new_york,precipitation,0.0,0,0,1
1718413200000,new_york,precipitation,0.0,1,0,0
1718416800000,new_york,precipitation,0.0,0,0,1
1718420400000,new_york,precipitation,0.0,0,0,1
1718424000000,new_york,precipitation,0.0,0,0,1
1718427600000,new_york,precipitation,0.0,1,0,0
1718431200000,new_york,precipitation,0.0,0,0,1
1718434800000,new_york,precipitation,0.0,0,0,1
1718438400000,new_york,precipitation,0.0,0,0,1
1718442000000,new_york,precipitation,0.0,0,0,1
1718445600000,new_york,precipitation,0.0,0,0,1
1718449200000,new_york,precipitation,0.0,0,0,1
1718452800000,new_york,precipitation,0.0,0,0,1
1718456400000,new_york,precipitation,0.0,0,0,1
1718460000000,new_york,precipitation,0.0,1,0,0
1718463600000,new_york,precipitation,0.0,1,0,0
1718467200000,new_york,precipitation,0.0,0,0,1
1718470800000,new_york,precipitation,0.0,1,0,0
1718474400000,new_york,precipitation,0.0,1,0,0
1718478000000,new_york,precipitation,0.0,0,0,1
1718481600000,new_york,precipitation,0.0,0,0,1
1718485200000,new_york,precipitation,0.0,0,0,1
1718488800000,new_york,precipitation,0.0,0,0,1
1718492400000,new_york,precipitation,0.0,0,0,1
1718496000000,new_york,precipitation,0.0,0,0,1
1718499600000,new_york,precipitation,0.0,1,0,0
1718503200000,new_york,precipitation,0.0,1,0,0
1718506800000,new_york,precipitation,0.0,0,0,1
1718510400000,new_york,precipitation,0.0,0,0,1
1718514000000,new_york,precipitation,0.0,0,0,1
1718517600000,new_york,precipitation,0.0,0,0,1
1718521200000,new_york,precipitation,0.0,1,0,0
1718524800000,new_york,precipitation,0.0,1,0,0
1718528400000,new_york,precipitation,0.0,0,0,1
1718532000000,new_york,precipitation,0.0,0,0,1
1718535600000,new_york,precipitation,0.0,0,0,1
1718539200000,new_york,precipitation,0.0,0,0,1
1718542800000,new_york,precipitation,0.0,1,0,0
1718546400000,new_york,precipitation,0.0,0,0,1
1718550000000,new_york,precipitation,0.0,0,0,1
1718553600000,new_york,precipitation,0.0,0,0,1
1718557200000,new_york,precipitation,0.0,0,0,1
1718560800000,new_york,precipitation,0.0,1,0,0
1718564400000,new_york,precipitation,0.0,0,0,1
1718568000000,new_york,precipitation,0.0,0,0,1
1718571600000,new_york,precipitation,0.0,0,0,1
1718575200000,new_york,precipitation,0.0,0,0,1
1718578800000,new_york,precipitation,0.0,0,0,1
1718582400000,new_york,precipitation,0.0,1,0,0
1718586000000,new_york,precipitation,0.0,1,0,0
1718589600000,new_york,precipitation,0.0,0,0,1
1718593200000,new_york,precipitation,0.0,0,0,1
1718596800000,new_york,precipitation,0.0,0,0,1
1718600400000,new_york,precipitation,0.0,0,0,1
1718604000000,new_york,precipitation,0.0,0,0,1
1718607600000,new_york,precipitation,0.0,1,0,0
1718611200000,new_york,precipitation,0.0,0,0,1
1718614800000,new_york,precipitation,0.0,0,0,1
1718618400000,new_york,precipitation,0.0,1,0,0
1718622000000,new_york,precipitation,0.0,1,0,0
1718625600000,new_york,precipitation,0.0,0,0,1
1718629200000,new_york,precipitation,0.0,0,0,1
1718632800000,new_york,precipitation,0.0,0,0,1
1718636400000,new_york,precipitation,0.0,0,0,1
1718640000000,new_york,precipitation,0.0,0,0,1
1718643600000,new_york,precipitation,0.0,0,0,1
1718647200000,new_york,precipitation,0.0,0,0,1
1718650800000,new_york,precipitation,0.0,0,0,1
1718654400000,new_york,precipitation,0.0,0,0,1
1718658000000,new_york,precipitation,0.0,0,0,1
1718661600000,new_york,precipitation,0.0,0,0,1
1718665200000,new_york,precipitation,0.0,1,0,0
1718668800000,new_york,precipitation,0.0,0,0,1
1718672400000,new_york,precipitation,0.0,1,0,0
1718676000000,new_york,precipitation,0.0,1,0,0
1718679600000,new_york,precipitation,0.0,0,0,1
1718683200000,new_york,precipitation,0.0,0,0,1
1718686800000,new_york,precipitation,0.0,0,0,1
1718690400000,new_york,precipitation,0.0,1,0,0
1718694000000,new_york,precipitation,0.0,0,0,1
1718697600000,new_york,precipitation,0.0,1,0,0
1718701200000,new_york,precipitation,0.0,0,0,1
1718704800000,new_york,precipitation,0.0,0,0,1
1718708400000,new_york,precipitation,0.0,1,0,0
1718712000000,new_york,precipitation,0.0,0,0,1
1718715600000,new_york,precipitation,0.0,0,0,1
1718719200000,new_york,precipitation,0.0,0,0,1
1718722800000,new_york,precipitation,0.0,0,0,1
1718726400000,new_york,precipitation,0.0,0,0,1
1718730000000,new_york,precipitation,0.0,1,0,0
1718733600000,new_york,precipitation,0.0,0,0,1
1718737200000,new_york,precipitation,0.0,0,0,1
1718740800000,new_york,precipitation,0.0,0,0,1
1718744400000,new_york,precipitation,0.0,0,0,1
1718748000000,new_york,precipitation,0.0,0,0,1
1718751600000,new_york,precipitation,0.0,1,0,0
1718755200000,new_york,precipitation,0.0,0,0,1
1718758800000,new_york,precipitation,0.0,0,0,1
1718762400000,new_york,precipitation,0.0,1,0,0
1718766000000,new_york,precipitation,0.0,0,0,1
1718769600000,new_york,precipitation,0.0,0,0,1
1718773200000,new_york,precipitation,0.0,1,0,0
1718776800000,new_york,precipitation,0.0,0,0,1
1718780400000,new_york,precipitation,0.0,0,0,1
1718784000000,new_york,precipitation,0.0,0,0,1
1718787600000,new_york,precipitation,0.0,0,0,1
1718791200000,new_york,precipitation,0.0,0,0,1
1718794800000,new_york,precipitation,0.0,0,0,1
1718798400000,new_york,precipitation,0.0,0,0,1
1718802000000,new_york,precipitation,0.0,0,0,1
1718805600000,new_york,precipitation,0.0,0,0,1
1718809200000,new_york,precipitation,0.0,0,0,1
1718812800000,new_york,precipitation,0.0,0,0,1
1718816400000,new_york,precipitation,0.0,0,0,1
1718820000000,new_york,precipitation,0.0,0,0,1
1718823600000,new_york,precipitation,0.0,0,0,1
1718827200000,new_york,precipitation,0.0,0,0,1
1718830800000,new_york,precipitation,0.0,0,0,1
1718834400000,new_york,precipitation,0.0,0,0,1
1718838000000,new_york,precipitation,0.0,0,0,1
1718841600000,new_york,precipitation,0.0,0,0,1
1718845200000,new_york,precipitation,0.0,0,0,1
1718848800000,new_york,precipitation,0.0,0,0,1
1718852400000,new_york,precipitation,0.0,0,0,1
1718856000000,new_york,precipitation,0.0,0,0,1
1718859600000,new_york,precipitation,0.0,0,0,1
1718863200000,new_york,precipitation,0.0,0,0,1
1718866800000,new_york,precipitation,0.0,0,0,1
1718870400000,new_york,precipitation,0.0,0,0,1
1718874000000,new_york,precipitation,0.0,0,0,1
1718877600000,new_york,precipitation,0.0,0,0,1
1718881200000,new_york,precipitation,0.0,0,0,1
1718884800000,new_york,precipitation,0.0,1,0,0
1718888400000,new_york,precipitation,0.0,0,0,1
1718892000000,new_york,precipitation,0.0,0,0,1
1718895600000,new_york,precipitation,0.0,0,0,1
1718899200000,new_york,precipitation,0.0,0,0,1
1718902800000,new_york,precipitation,0.0,0,0,1
1718906400000,new_york,precipitation,0.0,0,0,1
1718910000000,new_york,precipitation,0.0,0,0,1
1718913600000,new_york,precipitation,0.0,0,0,1
1718917200000,new_york,precipitation,0.0,0,0,1
1718920800000,new_york,precipitation,0.0,0,0,1
1718924400000,new_york,precipitation,0.0,0,0,1
1718928000000,new_york,precipitation,0.0,0,0,1
1718931600000,new_york,precipitation,0.0,1,0,0
1718935200000,new_york,precipitation,0.0,0,0,1
1718938800000,new_york,precipitation,0.0,1,0,0
1718942400000,new_york,precipitation,0.0,0,0,1
1718946000000,new_york,precipitation,0.0,0,0,1
1718949600000,new_york,precipitation,0.0,0,0,1
1718953200000,new_york,precipitation,0.0,0,0,1
1718956800000,new_york,precipitation,0.0,0,0,1
1718960400000,new_york,precipitation,0.0,1,0,0
1718964000000,new_york,precipitation,0.0,0,0,1
1718967600000,new_york,precipitation,0.0,0,0,1
1718971200000,new_york,precipitation,0.0,0,0,1
1718974800000,new_york,precipitation,0.0,0,0,1
1718978400000,new_york,precipitation,0.0,0,0,1
1718982000000,new_york,precipitation,0.0,0,0,1
1718985600000,new_york,precipitation,0.0,0,0,1
1718989200000,new_york,precipitation,0.0,0,0,1
1718992800000,new_york,precipitation,0.0,0,0,1
1718996400000,new_york,precipitation,0.0,0,0,1
1719000000000,new_york,precipitation,0.0,1,0,0
1719003600000,new_york,precipitation,0.0,0,0,1
1719007200000,new_york,precipitation,0.0,0,0,1
1719010800000,new_york,precipitation,0.0,0,0,1
1719014400000,new_york,precipitation,0.0,0,0,1
1719018000000,new_york,precipitation,0.0,0,0,1
1719021600000,new_york,precipitation,0.0,1,0,0
1719025200000,new_york,precipitation,0.0,0,0,1
1719028800000,new_york,precipitation,0.0,0,0,1
1719032400000,new_york,precipitation,0.0,0,0,1
1719036000000,new_york,precipitation,0.0,0,0,1
1719039600000,new_york,precipitation,0.0,0,0,1
1719043200000,new_york,precipitation,0.0,0,0,1
1719046800000,new_york,precipitation,0.0,0,0,1
1719050400000,new_york,precipitation,0.0,0,0,1
1719054000000,new_york,precipitation,0.0,0,0,1
1719057600000,new_york,precipitation,0.0,0,0,1
1719061200000,new_york,precipitation,0.0,0,0,1
1719064800000,new_york,precipitation,2.1,0,1,0
1719068400000,new_york,precipitation,0.8,0,1,0
1719072000000,new_york,precipitation,0.3,0,1,0
1719075600000,new_york,precipitation,0.0,0,0,1
1719079200000,new_york,precipitation,0.0,0,0,1
1719082800000,new_york,precipitation,0.0,1,0,0
1719086400000,new_york,precipitation,0.0,0,0,1
1719090000000,new_york,precipitation,1.6,0,1,0
1719093600000,new_york,precipitation,0.2,0,1,0
1719097200000,new_york,precipitation,0.0,0,0,1
1719100800000,new_york,precipitation,0.0,0,0,1
1719104400000,new_york,precipitation,0.0,0,0,1
1719108000000,new_york,precipitation,0.0,0,0,1
1719111600000,new_york,precipitation,0.0,0,0,1
1719115200000,new_york,precipitation,0.0,0,0,1
1719118800000,new_york,precipitation,0.0,0,0,1
1719122400000,new_york,precipitation,0.0,0,0,1
1719126000000,new_york,precipitation,0.0,0,0,1
1719129600000,new_york,precipitation,0.0,0,0,1
1719133200000,new_york,precipitation,0.0,0,0,1
1719136800000,new_york,precipitation,0.0,0,0,1
1719140400000,new_york,precipitation,0.0,0,0,1
1719144000000,new_york,precipitation,0.0,0,0,1
1719147600000,new_york,precipitation,0.1,0,1,0
1719151200000,new_york,precipitation,0.0,0,0,1
1719154800000,new_york,precipitation,0.0,0,0,1
1719158400000,new_york,precipitation,0.0,0,0,1
1719162000000,new_york,precipitation,0.0,0,0,1
1719165600000,new_york,precipitation,0.0,0,0,1
1719169200000,new_york,precipitation,0.0,0,0,1
1719172800000,new_york,precipitation,0.0,0,0,1
1719176400000,new_york,precipitation,0.0,0,0,1
1719180000000,new_york,precipitation,0.0,0,0,1
1719183600000,new_york,precipitation,0.0,0,0,1
1719187200000,new_york,precipitation,0.0,0,0,1
1719190800000,new_york,precipitation,0.0,1,0,0
1719194400000,new_york,precipitation,0.0,0,0,1
1719198000000,new_york,precipitation,0.0,0,0,1
1719201600000,new_york,precipitation,0.0,0,0,1
1719205200000,new_york,precipitation,0.0,0,0,1
1719208800000,new_york,precipitation,0.0,0,0,1
1719212400000,new_york,precipitation,0.0,0,0,1
1719216000000,new_york,precipitation,0.0,0,0,1
1719219600000,new_york,precipitation,0.0,0,0,1
1719223200000,new_york,precipitation,0.0,1,0,0
1719226800000,new_york,precipitation,0.0,1,0,0
1719230400000,new_york,precipitation,0.0,0,0,1
1719234000000,new_york,precipitation,0.0,1,0,0
1719237600000,new_york,precipitation,0.0,0,0,1
1719241200000,new_york,precipitation,0.0,0,0,1
1719244800000,new_york,precipitation,0.0,1,0,0
1719248400000,new_york,precipitation,0.0,0,0,1
1719252000000,new_york,precipitation,0.0,0,0,1
1719255600000,new_york,precipitation,0.0,0,0,1
1719259200000,new_york,precipitation,0.0,0,0,1
1719262800000,new_york,precipitation,0.0,1,0,0
1719266400000,new_york,precipitation,0.0,0,0,1
1719270000000,new_york,precipitation,0.0,1,0,0
1719273600000,new_york,precipitation,0.0,0,0,1
1719277200000,new_york,precipitation,0.0,1,0,0
1719280800000,new_york,precipitation,0.0,0,0,1
1719284400000,new_york,precipitation,0.0,1,0,0
1719288000000,new_york,precipitation,0.0,0,0,1
1719291600000,new_york,precipitation,0.0,0,0,1
1719295200000,new_york,precipitation,0.0,0,0,1
1719298800000,new_york,precipitation,0.0,0,0,1
1719302400000,new_york,precipitation,0.0,0,0,1
1719306000000,new_york,precipitation,0.0,1,0,0
1719309600000,new_york,precipitation,0.0,0,0,1
1719313200000,new_york,precipitation,0.0,0,0,1
1719316800000,new_york,precipitation,0.0,0,0,1
1719320400000,new_york,precipitation,0.0,1,0,0
1719324000000,new_york,precipitation,0.0,0,0,1
1719327600000,new_york,precipitation,0.0,0,0,1
1719331200000,new_york,precipitation,0.0,0,0,1
1719334800000,new_york,precipitation,0.0,0,0,1
1719338400000,new_york,precipitation,0.0,0,0,1
1719342000000,new_york,precipitation,0.0,0,0,1
1719345600000,new_york,precipitation,0.0,0,0,1
1719349200000,new_york,precipitation,0.0,0,0,1
1719352800000,new_york,precipitation,0.0,0,0,1
1719356400000,new_york,precipitation,0.0,0,0,1
1719360000000,new_york,precipitation,0.0,0,0,1
1719363600000,new_york,precipitation,0.0,0,0,1
1719367200000,new_york,precipitation,0.0,1,0,0
1719370800000,new_york,precipitation,0.0,0,0,1
1719374400000,new_york,precipitation,0.0,1,0,0
1719378000000,new_york,precipitation,0.0,0,0,1
1719381600000,new_york,precipitation,0.0,0,0,1
1719385200000,new_york,precipitation,0.0,0,0,1
1719388800000,new_york,precipitation,0.0,0,0,1
1719392400000,new_york,precipitation,0.0,0,0,1
1719396000000,new_york,precipitation,0.0,0,0,1
1719399600000,new_york,precipitation,0.0,0,0,1
1719403200000,new_york,precipitation,0.0,0,0,1
1719406800000,new_york,precipitation,0.0,0,0,1
1719410400000,new_york,precipitation,0.0,0,0,1
1719414000000,new_york,precipitation,0.0,0,0,1
1719417600000,new_york,precipitation,0.0,0,0,1
1719421200000,new_york,precipitation,0.0,0,0,1
1719424800000,new_york,precipitation,0.0,0,0,1
1719428400000,new_york,precipitation,0.0,0,0,1
1719432000000,new_york,precipitation,0.0,1,0,0
1719435600000,new_york,precipitation,0.1,0,1,0
1719439200000,new_york,precipitation,0.0,0,0,1
1719442800000,new_york,precipitation,0.0,1,0,0
1719446400000,new_york,precipitation,0.0,0,0,1
1719450000000,new_york,precipitation,0.4,0,1,0
1719453600000,new_york,precipitation,1.6,0,1,0
1719457200000,new_york,precipitation,3.8,0,1,0
1719460800000,new_york,precipitation,4.3,0,1,0
1719464400000,new_york,precipitation,0.5,0,1,0
1719468000000,new_york,precipitation,0.0,0,0,1
1719471600000,new_york,precipitation,0.0,0,0,1
1719475200000,new_york,precipitation,0.0,0,0,1
1719478800000,new_york,precipitation,0.0,0,0,1
1719482400000,new_york,precipitation,0.0,0,0,1
1719486000000,new_york,precipitation,0.0,0,0,1
1719489600000,new_york,precipitation,0.0,0,0,1
1719493200000,new_york,precipitation,0.0,0,0,1
1719496800000,new_york,precipitation,0.0,0,0,1
1719500400000,new_york,precipitation,0.0,0,0,1
1719504000000,new_york,precipitation,0.0,0,0,1
1719507600000,new_york,precipitation,0.0,0,0,1
1719511200000,new_york,precipitation,0.0,1,0,0
1719514800000,new_york,precipitation,0.0,1,0,0
1719518400000,new_york,precipitation,0.0,0,0,1
1719522000000,new_york,precipitation,0.0,0,0,1
1719525600000,new_york,precipitation,0.0,0,0,1
1719529200000,new_york,precipitation,0.0,0,0,1
1719532800000,new_york,precipitation,0.0,0,0,1
1719536400000,new_york,precipitation,0.0,0,0,1
1719540000000,new_york,precipitation,0.0,0,0,1
1719543600000,new_york,precipitation,0.0,0,0,1
1719547200000,new_york,precipitation,0.0,0,0,1
1719550800000,new_york,precipitation,0.0,0,0,1
1719554400000,new_york,precipitation,0.0,0,0,1
1719558000000,new_york,precipitation,0.0,0,0,1
1719561600000,new_york,precipitation,0.0,0,0,1
1719565200000,new_york,precipitation,0.0,0,0,1
1719568800000,new_york,precipitation,0.0,0,0,1
1719572400000,new_york,precipitation,0.0,0,0,1
1719576000000,new_york,precipitation,0.0,0,0,1
1719579600000,new_york,precipitation,0.0,0,0,1
1719583200000,new_york,precipitation,0.0,0,0,1
1719586800000,new_york,precipitation,0.0,1,0,0
1719590400000,new_york,precipitation,0.0,0,0,1
1719594000000,new_york,precipitation,0.0,0,0,1
1719597600000,new_york,precipitation,0.0,1,0,0
1719601200000,new_york,precipitation,0.0,0,0,1
1719604800000,new_york,precipitation,0.0,0,0,1
1719608400000,new_york,precipitation,0.0,0,0,1
1719612000000,new_york,precipitation,0.0,0,0,1
1719615600000,new_york,precipitation,0.0,0,0,1
1719619200000,new_york,precipitation,0.0,0,0,1
1719622800000,new_york,precipitation,0.0,0,0,1
1719626400000,new_york,precipitation,0.0,0,0,1
1719630000000,new_york,precipitation,0.0,0,0,1
1719633600000,new_york,precipitation,0.0,0,0,1
1719637200000,new_york,precipitation,0.0,0,0,1
1719640800000,new_york,precipitation,0.0,0,0,1
1719644400000,new_york,precipitation,0.0,1,0,0
1719648000000,new_york,precipitation,0.0,1,0,0
1719651600000,new_york,precipitation,0.2138870467601565,1,1,1
1719655200000,new_york,precipitation,0.1,1,1,1
1719658800000,new_york,precipitation,0.2,0,1,0
1719662400000,new_york,precipitation,0.1,0,1,0
1719666000000,new_york,precipitation,0.0,0,0,1
1719669600000,new_york,precipitation,0.0,0,0,1
1719673200000,new_york,precipitation,0.0,0,0,1
1719676800000,new_york,precipitation,0.0,0,0,1
1719680400000,new_york,precipitation,0.0,0,0,1
1719684000000,new_york,precipitation,0.0,0,0,1
1719687600000,new_york,precipitation,0.0,0,0,1
1719691200000,new_york,precipitation,0.0,1,0,0
1719694800000,new_york,precipitation,0.0,0,0,1
1719698400000,new_york,precipitation,0.2,0,1,0
1719702000000,new_york,precipitation,0.9,0,1,0
1719705600000,new_york,precipitation,0.1,0,1,0
1719709200000,new_york,precipitation,0.1,0,1,0
1719712800000,new_york,precipitation,0.2,0,1,0
1719716400000,new_york,precipitation,0.2,0,1,0
1719720000000,new_york,precipitation,0.0,0,0,1
1719723600000,new_york,precipitation,0.0,0,0,1
1719727200000,new_york,precipitation,0.0,1,0,0
1719730800000,new_york,precipitation,0.0,1,0,0
1719734400000,new_york,precipitation,0.0,0,0,1
1719738000000,new_york,precipitation,0.0,0,0,1
1719741600000,new_york,precipitation,0.0,0,0,1
1719745200000,new_york,precipitation,0.0,0,0,1
1719748800000,new_york,precipitation,0.0,0,0,1
1719752400000,new_york,precipitation,0.0,1,0,0
1719756000000,new_york,precipitation,0.0,0,0,1
1719759600000,new_york,precipitation,0.0,0,0,1
1719763200000,new_york,precipitation,0.0,0,0,1
1719766800000,new_york,precipitation,13.1,0,1,0
1719770400000,new_york,precipitation,0.1,0,1,0
1719774000000,new_york,precipitation,0.4,0,1,0
1719777600000,new_york,precipitation,5.1,0,1,0
1719781200000,new_york,precipitation,0.3380177618774753,1,1,1
1719784800000,new_york,precipitation,1.1,0,1,0
1719788400000,new_york,precipitation,0.1,1,1,1
1719792000000,new_york,precipitation,0.0,1,0,0
1719795600000,new_york,precipitation,0.0,0,0,1
1719799200000,new_york,precipitation,0.0,1,0,0
1719802800000,new_york,precipitation,0.0,1,0,0
1719806400000,new_york,precipitation,0.0,0,0,1
1719810000000,new_york,precipitation,0.0,0,0,1
1719813600000,new_york,precipitation,0.0,1,0,0
1719817200000,new_york,precipitation,0.0,0,0,1
1719820800000,new_york,precipitation,0.0,0,0,1
1719824400000,new_york,precipitation,0.0,0,0,1
1719828000000,new_york,precipitation,0.0,1,0,0
1719831600000,new_york,precipitation,0.1,0,1,0
1719835200000,new_york,precipitation,0.0,0,0,1
1719838800000,new_york,precipitation,0.0,0,0,1
1719842400000,new_york,precipitation,0.0,0,0,1
1719846000000,new_york,precipitation,0.0,0,0,1
1719849600000,new_york,precipitation,0.0,0,0,1
1719853200000,new_york,precipitation,0.0,0,0,1
1719856800000,new_york,precipitation,0.0,1,0,0
1719860400000,new_york,precipitation,0.0,0,0,1
1719864000000,new_york,precipitation,0.0,0,0,1
1719867600000,new_york,precipitation,0.0,0,0,1
1719871200000,new_york,precipitation,0.0,0,0,1
1719874800000,new_york,precipitation,0.0,1,0,0
1719878400000,new_york,precipitation,0.0,0,0,1
1719882000000,new_york,precipitation,0.0,0,0,1
1719885600000,new_york,precipitation,0.0,0,0,1
1719889200000,new_york,precipitation,0.0,0,0,1
1719892800000,new_york,precipitation,0.0,0,0,1
1719896400000,new_york,precipitation,0.0,1,0,0
1719900000000,new_york,precipitation,0.0,0,0,1
1719903600000,new_york,precipitation,0.0,0,0,1
1719907200000,new_york,precipitation,0.0,0,0,1
1719910800000,new_york,precipitation,0.0,0,0,1
1719914400000,new_york,precipitation,0.0,0,0,1
1719918000000,new_york,precipitation,0.0,0,0,1
1719921600000,new_york,precipitation,0.0,0,0,1
1719925200000,new_york,precipitation,0.0,0,0,1
1719928800000,new_york,precipitation,0.0,0,0,1
1719932400000,new_york,precipitation,0.0,0,0,1
1719936000000,new_york,precipitation,0.0,1,0,0
1719939600000,new_york,precipitation,0.0,0,0,1
1719943200000,new_york,precipitation,0.0,1,0,0
1719946800000,new_york,precipitation,0.0,0,0,1
1719950400000,new_york,precipitation,0.0,0,0,1
1719954000000,new_york,precipitation,0.0,0,0,1
1719957600000,new_york,precipitation,0.0,0,0,1
1719961200000,new_york,precipitation,0.0,1,0,0
1719964800000,new_york,precipitation,0.0,0,0,1
1719968400000,new_york,precipitation,0.0,0,0,1
1719972000000,new_york,precipitation,0.0,0,0,1
1719975600000,new_york,precipitation,0.0,0,0,1
1719979200000,new_york,precipitation,0.0,0,0,1
1719982800000,new_york,precipitation,0.0,0,0,1
1719986400000,new_york,precipitation,0.0,1,0,0
1719990000000,new_york,precipitation,0.0,0,0,1
1719993600000,new_york,precipitation,0.0,0,0,1
1719997200000,new_york,precipitation,0.0,0,0,1
1720000800000,new_york,precipitation,0.0,0,0,1
1720004400000,new_york,precipitation,0.0,1,0,0
1720008000000,new_york,precipitation,0.0,1,0,0
1720011600000,new_york,precipitation,0.0,1,0,0
1720015200000,new_york,precipitation,0.0,0,0,1
1720018800000,new_york,precipitation,0.0,0,0,1
1720022400000,new_york,precipitation,0.0,0,0,1
1720026000000,new_york,precipitation,0.0,0,0,1
1720029600000,new_york,precipitation,0.0,0,0,1
1720033200000,new_york,precipitation,0.0,0,0,1
1720036800000,new_york,precipitation,0.0,0,0,1
1720040400000,new_york,precipitation,0.0,0,0,1
1720044000000,new_york,precipitation,0.0,0,0,1
1720047600000,new_york,precipitation,0.0,0,0,1
1720051200000,new_york,precipitation,0.0,0,0,1
1720054800000,new_york,precipitation,0.0,0,0,1
1720058400000,new_york,precipitation,0.0,0,0,1
1720062000000,new_york,precipitation,0.0,0,0,1
1720065600000,new_york,precipitation,0.0,0,0,1
1720069200000,new_york,precipitation,0.0,0,0,1
1720072800000,new_york,precipitation,0.0,0,0,1
1720076400000,new_york,precipitation,0.0,0,0,1
1720080000000,new_york,precipitation,0.0,0,0,1
1720083600000,new_york,precipitation,0.0,0,0,1
1720087200000,new_york,precipitation,0.0,0,0,1
1720090800000,new_york,precipitation,0.0,0,0,1
1720094400000,new_york,precipitation,0.0,0,0,1
1720098000000,new_york,precipitation,0.0,1,0,0
1720101600000,new_york,precipitation,0.0,0,0,1
1720105200000,new_york,precipitation,0.0,0,0,1
1720108800000,new_york,precipitation,0.0,1,0,0
1720112400000,new_york,precipitation,0.0,1,0,0
1720116000000,new_york,precipitation,0.1,0,1,0
1720119600000,new_york,precipitation,0.0,0,0,1
1720123200000,new_york,precipitation,0.0,1,0,0
1720126800000,new_york,precipitation,0.2,0,1,0
1720130400000,new_york,precipitation,0.5,0,1,0
1720134000000,new_york,precipitation,1.0,0,1,0
1720137600000,new_york,precipitation,0.4,0,1,0
1720141200000,new_york,precipitation,0.0,0,0,1
1720144800000,new_york,precipitation,0.0,0,0,1
1720148400000,new_york,precipitation,0.0,0,0,1
1720152000000,new_york,precipitation,0.0,1,0,0
1720155600000,new_york,precipitation,0.0,0,0,1
1720159200000,new_york,precipitation,0.0,0,0,1
1720162800000,new_york,precipitation,0.0,1,0,0
1720166400000,new_york,precipitation,0.0,0,0,1
1720170000000,new_york,precipitation,0.0,0,0,1
1720173600000,new_york,precipitation,0.1,1,1,1
1720177200000,new_york,precipitation,0.0,0,0,1
1720180800000,new_york,precipitation,0.0,0,0,1
1720184400000,new_york,precipitation,0.0,0,0,1
1720188000000,new_york,precipitation,0.4,0,1,0
1720191600000,new_york,precipitation,0.6,0,1,0
1720195200000,new_york,precipitation,0.0,0,0,1
1720198800000,new_york,precipitation,0.0,0,0,1
1720202400000,new_york,precipitation,0.2,0,1,0
1720206000000,new_york,precipitation,0.0,1,0,0
1720209600000,new_york,precipitation,0.0,0,0,1
1720213200000,new_york,precipitation,0.0,0,0,1
1720216800000,new_york,precipitation,0.0,0,0,1
1720220400000,new_york,precipitation,0.0,1,0,0
1720224000000,new_york,precipitation,0.0,0,0,1
1720227600000,new_york,precipitation,0.0,1,0,0
1720231200000,new_york,precipitation,0.0,0,0,1
1720234800000,new_york,precipitation,0.0,0,0,1
1720238400000,new_york,precipitation,0.1,0,1,0
1720242000000,new_york,precipitation,0.0,0,0,1
1720245600000,new_york,precipitation,0.0,0,0,1
1720249200000,new_york,precipitation,0.11097542592048946,1,1,1
1720252800000,new_york,precipitation,0.0,0,0,1
1720256400000,new_york,precipitation,0.0,0,0,1
1720260000000,new_york,precipitation,0.0,0,0,1
1720263600000,new_york,precipitation,0.0,0,0,1
1720267200000,new_york,precipitation,0.0,0,0,1
1720270800000,new_york,precipitation,0.0,0,0,1
1720274400000,new_york,precipitation,2.2,0,1,0
1720278000000,new_york,precipitation,0.8,0,1,0
1720281600000,new_york,precipitation,0.0,0,0,1
1720285200000,new_york,precipitation,0.0,0,0,1
1720288800000,new_york,precipitation,0.0,0,0,1
1720292400000,new_york,precipitation,0.0,0,0,1
1720296000000,new_york,precipitation,0.0,1,0,0
1720299600000,new_york,precipitation,0.0,1,0,0
1720303200000,new_york,precipitation,0.0,0,0,1
1720306800000,new_york,precipitation,0.0,0,0,1
1720310400000,new_york,precipitation,0.0,0,0,1
1720314000000,new_york,precipitation,0.0,0,0,1
1720317600000,new_york,precipitation,0.0,1,0,0
1720321200000,new_york,precipitation,0.0,0,0,1
1720324800000,new_york,precipitation,0.0,0,0,1
1720328400000,new_york,precipitation,0.0,0,0,1
1720332000000,new_york,precipitation,0.0,0,0,1
1720335600000,new_york,precipitation,0.0,0,0,1
1720339200000,new_york,precipitation,0.0,0,0,1
1720342800000,new_york,precipitation,0.0,0,0,1
1720346400000,new_york,precipitation,0.0,0,0,1
1720350000000,new_york,precipitation,0.0,1,0,0
1720353600000,new_york,precipitation,0.0,0,0,1
1720357200000,new_york,precipitation,0.2,0,1,0
1720360800000,new_york,precipitation,0.1,0,1,0
1720364400000,new_york,precipitation,1.1,0,1,0
1720368000000,new_york,precipitation,0.2,0,1,0
1720371600000,new_york,precipitation,0.0,0,0,1
1720375200000,new_york,precipitation,0.0,1,0,0
1720378800000,new_york,precipitation,0.0,0,0,1
1720382400000,new_york,precipitation,0.0,0,0,1
1720386000000,new_york,precipitation,0.0,0,0,1
1720389600000,new_york,precipitation,0.0,0,0,1
1720393200000,new_york,precipitation,0.0,0,0,1
1720396800000,new_york,precipitation,0.0,0,0,1
1720400400000,new_york,precipitation,0.0,0,0,1
1720404000000,new_york,precipitation,0.0,0,0,1
1720407600000,new_york,precipitation,0.0,0,0,1
1720411200000,new_york,precipitation,0.0,0,0,1
1720414800000,new_york,precipitation,0.0,0,0,1
1720418400000,new_york,precipitation,0.0,0,0,1
1720422000000,new_york,precipitation,0.0,0,0,1
1720425600000,new_york,precipitation,0.0,0,0,1
1720429200000,new_york,precipitation,0.0,0,0,1
1720432800000,new_york,precipitation,0.0,1,0,0
1720436400000,new_york,precipitation,0.0,0,0,1
1720440000000,new_york,precipitation,0.0,0,0,1
1720443600000,new_york,precipitation,0.0,0,0,1
1720447200000,new_york,precipitation,0.0,0,0,1
1720450800000,new_york,precipitation,0.0,0,0,1
1720454400000,new_york,precipitation,0.0,1,0,0
1720458000000,new_york,precipitation,0.0,0,0,1
1720461600000,new_york,precipitation,0.0,0,0,1
1720465200000,new_york,precipitation,0.0,0,0,1
1720468800000,new_york,precipitation,0.0,0,0,1
1720472400000,new_york,precipitation,0.0,0,0,1
1720476000000,new_york,precipitation,0.0,0,0,1
1720479600000,new_york,precipitation,0.0,0,0,1
1720483200000,new_york,precipitation,0.0,1,0,0
1720486800000,new_york,precipitation,0.0,0,0,1
1720490400000,new_york,precipitation,0.0,0,0,1
1720494000000,new_york,precipitation,0.0,0,0,1
1720497600000,new_york,precipitation,0.0,0,0,1
1720501200000,new_york,precipitation,0.0,0,0,1
1720504800000,new_york,precipitation,0.0,0,0,1
1720508400000,new_york,precipitation,0.0,0,0,1
1720512000000,new_york,precipitation,0.0,0,0,1
1720515600000,new_york,precipitation,0.0,0,0,1
1720519200000,new_york,precipitation,0.0,1,0,0
1720522800000,new_york,precipitation,0.0,1,0,0
1720526400000,new_york,precipitation,0.0,0,0,1
1720530000000,new_york,precipitation,0.0,0,0,1
1720533600000,new_york,precipitation,0.0,0,0,1
1720537200000,new_york,precipitation,0.0,0,0,1
1720540800000,new_york,precipitation,0.0,0,0,1
1720544400000,new_york,precipitation,0.1,1,1,1
1720548000000,new_york,precipitation,0.0,0,0,1
1720551600000,new_york,precipitation,0.1,0,1,0
1720555200000,new_york,precipitation,0.0,0,0,1
1720558800000,new_york,precipitation,0.0,0,0,1
1720562400000,new_york,precipitation,0.0,0,0,1
1720566000000,new_york,precipitation,0.0,1,0,0
1720569600000,new_york,precipitation,0.0,1,0,0
1720573200000,new_york,precipitation,0.0,0,0,1
1720576800000,new_york,precipitation,0.0,0,0,1
1720580400000,new_york,precipitation,0.0,0,0,1
1720584000000,new_york,precipitation,0.0,0,0,1
1720587600000,new_york,precipitation,0.0,0,0,1
1720591200000,new_york,precipitation,0.0,0,0,1
1720594800000,new_york,precipitation,0.0,0,0,1
1720598400000,new_york,precipitation,0.0,0,0,1
1720602000000,new_york,precipitation,0.1,0,1,0
1720605600000,new_york,precipitation,0.1,1,1,1
1720609200000,new_york,precipitation,0.0,0,0,1
1720612800000,new_york,precipitation,0.0,0,0,1
1720616400000,new_york,precipitation,0.0,0,0,1
1720620000000,new_york,precipitation,0.1,0,1,0
1720623600000,new_york,precipitation,0.0,0,0,1
1720627200000,new_york,precipitation,0.0,0,0,1
1720630800000,new_york,precipitation,0.0,0,0,1
1720634400000,new_york,precipitation,0.0,0,0,1
1720638000000,new_york,precipitation,0.0,0,0,1
1720641600000,new_york,precipitation,0.0,0,0,1
1720645200000,new_york,precipitation,0.0,0,0,1
1720648800000,new_york,precipitation,0.0,1,0,0
1720652400000,new_york,precipitation,0.0,0,0,1
1720656000000,new_york,precipitation,0.0,0,0,1
1720659600000,new_york,precipitation,0.9,0,1,0
1720663200000,new_york,precipitation,3.4,0,1,0
1720666800000,new_york,precipitation,0.5,1,1,1
1720670400000,new_york,precipitation,0.0,0,0,1
1720674000000,new_york,precipitation,0.0,0,0,1
1720677600000,new_york,precipitation,0.8,0,1,0
1720681200000,new_york,precipitation,0.0,1,0,0
1720684800000,new_york,precipitation,0.0,0,0,1
1720688400000,new_york,precipitation,0.0,0,0,1
1720692000000,new_york,precipitation,0.0,0,0,1
1720695600000,new_york,precipitation,0.0,0,0,1
1720699200000,new_york,precipitation,0.0,0,0,1
1720702800000,new_york,precipitation,0.0,0,0,1
1720706400000,new_york,precipitation,0.0,1,0,0
1720710000000,new_york,precipitation,0.0,0,0,1
1720713600000,new_york,precipitation,0.0,0,0,1
1720717200000,new_york,precipitation,0.0,0,0,1
1720720800000,new_york,precipitation,0.0,1,0,0
1720724400000,new_york,precipitation,0.0,0,0,1
1720728000000,new_york,precipitation,0.0,0,0,1
1720731600000,new_york,precipitation,0.0,0,0,1
1720735200000,new_york,precipitation,0.0,0,0,1
1720738800000,new_york,precipitation,0.0,0,0,1
1720742400000,new_york,precipitation,0.0,0,0,1
1720746000000,new_york,precipitation,0.0,1,0,0
1720749600000,new_york,precipitation,0.0,1,0,0
1720753200000,new_york,precipitation,0.0,0,0,1
1720756800000,new_york,precipitation,0.0,0,0,1
1720760400000,new_york,precipitation,0.0,0,0,1
1720764000000,new_york,precipitation,0.0,0,0,1
1720767600000,new_york,precipitation,0.0,1,0,0
1720771200000,new_york,precipitation,0.5,0,1,0
1720774800000,new_york,precipitation,0.0,0,0,1
1720778400000,new_york,precipitation,0.0,0,0,1
1720782000000,new_york,precipitation,0.2147664237456972,1,1,1
1720785600000,new_york,precipitation,0.0,1,0,0
1720789200000,new_york,precipitation,0.1,0,1,0
1720792800000,new_york,precipitation,1.1,0,1,0
1720796400000,new_york,precipitation,0.1,1,1,1
1720800000000,new_york,precipitation,0.0,0,0,1
1720803600000,new_york,precipitation,1.2,0,1,0
1720807200000,new_york,precipitation,1.5,0,1,0
1720810800000,new_york,precipitation,0.2,0,1,0
1720814400000,new_york,precipitation,0.2,0,1,0
1720818000000,new_york,precipitation,0.2,0,1,0
1720821600000,new_york,precipitation,0.5,0,1,0
1720825200000,new_york,precipitation,0.2,0,1,0
1720828800000,new_york,precipitation,0.1,0,1,0
1720832400000,new_york,precipitation,0.3,0,1,0
1720836000000,new_york,precipitation,6.6,0,1,0
1720839600000,new_york,precipitation,14.7,1,1,1
1720843200000,new_york,precipitation,0.4,0,1,0
1720846800000,new_york,precipitation,0.6,0,1,0
1720850400000,new_york,precipitation,0.5,1,1,1
1720854000000,new_york,precipitation,0.9,0,1,0
1720857600000,new_york,precipitation,0.3,0,1,0
1720861200000,new_york,precipitation,1.6,0,1,0
1720864800000,new_york,precipitation,1.3,1,1,1
1720868400000,new_york,precipitation,0.2,0,1,0
1720872000000,new_york,precipitation,0.0,0,0,1
1720875600000,new_york,precipitation,0.0,1,0,0
1720879200000,new_york,precipitation,0.0,1,0,0
1720882800000,new_york,precipitation,0.0,0,0,1
1720886400000,new_york,precipitation,0.0,0,0,1
1720890000000,new_york,precipitation,0.0,1,0,0
1720893600000,new_york,precipitation,0.0,0,0,1
1720897200000,new_york,precipitation,0.0,0,0,1
1720900800000,new_york,precipitation,0.0,0,0,1
1720904400000,new_york,precipitation,0.0,0,0,1
1720908000000,new_york,precipitation,0.0,1,0,0
1720911600000,new_york,precipitation,0.0,0,0,1
1720915200000,new_york,precipitation,0.0,0,0,1
1720918800000,new_york,precipitation,0.0,0,0,1
1720922400000,new_york,precipitation,0.0,1,0,0
1720926000000,new_york,precipitation,0.0,1,0,0
1720929600000,new_york,precipitation,0.0,0,0,1
1720933200000,new_york,precipitation,0.0,0,0,1
1720936800000,new_york,precipitation,0.0,0,0,1
1720940400000,new_york,precipitation,0.0,0,0,1
1720944000000,new_york,precipitation,0.0,0,0,1
1720947600000,new_york,precipitation,0.0,0,0,1
1720951200000,new_york,precipitation,0.0,0,0,1
1720954800000,new_york,precipitation,0.0,0,0,1
1720958400000,new_york,precipitation,0.6,0,1,0
1720962000000,new_york,precipitation,0.5,0,1,0
1720965600000,new_york,precipitation,0.0,0,0,1
1720969200000,new_york,precipitation,0.0,0,0,1
1720972800000,new_york,precipitation,0.0,0,0,1
1720976400000,new_york,precipitation,0.1,0,1,0
1720980000000,new_york,precipitation,0.0,0,0,1
1720983600000,new_york,precipitation,0.0,0,0,1
1720987200000,new_york,precipitation,0.0,0,0,1
1720990800000,new_york,precipitation,0.0,0,0,1
1720994400000,new_york,precipitation,0.0,0,0,1
1720998000000,new_york,precipitation,0.0,0,0,1
1721001600000,new_york,precipitation,0.0,0,0,1
1721005200000,new_york,precipitation,0.0,0,0,1
1721008800000,new_york,precipitation,0.0,0,0,1
1721012400000,new_york,precipitation,0.0,1,0,0
1721016000000,new_york,precipitation,0.0,0,0,1
1721019600000,new_york,precipitation,0.0,0,0,1
1721023200000,new_york,precipitation,0.0,0,0,1
1721026800000,new_york,precipitation,0.0,1,0,0
1721030400000,new_york,precipitation,0.0,0,0,1
1721034000000,new_york,precipitation,0.0,0,0,1
1721037600000,new_york,precipitation,0.0,0,0,1
1721041200000,new_york,precipitation,0.0,0,0,1
1721044800000,new_york,precipitation,0.0,0,0,1
1721048400000,new_york,precipitation,0.1,0,1,0
1721052000000,new_york,precipitation,0.0,0,0,1
1721055600000,new_york,precipitation,0.0,0,0,1
1721059200000,new_york,precipitation,0.0,1,0,0
1721062800000,new_york,precipitation,0.0,0,0,1
1721066400000,new_york,precipitation,0.0,0,0,1
1721070000000,new_york,precipitation,0.0,0,0,1
1721073600000,new_york,precipitation,0.0,0,0,1
1721077200000,new_york,precipitation,0.0,0,0,1
1721080800000,new_york,precipitation,0.4,0,1,0
1721084400000,new_york,precipitation,0.0,1,0,0
1721088000000,new_york,precipitation,0.0,0,0,1
1721091600000,new_york,precipitation,0.0,0,0,1
1721095200000,new_york,precipitation,0.0,0,0,1
1721098800000,new_york,precipitation,0.0,0,0,1
1721102400000,new_york,precipitation,0.0,0,0,1
1721106000000,new_york,precipitation,0.0,1,0,0
1721109600000,new_york,precipitation,0.0,0,0,1
1721113200000,new_york,precipitation,0.0,0,0,1
1721116800000,new_york,precipitation,0.0,0,0,1
1721120400000,new_york,precipitation,0.0,0,0,1
1721124000000,new_york,precipitation,0.0,0,0,1
1721127600000,new_york,precipitation,0.0,1,0,0
1721131200000,new_york,precipitation,0.3,0,1,0
1721134800000,new_york,precipitation,0.0,0,0,1
1721138400000,new_york,precipitation,0.0,0,0,1
1721142000000,new_york,precipitation,0.0,0,0,1
1721145600000,new_york,precipitation,0.2,0,1,0
1721149200000,new_york,precipitation,0.0,0,0,1
1721152800000,new_york,precipitation,0.0,0,0,1
1721156400000,new_york,precipitation,0.0,0,0,1
1721160000000,new_york,precipitation,0.0,0,0,1
1721163600000,new_york,precipitation,0.3,0,1,0
1721167200000,new_york,precipitation,0.0,1,0,0
1721170800000,new_york,precipitation,0.0,0,0,1
1721174400000,new_york,precipitation,0.0,0,0,1
1721178000000,new_york,precipitation,0.0,0,0,1
1721181600000,new_york,precipitation,0.0,0,0,1
1721185200000,new_york,precipitation,0.0,0,0,1
1721188800000,new_york,precipitation,0.0,0,0,1
1721192400000,new_york,precipitation,0.0,0,0,1
1721196000000,new_york,precipitation,0.0,0,0,1
1721199600000,new_york,precipitation,0.0,0,0,1
1721203200000,new_york,precipitation,0.0,1,0,0
1721206800000,new_york,precipitation,0.0,0,0,1
1721210400000,new_york,precipitation,0.0,1,0,0
1721214000000,new_york,precipitation,0.1,0,1,0
1721217600000,new_york,precipitation,0.0,0,0,1
1721221200000,new_york,precipitation,0.0,0,0,1
1721224800000,new_york,precipitation,0.0,0,0,1
1721228400000,new_york,precipitation,0.0,0,0,1
1721232000000,new_york,precipitation,5.6,1,1,1
1721235600000,new_york,precipitation,14.3,0,1,0
1721239200000,new_york,precipitation,0.2,1,1,1
1721242800000,new_york,precipitation,0.0,0,0,1
1721246400000,new_york,precipitation,0.0,0,0,1
1721250000000,new_york,precipitation,7.2,0,1,0
1721253600000,new_york,precipitation,3.5,0,1,0
1721257200000,new_york,precipitation,2.8,0,1,0
1721260800000,new_york,precipitation,0.4,0,1,0
1721264400000,new_york,precipitation,0.0,1,0,0
1721268000000,new_york,precipitation,0.0,0,0,1
1721271600000,new_york,precipitation,0.0,0,0,1
1721275200000,new_york,precipitation,0.0,0,0,1
1721278800000,new_york,precipitation,0.0,0,0,1
1721282400000,new_york,precipitation,0.0,0,0,1
1721286000000,new_york,precipitation,0.0,0,0,1
1721289600000,new_york,precipitation,0.0,0,0,1
1721293200000,new_york,precipitation,0.0,0,0,1
1721296800000,new_york,precipitation,0.0,0,0,1
1721300400000,new_york,precipitation,0.0,0,0,1
1721304000000,new_york,precipitation,0.0,0,0,1
1721307600000,new_york,precipitation,0.0,0,0,1
1721311200000,new_york,precipitation,0.0,0,0,1
1721314800000,new_york,precipitation,0.0,0,0,1
1721318400000,new_york,precipitation,0.0,0,0,1
1721322000000,new_york,precipitation,0.0,0,0,1
1721325600000,new_york,precipitation,0.0,0,0,1
1721329200000,new_york,precipitation,0.0,0,0,1
1721332800000,new_york,precipitation,0.0,0,0,1
1721336400000,new_york,precipitation,0.0,0,0,1
1721340000000,new_york,precipitation,0.0,0,0,1
1721343600000,new_york,precipitation,0.0,0,0,1
1721347200000,new_york,precipitation,0.0,0,0,1
1721350800000,new_york,precipitation,0.0,0,0,1
1721354400000,new_york,precipitation,0.0,1,0,0
1721358000000,new_york,precipitation,0.0,0,0,1
1721361600000,new_york,precipitation,0.0,0,0,1
1721365200000,new_york,precipitation,0.0,0,0,1
1721368800000,new_york,precipitation,0.0,0,0,1
1721372400000,new_york,precipitation,0.0,0,0,1
1721376000000,new_york,precipitation,0.0,0,0,1
1721379600000,new_york,precipitation,0.0,0,0,1
1721383200000,new_york,precipitation,0.0,0,0,1
1721386800000,new_york,precipitation,0.0,0,0,1
1721390400000,new_york,precipitation,0.0,0,0,1
1721394000000,new_york,precipitation,0.0,0,0,1
1721397600000,new_york,precipitation,0.0,0,0,1
1721401200000,new_york,precipitation,0.0,0,0,1
1721404800000,new_york,precipitation,0.0,0,0,1
1721408400000,new_york,precipitation,0.0,0,0,1
1721412000000,new_york,precipitation,0.0,0,0,1
1721415600000,new_york,precipitation,0.0,0,0,1
1721419200000,new_york,precipitation,0.0,1,0,0
1721422800000,new_york,precipitation,0.0,0,0,1
1721426400000,new_york,precipitation,0.0,0,0,1
1721430000000,new_york,precipitation,0.0,0,0,1
1721433600000,new_york,precipitation,0.0,0,0,1
1721437200000,new_york,precipitation,0.0,0,0,1
1721440800000,new_york,precipitation,0.0,0,0,1
1721444400000,new_york,precipitation,0.0,0,0,1
1721448000000,new_york,precipitation,0.0,0,0,1
1721451600000,new_york,precipitation,0.0,1,0,0
1721455200000,new_york,precipitation,0.0,0,0,1
1721458800000,new_york,precipitation,0.0,0,0,1
1721462400000,new_york,precipitation,0.0,0,0,1
1721466000000,new_york,precipitation,0.0,0,0,1
1721469600000,new_york,precipitation,0.0,0,0,1
1721473200000,new_york,precipitation,0.0,0,0,1
1721476800000,new_york,precipitation,0.22786580124753747,1,1,1
1721480400000,new_york,precipitation,1.9,0,1,0
1721484000000,new_york,precipitation,0.0,0,0,1
1721487600000,new_york,precipitation,0.0,1,0,0
1721491200000,new_york,precipitation,0.0,0,0,1
1721494800000,new_york,precipitation,0.0,1,0,0
1721498400000,new_york,precipitation,0.0,1,0,0
1721502000000,new_york,precipitation,0.0,0,0,1
1721505600000,new_york,precipitation,0.0,1,0,0
1721509200000,new_york,precipitation,0.0,0,0,1
1721512800000,new_york,precipitation,0.0,0,0,1
1721516400000,new_york,precipitation,0.0,0,0,1
1721520000000,new_york,precipitation,0.0,0,0,1
1721523600000,new_york,precipitation,0.0,0,0,1
1721527200000,new_york,precipitation,0.0,0,0,1
1721530800000,new_york,precipitation,0.0,0,0,1
1721534400000,new_york,precipitation,0.0,0,0,1
1721538000000,new_york,precipitation,0.0,1,0,0
1721541600000,new_york,precipitation,0.0,0,0,1
1721545200000,new_york,precipitation,0.0,0,0,1
1721548800000,new_york,precipitation,0.0,1,0,0
1721552400000,new_york,precipitation,0.0,0,0,1
1721556000000,new_york,precipitation,0.0,0,0,1
1721559600000,new_york,precipitation,0.0,0,0,1
1721563200000,new_york,precipitation,0.1,1,1,1
1721566800000,new_york,precipitation,0.0,0,0,1
1721570400000,new_york,precipitation,0.0,0,0,1
1721574000000,new_york,precipitation,0.0,1,0,0
1721577600000,new_york,precipitation,0.0,0,0,1
1721581200000,new_york,precipitation,0.0,0,0,1
1721584800000,new_york,precipitation,0.0,0,0,1
1721588400000,new_york,precipitation,0.0,0,0,1
1721592000000,new_york,precipitation,0.0,0,0,1
1721595600000,new_york,precipitation,0.0,0,0,1
1721599200000,new_york,precipitation,0.0,1,0,0
1721602800000,new_york,precipitation,0.0,0,0,1
1721606400000,new_york,precipitation,0.0,0,0,1
1721610000000,new_york,precipitation,0.0,0,0,1
1721613600000,new_york,precipitation,0.0,0,0,1
1721617200000,new_york,precipitation,0.0,0,0,1
1721620800000,new_york,precipitation,0.0,1,0,0
1721624400000,new_york,precipitation,0.0,0,0,1
1721628000000,new_york,precipitation,0.0,1,0,0
1721631600000,new_york,precipitation,0.0,0,0,1
1721635200000,new_york,precipitation,0.0,0,0,1
1721638800000,new_york,precipitation,0.0,0,0,1
1721642400000,new_york,precipitation,0.0,0,0,1
1721646000000,new_york,precipitation,0.0,0,0,1
1721649600000,new_york,precipitation,1.3,0,1,0
1721653200000,new_york,precipitation,0.0,0,0,1
1721656800000,new_york,precipitation,0.0,1,0,0
1721660400000,new_york,precipitation,0.0,0,0,1
1721664000000,new_york,precipitation,0.0,0,0,1
1721667600000,new_york,precipitation,0.0,0,0,1
1721671200000,new_york,precipitation,0.0,0,0,1
1721674800000,new_york,precipitation,0.0,1,0,0
1721678400000,new_york,precipitation,0.0,0,0,1
1721682000000,new_york,precipitation,0.6,0,1,0
1721685600000,new_york,precipitation,2.2,0,1,0
1721689200000,new_york,precipitation,0.4,0,1,0
1721692800000,new_york,precipitation,0.1,0,1,0
1721696400000,new_york,precipitation,0.1,0,1,0
1721700000000,new_york,precipitation,0.2,0,1,0
1721703600000,new_york,precipitation,0.2,0,1,0
1721707200000,new_york,precipitation,0.1,0,1,0
1721710800000,new_york,precipitation,0.0,0,0,1
1721714400000,new_york,precipitation,0.0,0,0,1
1721718000000,new_york,precipitation,0.1,1,1,1
1721721600000,new_york,precipitation,0.0,0,0,1
1721725200000,new_york,precipitation,0.3,1,1,1
1721728800000,new_york,precipitation,0.2,0,1,0
1721732400000,new_york,precipitation,0.2,0,1,0
1721736000000,new_york,precipitation,0.4,1,1,1
1721739600000,new_york,precipitation,0.22391823440517156,1,1,1
1721743200000,new_york,precipitation,0.1,0,1,0
1721746800000,new_york,precipitation,0.0,1,0,0
1721750400000,new_york,precipitation,0.0,0,0,1
1721754000000,new_york,precipitation,0.0,0,0,1
1721757600000,new_york,precipitation,1.0,0,1,0
1721761200000,new_york,precipitation,0.1,0,1,0
1721764800000,new_york,precipitation,0.0,0,0,1
1721768400000,new_york,precipitation,0.0,0,0,1
1721772000000,new_york,precipitation,0.0,0,0,1
1721775600000,new_york,precipitation,0.0,0,0,1
1721779200000,new_york,precipitation,0.0,0,0,1
1721782800000,new_york,precipitation,0.0,0,0,1
1721786400000,new_york,precipitation,0.0,1,0,0
1721790000000,new_york,precipitation,0.0,0,0,1
1721793600000,new_york,precipitation,0.0,0,0,1
1721797200000,new_york,precipitation,0.0,0,0,1
1721800800000,new_york,precipitation,0.0,0,0,1
1721804400000,new_york,precipitation,0.0,1,0,0
1721808000000,new_york,precipitation,0.0,0,0,1
1721811600000,new_york,precipitation,0.0,0,0,1
1721815200000,new_york,precipitation,0.0,0,0,1
1721818800000,new_york,precipitation,0.4,0,1,0
1721822400000,new_york,precipitation,0.2,0,1,0
1721826000000,new_york,precipitation,0.0,1,0,0
1721829600000,new_york,precipitation,0.0,0,0,1
1721833200000,new_york,precipitation,0.0,0,0,1
1721836800000,new_york,precipitation,0.0,0,0,1
1721840400000,new_york,precipitation,0.0,0,0,1
1721844000000,new_york,precipitation,0.0,1,0,0
1721847600000,new_york,precipitation,0.0,0,0,1
1721851200000,new_york,precipitation,0.0,0,0,1
1721854800000,new_york,precipitation,0.0,0,0,1
1721858400000,new_york,precipitation,0.0,1,0,0
1721862000000,new_york,precipitation,8.2,1,1,1
1721865600000,new_york,precipitation,0.0,0,0,1
1721869200000,new_york,precipitation,0.0,1,0,0
1721872800000,new_york,precipitation,0.0,0,0,1
1721876400000,new_york,precipitation,0.0,0,0,1
1721880000000,new_york,precipitation,0.0,0,0,1
1721883600000,new_york,precipitation,0.0,0,0,1
1721887200000,new_york,precipitation,0.0,1,0,0
1721890800000,new_york,precipitation,0.0,0,0,1
1721894400000,new_york,precipitation,0.0,0,0,1
1721898000000,new_york,precipitation,0.0,0,0,1
1721901600000,new_york,precipitation,0.0,1,0,0
1721905200000,new_york,precipitation,0.0,0,0,1
1721908800000,new_york,precipitation,0.0,0,0,1
1721912400000,new_york,precipitation,0.0,0,0,1
1721916000000,new_york,precipitation,0.0,1,0,0
1721919600000,new_york,precipitation,0.0,0,0,1
1721923200000,new_york,precipitation,0.0,0,0,1
1721926800000,new_york,precipitation,0.0,0,0,1
1721930400000,new_york,precipitation,0.0,0,0,1
1721934000000,new_york,precipitation,0.0,1,0,0
1721937600000,new_york,precipitation,0.0,0,0,1
1721941200000,new_york,precipitation,0.0,0,0,1
1721944800000,new_york,precipitation,0.0,0,0,1
1721948400000,new_york,precipitation,0.0,0,0,1
1721952000000,new_york,precipitation,0.0,0,0,1
1721955600000,new_york,precipitation,0.0,0,0,1
1721959200000,new_york,precipitation,0.0,0,0,1
1721962800000,new_york,precipitation,0.0,0,0,1
1721966400000,new_york,precipitation,0.0,0,0,1
1721970000000,new_york,precipitation,0.0,0,0,1
1721973600000,new_york,precipitation,0.0,1,0,0
1721977200000,new_york,precipitation,0.0,0,0,1
1721980800000,new_york,precipitation,0.0,0,0,1
1721984400000,new_york,precipitation,0.0,0,0,1
1721988000000,new_york,precipitation,0.0,0,0,1
1721991600000,new_york,precipitation,0.0,0,0,1
1721995200000,new_york,precipitation,0.0,1,0,0
1721998800000,new_york,precipitation,0.0,0,0,1
1722002400000,new_york,precipitation,0.0,0,0,1
1722006000000,new_york,precipitation,0.0,0,0,1
1722009600000,new_york,precipitation,0.0,0,0,1
1722013200000,new_york,precipitation,0.0,0,0,1
1722016800000,new_york,precipitation,0.0,0,0,1
1722020400000,new_york,precipitation,0.0,1,0,0
1722024000000,new_york,precipitation,0.0,1,0,0
1722027600000,new_york,precipitation,0.0,0,0,1
1722031200000,new_york,precipitation,0.0,0,0,1
1722034800000,new_york,precipitation,0.0,0,0,1
1722038400000,new_york,precipitation,0.0,1,0,0
1722042000000,new_york,precipitation,0.0,0,0,1
1722045600000,new_york,precipitation,0.0,0,0,1
1722049200000,new_york,precipitation,0.0,0,0,1
1722052800000,new_york,precipitation,0.0,0,0,1
1722056400000,new_york,precipitation,0.0,0,0,1
1722060000000,new_york,precipitation,0.0,0,0,1
1722063600000,new_york,precipitation,0.0,0,0,1
1722067200000,new_york,precipitation,0.0,0,0,1
1722070800000,new_york,precipitation,0.0,0,0,1
1722074400000,new_york,precipitation,0.0,0,0,1
1722078000000,new_york,precipitation,0.0,1,0,0
1722081600000,new_york,precipitation,0.0,0,0,1
1722085200000,new_york,precipitation,0.0,1,0,0
1722088800000,new_york,precipitation,0.0,0,0,1
1722092400000,new_york,precipitation,0.0,0,0,1
1722096000000,new_york,precipitation,0.0,0,0,1
1722099600000,new_york,precipitation,0.0,0,0,1
1722103200000,new_york,precipitation,0.0,0,0,1
1722106800000,new_york,precipitation,0.0,1,0,0
1722110400000,new_york,precipitation,0.0,0,0,1
1722114000000,new_york,precipitation,0.0,0,0,1
1722117600000,new_york,precipitation,0.0,0,0,1
1722121200000,new_york,precipitation,0.0,0,0,1
1722124800000,new_york,precipitation,0.0,0,0,1
1722128400000,new_york,precipitation,0.0,0,0,1
1722132000000,new_york,precipitation,0.0,0,0,1
1722135600000,new_york,precipitation,0.0,0,0,1
1722139200000,new_york,precipitation,0.0,1,0,0
1722142800000,new_york,precipitation,0.0,0,0,1
1722146400000,new_york,precipitation,0.0,1,0,0
1722150000000,new_york,precipitation,0.0,0,0,1
1722153600000,new_york,precipitation,0.0,0,0,1
1722157200000,new_york,precipitation,0.0,0,0,1
1722160800000,new_york,precipitation,0.0,0,0,1
1722164400000,new_york,precipitation,0.0,0,0,1
1722168000000,new_york,precipitation,0.0,0,0,1
1722171600000,new_york,precipitation,0.0,0,0,1
1722175200000,new_york,precipitation,0.0,0,0,1
1722178800000,new_york,precipitation,0.0,0,0,1
1722182400000,new_york,precipitation,0.0,0,0,1
1722186000000,new_york,precipitation,0.0,1,0,0
1722189600000,new_york,precipitation,0.0,0,0,1
1722193200000,new_york,precipitation,0.0,0,0,1
1722196800000,new_york,precipitation,0.0,0,0,1
1722200400000,new_york,precipitation,0.0,0,0,1
1722204000000,new_york,precipitation,0.0,0,0,1
1722207600000,new_york,precipitation,0.0,0,0,1
1722211200000,new_york,precipitation,0.0,0,0,1
1722214800000,new_york,precipitation,0.0,1,0,0
1722218400000,new_york,precipitation,0.0,0,0,1
1722222000000,new_york,precipitation,0.0,0,0,1
1722225600000,new_york,precipitation,0.0,0,0,1
1722229200000,new_york,precipitation,0.0,0,0,1
1722232800000,new_york,precipitation,0.0,0,0,1
1722236400000,new_york,precipitation,0.1,0,1,0
1722240000000,new_york,precipitation,0.0,0,0,1
1722243600000,new_york,precipitation,0.0,1,0,0
1722247200000,new_york,precipitation,0.0,0,0,1
1722250800000,new_york,precipitation,0.0,0,0,1
1722254400000,new_york,precipitation,0.0,0,0,1
1722258000000,new_york,precipitation,0.0,0,0,1
1722261600000,new_york,precipitation,0.0,0,0,1
1722265200000,new_york,precipitation,3.1,0,1,0
1722268800000,new_york,precipitation,0.8,0,1,0
1722272400000,new_york,precipitation,0.0,1,0,0
1722276000000,new_york,precipitation,0.0,0,0,1
1722279600000,new_york,precipitation,0.0,0,0,1
1722283200000,new_york,precipitation,0.0,0,0,1
1722286800000,new_york,precipitation,0.0,0,0,1
1722290400000,new_york,precipitation,0.0,0,0,1
1722294000000,new_york,precipitation,0.0,1,0,0
1722297600000,new_york,precipitation,0.0,0,0,1
1722301200000,new_york,precipitation,0.0,0,0,1
1722304800000,new_york,precipitation,0.0,0,0,1
1722308400000,new_york,precipitation,0.0,0,0,1
1722312000000,new_york,precipitation,0.0,0,0,1
1722315600000,new_york,precipitation,0.0,0,0,1
1722319200000,new_york,precipitation,0.0,0,0,1
1722322800000,new_york,precipitation,0.0,0,0,1
1722326400000,new_york,precipitation,0.0,0,0,1
1722330000000,new_york,precipitation,0.0,0,0,1
1722333600000,new_york,precipitation,0.0,0,0,1
1722337200000,new_york,precipitation,0.0,0,0,1
1722340800000,new_york,precipitation,0.0,1,0,0
1722344400000,new_york,precipitation,0.0,1,0,0
1722348000000,new_york,precipitation,0.0,0,0,1
1722351600000,new_york,precipitation,0.0,0,0,1
1722355200000,new_york,precipitation,0.0,0,0,1
1722358800000,new_york,precipitation,0.0,0,0,1
1722362400000,new_york,precipitation,0.0,0,0,1
1722366000000,new_york,precipitation,0.0,1,0,0
1722369600000,new_york,precipitation,0.0,0,0,1
1722373200000,new_york,precipitation,0.0,0,0,1
1722376800000,new_york,precipitation,0.0,0,0,1
1722380400000,new_york,precipitation,0.0,0,0,1
1722384000000,new_york,precipitation,0.0,0,0,1
1722387600000,new_york,precipitation,0.0,0,0,1
1722391200000,new_york,precipitation,0.3,0,1,0
1722394800000,new_york,precipitation,0.3,0,1,0
1722398400000,new_york,precipitation,0.5,0,1,0
1722402000000,new_york,precipitation,0.0,1,0,0
1722405600000,new_york,precipitation,0.0,0,0,1
1722409200000,new_york,precipitation,0.0,1,0,0
1722412800000,new_york,precipitation,0.0,0,0,1
1722416400000,new_york,precipitation,0.8,0,1,0
1722420000000,new_york,precipitation,0.2,0,1,0
1722423600000,new_york,precipitation,0.1,0,1,0
1722427200000,new_york,precipitation,0.2,0,1,0
1722430800000,new_york,precipitation,0.2,0,1,0
1722434400000,new_york,precipitation,3.9,0,1,0
1722438000000,new_york,precipitation,0.3,0,1,0
1722441600000,new_york,precipitation,0.0,0,0,1
1722445200000,new_york,precipitation,0.0,1,0,0
1722448800000,new_york,precipitation,3.0,0,1,0
1722452400000,new_york,precipitation,0.0,0,0,1
1722456000000,new_york,precipitation,0.0,0,0,1
1722459600000,new_york,precipitation,0.1,0,1,0
1722463200000,new_york,precipitation,0.0,1,0,0
1722466800000,new_york,precipitation,0.0,0,0,1
1722470400000,new_york,precipitation,0.0,0,0,1
1722474000000,new_york,precipitation,0.0,1,0,0
1722477600000,new_york,precipitation,0.0,0,0,1
1722481200000,new_york,precipitation,0.0,0,0,1
1722484800000,new_york,precipitation,0.0,1,0,0
1722488400000,new_york,precipitation,0.0,0,0,1
1722492000000,new_york,precipitation,0.0,0,0,1
1722495600000,new_york,precipitation,0.0,0,0,1
1722499200000,new_york,precipitation,0.0,1,0,0
1722502800000,new_york,precipitation,0.0,0,0,1
1722506400000,new_york,precipitation,0.0,0,0,1
1722510000000,new_york,precipitation,0.0,0,0,1
1722513600000,new_york,precipitation,0.0,0,0,1
1722517200000,new_york,precipitation,0.0,0,0,1
1722520800000,new_york,precipitation,0.0,0,0,1
1722524400000,new_york,precipitation,0.0,0,0,1
1722528000000,new_york,precipitation,0.0,0,0,1
1722531600000,new_york,precipitation,0.1,0,1,0
1722535200000,new_york,precipitation,0.0,0,0,1
1722538800000,new_york,precipitation,0.0,0,0,1
1722542400000,new_york,precipitation,0.0,0,0,1
1722546000000,new_york,precipitation,0.0,1,0,0
1722549600000,new_york,precipitation,0.0,0,0,1
1722553200000,new_york,precipitation,0.0,0,0,1
1722556800000,new_york,precipitation,0.0,1,0,0
1722560400000,new_york,precipitation,1.2,0,1,0
1722564000000,new_york,precipitation,0.1,0,1,0
1722567600000,new_york,precipitation,0.1,0,1,0
1722571200000,new_york,precipitation,0.0,1,0,0
1722574800000,new_york,precipitation,0.0,0,0,1
1722578400000,new_york,precipitation,0.0,0,0,1
1722582000000,new_york,precipitation,0.0,0,0,1
1722585600000,new_york,precipitation,0.0,0,0,1
1722589200000,new_york,precipitation,2.1,0,1,0
1722592800000,new_york,precipitation,0.0,0,0,1
1722596400000,new_york,precipitation,0.0,0,0,1
1722600000000,new_york,precipitation,0.0,0,0,1
1722603600000,new_york,precipitation,0.2,0,1,0
1722607200000,new_york,precipitation,0.0,0,0,1
1722610800000,new_york,precipitation,2.7,0,1,0
1722614400000,new_york,precipitation,0.6,1,1,1
1722618000000,new_york,precipitation,1.3,0,1,0
1722621600000,new_york,precipitation,1.6,0,1,0
1722625200000,new_york,precipitation,0.0,0,0,1
1722628800000,new_york,precipitation,0.1,0,1,0
1722632400000,new_york,precipitation,0.0,1,0,0
1722636000000,new_york,precipitation,0.0,0,0,1
1722639600000,new_york,precipitation,0.0,0,0,1
1722643200000,new_york,precipitation,0.0,0,0,1
1722646800000,new_york,precipitation,0.0,1,0,0
1722650400000,new_york,precipitation,0.0,0,0,1
1722654000000,new_york,precipitation,0.0,1,0,0
1722657600000,new_york,precipitation,0.1,0,1,0
1722661200000,new_york,precipitation,0.0,0,0,1
1722664800000,new_york,precipitation,0.0,0,0,1
1722668400000,new_york,precipitation,0.0,0,0,1
1722672000000,new_york,precipitation,0.0,0,0,1
1722675600000,new_york,precipitation,0.0,1,0,0
1722679200000,new_york,precipitation,0.0,0,0,1
1722682800000,new_york,precipitation,0.0,0,0,1
1722686400000,new_york,precipitation,0.0,1,0,0
1722690000000,new_york,precipitation,0.0,0,0,1
1722693600000,new_york,precipitation,0.1,1,1,1
1722697200000,new_york,precipitation,6.2,1,1,1
1722700800000,new_york,precipitation,4.8,0,1,0
1722704400000,new_york,precipitation,0.2,0,1,0
1722708000000,new_york,precipitation,0.1,0,1,0
1722711600000,new_york,precipitation,0.1,0,1,0
1722715200000,new_york,precipitation,0.0,0,0,1
1722718800000,new_york,precipitation,1.2,0,1,0
1722722400000,new_york,precipitation,0.0,0,0,1
1722726000000,new_york,precipitation,0.3,0,1,0
1722729600000,new_york,precipitation,0.2,0,1,0
1722733200000,new_york,precipitation,0.0,0,0,1
1722736800000,new_york,precipitation,0.0,0,0,1
1722740400000,new_york,precipitation,0.0,0,0,1
1722744000000,new_york,precipitation,0.0,1,0,0
1722747600000,new_york,precipitation,0.0,0,0,1
1722751200000,new_york,precipitation,0.1,0,1,0
1722754800000,new_york,precipitation,0.0,0,0,1
1722758400000,new_york,precipitation,0.0,0,0,1
1722762000000,new_york,precipitation,0.2,0,1,0
1722765600000,new_york,precipitation,0.5,0,1,0
1722769200000,new_york,precipitation,1.7,0,1,0
1722772800000,new_york,precipitation,8.0,0,1,0
1722776400000,new_york,precipitation,0.3,0,1,0
1722780000000,new_york,precipitation,0.1,0,1,0
1722783600000,new_york,precipitation,0.2,0,1,0
1722787200000,new_york,precipitation,0.1,0,1,0
1722790800000,new_york,precipitation,2.3,0,1,0
1722794400000,new_york,precipitation,0.0,0,0,1
1722798000000,new_york,precipitation,0.0,0,0,1
1722801600000,new_york,precipitation,0.0,1,0,0
1722805200000,new_york,precipitation,0.0,0,0,1
1722808800000,new_york,precipitation,0.0,0,0,1
1722812400000,new_york,precipitation,0.0,0,0,1
1722816000000,new_york,precipitation,0.0,0,0,1
1722819600000,new_york,precipitation,0.0,1,0,0
1722823200000,new_york,precipitation,0.0,1,0,0
1722826800000,new_york,precipitation,0.0,0,0,1
1722830400000,new_york,precipitation,0.0,1,0,0
1722834000000,new_york,precipitation,0.0,0,0,1
1722837600000,new_york,precipitation,0.0,0,0,1
1722841200000,new_york,precipitation,0.0,0,0,1
1722844800000,new_york,precipitation,0.0,1,0,0
1722848400000,new_york,precipitation,0.0,1,0,0
1722852000000,new_york,precipitation,0.0,0,0,1
1722855600000,new_york,precipitation,0.0,0,0,1
1722859200000,new_york,precipitation,0.0,0,0,1
1722862800000,new_york,precipitation,0.0,0,0,1
1722866400000,new_york,precipitation,0.0,0,0,1
1722870000000,new_york,precipitation,0.0,0,0,1
1722873600000,new_york,precipitation,0.0,0,0,1
1722877200000,new_york,precipitation,0.0,0,0,1
1722880800000,new_york,precipitation,0.0,0,0,1
1722884400000,new_york,precipitation,0.0,0,0,1
1722888000000,new_york,precipitation,0.0,0,0,1
1722891600000,new_york,precipitation,0.0,0,0,1
1722895200000,new_york,precipitation,0.0,0,0,1
1722898800000,new_york,precipitation,0.0,1,0,0
1722902400000,new_york,precipitation,0.0,0,0,1
1722906000000,new_york,precipitation,0.0,0,0,1
1722909600000,new_york,precipitation,0.0,0,0,1
1722913200000,new_york,precipitation,0.0,0,0,1
1722916800000,new_york,precipitation,0.0,0,0,1
1722920400000,new_york,precipitation,0.0,1,0,0
1722924000000,new_york,precipitation,0.0,0,0,1
1722927600000,new_york,precipitation,0.0,0,0,1
1722931200000,new_york,precipitation,0.0,0,0,1
1722934800000,new_york,precipitation,0.0,0,0,1
1722938400000,new_york,precipitation,0.0,1,0,0
1722942000000,new_york,precipitation,0.2,0,1,0
1722945600000,new_york,precipitation,0.2,0,1,0
1722949200000,new_york,precipitation,0.2,0,1,0
1722952800000,new_york,precipitation,1.3,1,1,1
1722956400000,new_york,precipitation,17.3,0,1,0
1722960000000,new_york,precipitation,4.2,0,1,0
1722963600000,new_york,precipitation,0.5,1,1,1
1722967200000,new_york,precipitation,2.4,1,1,1
1722970800000,new_york,precipitation,0.4,0,1,0
1722974400000,new_york,precipitation,1.4,0,1,0
1722978000000,new_york,precipitation,1.9,0,1,0
1722981600000,new_york,precipitation,3.4,0,1,0
1722985200000,new_york,precipitation,4.1,0,1,0
1722988800000,new_york,precipitation,5.5,0,1,0
1722992400000,new_york,precipitation,1.7,0,1,0
1722996000000,new_york,precipitation,1.1,0,1,0
1722999600000,new_york,precipitation,0.6,1,1,1
1723003200000,new_york,precipitation,0.0,0,0,1
1723006800000,new_york,precipitation,0.0,0,0,1
1723010400000,new_york,precipitation,0.1,1,1,1
1723014000000,new_york,precipitation,0.4,0,1,0
1723017600000,new_york,precipitation,0.1,0,1,0
1723021200000,new_york,precipitation,0.7,0,1,0
1723024800000,new_york,precipitation,0.1,0,1,0
1723028400000,new_york,precipitation,0.0,0,0,1
1723032000000,new_york,precipitation,0.0,0,0,1
1723035600000,new_york,precipitation,0.0,0,0,1
1723039200000,new_york,precipitation,0.0,0,0,1
1723042800000,new_york,precipitation,0.0,1,0,0
1723046400000,new_york,precipitation,0.0,1,0,0
1723050000000,new_york,precipitation,0.1,0,1,0
1723053600000,new_york,precipitation,0.2,0,1,0
1723057200000,new_york,precipitation,0.0,1,0,0
1723060800000,new_york,precipitation,0.0,0,0,1
1723064400000,new_york,precipitation,7.1,0,1,0
1723068000000,new_york,precipitation,1.7,0,1,0
1723071600000,new_york,precipitation,4.6,0,1,0
1723075200000,new_york,precipitation,0.6,0,1,0
1723078800000,new_york,precipitation,0.4,0,1,0
1723082400000,new_york,precipitation,0.9,1,1,1
1723086000000,new_york,precipitation,0.6,0,1,0
1723089600000,new_york,precipitation,0.1,0,1,0
1723093200000,new_york,precipitation,0.0,0,0,1
1723096800000,new_york,precipitation,0.0,0,0,1
1723100400000,new_york,precipitation,0.0,0,0,1
1723104000000,new_york,precipitation,0.0,0,0,1
1723107600000,new_york,precipitation,0.0,0,0,1
1723111200000,new_york,precipitation,0.0,0,0,1
1723114800000,new_york,precipitation,0.4,0,1,0
1723118400000,new_york,precipitation,0.1,0,1,0
1723122000000,new_york,precipitation,0.1,0,1,0
1723125600000,new_york,precipitation,0.2,0,1,0
1723129200000,new_york,precipitation,0.0,0,0,1
1723132800000,new_york,precipitation,0.1,0,1,0
1723136400000,new_york,precipitation,0.0,0,0,1
1723140000000,new_york,precipitation,0.1,1,1,1
1723143600000,new_york,precipitation,0.5,0,1,0
1723147200000,new_york,precipitation,0.8,0,1,0
1723150800000,new_york,precipitation,0.2,0,1,0
1723154400000,new_york,precipitation,0.2,0,1,0
1723158000000,new_york,precipitation,0.4,0,1,0
1723161600000,new_york,precipitation,0.0,0,0,1
1723165200000,new_york,precipitation,0.4,0,1,0
1723168800000,new_york,precipitation,1.4,0,1,0
1723172400000,new_york,precipitation,0.2,0,1,0
1723176000000,new_york,precipitation,0.5,0,1,0
1723179600000,new_york,precipitation,1.2,0,1,0
1723183200000,new_york,precipitation,0.2,0,1,0
1723186800000,new_york,precipitation,0.2,0,1,0
1723190400000,new_york,precipitation,7.5,0,1,0
1723194000000,new_york,precipitation,0.4,0,1,0
1723197600000,new_york,precipitation,0.5,0,1,0
1723201200000,new_york,precipitation,0.1,0,1,0
1723204800000,new_york,precipitation,0.0,0,0,1
1723208400000,new_york,precipitation,3.1,0,1,0
1723212000000,new_york,precipitation,0.5,0,1,0
1723215600000,new_york,precipitation,0.1,0,1,0
1723219200000,new_york,precipitation,1.2,0,1,0
1723222800000,new_york,precipitation,2.7,0,1,0
1723226400000,new_york,precipitation,2.2,1,1,1
1723230000000,new_york,precipitation,0.8,0,1,0
1723233600000,new_york,precipitation,0.1,0,1,0
1723237200000,new_york,precipitation,0.1,0,1,0
1723240800000,new_york,precipitation,0.2,1,1,1
1723244400000,new_york,precipitation,0.1,0,1,0
1723248000000,new_york,precipitation,0.2,0,1,0
1723251600000,new_york,precipitation,0.8,0,1,0
1723255200000,new_york,precipitation,0.0,0,0,1
1723258800000,new_york,precipitation,0.0,0,0,1
1723262400000,new_york,precipitation,0.0,0,0,1
1723266000000,new_york,precipitation,0.0,0,0,1
1723269600000,new_york,precipitation,0.0,0,0,1
1723273200000,new_york,precipitation,0.0,0,0,1
1723276800000,new_york,precipitation,0.0,0,0,1
1723280400000,new_york,precipitation,0.0,0,0,1
1723284000000,new_york,precipitation,0.0,0,0,1
1723287600000,new_york,precipitation,0.0,0,0,1
1723291200000,new_york,precipitation,0.0,0,0,1
1723294800000,new_york,precipitation,0.0,0,0,1
1723298400000,new_york,precipitation,0.0,0,0,1
1723302000000,new_york,precipitation,0.0,0,0,1
1723305600000,new_york,precipitation,0.0,0,0,1
1723309200000,new_york,precipitation,0.0,0,0,1
1723312800000,new_york,precipitation,0.0,0,0,1
1723316400000,new_york,precipitation,0.0,0,0,1
1723320000000,new_york,precipitation,0.0,1,0,0
1723323600000,new_york,precipitation,0.0,0,0,1
1723327200000,new_york,precipitation,0.0,0,0,1
1723330800000,new_york,precipitation,0.0,1,0,0
1723334400000,new_york,precipitation,0.0,0,0,1
1723338000000,new_york,precipitation,0.0,0,0,1
1723341600000,new_york,precipitation,0.0,0,0,1
1723345200000,new_york,precipitation,0.0,1,0,0
1723348800000,new_york,precipitation,0.0,0,0,1
1723352400000,new_york,precipitation,0.0,1,0,0
1723356000000,new_york,precipitation,0.0,0,0,1
1723359600000,new_york,precipitation,0.0,0,0,1
1723363200000,new_york,precipitation,0.0,0,0,1
1723366800000,new_york,precipitation,0.0,0,0,1
1723370400000,new_york,precipitation,0.0,0,0,1
1723374000000,new_york,precipitation,0.0,1,0,0
1723377600000,new_york,precipitation,0.0,0,0,1
1723381200000,new_york,precipitation,0.0,0,0,1
1723384800000,new_york,precipitation,0.0,0,0,1
1723388400000,new_york,precipitation,0.0,1,0,0
1723392000000,new_york,precipitation,0.0,0,0,1
1723395600000,new_york,precipitation,0.0,0,0,1
1723399200000,new_york,precipitation,0.0,0,0,1
1723402800000,new_york,precipitation,0.0,0,0,1
1723406400000,new_york,precipitation,0.0,1,0,0
1723410000000,new_york,precipitation,0.0,0,0,1
1723413600000,new_york,precipitation,0.0,0,0,1
1723417200000,new_york,precipitation,0.0,0,0,1
1723420800000,new_york,precipitation,0.0,0,0,1
1723424400000,new_york,precipitation,0.0,0,0,1
1723428000000,new_york,precipitation,0.0,0,0,1
1723431600000,new_york,precipitation,0.0,1,0,0
1723435200000,new_york,precipitation,0.0,1,0,0
1723438800000,new_york,precipitation,0.0,1,0,0
1723442400000,new_york,precipitation,0.0,0,0,1
1723446000000,new_york,precipitation,0.0,1,0,0
1723449600000,new_york,precipitation,0.0,0,0,1
1723453200000,new_york,precipitation,0.0,1,0,0
1723456800000,new_york,precipitation,0.0,0,0,1
1723460400000,new_york,precipitation,0.0,0,0,1
1723464000000,new_york,precipitation,0.0,0,0,1
1723467600000,new_york,precipitation,0.0,0,0,1
1723471200000,new_york,precipitation,0.0,0,0,1
1723474800000,new_york,precipitation,0.0,0,0,1
1723478400000,new_york,precipitation,0.0,0,0,1
1723482000000,new_york,precipitation,0.0,1,0,0
1723485600000,new_york,precipitation,0.0,0,0,1
1723489200000,new_york,precipitation,0.0,0,0,1
1723492800000,new_york,precipitation,0.0,0,0,1
1723496400000,new_york,precipitation,0.0,1,0,0
1723500000000,new_york,precipitation,0.0,0,0,1
1723503600000,new_york,precipitation,0.0,0,0,1
1723507200000,new_york,precipitation,0.0,0,0,1
1723510800000,new_york,precipitation,0.0,0,0,1
1723514400000,new_york,precipitation,0.0,0,0,1
1723518000000,new_york,precipitation,0.0,0,0,1
1723521600000,new_york,precipitation,0.0,1,0,0
1723525200000,new_york,precipitation,0.0,1,0,0
1723528800000,new_york,precipitation,0.0,0,0,1
1723532400000,new_york,precipitation,0.0,0,0,1
1723536000000,new_york,precipitation,0.0,0,0,1
1723539600000,new_york,precipitation,0.0,0,0,1
1723543200000,new_york,precipitation,0.0,0,0,1
1723546800000,new_york,precipitation,0.0,0,0,1
1723550400000,new_york,precipitation,0.0,0,0,1
1723554000000,new_york,precipitation,0.0,0,0,1
1723557600000,new_york,precipitation,0.0,1,0,0
1723561200000,new_york,precipitation,0.0,1,0,0
1723564800000,new_york,precipitation,0.0,0,0,1
1723568400000,new_york,precipitation,0.0,0,0,1
1723572000000,new_york,precipitation,0.0,0,0,1
1723575600000,new_york,precipitation,0.0,0,0,1
1723579200000,new_york,precipitation,0.0,0,0,1
1723582800000,new_york,precipitation,0.0,1,0,0
1723586400000,new_york,precipitation,0.0,0,0,1
1723590000000,new_york,precipitation,0.0,0,0,1
1723593600000,new_york,precipitation,0.0,0,0,1
1723597200000,new_york,precipitation,0.0,0,0,1
1723600800000,new_york,precipitation,0.0,0,0,1
1723604400000,new_york,precipitation,0.0,1,0,0
1723608000000,new_york,precipitation,0.0,0,0,1
1723611600000,new_york,precipitation,0.0,0,0,1
1723615200000,new_york,precipitation,0.0,0,0,1
1723618800000,new_york,precipitation,0.0,0,0,1
1723622400000,new_york,precipitation,0.0,0,0,1
1723626000000,new_york,precipitation,0.0,0,0,1
1723629600000,new_york,precipitation,0.0,0,0,1
1723633200000,new_york,precipitation,0.0,1,0,0
1723636800000,new_york,precipitation,0.0,0,0,1
1723640400000,new_york,precipitation,0.0,0,0,1
1723644000000,new_york,precipitation,0.0,0,0,1
1723647600000,new_york,precipitation,0.0,0,0,1
1723651200000,new_york,precipitation,0.0,0,0,1
1723654800000,new_york,precipitation,0.0,0,0,1
1723658400000,new_york,precipitation,0.0,0,0,1
1723662000000,new_york,precipitation,0.0,0,0,1
1723665600000,new_york,precipitation,0.0,0,0,1
1723669200000,new_york,precipitation,0.0,0,0,1
1723672800000,new_york,precipitation,0.1,0,1,0
1723676400000,new_york,precipitation,0.0,0,0,1
1723680000000,new_york,precipitation,0.0,0,0,1
1723683600000,new_york,precipitation,0.0,0,0,1
1723687200000,new_york,precipitation,0.0,0,0,1
1723690800000,new_york,precipitation,0.0,0,0,1
1723694400000,new_york,precipitation,0.0,0,0,1
1723698000000,new_york,precipitation,0.0,0,0,1
1723701600000,new_york,precipitation,0.0,1,0,0
1723705200000,new_york,precipitation,0.0,0,0,1
1723708800000,new_york,precipitation,0.0,0,0,1
1723712400000,new_york,precipitation,0.0,0,0,1
1723716000000,new_york,precipitation,0.0,0,0,1
1723719600000,new_york,precipitation,0.0,0,0,1
1723723200000,new_york,precipitation,0.0,0,0,1
1723726800000,new_york,precipitation,0.0,0,0,1
1723730400000,new_york,precipitation,0.0,0,0,1
1723734000000,new_york,precipitation,0.0,0,0,1
1723737600000,new_york,precipitation,0.0,0,0,1
1723741200000,new_york,precipitation,0.0,1,0,0
1723744800000,new_york,precipitation,0.0,0,0,1
1723748400000,new_york,precipitation,0.0,0,0,1
1723752000000,new_york,precipitation,0.0,0,0,1
1723755600000,new_york,precipitation,0.0,0,0,1
1723759200000,new_york,precipitation,0.0,0,0,1
1723762800000,new_york,precipitation,0.0,0,0,1
1723766400000,new_york,precipitation,0.0,0,0,1
1723770000000,new_york,precipitation,0.0,1,0,0
1723773600000,new_york,precipitation,0.0,0,0,1
1723777200000,new_york,precipitation,0.0,0,0,1
1723780800000,new_york,precipitation,0.0,0,0,1
1723784400000,new_york,precipitation,0.0,0,0,1
1723788000000,new_york,precipitation,0.0,0,0,1
1723791600000,new_york,precipitation,0.0,1,0,0
1723795200000,new_york,precipitation,0.0,0,0,1
1723798800000,new_york,precipitation,0.0,0,0,1
1723802400000,new_york,precipitation,0.0,0,0,1
1723806000000,new_york,precipitation,0.0,1,0,0
1723809600000,new_york,precipitation,0.0,1,0,0
1723813200000,new_york,precipitation,0.0,0,0,1
1723816800000,new_york,precipitation,0.0,0,0,1
1723820400000,new_york,precipitation,0.0,0,0,1
1723824000000,new_york,precipitation,0.0,0,0,1
1723827600000,new_york,precipitation,0.0,0,0,1
1723831200000,new_york,precipitation,0.0,0,0,1
1723834800000,new_york,precipitation,0.0,0,0,1
1723838400000,new_york,precipitation,0.0,0,0,1
1723842000000,new_york,precipitation,0.0,0,0,1
1723845600000,new_york,precipitation,0.0,0,0,1
1723849200000,new_york,precipitation,0.0,0,0,1
1723852800000,new_york,precipitation,0.0,0,0,1
1723856400000,new_york,precipitation,0.0,0,0,1
1723860000000,new_york,precipitation,0.0,0,0,1
1723863600000,new_york,precipitation,0.0,0,0,1
1723867200000,new_york,precipitation,0.0,0,0,1
1723870800000,new_york,precipitation,0.0,0,0,1
1723874400000,new_york,precipitation,0.0,0,0,1
1723878000000,new_york,precipitation,0.0,0,0,1
1723881600000,new_york,precipitation,0.0,0,0,1
1723885200000,new_york,precipitation,0.1,0,1,0
1723888800000,new_york,precipitation,0.2,0,1,0
1723892400000,new_york,precipitation,0.1,0,1,0
1723896000000,new_york,precipitation,0.0,0,0,1
1723899600000,new_york,precipitation,0.0,0,0,1
1723903200000,new_york,precipitation,0.0,0,0,1
1723906800000,new_york,precipitation,0.0,0,0,1
1723910400000,new_york,precipitation,0.0,0,0,1
1723914000000,new_york,precipitation,0.0,0,0,1
1723917600000,new_york,precipitation,0.0,0,0,1
1723921200000,new_york,precipitation,0.0,1,0,0
1723924800000,new_york,precipitation,0.0,1,0,0
1723928400000,new_york,precipitation,0.0,0,0,1
1723932000000,new_york,precipitation,0.1,0,1,0
1723935600000,new_york,precipitation,4.1,0,1,0
1723939200000,new_york,precipitation,0.1,0,1,0
1723942800000,new_york,precipitation,0.0,0,0,1
1723946400000,new_york,precipitation,0.0,1,0,0
1723950000000,new_york,precipitation,0.22261539258991495,1,1,1
1723953600000,new_york,precipitation,4.1,0,1,0
1723957200000,new_york,precipitation,0.5,0,1,0
1723960800000,new_york,precipitation,0.4,0,1,0
1723964400000,new_york,precipitation,3.1,0,1,0
1723968000000,new_york,precipitation,2.3,0,1,0
1723971600000,new_york,precipitation,1.3,0,1,0
1723975200000,new_york,precipitation,0.3,0,1,0
1723978800000,new_york,precipitation,0.5,0,1,0
1723982400000,new_york,precipitation,0.6,0,1,0
1723986000000,new_york,precipitation,0.2,0,1,0
1723989600000,new_york,precipitation,2.0,1,1,1
1723993200000,new_york,precipitation,0.1,0,1,0
1723996800000,new_york,precipitation,0.2,1,1,1
1724000400000,new_york,precipitation,2.4,0,1,0
1724004000000,new_york,precipitation,0.1,0,1,0
1724007600000,new_york,precipitation,0.4,0,1,0
1724011200000,new_york,precipitation,0.2,0,1,0
1724014800000,new_york,precipitation,0.8,0,1,0
1724018400000,new_york,precipitation,4.0,0,1,0
1724022000000,new_york,precipitation,3.7,0,1,0
1724025600000,new_york,precipitation,16.1,0,1,0
1724029200000,new_york,precipitation,0.2,0,1,0
1724032800000,new_york,precipitation,0.2,0,1,0
1724036400000,new_york,precipitation,0.4,0,1,0
1724040000000,new_york,precipitation,0.0,0,0,1
1724043600000,new_york,precipitation,0.0,1,0,0
1724047200000,new_york,precipitation,0.0,0,0,1
1724050800000,new_york,precipitation,0.0,0,0,1
1724054400000,new_york,precipitation,0.0,0,0,1
1724058000000,new_york,precipitation,0.1,0,1,0
1724061600000,new_york,precipitation,0.2,0,1,0
1724065200000,new_york,precipitation,0.2,0,1,0
1724068800000,new_york,precipitation,0.2,0,1,0
1724072400000,new_york,precipitation,0.2,0,1,0
1724076000000,new_york,precipitation,0.2,1,1,1
1724079600000,new_york,precipitation,3.166996315287051,1,1,1
1724083200000,new_york,precipitation,3.9,0,1,0
1724086800000,new_york,precipitation,4.3,0,1,0
1724090400000,new_york,precipitation,0.3,1,1,1
1724094000000,new_york,precipitation,0.0,0,0,1
1724097600000,new_york,precipitation,0.0,0,0,1
1724101200000,new_york,precipitation,0.1,0,1,0
1724104800000,new_york,precipitation,0.1,0,1,0
1724108400000,new_york,precipitation,0.0,0,0,1
1724112000000,new_york,precipitation,0.0,0,0,1
1724115600000,new_york,precipitation,0.0,0,0,1
1724119200000,new_york,precipitation,0.0,0,0,1
1724122800000,new_york,precipitation,0.1,0,1,0
1724126400000,new_york,precipitation,0.0,0,0,1
1724130000000,new_york,precipitation,0.0,0,0,1
1724133600000,new_york,precipitation,0.0,0,0,1
1724137200000,new_york,precipitation,0.0,0,0,1
1724140800000,new_york,precipitation,0.0,0,0,1
1724144400000,new_york,precipitation,0.0,0,0,1
1724148000000,new_york,precipitation,0.0,0,0,1
1724151600000,new_york,precipitation,0.0,0,0,1
1724155200000,new_york,precipitation,0.0,0,0,1
1724158800000,new_york,precipitation,0.0,1,0,0
1724162400000,new_york,precipitation,0.0,1,0,0
1724166000000,new_york,precipitation,0.0,1,0,0
1724169600000,new_york,precipitation,0.0,0,0,1
1724173200000,new_york,precipitation,0.0,0,0,1
1724176800000,new_york,precipitation,0.0,0,0,1
1724180400000,new_york,precipitation,0.0,0,0,1
1724184000000,new_york,precipitation,0.0,1,0,0
1724187600000,new_york,precipitation,0.0,0,0,1
1724191200000,new_york,precipitation,0.0,0,0,1
1724194800000,new_york,precipitation,0.0,0,0,1
1724198400000,new_york,precipitation,0.0,0,0,1
1724202000000,new_york,precipitation,0.0,0,0,1
1724205600000,new_york,precipitation,0.0,0,0,1
1724209200000,new_york,precipitation,0.0,0,0,1
1724212800000,new_york,precipitation,0.0,0,0,1
1724216400000,new_york,precipitation,0.0,0,0,1
1724220000000,new_york,precipitation,0.0,0,0,1
1724223600000,new_york,precipitation,0.0,1,0,0
1724227200000,new_york,precipitation,0.0,0,0,1
1724230800000,new_york,precipitation,0.0,0,0,1
1724234400000,new_york,precipitation,0.0,0,0,1
1724238000000,new_york,precipitation,0.0,1,0,0
1724241600000,new_york,precipitation,0.0,1,0,0
1724245200000,new_york,precipitation,0.0,0,0,1
1724248800000,new_york,precipitation,0.0,0,0,1
1724252400000,new_york,precipitation,0.0,0,0,1
1724256000000,new_york,precipitation,0.0,0,0,1
1724259600000,new_york,precipitation,0.0,0,0,1
1724263200000,new_york,precipitation,0.0,0,0,1
1724266800000,new_york,precipitation,0.0,0,0,1
1724270400000,new_york,precipitation,0.0,1,0,0
1724274000000,new_york,precipitation,0.0,0,0,1
1724277600000,new_york,precipitation,0.0,0,0,1
1724281200000,new_york,precipitation,0.0,0,0,1
1724284800000,new_york,precipitation,0.0,1,0,0
1724288400000,new_york,precipitation,0.0,0,0,1
1724292000000,new_york,precipitation,0.0,0,0,1
1724295600000,new_york,precipitation,0.0,0,0,1
1724299200000,new_york,precipitation,0.0,1,0,0
1724302800000,new_york,precipitation,0.0,0,0,1
1724306400000,new_york,precipitation,0.0,1,0,0
1724310000000,new_york,precipitation,0.0,0,0,1
1724313600000,new_york,precipitation,0.0,0,0,1
1724317200000,new_york,precipitation,0.0,0,0,1
1724320800000,new_york,precipitation,0.0,0,0,1
1724324400000,new_york,precipitation,0.0,0,0,1
1724328000000,new_york,precipitation,0.0,0,0,1
1724331600000,new_york,precipitation,0.0,1,0,0
1724335200000,new_york,precipitation,0.0,0,0,1
1724338800000,new_york,precipitation,0.0,0,0,1
1724342400000,new_york,precipitation,0.0,0,0,1
1724346000000,new_york,precipitation,0.0,0,0,1
1724349600000,new_york,precipitation,0.0,0,0,1
1724353200000,new_york,precipitation,0.0,0,0,1
1724356800000,new_york,precipitation,0.0,0,0,1
1724360400000,new_york,precipitation,0.0,0,0,1
1724364000000,new_york,precipitation,0.0,0,0,1
1724367600000,new_york,precipitation,0.0,0,0,1
1724371200000,new_york,precipitation,0.0,0,0,1
1724374800000,new_york,precipitation,0.0,1,0,0
1724378400000,new_york,precipitation,0.0,0,0,1
1724382000000,new_york,precipitation,0.0,0,0,1
1724385600000,new_york,precipitation,0.0,1,0,0
1724389200000,new_york,precipitation,0.0,0,0,1
1724392800000,new_york,precipitation,0.0,0,0,1
1724396400000,new_york,precipitation,0.0,0,0,1
1724400000000,new_york,precipitation,0.0,0,0,1
1724403600000,new_york,precipitation,0.0,0,0,1
1724407200000,new_york,precipitation,0.0,0,0,1
1724410800000,new_york,precipitation,0.0,0,0,1
1724414400000,new_york,precipitation,0.0,0,0,1
1724418000000,new_york,precipitation,0.0,0,0,1
1724421600000,new_york,precipitation,0.0,0,0,1
1724425200000,new_york,precipitation,0.0,0,0,1
1724428800000,new_york,precipitation,0.0,0,0,1
1724432400000,new_york,precipitation,0.0,0,0,1
1724436000000,new_york,precipitation,0.0,0,0,1
1724439600000,new_york,precipitation,0.0,0,0,1
1724443200000,new_york,precipitation,0.0,1,0,0
1724446800000,new_york,precipitation,0.0,0,0,1
1724450400000,new_york,precipitation,0.0,0,0,1
1724454000000,new_york,precipitation,0.0,0,0,1
1724457600000,new_york,precipitation,0.0,0,0,1
1724461200000,new_york,precipitation,0.0,0,0,1
1724464800000,new_york,precipitation,0.0,0,0,1
1724468400000,new_york,precipitation,0.0,0,0,1
1724472000000,new_york,precipitation,0.0,0,0,1
1724475600000,new_york,precipitation,0.0,0,0,1
1724479200000,new_york,precipitation,0.0,0,0,1
1724482800000,new_york,precipitation,0.0,0,0,1
1724486400000,new_york,precipitation,0.0,0,0,1
1724490000000,new_york,precipitation,0.0,0,0,1
1724493600000,new_york,precipitation,0.0,0,0,1
1724497200000,new_york,precipitation,0.0,0,0,1
1724500800000,new_york,precipitation,0.0,0,0,1
1724504400000,new_york,precipitation,0.0,0,0,1
1724508000000,new_york,precipitation,0.0,0,0,1
1724511600000,new_york,precipitation,0.0,0,0,1
1724515200000,new_york,precipitation,0.0,0,0,1
1724518800000,new_york,precipitation,0.0,0,0,1
1724522400000,new_york,precipitation,0.0,0,0,1
1724526000000,new_york,precipitation,0.0,0,0,1
1724529600000,new_york,precipitation,0.0,0,0,1
1724533200000,new_york,precipitation,0.0,0,0,1
1724536800000,new_york,precipitation,0.0,1,0,0
1724540400000,new_york,precipitation,0.0,0,0,1
1724544000000,new_york,precipitation,0.0,0,0,1
1724547600000,new_york,precipitation,0.0,0,0,1
1724551200000,new_york,precipitation,0.0,0,0,1
1724554800000,new_york,precipitation,0.0,0,0,1
1724558400000,new_york,precipitation,0.0,0,0,1
1724562000000,new_york,precipitation,0.0,0,0,1
1724565600000,new_york,precipitation,0.0,0,0,1
1724569200000,new_york,precipitation,0.0,0,0,1
1724572800000,new_york,precipitation,0.0,1,0,0
1724576400000,new_york,precipitation,0.0,0,0,1
1724580000000,new_york,precipitation,0.0,0,0,1
1724583600000,new_york,precipitation,0.0,0,0,1
1724587200000,new_york,precipitation,0.0,1,0,0
1724590800000,new_york,precipitation,0.0,0,0,1
1724594400000,new_york,precipitation,0.0,0,0,1
1724598000000,new_york,precipitation,0.1,0,1,0
1724601600000,new_york,precipitation,0.0,0,0,1
1724605200000,new_york,precipitation,0.1,0,1,0
1724608800000,new_york,precipitation,0.0,0,0,1
1724612400000,new_york,precipitation,0.0,0,0,1
1724616000000,new_york,precipitation,0.0,0,0,1
1724619600000,new_york,precipitation,0.0,0,0,1
1724623200000,new_york,precipitation,0.0,0,0,1
1724626800000,new_york,precipitation,0.0,0,0,1
1724630400000,new_york,precipitation,0.0,0,0,1
1724634000000,new_york,precipitation,0.0,0,0,1
1724637600000,new_york,precipitation,0.0,0,0,1
1724641200000,new_york,precipitation,0.0,0,0,1
1724644800000,new_york,precipitation,0.0,0,0,1
1724648400000,new_york,precipitation,0.0,0,0,1
1724652000000,new_york,precipitation,0.0,0,0,1
1724655600000,new_york,precipitation,0.0,0,0,1
1724659200000,new_york,precipitation,0.0,0,0,1
1724662800000,new_york,precipitation,0.0,0,0,1
1724666400000,new_york,precipitation,0.0,0,0,1
1724670000000,new_york,precipitation,0.0,0,0,1
1724673600000,new_york,precipitation,0.0,0,0,1
1724677200000,new_york,precipitation,0.0,0,0,1
1724680800000,new_york,precipitation,0.0,0,0,1
1724684400000,new_york,precipitation,0.0,0,0,1
1724688000000,new_york,precipitation,0.0,0,0,1
1724691600000,new_york,precipitation,0.0,0,0,1
1724695200000,new_york,precipitation,0.8,0,1,0
1724698800000,new_york,precipitation,0.1,0,1,0
1724702400000,new_york,precipitation,0.0,0,0,1
1724706000000,new_york,precipitation,0.0,0,0,1
1724709600000,new_york,precipitation,0.0,0,0,1
1724713200000,new_york,precipitation,0.0,0,0,1
1724716800000,new_york,precipitation,0.0,0,0,1
1724720400000,new_york,precipitation,0.0,0,0,1
1724724000000,new_york,precipitation,0.0,0,0,1
1724727600000,new_york,precipitation,0.0,0,0,1
1724731200000,new_york,precipitation,0.0,0,0,1
1724734800000,new_york,precipitation,0.0,0,0,1
1724738400000,new_york,precipitation,0.0,0,0,1
1724742000000,new_york,precipitation,0.0,0,0,1
1724745600000,new_york,precipitation,0.0,1,0,0
1724749200000,new_york,precipitation,0.0,0,0,1
1724752800000,new_york,precipitation,0.0,0,0,1
1724756400000,new_york,precipitation,0.0,0,0,1
1724760000000,new_york,precipitation,0.0,1,0,0
1724763600000,new_york,precipitation,0.0,0,0,1
1724767200000,new_york,precipitation,0.0,0,0,1
1724770800000,new_york,precipitation,0.0,0,0,1
1724774400000,new_york,precipitation,0.0,0,0,1
1724778000000,new_york,precipitation,0.0,0,0,1
1724781600000,new_york,precipitation,0.0,0,0,1
1724785200000,new_york,precipitation,0.0,0,0,1
1724788800000,new_york,precipitation,0.0,0,0,1
1724792400000,new_york,precipitation,0.0,1,0,0
1724796000000,new_york,precipitation,0.0,0,0,1
1724799600000,new_york,precipitation,0.0,0,0,1
1724803200000,new_york,precipitation,0.0,0,0,1
1724806800000,new_york,precipitation,0.0,0,0,1
1724810400000,new_york,precipitation,0.0,0,0,1
1724814000000,new_york,precipitation,0.0,0,0,1
1724817600000,new_york,precipitation,0.0,0,0,1
1724821200000,new_york,precipitation,0.0,0,0,1
1724824800000,new_york,precipitation,0.0,0,0,1
1724828400000,new_york,precipitation,0.0,0,0,1
1724832000000,new_york,precipitation,0.0,0,0,1
1724835600000,new_york,precipitation,0.0,0,0,1
1724839200000,new_york,precipitation,0.0,0,0,1
1724842800000,new_york,precipitation,0.0,0,0,1
1724846400000,new_york,precipitation,0.0,0,0,1
1724850000000,new_york,precipitation,0.0,0,0,1
1724853600000,new_york,precipitation,0.0,0,0,1
1724857200000,new_york,precipitation,0.0,0,0,1
1724860800000,new_york,precipitation,0.0,0,0,1
1724864400000,new_york,precipitation,0.0,0,0,1
1724868000000,new_york,precipitation,0.0,0,0,1
1724871600000,new_york,precipitation,0.0,0,0,1
1724875200000,new_york,precipitation,0.0,0,0,1
1724878800000,new_york,precipitation,0.0,0,0,1
1724882400000,new_york,precipitation,0.0,0,0,1
1724886000000,new_york,precipitation,0.0,0,0,1
1724889600000,new_york,precipitation,0.0,0,0,1
1724893200000,new_york,precipitation,0.0,0,0,1
1724896800000,new_york,precipitation,1.7,0,1,0
1724900400000,new_york,precipitation,1.8,0,1,0
1724904000000,new_york,precipitation,0.5,0,1,0
1724907600000,new_york,precipitation,0.0,0,0,1
1724911200000,new_york,precipitation,0.11116181945221881,1,1,1
1724914800000,new_york,precipitation,0.1,0,1,0
1724918400000,new_york,precipitation,0.0,1,0,0
1724922000000,new_york,precipitation,0.0,0,0,1
1724925600000,new_york,precipitation,0.0,0,0,1
1724929200000,new_york,precipitation,0.0,0,0,1
1724932800000,new_york,precipitation,0.0,0,0,1
1724936400000,new_york,precipitation,0.0,0,0,1
1724940000000,new_york,precipitation,0.0,0,0,1
1724943600000,new_york,precipitation,0.0,1,0,0
1724947200000,new_york,precipitation,0.0,0,0,1
1724950800000,new_york,precipitation,0.0,0,0,1
1724954400000,new_york,precipitation,0.0,0,0,1
1724958000000,new_york,precipitation,0.0,0,0,1
1724961600000,new_york,precipitation,0.0,1,0,0
1724965200000,new_york,precipitation,0.2,0,1,0
1724968800000,new_york,precipitation,0.0,1,0,0
1724972400000,new_york,precipitation,0.2,1,1,1
1724976000000,new_york,precipitation,0.2,0,1,0
1724979600000,new_york,precipitation,0.2,0,1,0
1724983200000,new_york,precipitation,2.2,1,1,1
1724986800000,new_york,precipitation,1.2,0,1,0
1724990400000,new_york,precipitation,0.1,0,1,0
1724994000000,new_york,precipitation,0.0,0,0,1
1724997600000,new_york,precipitation,0.0,0,0,1
1725001200000,new_york,precipitation,0.0,0,0,1
1725004800000,new_york,precipitation,0.0,0,0,1
1725008400000,new_york,precipitation,0.0,0,0,1
1725012000000,new_york,precipitation,0.0,1,0,0
1725015600000,new_york,precipitation,0.0,0,0,1
1725019200000,new_york,precipitation,0.0,1,0,0
1725022800000,new_york,precipitation,0.0,0,0,1
1725026400000,new_york,precipitation,0.0,0,0,1
1725030000000,new_york,precipitation,0.0,0,0,1
1725033600000,new_york,precipitation,0.0,1,0,0
1725037200000,new_york,precipitation,0.0,0,0,1
1725040800000,new_york,precipitation,0.0,0,0,1
1725044400000,new_york,precipitation,0.0,0,0,1
1725048000000,new_york,precipitation,0.0,0,0,1
1725051600000,new_york,precipitation,0.0,0,0,1
1725055200000,new_york,precipitation,0.0,0,0,1
1725058800000,new_york,precipitation,0.0,0,0,1
1725062400000,new_york,precipitation,0.0,0,0,1
1725066000000,new_york,precipitation,0.0,0,0,1
1725069600000,new_york,precipitation,0.0,0,0,1
1725073200000,new_york,precipitation,0.0,0,0,1
1725076800000,new_york,precipitation,0.0,0,0,1
1725080400000,new_york,precipitation,0.0,0,0,1
1725084000000,new_york,precipitation,0.0,0,0,1
1725087600000,new_york,precipitation,0.0,0,0,1
1725091200000,new_york,precipitation,0.0,0,0,1
1725094800000,new_york,precipitation,0.0,0,0,1
1725098400000,new_york,precipitation,0.2,1,1,1
1725102000000,new_york,precipitation,0.3,1,1,1
1725105600000,new_york,precipitation,0.2,0,1,0
1725109200000,new_york,precipitation,0.2,1,1,1
1725112800000,new_york,precipitation,0.0,0,0,1
1725116400000,new_york,precipitation,0.0,0,0,1
1725120000000,new_york,precipitation,0.0,1,0,0
1725123600000,new_york,precipitation,0.0,0,0,1
1725127200000,new_york,precipitation,0.0,1,0,0
1725130800000,new_york,precipitation,0.0,1,0,0
1725134400000,new_york,precipitation,0.0,0,0,1
1725138000000,new_york,precipitation,0.0,0,0,1
1725141600000,new_york,precipitation,0.0,0,0,1
1725145200000,new_york,precipitation,0.0,0,0,1
1725148800000,new_york,precipitation,0.0,0,0,1
1725152400000,new_york,precipitation,0.0,0,0,1
1725156000000,new_york,precipitation,0.0,0,0,1
1725159600000,new_york,precipitation,0.0,0,0,1
1725163200000,new_york,precipitation,0.0,1,0,0
1725166800000,new_york,precipitation,0.0,0,0,1
1725170400000,new_york,precipitation,0.10711540476016734,1,1,1
1725174000000,new_york,precipitation,0.1,0,1,0
1725177600000,new_york,precipitation,0.0,0,0,1
1725181200000,new_york,precipitation,0.1,1,1,1
1725184800000,new_york,precipitation,0.1,0,1,0
1725188400000,new_york,precipitation,0.1,0,1,0
1725192000000,new_york,precipitation,0.7,0,1,0
1725195600000,new_york,precipitation,1.0,0,1,0
1725199200000,new_york,precipitation,2.4,1,1,1
1725202800000,new_york,precipitation,0.2,0,1,0
1725206400000,new_york,precipitation,0.0,0,0,1
1725210000000,new_york,precipitation,0.0,1,0,0
1725213600000,new_york,precipitation,0.0,0,0,1
1725217200000,new_york,precipitation,0.0,0,0,1
1725220800000,new_york,precipitation,0.0,1,0,0
1725224400000,new_york,precipitation,0.0,1,0,0
1725228000000,new_york,precipitation,0.0,0,0,1
1725231600000,new_york,precipitation,0.0,1,0,0
1725235200000,new_york,precipitation,0.0,0,0,1
1725238800000,new_york,precipitation,0.0,0,0,1
1725242400000,new_york,precipitation,0.0,1,0,0
1725246000000,new_york,precipitation,0.0,0,0,1
1725249600000,new_york,precipitation,0.0,0,0,1
1725253200000,new_york,precipitation,0.0,0,0,1
1725256800000,new_york,precipitation,0.0,0,0,1
1725260400000,new_york,precipitation,0.0,0,0,1
1725264000000,new_york,precipitation,0.0,0,0,1
1725267600000,new_york,precipitation,0.0,0,0,1
1725271200000,new_york,precipitation,0.0,0,0,1
1725274800000,new_york,precipitation,0.0,0,0,1
1725278400000,new_york,precipitation,0.0,1,0,0
1725282000000,new_york,precipitation,0.0,0,0,1
1725285600000,new_york,precipitation,0.0,0,0,1
1725289200000,new_york,precipitation,0.0,0,0,1
1725292800000,new_york,precipitation,0.0,0,0,1
1725296400000,new_york,precipitation,0.0,0,0,1
1725300000000,new_york,precipitation,0.0,0,0,1
1725303600000,new_york,precipitation,0.0,0,0,1
1725307200000,new_york,precipitation,0.0,0,0,1
1725310800000,new_york,precipitation,0.0,1,0,0
1725314400000,new_york,precipitation,0.0,0,0,1
1725318000000,new_york,precipitation,0.0,0,0,1
1725321600000,new_york,precipitation,0.0,0,0,1
1725325200000,new_york,precipitation,0.0,0,0,1
1725328800000,new_york,precipitation,0.0,1,0,0
1725332400000,new_york,precipitation,0.0,0,0,1
1725336000000,new_york,precipitation,0.0,0,0,1
1725339600000,new_york,precipitation,0.0,0,0,1
1725343200000,new_york,precipitation,0.0,0,0,1
1725346800000,new_york,precipitation,0.0,0,0,1
1725350400000,new_york,precipitation,0.0,0,0,1
1725354000000,new_york,precipitation,0.0,0,0,1
1725357600000,new_york,precipitation,0.0,1,0,0
1725361200000,new_york,precipitation,0.0,0,0,1
1725364800000,new_york,precipitation,0.0,0,0,1
1725368400000,new_york,precipitation,0.0,0,0,1
1725372000000,new_york,precipitation,0.0,1,0,0
1725375600000,new_york,precipitation,0.0,0,0,1
1725379200000,new_york,precipitation,0.0,0,0,1
1725382800000,new_york,precipitation,0.0,0,0,1
1725386400000,new_york,precipitation,0.0,0,0,1
1725390000000,new_york,precipitation,0.0,0,0,1
1725393600000,new_york,precipitation,0.0,0,0,1
1725397200000,new_york,precipitation,0.0,0,0,1
1725400800000,new_york,precipitation,0.0,1,0,0
1725404400000,new_york,precipitation,0.0,0,0,1
1725408000000,new_york,precipitation,0.0,0,0,1
1725411600000,new_york,precipitation,0.0,0,0,1
1725415200000,new_york,precipitation,0.0,0,0,1
1725418800000,new_york,precipitation,0.0,0,0,1
1725422400000,new_york,precipitation,0.0,0,0,1
1725426000000,new_york,precipitation,0.0,1,0,0
1725429600000,new_york,precipitation,0.0,0,0,1
1725433200000,new_york,precipitation,0.0,1,0,0
1725436800000,new_york,precipitation,0.0,0,0,1
1725440400000,new_york,precipitation,0.0,0,0,1
1725444000000,new_york,precipitation,0.0,0,0,1
1725447600000,new_york,precipitation,0.0,0,0,1
1725451200000,new_york,precipitation,0.0,0,0,1
1725454800000,new_york,precipitation,0.0,0,0,1
1725458400000,new_york,precipitation,0.0,0,0,1
1725462000000,new_york,precipitation,0.0,0,0,1
1725465600000,new_york,precipitation,0.0,0,0,1
1725469200000,new_york,precipitation,0.0,0,0,1
1725472800000,new_york,precipitation,0.0,0,0,1
1725476400000,new_york,precipitation,0.0,0,0,1
1725480000000,new_york,precipitation,0.0,0,0,1
1725483600000,new_york,precipitation,0.0,1,0,0
1725487200000,new_york,precipitation,0.0,0,0,1
1725490800000,new_york,precipitation,0.0,0,0,1
1725494400000,new_york,precipitation,0.0,0,0,1
1725498000000,new_york,precipitation,0.0,0,0,1
1725501600000,new_york,precipitation,0.0,0,0,1
1725505200000,new_york,precipitation,0.0,0,0,1
1725508800000,new_york,precipitation,0.0,0,0,1
1725512400000,new_york,precipitation,0.0,0,0,1
1725516000000,new_york,precipitation,0.0,1,0,0
1725519600000,new_york,precipitation,0.0,0,0,1
1725523200000,new_york,precipitation,0.0,0,0,1
1725526800000,new_york,precipitation,0.0,0,0,1
1725530400000,new_york,precipitation,0.0,0,0,1
1725534000000,new_york,precipitation,0.0,0,0,1
1725537600000,new_york,precipitation,0.0,0,0,1
1725541200000,new_york,precipitation,0.0,0,0,1
1725544800000,new_york,precipitation,0.0,0,0,1
1725548400000,new_york,precipitation,0.0,0,0,1
1725552000000,new_york,precipitation,0.0,0,0,1
1725555600000,new_york,precipitation,0.0,0,0,1
1725559200000,new_york,precipitation,0.0,0,0,1
1725562800000,new_york,precipitation,0.0,0,0,1
1725566400000,new_york,precipitation,0.0,0,0,1
1725570000000,new_york,precipitation,0.0,0,0,1
1725573600000,new_york,precipitation,0.0,1,0,0
1725577200000,new_york,precipitation,0.0,0,0,1
1725580800000,new_york,precipitation,0.0,0,0,1
1725584400000,new_york,precipitation,0.0,0,0,1
1725588000000,new_york,precipitation,0.0,0,0,1
1725591600000,new_york,precipitation,0.0,0,0,1
1725595200000,new_york,precipitation,0.0,0,0,1
1725598800000,new_york,precipitation,0.0,1,0,0
1725602400000,new_york,precipitation,0.0,0,0,1
1725606000000,new_york,precipitation,0.0,0,0,1
1725609600000,new_york,precipitation,0.0,0,0,1
1725613200000,new_york,precipitation,0.0,1,0,0
1725616800000,new_york,precipitation,0.0,1,0,0
1725620400000,new_york,precipitation,0.0,0,0,1
1725624000000,new_york,precipitation,0.0,1,0,0
1725627600000,new_york,precipitation,0.0,0,0,1
1725631200000,new_york,precipitation,0.1,1,1,1
1725634800000,new_york,precipitation,0.0,0,0,1
1725638400000,new_york,precipitation,0.0,0,0,1
1725642000000,new_york,precipitation,0.0,0,0,1
1725645600000,new_york,precipitation,0.0,1,0,0
1725649200000,new_york,precipitation,0.0,1,0,0
1725652800000,new_york,precipitation,0.0,0,0,1
1725656400000,new_york,precipitation,0.0,0,0,1
1725660000000,new_york,precipitation,0.0,0,0,1
1725663600000,new_york,precipitation,0.0,0,0,1
1725667200000,new_york,precipitation,0.0,0,0,1
1725670800000,new_york,precipitation,0.0,0,0,1
1725674400000,new_york,precipitation,0.0,0,0,1
1725678000000,new_york,precipitation,0.0,0,0,1
1725681600000,new_york,precipitation,0.1,0,1,0
1725685200000,new_york,precipitation,0.1,0,1,0
1725688800000,new_york,precipitation,0.0,0,0,1
1725692400000,new_york,precipitation,0.0,0,0,1
1725696000000,new_york,precipitation,0.1,0,1,0
1725699600000,new_york,precipitation,0.21077685638605614,1,1,1
1725703200000,new_york,precipitation,0.2,0,1,0
1725706800000,new_york,precipitation,0.2111413729673696,1,1,1
1725710400000,new_york,precipitation,0.1,0,1,0
1725714000000,new_york,precipitation,0.1,0,1,0
1725717600000,new_york,precipitation,0.1,0,1,0
1725721200000,new_york,precipitation,0.2,0,1,0
1725724800000,new_york,precipitation,1.2,0,1,0
1725728400000,new_york,precipitation,0.5,0,1,0
1725732000000,new_york,precipitation,0.0,0,0,1
1725735600000,new_york,precipitation,0.0,0,0,1
1725739200000,new_york,precipitation,0.0,0,0,1
1725742800000,new_york,precipitation,0.0,0,0,1
1725746400000,new_york,precipitation,0.0,0,0,1
1725750000000,new_york,precipitation,0.0,0,0,1
1725753600000,new_york,precipitation,0.0,0,0,1
1725757200000,new_york,precipitation,0.0,0,0,1
1725760800000,new_york,precipitation,0.0,1,0,0
1725764400000,new_york,precipitation,0.0,0,0,1
1725768000000,new_york,precipitation,0.0,1,0,0
1725771600000,new_york,precipitation,0.0,1,0,0
1725775200000,new_york,precipitation,0.0,0,0,1
1725778800000,new_york,precipitation,0.0,0,0,1
1725782400000,new_york,precipitation,0.0,0,0,1
1725786000000,new_york,precipitation,0.0,0,0,1
1725789600000,new_york,precipitation,0.0,1,0,0
1725793200000,new_york,precipitation,0.0,0,0,1
1725796800000,new_york,precipitation,0.0,0,0,1
1725800400000,new_york,precipitation,0.0,0,0,1
1725804000000,new_york,precipitation,0.0,0,0,1
1725807600000,new_york,precipitation,0.0,0,0,1
1725811200000,new_york,precipitation,0.0,0,0,1
1725814800000,new_york,precipitation,0.0,0,0,1
1725818400000,new_york,precipitation,0.0,0,0,1
1725822000000,new_york,precipitation,0.0,0,0,1
1725825600000,new_york,precipitation,0.0,0,0,1
1725829200000,new_york,precipitation,0.0,0,0,1
1725832800000,new_york,precipitation,0.0,0,0,1
1725836400000,new_york,precipitation,0.0,1,0,0
1725840000000,new_york,precipitation,0.0,0,0,1
1725843600000,new_york,precipitation,0.0,0,0,1
1725847200000,new_york,precipitation,0.0,1,0,0
1725850800000,new_york,precipitation,0.0,0,0,1
1725854400000,new_york,precipitation,0.0,0,0,1
1725858000000,new_york,precipitation,0.0,0,0,1
1725861600000,new_york,precipitation,0.0,0,0,1
1725865200000,new_york,precipitation,0.0,0,0,1
1725868800000,new_york,precipitation,0.0,0,0,1
1725872400000,new_york,precipitation,0.0,0,0,1
1725876000000,new_york,precipitation,0.0,0,0,1
1725879600000,new_york,precipitation,0.0,1,0,0
1725883200000,new_york,precipitation,0.0,0,0,1
1725886800000,new_york,precipitation,0.0,0,0,1
1725890400000,new_york,precipitation,0.0,0,0,1
1725894000000,new_york,precipitation,0.0,0,0,1
1725897600000,new_york,precipitation,0.0,0,0,1
1725901200000,new_york,precipitation,0.0,0,0,1
1725904800000,new_york,precipitation,0.0,0,0,1
1725908400000,new_york,precipitation,0.0,0,0,1
1725912000000,new_york,precipitation,0.0,0,0,1
1725915600000,new_york,precipitation,0.0,0,0,1
1725919200000,new_york,precipitation,0.0,0,0,1
1725922800000,new_york,precipitation,0.0,0,0,1
1725926400000,new_york,precipitation,0.0,0,0,1
1725930000000,new_york,precipitation,0.0,0,0,1
1725933600000,new_york,precipitation,0.0,0,0,1
1725937200000,new_york,precipitation,0.0,0,0,1
1725940800000,new_york,precipitation,0.0,1,0,0
1725944400000,new_york,precipitation,0.0,0,0,1
1725948000000,new_york,precipitation,0.0,0,0,1
1725951600000,new_york,precipitation,0.0,0,0,1
1725955200000,new_york,precipitation,0.0,0,0,1
1725958800000,new_york,precipitation,0.0,0,0,1
1725962400000,new_york,precipitation,0.0,0,0,1
1725966000000,new_york,precipitation,0.0,0,0,1
1725969600000,new_york,precipitation,0.0,1,0,0
1725973200000,new_york,precipitation,0.0,0,0,1
1725976800000,new_york,precipitation,0.0,0,0,1
1725980400000,new_york,precipitation,0.0,1,0,0
1725984000000,new_york,precipitation,0.0,0,0,1
1725987600000,new_york,precipitation,0.0,0,0,1
1725991200000,new_york,precipitation,0.0,1,0,0
1725994800000,new_york,precipitation,0.0,0,0,1
1725998400000,new_york,precipitation,0.0,0,0,1
1726002000000,new_york,precipitation,0.0,0,0,1
1726005600000,new_york,precipitation,0.0,0,0,1
1726009200000,new_york,precipitation,0.0,1,0,0
1726012800000,new_york,precipitation,0.0,0,0,1
1726016400000,new_york,precipitation,0.0,0,0,1
1726020000000,new_york,precipitation,0.0,1,0,0
1726023600000,new_york,precipitation,0.0,0,0,1
1726027200000,new_york,precipitation,0.0,0,0,1
1726030800000,new_york,precipitation,0.0,0,0,1
1726034400000,new_york,precipitation,0.0,0,0,1
1726038000000,new_york,precipitation,0.0,0,0,1
1726041600000,new_york,precipitation,0.0,0,0,1
1726045200000,new_york,precipitation,0.0,1,0,0
1726048800000,new_york,precipitation,0.0,0,0,1
1726052400000,new_york,precipitation,0.0,0,0,1
1726056000000,new_york,precipitation,0.0,0,0,1
1726059600000,new_york,precipitation,0.0,0,0,1
1726063200000,new_york,precipitation,0.0,0,0,1
1726066800000,new_york,precipitation,0.0,0,0,1
1726070400000,new_york,precipitation,0.0,0,0,1
1726074000000,new_york,precipitation,0.0,0,0,1
1726077600000,new_york,precipitation,0.0,0,0,1
1726081200000,new_york,precipitation,0.0,0,0,1
1726084800000,new_york,precipitation,0.0,0,0,1
1726088400000,new_york,precipitation,0.0,0,0,1
1726092000000,new_york,precipitation,0.0,0,0,1
1726095600000,new_york,precipitation,0.0,0,0,1
1726099200000,new_york,precipitation,0.0,0,0,1
1726102800000,new_york,precipitation,0.0,0,0,1
1726106400000,new_york,precipitation,0.0,0,0,1
1726110000000,new_york,precipitation,0.0,0,0,1
1726113600000,new_york,precipitation,0.0,0,0,1
1726117200000,new_york,precipitation,0.0,0,0,1
1726120800000,new_york,precipitation,0.0,0,0,1
1726124400000,new_york,precipitation,0.0,0,0,1
1726128000000,new_york,precipitation,0.0,0,0,1
1726131600000,new_york,precipitation,0.0,0,0,1
1726135200000,new_york,precipitation,0.0,0,0,1
1726138800000,new_york,precipitation,0.0,0,0,1
1726142400000,new_york,precipitation,0.0,0,0,1
1726146000000,new_york,precipitation,0.0,0,0,1
1726149600000,new_york,precipitation,0.0,1,0,0
1726153200000,new_york,precipitation,0.0,0,0,1
1726156800000,new_york,precipitation,0.0,0,0,1
1726160400000,new_york,precipitation,0.0,0,0,1
1726164000000,new_york,precipitation,0.0,0,0,1
1726167600000,new_york,precipitation,0.0,1,0,0
1726171200000,new_york,precipitation,0.0,0,0,1
1726174800000,new_york,precipitation,0.0,0,0,1
1726178400000,new_york,precipitation,0.0,0,0,1
1726182000000,new_york,precipitation,0.0,0,0,1
1726185600000,new_york,precipitation,0.0,0,0,1
1726189200000,new_york,precipitation,0.0,0,0,1
1726192800000,new_york,precipitation,0.0,0,0,1
1726196400000,new_york,precipitation,0.0,1,0,0
1726200000000,new_york,precipitation,0.0,0,0,1
1726203600000,new_york,precipitation,0.0,0,0,1
1726207200000,new_york,precipitation,0.0,0,0,1
1726210800000,new_york,precipitation,0.0,0,0,1
1726214400000,new_york,precipitation,0.0,0,0,1
1726218000000,new_york,precipitation,0.0,0,0,1
1726221600000,new_york,precipitation,0.0,0,0,1
1726225200000,new_york,precipitation,0.0,0,0,1
1726228800000,new_york,precipitation,0.0,0,0,1
1726232400000,new_york,precipitation,0.0,1,0,0
1726236000000,new_york,precipitation,0.0,0,0,1
1726239600000,new_york,precipitation,0.0,0,0,1
1726243200000,new_york,precipitation,0.0,0,0,1
1726246800000,new_york,precipitation,0.0,0,0,1
1726250400000,new_york,precipitation,0.0,0,0,1
1726254000000,new_york,precipitation,0.0,0,0,1
1726257600000,new_york,precipitation,0.0,0,0,1
1726261200000,new_york,precipitation,0.0,0,0,1
1726264800000,new_york,precipitation,0.0,0,0,1
1726268400000,new_york,precipitation,0.0,0,0,1
1726272000000,new_york,precipitation,0.0,0,0,1
1726275600000,new_york,precipitation,0.0,0,0,1
1726279200000,new_york,precipitation,0.0,0,0,1
1726282800000,new_york,precipitation,0.0,0,0,1
1726286400000,new_york,precipitation,0.0,0,0,1
1726290000000,new_york,precipitation,0.0,1,0,0
1726293600000,new_york,precipitation,0.0,0,0,1
1726297200000,new_york,precipitation,0.0,0,0,1
1726300800000,new_york,precipitation,0.0,0,0,1
1726304400000,new_york,precipitation,0.0,0,0,1
1726308000000,new_york,precipitation,0.0,0,0,1
1726311600000,new_york,precipitation,0.0,0,0,1
1726315200000,new_york,precipitation,0.0,0,0,1
1726318800000,new_york,precipitation,0.0,0,0,1
1726322400000,new_york,precipitation,0.0,0,0,1
1726326000000,new_york,precipitation,0.0,0,0,1
1726329600000,new_york,precipitation,0.0,0,0,1
1726333200000,new_york,precipitation,0.0,0,0,1
1726336800000,new_york,precipitation,0.0,0,0,1
1726340400000,new_york,precipitation,0.0,0,0,1
1726344000000,new_york,precipitation,0.0,0,0,1
1726347600000,new_york,precipitation,0.0,1,0,0
1726351200000,new_york,precipitation,0.0,0,0,1
1726354800000,new_york,precipitation,0.0,0,0,1
1726358400000,new_york,precipitation,0.0,0,0,1
1726362000000,new_york,precipitation,0.0,0,0,1
1726365600000,new_york,precipitation,0.0,1,0,0
1726369200000,new_york,precipitation,0.0,1,0,0
1726372800000,new_york,precipitation,0.0,1,0,0
1726376400000,new_york,precipitation,0.0,0,0,1
1726380000000,new_york,precipitation,0.0,0,0,1
1726383600000,new_york,precipitation,0.0,0,0,1
1726387200000,new_york,precipitation,0.0,0,0,1
1726390800000,new_york,precipitation,0.0,0,0,1
1726394400000,new_york,precipitation,0.0,0,0,1
1726398000000,new_york,precipitation,0.0,1,0,0
1726401600000,new_york,precipitation,0.0,1,0,0
1726405200000,new_york,precipitation,0.0,0,0,1
1726408800000,new_york,precipitation,0.0,0,0,1
1726412400000,new_york,precipitation,0.0,1,0,0
1726416000000,new_york,precipitation,0.0,0,0,1
1726419600000,new_york,precipitation,0.0,0,0,1
1726423200000,new_york,precipitation,0.0,0,0,1
1726426800000,new_york,precipitation,0.0,0,0,1
1726430400000,new_york,precipitation,0.0,0,0,1
1726434000000,new_york,precipitation,0.0,0,0,1
1726437600000,new_york,precipitation,0.0,1,0,0
1726441200000,new_york,precipitation,0.0,0,0,1
1726444800000,new_york,precipitation,0.0,0,0,1
1726448400000,new_york,precipitation,0.0,0,0,1
1726452000000,new_york,precipitation,0.0,0,0,1
1726455600000,new_york,precipitation,0.0,0,0,1
1726459200000,new_york,precipitation,0.0,0,0,1
1726462800000,new_york,precipitation,0.0,0,0,1
1726466400000,new_york,precipitation,0.0,0,0,1
1726470000000,new_york,precipitation,0.0,0,0,1
1726473600000,new_york,precipitation,0.0,0,0,1
1726477200000,new_york,precipitation,0.0,0,0,1
1726480800000,new_york,precipitation,0.0,1,0,0
1726484400000,new_york,precipitation,0.0,0,0,1
1726488000000,new_york,precipitation,0.0,0,0,1
1726491600000,new_york,precipitation,0.0,0,0,1
1726495200000,new_york,precipitation,0.0,1,0,0
1726498800000,new_york,precipitation,0.0,0,0,1
1726502400000,new_york,precipitation,0.0,0,0,1
1726506000000,new_york,precipitation,0.0,0,0,1
1726509600000,new_york,precipitation,0.0,0,0,1
1726513200000,new_york,precipitation,0.0,0,0,1
1726516800000,new_york,precipitation,0.0,1,0,0
1726520400000,new_york,precipitation,0.0,0,0,1
1726524000000,new_york,precipitation,0.0,0,0,1
1726527600000,new_york,precipitation,0.0,0,0,1
1726531200000,new_york,precipitation,0.0,0,0,1
1726534800000,new_york,precipitation,0.0,0,0,1
1726538400000,new_york,precipitation,0.0,0,0,1
1726542000000,new_york,precipitation,0.0,0,0,1
1726545600000,new_york,precipitation,0.0,0,0,1
1726549200000,new_york,precipitation,0.0,1,0,0
1726552800000,new_york,precipitation,0.0,0,0,1
1726556400000,new_york,precipitation,0.0,1,0,0
1726560000000,new_york,precipitation,0.0,0,0,1
1726563600000,new_york,precipitation,0.0,0,0,1
1726567200000,new_york,precipitation,0.0,0,0,1
1726570800000,new_york,precipitation,0.0,1,0,0
1726574400000,new_york,precipitation,0.0,0,0,1
1726578000000,new_york,precipitation,0.0,0,0,1
1726581600000,new_york,precipitation,0.0,0,0,1
1726585200000,new_york,precipitation,0.0,0,0,1
1726588800000,new_york,precipitation,0.0,0,0,1
1726592400000,new_york,precipitation,0.0,0,0,1
1726596000000,new_york,precipitation,0.0,0,0,1
1726599600000,new_york,precipitation,0.0,0,0,1
1726603200000,new_york,precipitation,0.0,0,0,1
1726606800000,new_york,precipitation,0.0,0,0,1
1726610400000,new_york,precipitation,0.0,0,0,1
1726614000000,new_york,precipitation,0.0,0,0,1
1726617600000,new_york,precipitation,0.0,0,0,1
1726621200000,new_york,precipitation,0.0,0,0,1
1726624800000,new_york,precipitation,0.0,0,0,1
1726628400000,new_york,precipitation,0.0,0,0,1
1726632000000,new_york,precipitation,0.0,0,0,1
1726635600000,new_york,precipitation,0.0,0,0,1
1726639200000,new_york,precipitation,0.0,1,0,0
1726642800000,new_york,precipitation,0.0,0,0,1
1726646400000,new_york,precipitation,0.0,0,0,1
1726650000000,new_york,precipitation,0.0,1,0,0
1726653600000,new_york,precipitation,0.0,0,0,1
1726657200000,new_york,precipitation,0.0,0,0,1
1726660800000,new_york,precipitation,0.0,0,0,1
1726664400000,new_york,precipitation,0.0,0,0,1
1726668000000,new_york,precipitation,0.0,0,0,1
1726671600000,new_york,precipitation,0.0,0,0,1
1726675200000,new_york,precipitation,0.0,0,0,1
1726678800000,new_york,precipitation,0.0,0,0,1
1726682400000,new_york,precipitation,0.0,0,0,1
1726686000000,new_york,precipitation,0.0,0,0,1
1726689600000,new_york,precipitation,0.0,0,0,1
1726693200000,new_york,precipitation,0.0,0,0,1
1726696800000,new_york,precipitation,0.0,0,0,1
1726700400000,new_york,precipitation,0.0,0,0,1
1726704000000,new_york,precipitation,0.0,0,0,1
1726707600000,new_york,precipitation,0.0,0,0,1
1726711200000,new_york,precipitation,0.0,0,0,1
1726714800000,new_york,precipitation,0.0,0,0,1
1726718400000,new_york,precipitation,0.0,0,0,1
1726722000000,new_york,precipitation,0.0,0,0,1
1726725600000,new_york,precipitation,0.0,0,0,1
1726729200000,new_york,precipitation,0.0,0,0,1
1726732800000,new_york,precipitation,0.0,0,0,1
1726736400000,new_york,precipitation,0.0,0,0,1
1726740000000,new_york,precipitation,0.0,1,0,0
1726743600000,new_york,precipitation,0.0,0,0,1
1726747200000,new_york,precipitation,0.0,1,0,0
1726750800000,new_york,precipitation,0.0,0,0,1
1726754400000,new_york,precipitation,0.0,0,0,1
1726758000000,new_york,precipitation,0.0,1,0,0
1726761600000,new_york,precipitation,0.0,0,0,1
1726765200000,new_york,precipitation,0.0,0,0,1
1726768800000,new_york,precipitation,0.0,0,0,1
1726772400000,new_york,precipitation,0.0,0,0,1
1726776000000,new_york,precipitation,0.0,0,0,1
1726779600000,new_york,precipitation,0.0,0,0,1
1726783200000,new_york,precipitation,0.0,0,0,1
1726786800000,new_york,precipitation,0.0,0,0,1
1726790400000,new_york,precipitation,0.0,0,0,1
1726794000000,new_york,precipitation,0.0,0,0,1
1726797600000,new_york,precipitation,0.0,0,0,1
1726801200000,new_york,precipitation,0.0,0,0,1
1726804800000,new_york,precipitation,0.0,0,0,1
1726808400000,new_york,precipitation,0.0,0,0,1
1726812000000,new_york,precipitation,0.0,0,0,1
1726815600000,new_york,precipitation,0.0,0,0,1
1726819200000,new_york,precipitation,0.0,1,0,0
1726822800000,new_york,precipitation,0.0,0,0,1
1726826400000,new_york,precipitation,0.0,0,0,1
1726830000000,new_york,precipitation,0.0,0,0,1
1726833600000,new_york,precipitation,0.0,0,0,1
1726837200000,new_york,precipitation,0.0,0,0,1
1726840800000,new_york,precipitation,0.0,0,0,1
1726844400000,new_york,precipitation,0.0,0,0,1
1726848000000,new_york,precipitation,0.0,0,0,1
1726851600000,new_york,precipitation,0.0,0,0,1
1726855200000,new_york,precipitation,0.0,0,0,1
1726858800000,new_york,precipitation,0.0,0,0,1
1726862400000,new_york,precipitation,0.0,0,0,1
1726866000000,new_york,precipitation,0.0,0,0,1
1726869600000,new_york,precipitation,0.0,0,0,1
1726873200000,new_york,precipitation,0.0,0,0,1
1726876800000,new_york,precipitation,0.0,1,0,0
1726880400000,new_york,precipitation,0.0,0,0,1
1726884000000,new_york,precipitation,0.0,1,0,0
1726887600000,new_york,precipitation,0.0,0,0,1
1726891200000,new_york,precipitation,0.0,1,0,0
1726894800000,new_york,precipitation,0.0,0,0,1
1726898400000,new_york,precipitation,0.0,0,0,1
1726902000000,new_york,precipitation,0.0,0,0,1
1726905600000,new_york,precipitation,0.0,0,0,1
1726909200000,new_york,precipitation,0.0,1,0,0
1726912800000,new_york,precipitation,0.0,1,0,0
1726916400000,new_york,precipitation,0.0,0,0,1
1726920000000,new_york,precipitation,0.0,0,0,1
1726923600000,new_york,precipitation,0.0,0,0,1
1726927200000,new_york,precipitation,0.0,0,0,1
1726930800000,new_york,precipitation,0.0,0,0,1
1726934400000,new_york,precipitation,0.0,1,0,0
1726938000000,new_york,precipitation,0.0,0,0,1
1726941600000,new_york,precipitation,0.0,0,0,1
1726945200000,new_york,precipitation,0.0,0,0,1
1726948800000,new_york,precipitation,0.0,1,0,0
1726952400000,new_york,precipitation,0.0,0,0,1
1726956000000,new_york,precipitation,0.0,1,0,0
1726959600000,new_york,precipitation,0.0,0,0,1
1726963200000,new_york,precipitation,0.0,0,0,1
1726966800000,new_york,precipitation,0.0,0,0,1
1726970400000,new_york,precipitation,0.0,0,0,1
1726974000000,new_york,precipitation,0.0,1,0,0
1726977600000,new_york,precipitation,0.0,0,0,1
1726981200000,new_york,precipitation,0.0,0,0,1
1726984800000,new_york,precipitation,0.0,1,0,0
1726988400000,new_york,precipitation,0.0,0,0,1
1726992000000,new_york,precipitation,0.0,0,0,1
1726995600000,new_york,precipitation,0.0,0,0,1
1726999200000,new_york,precipitation,0.0,0,0,1
1727002800000,new_york,precipitation,0.0,0,0,1
1727006400000,new_york,precipitation,0.0,0,0,1
1727010000000,new_york,precipitation,0.0,0,0,1
1727013600000,new_york,precipitation,0.0,1,0,0
1727017200000,new_york,precipitation,0.0,0,0,1
1727020800000,new_york,precipitation,0.0,0,0,1
1727024400000,new_york,precipitation,0.0,0,0,1
1727028000000,new_york,precipitation,0.0,0,0,1
1727031600000,new_york,precipitation,0.0,1,0,0
1727035200000,new_york,precipitation,0.0,0,0,1
1727038800000,new_york,precipitation,0.0,0,0,1
1727042400000,new_york,precipitation,0.0,0,0,1
1727046000000,new_york,precipitation,0.0,0,0,1
1727049600000,new_york,precipitation,0.0,0,0,1
1727053200000,new_york,precipitation,0.0,1,0,0
1727056800000,new_york,precipitation,0.0,0,0,1
1727060400000,new_york,precipitation,0.0,0,0,1
1727064000000,new_york,precipitation,0.0,0,0,1
1727067600000,new_york,precipitation,0.0,0,0,1
1727071200000,new_york,precipitation,0.0,0,0,1
1727074800000,new_york,precipitation,0.0,0,0,1
1727078400000,new_york,precipitation,0.0,0,0,1
1727082000000,new_york,precipitation,0.0,0,0,1
1727085600000,new_york,precipitation,0.0,0,0,1
1727089200000,new_york,precipitation,0.0,0,0,1
1727092800000,new_york,precipitation,0.0,0,0,1
1727096400000,new_york,precipitation,0.0,0,0,1
1727100000000,new_york,precipitation,0.0,0,0,1
1727103600000,new_york,precipitation,0.0,0,0,1
1727107200000,new_york,precipitation,0.1,0,1,0
1727110800000,new_york,precipitation,0.0,0,0,1
1727114400000,new_york,precipitation,0.0,0,0,1
1727118000000,new_york,precipitation,0.0,0,0,1
1727121600000,new_york,precipitation,0.0,0,0,1
1727125200000,new_york,precipitation,0.0,0,0,1
1727128800000,new_york,precipitation,0.0,0,0,1
1727132400000,new_york,precipitation,0.0,1,0,0
1727136000000,new_york,precipitation,0.0,0,0,1
1727139600000,new_york,precipitation,0.0,0,0,1
1727143200000,new_york,precipitation,0.0,0,0,1
1727146800000,new_york,precipitation,0.0,0,0,1
1727150400000,new_york,precipitation,0.0,0,0,1
1727154000000,new_york,precipitation,0.0,0,0,1
1727157600000,new_york,precipitation,0.0,0,0,1
1727161200000,new_york,precipitation,0.0,0,0,1
1727164800000,new_york,precipitation,0.0,0,0,1
1727168400000,new_york,precipitation,0.0,0,0,1
1727172000000,new_york,precipitation,0.0,1,0,0
1727175600000,new_york,precipitation,0.0,0,0,1
1727179200000,new_york,precipitation,0.0,0,0,1
1727182800000,new_york,precipitation,0.0,0,0,1
1727186400000,new_york,precipitation,0.0,1,0,0
1727190000000,new_york,precipitation,0.0,0,0,1
1727193600000,new_york,precipitation,0.0,0,0,1
1727197200000,new_york,precipitation,0.0,0,0,1
1727200800000,new_york,precipitation,0.0,0,0,1
1727204400000,new_york,precipitation,0.0,0,0,1
1727208000000,new_york,precipitation,0.0,0,0,1
1727211600000,new_york,precipitation,0.0,0,0,1
1727215200000,new_york,precipitation,0.0,0,0,1
1727218800000,new_york,precipitation,0.0,0,0,1
1727222400000,new_york,precipitation,0.0,0,0,1
1727226000000,new_york,precipitation,0.0,0,0,1
1727229600000,new_york,precipitation,0.0,1,0,0
1727233200000,new_york,precipitation,0.0,1,0,0
1727236800000,new_york,precipitation,0.0,0,0,1
1727240400000,new_york,precipitation,0.0,0,0,1
1727244000000,new_york,precipitation,0.0,0,0,1
1727247600000,new_york,precipitation,0.0,1,0,0
1727251200000,new_york,precipitation,0.0,0,0,1
1727254800000,new_york,precipitation,0.9,0,1,0
1727258400000,new_york,precipitation,0.0,0,0,1
1727262000000,new_york,precipitation,0.0,0,0,1
1727265600000,new_york,precipitation,0.0,0,0,1
1727269200000,new_york,precipitation,0.0,1,0,0
1727272800000,new_york,precipitation,0.0,0,0,1
1727276400000,new_york,precipitation,0.0,1,0,0
1727280000000,new_york,precipitation,0.0,1,0,0
1727283600000,new_york,precipitation,0.2,0,1,0
1727287200000,new_york,precipitation,0.0,0,0,1
1727290800000,new_york,precipitation,0.0,0,0,1
1727294400000,new_york,precipitation,0.0,0,0,1
1727298000000,new_york,precipitation,0.0,0,0,1
1727301600000,new_york,precipitation,0.0,0,0,1
1727305200000,new_york,precipitation,0.0,0,0,1
1727308800000,new_york,precipitation,0.0,0,0,1
1727312400000,new_york,precipitation,0.0,0,0,1
1727316000000,new_york,precipitation,0.0,0,0,1
1727319600000,new_york,precipitation,0.0,0,0,1
1727323200000,new_york,precipitation,0.0,0,0,1
1727326800000,new_york,precipitation,0.1,0,1,0
1727330400000,new_york,precipitation,0.1,1,1,1
1727334000000,new_york,precipitation,0.2,0,1,0
1727337600000,new_york,precipitation,0.4,0,1,0
1727341200000,new_york,precipitation,0.0,0,0,1
1727344800000,new_york,precipitation,0.0,0,0,1
1727348400000,new_york,precipitation,0.2,0,1,0
1727352000000,new_york,precipitation,1.0,0,1,0
1727355600000,new_york,precipitation,0.9,0,1,0
1727359200000,new_york,precipitation,0.9,0,1,0
1727362800000,new_york,precipitation,0.5,0,1,0
1727366400000,new_york,precipitation,0.1,0,1,0
1727370000000,new_york,precipitation,0.0,1,0,0
1727373600000,new_york,precipitation,0.0,0,0,1
1727377200000,new_york,precipitation,0.0,0,0,1
1727380800000,new_york,precipitation,0.0,0,0,1
1727384400000,new_york,precipitation,0.0,1,0,0
1727388000000,new_york,precipitation,0.0,0,0,1
1727391600000,new_york,precipitation,0.0,0,0,1
1727395200000,new_york,precipitation,0.0,1,0,0
1727398800000,new_york,precipitation,0.0,0,0,1
1727402400000,new_york,precipitation,0.0,0,0,1
1727406000000,new_york,precipitation,0.1,1,1,1
1727409600000,new_york,precipitation,0.2,0,1,0
1727413200000,new_york,precipitation,0.1,0,1,0
1727416800000,new_york,precipitation,0.0,0,0,1
1727420400000,new_york,precipitation,0.0,0,0,1
1727424000000,new_york,precipitation,0.0,1,0,0
1727427600000,new_york,precipitation,0.0,0,0,1
1727431200000,new_york,precipitation,0.0,0,0,1
1727434800000,new_york,precipitation,0.0,0,0,1
1727438400000,new_york,precipitation,0.0,0,0,1
1727442000000,new_york,precipitation,0.0,0,0,1
1727445600000,new_york,precipitation,0.0,0,0,1
1727449200000,new_york,precipitation,0.0,0,0,1
1727452800000,new_york,precipitation,0.0,0,0,1
1727456400000,new_york,precipitation,0.0,0,0,1
1727460000000,new_york,precipitation,0.0,0,0,1
1727463600000,new_york,precipitation,0.0,0,0,1
1727467200000,new_york,precipitation,0.0,0,0,1
1727470800000,new_york,precipitation,0.5,0,1,0
1727474400000,new_york,precipitation,0.0,0,0,1
1727478000000,new_york,precipitation,0.0,0,0,1
1727481600000,new_york,precipitation,0.0,0,0,1
1727485200000,new_york,precipitation,0.1,0,1,0
1727488800000,new_york,precipitation,0.0,0,0,1
1727492400000,new_york,precipitation,0.0,0,0,1
1727496000000,new_york,precipitation,0.0,0,0,1
1727499600000,new_york,precipitation,0.0,0,0,1
1727503200000,new_york,precipitation,0.0,0,0,1
1727506800000,new_york,precipitation,0.0,0,0,1
1727510400000,new_york,precipitation,0.1,0,1,0
1727514000000,new_york,precipitation,0.2,0,1,0
1727517600000,new_york,precipitation,1.0,0,1,0
1727521200000,new_york,precipitation,0.8,0,1,0
1727524800000,new_york,precipitation,0.1,0,1,0
1727528400000,new_york,precipitation,0.5,0,1,0
1727532000000,new_york,precipitation,1.7,0,1,0
1727535600000,new_york,precipitation,2.6,0,1,0
1727539200000,new_york,precipitation,2.7,0,1,0
1727542800000,new_york,precipitation,1.4,0,1,0
1727546400000,new_york,precipitation,0.1,0,1,0
1727550000000,new_york,precipitation,0.6,0,1,0
1727553600000,new_york,precipitation,1.6,0,1,0
1727557200000,new_york,precipitation,0.2,0,1,0
1727560800000,new_york,precipitation,0.0,0,0,1
1727564400000,new_york,precipitation,0.0,0,0,1
1727568000000,new_york,precipitation,0.0,1,0,0
1727571600000,new_york,precipitation,0.0,0,0,1
1727575200000,new_york,precipitation,0.0,0,0,1
1727578800000,new_york,precipitation,0.0,0,0,1
1727582400000,new_york,precipitation,0.1,0,1,0
1727586000000,new_york,precipitation,0.1,0,1,0
1727589600000,new_york,precipitation,0.1,0,1,0
1727593200000,new_york,precipitation,0.1,0,1,0
1727596800000,new_york,precipitation,0.1,0,1,0
1727600400000,new_york,precipitation,0.1,0,1,0
1727604000000,new_york,precipitation,0.1,0,1,0
1727607600000,new_york,precipitation,0.1,0,1,0
1727611200000,new_york,precipitation,0.1,1,1,1
1727614800000,new_york,precipitation,0.1,0,1,0
1727618400000,new_york,precipitation,0.0,0,0,1
1727622000000,new_york,precipitation,0.0,0,0,1
1727625600000,new_york,precipitation,0.0,0,0,1
1727629200000,new_york,precipitation,0.0,0,0,1
1727632800000,new_york,precipitation,0.1,0,1,0
1727636400000,new_york,precipitation,0.1,0,1,0
1727640000000,new_york,precipitation,0.0,0,0,1
1727643600000,new_york,precipitation,0.0,0,0,1
1727647200000,new_york,precipitation,0.0,0,0,1
1727650800000,new_york,precipitation,0.0,0,0,1
1727654400000,new_york,precipitation,0.0,0,0,1
1727658000000,new_york,precipitation,0.0,0,0,1
1727661600000,new_york,precipitation,0.0,0,0,1
1727665200000,new_york,precipitation,0.0,0,0,1
1727668800000,new_york,precipitation,0.0,0,0,1
1727672400000,new_york,precipitation,0.0,0,0,1
1727676000000,new_york,precipitation,0.0,1,0,0
1727679600000,new_york,precipitation,0.0,0,0,1
1727683200000,new_york,precipitation,0.0,0,0,1
1727686800000,new_york,precipitation,0.0,0,0,1
1727690400000,new_york,precipitation,0.0,1,0,0
1727694000000,new_york,precipitation,0.0,0,0,1
1727697600000,new_york,precipitation,0.0,0,0,1
1727701200000,new_york,precipitation,0.0,0,0,1
1727704800000,new_york,precipitation,0.0,1,0,0
1727708400000,new_york,precipitation,0.0,0,0,1
1727712000000,new_york,precipitation,0.0,0,0,1
1727715600000,new_york,precipitation,0.0,0,0,1
1727719200000,new_york,precipitation,0.0,0,0,1
1727722800000,new_york,precipitation,0.0,0,0,1
1727726400000,new_york,precipitation,0.0,0,0,1
1727730000000,new_york,precipitation,0.0,0,0,1
1727733600000,new_york,precipitation,0.0,0,0,1
1727737200000,new_york,precipitation,0.0,0,0,1
1727740800000,new_york,precipitation,0.0,0,0,1
1727744400000,new_york,precipitation,0.0,0,0,1
1727748000000,new_york,precipitation,0.0,0,0,1
1727751600000,new_york,precipitation,0.0,0,0,1
1727755200000,new_york,precipitation,0.0,0,0,1
1727758800000,new_york,precipitation,0.0,0,0,1
1727762400000,new_york,precipitation,0.0,0,0,1
1727766000000,new_york,precipitation,0.0,0,0,1
1727769600000,new_york,precipitation,0.0,0,0,1
1727773200000,new_york,precipitation,0.0,0,0,1
1727776800000,new_york,precipitation,0.0,0,0,1
1727780400000,new_york,precipitation,0.0,1,0,0
1727784000000,new_york,precipitation,0.0,0,0,1
1727787600000,new_york,precipitation,0.0,1,0,0
1727791200000,new_york,precipitation,0.0,0,0,1
1727794800000,new_york,precipitation,0.0,0,0,1
1727798400000,new_york,precipitation,0.0,1,0,0
1727802000000,new_york,precipitation,0.0,0,0,1
1727805600000,new_york,precipitation,0.0,0,0,1
1727809200000,new_york,precipitation,0.0,0,0,1
1727812800000,new_york,precipitation,0.0,1,0,0
1727816400000,new_york,precipitation,0.0,0,0,1
1727820000000,new_york,precipitation,0.0,1,0,0
1727823600000,new_york,precipitation,0.0,0,0,1
1727827200000,new_york,precipitation,0.0,0,0,1
1727830800000,new_york,precipitation,0.0,0,0,1
1727834400000,new_york,precipitation,0.0,0,0,1
1727838000000,new_york,precipitation,0.0,0,0,1
1727841600000,new_york,precipitation,0.0,0,0,1
1727845200000,new_york,precipitation,0.0,0,0,1
1727848800000,new_york,precipitation,0.0,0,0,1
1727852400000,new_york,precipitation,0.0,0,0,1
1727856000000,new_york,precipitation,0.0,0,0,1
1727859600000,new_york,precipitation,0.0,0,0,1
1727863200000,new_york,precipitation,0.0,0,0,1
1727866800000,new_york,precipitation,0.0,0,0,1
1727870400000,new_york,precipitation,0.0,0,0,1
1727874000000,new_york,precipitation,0.0,0,0,1
1727877600000,new_york,precipitation,0.0,1,0,0
1727881200000,new_york,precipitation,0.0,0,0,1
1727884800000,new_york,precipitation,0.0,0,0,1
1727888400000,new_york,precipitation,0.0,0,0,1
1727892000000,new_york,precipitation,0.0,0,0,1
1727895600000,new_york,precipitation,0.0,1,0,0
1727899200000,new_york,precipitation,0.0,0,0,1
1727902800000,new_york,precipitation,0.0,0,0,1
1727906400000,new_york,precipitation,0.0,0,0,1
1727910000000,new_york,precipitation,0.0,0,0,1
1727913600000,new_york,precipitation,0.0,0,0,1
1727917200000,new_york,precipitation,0.0,0,0,1
1727920800000,new_york,precipitation,0.0,1,0,0
1727924400000,new_york,precipitation,0.0,0,0,1
1727928000000,new_york,precipitation,0.0,0,0,1
1727931600000,new_york,precipitation,0.0,0,0,1
1727935200000,new_york,precipitation,0.0,0,0,1
1727938800000,new_york,precipitation,0.0,0,0,1
1727942400000,new_york,precipitation,0.0,0,0,1
1727946000000,new_york,precipitation,0.0,0,0,1
1727949600000,new_york,precipitation,0.0,0,0,1
1727953200000,new_york,precipitation,0.0,1,0,0
1727956800000,new_york,precipitation,0.1,1,1,1
1727960400000,new_york,precipitation,0.0,0,0,1
1727964000000,new_york,precipitation,0.0,0,0,1
1727967600000,new_york,precipitation,0.0,0,0,1
1727971200000,new_york,precipitation,0.0,1,0,0
1727974800000,new_york,precipitation,0.0,1,0,0
1727978400000,new_york,precipitation,0.0,0,0,1
1727982000000,new_york,precipitation,0.0,0,0,1
1727985600000,new_york,precipitation,0.0,0,0,1
1727989200000,new_york,precipitation,0.0,0,0,1
1727992800000,new_york,precipitation,0.0,0,0,1
1727996400000,new_york,precipitation,0.0,1,0,0
1728000000000,new_york,precipitation,0.0,1,0,0
1728003600000,new_york,precipitation,0.0,1,0,0
1728007200000,new_york,precipitation,0.0,1,0,0
1728010800000,new_york,precipitation,0.0,0,0,1
1728014400000,new_york,precipitation,0.0,0,0,1
1728018000000,new_york,precipitation,0.0,0,0,1
1728021600000,new_york,precipitation,0.0,1,0,0
1728025200000,new_york,precipitation,0.0,0,0,1
1728028800000,new_york,precipitation,0.0,0,0,1
1728032400000,new_york,precipitation,0.0,0,0,1
1728036000000,new_york,precipitation,0.0,1,0,0
1728039600000,new_york,precipitation,0.0,1,0,0
1728043200000,new_york,precipitation,0.0,0,0,1
1728046800000,new_york,precipitation,0.0,0,0,1
1728050400000,new_york,precipitation,0.0,0,0,1
1728054000000,new_york,precipitation,0.0,1,0,0
1728057600000,new_york,precipitation,0.0,0,0,1
1728061200000,new_york,precipitation,0.0,1,0,0
1728064800000,new_york,precipitation,0.0,0,0,1
1728068400000,new_york,precipitation,0.0,0,0,1
1728072000000,new_york,precipitation,0.0,0,0,1
1728075600000,new_york,precipitation,0.0,0,0,1
1728079200000,new_york,precipitation,0.2,0,1,0
1728082800000,new_york,precipitation,0.0,1,0,0
1728086400000,new_york,precipitation,0.0,0,0,1
1728090000000,new_york,precipitation,0.1,0,1,0
1728093600000,new_york,precipitation,0.22886141829595474,1,1,1
1728097200000,new_york,precipitation,0.0,0,0,1
1728100800000,new_york,precipitation,0.1,0,1,0
1728104400000,new_york,precipitation,0.0,1,0,0
1728108000000,new_york,precipitation,0.0,0,0,1
1728111600000,new_york,precipitation,0.0,0,0,1
1728115200000,new_york,precipitation,0.0,0,0,1
1728118800000,new_york,precipitation,0.0,0,0,1
1728122400000,new_york,precipitation,0.0,0,0,1
1728126000000,new_york,precipitation,0.0,0,0,1
1728129600000,new_york,precipitation,0.0,1,0,0
1728133200000,new_york,precipitation,0.0,1,0,0
1728136800000,new_york,precipitation,0.0,0,0,1
1728140400000,new_york,precipitation,0.0,0,0,1
1728144000000,new_york,precipitation,0.0,0,0,1
1728147600000,new_york,precipitation,0.0,1,0,0
1728151200000,new_york,precipitation,0.0,0,0,1
1728154800000,new_york,precipitation,0.0,0,0,1
1728158400000,new_york,precipitation,0.0,0,0,1
1728162000000,new_york,precipitation,0.0,1,0,0
1728165600000,new_york,precipitation,0.0,0,0,1
1728169200000,new_york,precipitation,0.0,0,0,1
1728172800000,new_york,precipitation,0.0,1,0,0
1728176400000,new_york,precipitation,0.0,0,0,1
1728180000000,new_york,precipitation,0.0,0,0,1
1728183600000,new_york,precipitation,0.0,0,0,1
1728187200000,new_york,precipitation,0.0,0,0,1
1728190800000,new_york,precipitation,0.0,0,0,1
1728194400000,new_york,precipitation,0.0,0,0,1
1728198000000,new_york,precipitation,0.0,0,0,1
1728201600000,new_york,precipitation,0.0,0,0,1
1728205200000,new_york,precipitation,0.0,0,0,1
1728208800000,new_york,precipitation,0.0,0,0,1
1728212400000,new_york,precipitation,0.0,0,0,1
1728216000000,new_york,precipitation,0.0,0,0,1
1728219600000,new_york,precipitation,0.0,1,0,0
1728223200000,new_york,precipitation,0.0,0,0,1
1728226800000,new_york,precipitation,0.0,0,0,1
1728230400000,new_york,precipitation,0.0,1,0,0
1728234000000,new_york,precipitation,0.0,0,0,1
1728237600000,new_york,precipitation,0.0,0,0,1
1728241200000,new_york,precipitation,0.0,0,0,1
1728244800000,new_york,precipitation,0.0,0,0,1
1728248400000,new_york,precipitation,0.0,0,0,1
1728252000000,new_york,precipitation,0.0,1,0,0
1728255600000,new_york,precipitation,0.0,0,0,1
1728259200000,new_york,precipitation,0.0,0,0,1
1728262800000,new_york,precipitation,0.0,0,0,1
1728266400000,new_york,precipitation,0.0,0,0,1
1728270000000,new_york,precipitation,0.0,0,0,1
1728273600000,new_york,precipitation,0.3,0,1,0
1728277200000,new_york,precipitation,0.1,0,1,0
1728280800000,new_york,precipitation,0.0,0,0,1
1728284400000,new_york,precipitation,4.6,1,1,1
1728288000000,new_york,precipitation,0.0,0,0,1
1728291600000,new_york,precipitation,0.2,1,1,1
1728295200000,new_york,precipitation,0.1,0,1,0
1728298800000,new_york,precipitation,0.1,0,1,0
1728302400000,new_york,precipitation,0.1,0,1,0
1728306000000,new_york,precipitation,0.0,0,0,1
1728309600000,new_york,precipitation,0.0,0,0,1
1728313200000,new_york,precipitation,0.0,0,0,1
1728316800000,new_york,precipitation,0.0,0,0,1
1728320400000,new_york,precipitation,0.0,0,0,1
1728324000000,new_york,precipitation,0.0,0,0,1
1728327600000,new_york,precipitation,0.0,0,0,1
1728331200000,new_york,precipitation,0.0,0,0,1
1728334800000,new_york,precipitation,0.0,0,0,1
1728338400000,new_york,precipitation,0.0,0,0,1
1728342000000,new_york,precipitation,0.0,1,0,0
1728345600000,new_york,precipitation,0.0,0,0,1
1728349200000,new_york,precipitation,0.0,0,0,1
1728352800000,new_york,precipitation,0.0,1,0,0
1728356400000,new_york,precipitation,0.0,0,0,1
1728360000000,new_york,precipitation,0.0,0,0,1
1728363600000,new_york,precipitation,0.0,1,0,0
1728367200000,new_york,precipitation,0.0,0,0,1
1728370800000,new_york,precipitation,0.0,0,0,1
1728374400000,new_york,precipitation,0.0,0,0,1
1728378000000,new_york,precipitation,0.0,1,0,0
1728381600000,new_york,precipitation,0.0,0,0,1
1728385200000,new_york,precipitation,0.0,0,0,1
1728388800000,new_york,precipitation,0.0,0,0,1
1728392400000,new_york,precipitation,0.0,0,0,1
1728396000000,new_york,precipitation,0.0,0,0,1
1728399600000,new_york,precipitation,0.0,1,0,0
1728403200000,new_york,precipitation,0.0,0,0,1
1728406800000,new_york,precipitation,0.0,0,0,1
1728410400000,new_york,precipitation,0.0,0,0,1
1728414000000,new_york,precipitation,0.0,0,0,1
1728417600000,new_york,precipitation,0.0,0,0,1
1728421200000,new_york,precipitation,0.0,0,0,1
1728424800000,new_york,precipitation,0.0,0,0,1
1728428400000,new_york,precipitation,0.0,0,0,1
1728432000000,new_york,precipitation,0.0,1,0,0
1728435600000,new_york,precipitation,0.0,0,0,1
1728439200000,new_york,precipitation,0.0,0,0,1
1728442800000,new_york,precipitation,0.0,0,0,1
1728446400000,new_york,precipitation,0.0,0,0,1
1728450000000,new_york,precipitation,0.0,1,0,0
1728453600000,new_york,precipitation,0.0,0,0,1
1728457200000,new_york,precipitation,0.0,0,0,1
1728460800000,new_york,precipitation,0.0,1,0,0
1728464400000,new_york,precipitation,0.0,0,0,1
1728468000000,new_york,precipitation,0.0,1,0,0
1728471600000,new_york,precipitation,0.0,0,0,1
1728475200000,new_york,precipitation,0.0,0,0,1
1728478800000,new_york,precipitation,0.0,0,0,1
1728482400000,new_york,precipitation,0.0,0,0,1
1728486000000,new_york,precipitation,0.0,0,0,1
1728489600000,new_york,precipitation,0.0,0,0,1
1728493200000,new_york,precipitation,0.0,0,0,1
1728496800000,new_york,precipitation,0.0,0,0,1
1728500400000,new_york,precipitation,0.0,0,0,1
1728504000000,new_york,precipitation,0.0,0,0,1
1728507600000,new_york,precipitation,0.1,0,1,0
1728511200000,new_york,precipitation,0.0,0,0,1
1728514800000,new_york,precipitation,0.0,0,0,1
1728518400000,new_york,precipitation,0.0,1,0,0
1728522000000,new_york,precipitation,0.0,1,0,0
1728525600000,new_york,precipitation,0.0,0,0,1
1728529200000,new_york,precipitation,0.0,0,0,1
1728532800000,new_york,precipitation,0.0,0,0,1
1728536400000,new_york,precipitation,0.0,0,0,1
1728540000000,new_york,precipitation,0.0,0,0,1
1728543600000,new_york,precipitation,0.0,0,0,1
1728547200000,new_york,precipitation,0.0,0,0,1
1728550800000,new_york,precipitation,0.0,0,0,1
1728554400000,new_york,precipitation,0.0,0,0,1
1728558000000,new_york,precipitation,0.0,0,0,1
1728561600000,new_york,precipitation,0.0,0,0,1
1728565200000,new_york,precipitation,0.0,1,0,0
1728568800000,new_york,precipitation,0.0,0,0,1
1728572400000,new_york,precipitation,0.0,0,0,1
1728576000000,new_york,precipitation,0.0,0,0,1
1728579600000,new_york,precipitation,0.0,1,0,0
1728583200000,new_york,precipitation,0.0,0,0,1
1728586800000,new_york,precipitation,0.0,0,0,1
1728590400000,new_york,precipitation,0.0,1,0,0
1728594000000,new_york,precipitation,0.0,0,0,1
1728597600000,new_york,precipitation,0.0,0,0,1
1728601200000,new_york,precipitation,0.0,0,0,1
1728604800000,new_york,precipitation,0.0,0,0,1
1728608400000,new_york,precipitation,0.0,0,0,1
1728612000000,new_york,precipitation,0.0,0,0,1
1728615600000,new_york,precipitation,0.0,0,0,1
1728619200000,new_york,precipitation,0.0,1,0,0
1728622800000,new_york,precipitation,0.0,1,0,0
1728626400000,new_york,precipitation,0.0,0,0,1
1728630000000,new_york,precipitation,0.0,0,0,1
1728633600000,new_york,precipitation,0.0,0,0,1
1728637200000,new_york,precipitation,0.0,0,0,1
1728640800000,new_york,precipitation,0.0,0,0,1
1728644400000,new_york,precipitation,0.0,0,0,1
1728648000000,new_york,precipitation,0.0,0,0,1
1728651600000,new_york,precipitation,0.0,0,0,1
1728655200000,new_york,precipitation,0.0,1,0,0
1728658800000,new_york,precipitation,0.0,1,0,0
1728662400000,new_york,precipitation,0.0,0,0,1
1728666000000,new_york,precipitation,0.0,0,0,1
1728669600000,new_york,precipitation,0.0,0,0,1
1728673200000,new_york,precipitation,0.0,0,0,1
1728676800000,new_york,precipitation,0.0,0,0,1
1728680400000,new_york,precipitation,0.0,0,0,1
1728684000000,new_york,precipitation,0.0,0,0,1
1728687600000,new_york,precipitation,0.0,0,0,1
1728691200000,new_york,precipitation,0.0,0,0,1
1728694800000,new_york,precipitation,0.0,0,0,1
1728698400000,new_york,precipitation,0.0,0,0,1
1728702000000,new_york,precipitation,0.0,0,0,1
1728705600000,new_york,precipitation,0.0,0,0,1
1728709200000,new_york,precipitation,0.0,0,0,1
1728712800000,new_york,precipitation,0.0,0,0,1
1728716400000,new_york,precipitation,0.0,0,0,1
1728720000000,new_york,precipitation,0.0,1,0,0
1728723600000,new_york,precipitation,0.0,0,0,1
1728727200000,new_york,precipitation,0.0,0,0,1
1728730800000,new_york,precipitation,0.0,0,0,1
1728734400000,new_york,precipitation,0.0,0,0,1
1728738000000,new_york,precipitation,0.0,0,0,1
1728741600000,new_york,precipitation,0.0,1,0,0
1728745200000,new_york,precipitation,0.0,0,0,1
1728748800000,new_york,precipitation,0.0,1,0,0
1728752400000,new_york,precipitation,0.0,0,0,1
1728756000000,new_york,precipitation,0.0,0,0,1
1728759600000,new_york,precipitation,0.0,0,0,1
1728763200000,new_york,precipitation,0.0,0,0,1
1728766800000,new_york,precipitation,0.0,0,0,1
1728770400000,new_york,precipitation,0.0,0,0,1
1728774000000,new_york,precipitation,0.0,0,0,1
1728777600000,new_york,precipitation,0.0,0,0,1
1728781200000,new_york,precipitation,0.0,0,0,1
1728784800000,new_york,precipitation,0.0,1,0,0
1728788400000,new_york,precipitation,0.0,0,0,1
1728792000000,new_york,precipitation,0.0,0,0,1
1728795600000,new_york,precipitation,0.0,1,0,0
1728799200000,new_york,precipitation,0.0,0,0,1
1728802800000,new_york,precipitation,0.0,1,0,0
1728806400000,new_york,precipitation,0.0,1,0,0
1728810000000,new_york,precipitation,0.0,0,0,1
1728813600000,new_york,precipitation,0.0,0,0,1
1728817200000,new_york,precipitation,0.0,0,0,1
1728820800000,new_york,precipitation,0.0,0,0,1
1728824400000,new_york,precipitation,0.0,0,0,1
1728828000000,new_york,precipitation,0.0,0,0,1
1728831600000,new_york,precipitation,0.0,0,0,1
1728835200000,new_york,precipitation,0.0,0,0,1
1728838800000,new_york,precipitation,0.0,0,0,1
1728842400000,new_york,precipitation,0.0,0,0,1
1728846000000,new_york,precipitation,0.0,0,0,1
1728849600000,new_york,precipitation,0.0,0,0,1
1728853200000,new_york,precipitation,0.0,0,0,1
1728856800000,new_york,precipitation,0.0,0,0,1
1728860400000,new_york,precipitation,0.0,1,0,0
1728864000000,new_york,precipitation,0.0,0,0,1
1728867600000,new_york,precipitation,0.0,0,0,1
1728871200000,new_york,precipitation,0.0,0,0,1
1728874800000,new_york,precipitation,0.0,0,0,1
1728878400000,new_york,precipitation,0.0,0,0,1
1728882000000,new_york,precipitation,0.0,0,0,1
1728885600000,new_york,precipitation,0.0,0,0,1
1728889200000,new_york,precipitation,0.0,0,0,1
1728892800000,new_york,precipitation,0.0,0,0,1
1728896400000,new_york,precipitation,0.0,0,0,1
1728900000000,new_york,precipitation,0.0,0,0,1
1728903600000,new_york,precipitation,0.0,0,0,1
1728907200000,new_york,precipitation,0.0,1,0,0
1728910800000,new_york,precipitation,0.0,0,0,1
1728914400000,new_york,precipitation,0.0,0,0,1
1728918000000,new_york,precipitation,0.0,0,0,1
1728921600000,new_york,precipitation,0.0,1,0,0
1728925200000,new_york,precipitation,0.0,0,0,1
1728928800000,new_york,precipitation,0.0,0,0,1
1728932400000,new_york,precipitation,0.0,0,0,1
1728936000000,new_york,precipitation,0.0,0,0,1
1728939600000,new_york,precipitation,0.0,0,0,1
1728943200000,new_york,precipitation,0.0,0,0,1
1728946800000,new_york,precipitation,0.0,0,0,1
1728950400000,new_york,precipitation,0.0,0,0,1
1728954000000,new_york,precipitation,0.0,0,0,1
1728957600000,new_york,precipitation,0.0,0,0,1
1728961200000,new_york,precipitation,0.0,1,0,0
1728964800000,new_york,precipitation,0.0,0,0,1
1728968400000,new_york,precipitation,0.0,0,0,1
1728972000000,new_york,precipitation,0.0,0,0,1
1728975600000,new_york,precipitation,0.0,0,0,1
1728979200000,new_york,precipitation,0.0,0,0,1
1728982800000,new_york,precipitation,0.0,0,0,1
1728986400000,new_york,precipitation,0.0,0,0,1
1728990000000,new_york,precipitation,0.0,0,0,1
1728993600000,new_york,precipitation,0.0,0,0,1
1728997200000,new_york,precipitation,0.0,0,0,1
1729000800000,new_york,precipitation,0.1,0,1,0
1729004400000,new_york,precipitation,0.1,0,1,0
1729008000000,new_york,precipitation,0.0,1,0,0
1729011600000,new_york,precipitation,0.0,0,0,1
1729015200000,new_york,precipitation,0.0,0,0,1
1729018800000,new_york,precipitation,0.0,0,0,1
1729022400000,new_york,precipitation,0.0,0,0,1
1729026000000,new_york,precipitation,0.0,0,0,1
1729029600000,new_york,precipitation,0.0,0,0,1
1729033200000,new_york,precipitation,0.0,0,0,1
1729036800000,new_york,precipitation,0.0,0,0,1
1729040400000,new_york,precipitation,0.0,0,0,1
1729044000000,new_york,precipitation,0.0,0,0,1
1729047600000,new_york,precipitation,0.0,0,0,1
1729051200000,new_york,precipitation,0.0,0,0,1
1729054800000,new_york,precipitation,0.0,0,0,1
1729058400000,new_york,precipitation,0.0,0,0,1
1729062000000,new_york,precipitation,0.0,1,0,0
1729065600000,new_york,precipitation,0.0,1,0,0
1729069200000,new_york,precipitation,0.0,0,0,1
1729072800000,new_york,precipitation,0.0,0,0,1
1729076400000,new_york,precipitation,0.0,0,0,1
1729080000000,new_york,precipitation,0.0,0,0,1
1729083600000,new_york,precipitation,0.0,0,0,1
1729087200000,new_york,precipitation,0.0,0,0,1
1729090800000,new_york,precipitation,0.0,0,0,1
1729094400000,new_york,precipitation,0.0,0,0,1
1729098000000,new_york,precipitation,0.0,0,0,1
1729101600000,new_york,precipitation,0.0,0,0,1
1729105200000,new_york,precipitation,0.0,0,0,1
1729108800000,new_york,precipitation,0.0,0,0,1
1729112400000,new_york,precipitation,0.0,0,0,1
1729116000000,new_york,precipitation,0.0,0,0,1
1729119600000,new_york,precipitation,0.0,0,0,1
1729123200000,new_york,precipitation,0.0,0,0,1
1729126800000,new_york,precipitation,0.0,0,0,1
1729130400000,new_york,precipitation,0.0,0,0,1
1729134000000,new_york,precipitation,0.0,0,0,1
1729137600000,new_york,precipitation,0.0,0,0,1
1729141200000,new_york,precipitation,0.0,1,0,0
1729144800000,new_york,precipitation,0.0,0,0,1
1729148400000,new_york,precipitation,0.0,0,0,1
1729152000000,new_york,precipitation,0.0,0,0,1
1729155600000,new_york,precipitation,0.0,0,0,1
1729159200000,new_york,precipitation,0.0,1,0,0
1729162800000,new_york,precipitation,0.0,0,0,1
1729166400000,new_york,precipitation,0.0,1,0,0
1729170000000,new_york,precipitation,0.0,0,0,1
1729173600000,new_york,precipitation,0.0,0,0,1
1729177200000,new_york,precipitation,0.0,0,0,1
1729180800000,new_york,precipitation,0.0,0,0,1
1729184400000,new_york,precipitation,0.0,0,0,1
1729188000000,new_york,precipitation,0.0,0,0,1
1729191600000,new_york,precipitation,0.0,0,0,1
1729195200000,new_york,precipitation,0.0,0,0,1
1729198800000,new_york,precipitation,0.0,0,0,1
1729202400000,new_york,precipitation,0.0,0,0,1
1729206000000,new_york,precipitation,0.0,0,0,1
1729209600000,new_york,precipitation,0.0,0,0,1
1729213200000,new_york,precipitation,0.0,1,0,0
1729216800000,new_york,precipitation,0.0,0,0,1
1729220400000,new_york,precipitation,0.0,1,0,0
1729224000000,new_york,precipitation,0.0,0,0,1
1729227600000,new_york,precipitation,0.0,0,0,1
1729231200000,new_york,precipitation,0.0,0,0,1
1729234800000,new_york,precipitation,0.0,0,0,1
1729238400000,new_york,precipitation,0.0,0,0,1
1729242000000,new_york,precipitation,0.0,0,0,1
1729245600000,new_york,precipitation,0.0,0,0,1
1729249200000,new_york,precipitation,0.0,0,0,1
1729252800000,new_york,precipitation,0.0,0,0,1
1729256400000,new_york,precipitation,0.0,0,0,1
1729260000000,new_york,precipitation,0.0,0,0,1
1729263600000,new_york,precipitation,0.0,1,0,0
1729267200000,new_york,precipitation,0.0,0,0,1
1729270800000,new_york,precipitation,0.0,0,0,1
1729274400000,new_york,precipitation,0.0,0,0,1
1729278000000,new_york,precipitation,0.0,1,0,0
1729281600000,new_york,precipitation,0.0,0,0,1
1729285200000,new_york,precipitation,0.0,1,0,0
1729288800000,new_york,precipitation,0.0,0,0,1
1729292400000,new_york,precipitation,0.0,0,0,1
1729296000000,new_york,precipitation,0.0,1,0,0
1729299600000,new_york,precipitation,0.0,0,0,1
1729303200000,new_york,precipitation,0.0,1,0,0
1729306800000,new_york,precipitation,0.0,0,0,1
1729310400000,new_york,precipitation,0.0,0,0,1
1729314000000,new_york,precipitation,0.0,0,0,1
1729317600000,new_york,precipitation,0.0,0,0,1
1729321200000,new_york,precipitation,0.0,0,0,1
1729324800000,new_york,precipitation,0.0,0,0,1
1729328400000,new_york,precipitation,0.0,1,0,0
1729332000000,new_york,precipitation,0.0,0,0,1
1729335600000,new_york,precipitation,0.0,0,0,1
1729339200000,new_york,precipitation,0.0,0,0,1
1729342800000,new_york,precipitation,0.0,0,0,1
1729346400000,new_york,precipitation,0.0,0,0,1
1729350000000,new_york,precipitation,0.0,0,0,1
1729353600000,new_york,precipitation,0.0,0,0,1
1729357200000,new_york,precipitation,0.0,0,0,1
1729360800000,new_york,precipitation,0.0,0,0,1
1729364400000,new_york,precipitation,0.0,1,0,0
1729368000000,new_york,precipitation,0.0,0,0,1
1729371600000,new_york,precipitation,0.0,0,0,1
1729375200000,new_york,precipitation,0.0,0,0,1
1729378800000,new_york,precipitation,0.0,1,0,0
1729382400000,new_york,precipitation,0.0,0,0,1
1729386000000,new_york,precipitation,0.0,0,0,1
1729389600000,new_york,precipitation,0.0,0,0,1
1729393200000,new_york,precipitation,0.0,1,0,0
1729396800000,new_york,precipitation,0.0,0,0,1
1729400400000,new_york,precipitation,0.0,0,0,1
1729404000000,new_york,precipitation,0.0,0,0,1
1729407600000,new_york,precipitation,0.0,1,0,0
1729411200000,new_york,precipitation,0.0,1,0,0
1729414800000,new_york,precipitation,0.0,0,0,1
1729418400000,new_york,precipitation,0.0,0,0,1
1729422000000,new_york,precipitation,0.0,0,0,1
1729425600000,new_york,precipitation,0.0,0,0,1
1729429200000,new_york,precipitation,0.0,0,0,1
1729432800000,new_york,precipitation,0.0,0,0,1
1729436400000,new_york,precipitation,0.0,0,0,1
1729440000000,new_york,precipitation,0.0,0,0,1
1729443600000,new_york,precipitation,0.0,0,0,1
1729447200000,new_york,precipitation,0.0,0,0,1
1729450800000,new_york,precipitation,0.0,0,0,1
1729454400000,new_york,precipitation,0.0,1,0,0
1729458000000,new_york,precipitation,0.0,0,0,1
1729461600000,new_york,precipitation,0.0,0,0,1
1729465200000,new_york,precipitation,0.0,0,0,1
1729468800000,new_york,precipitation,0.0,0,0,1
1729472400000,new_york,precipitation,0.0,0,0,1
1729476000000,new_york,precipitation,0.0,0,0,1
1729479600000,new_york,precipitation,0.0,0,0,1
1729483200000,new_york,precipitation,0.0,0,0,1
1729486800000,new_york,precipitation,0.0,0,0,1
1729490400000,new_york,precipitation,0.0,1,0,0
1729494000000,new_york,precipitation,0.0,0,0,1
1729497600000,new_york,precipitation,0.0,0,0,1
1729501200000,new_york,precipitation,0.0,1,0,0
1729504800000,new_york,precipitation,0.0,0,0,1
1729508400000,new_york,precipitation,0.0,0,0,1
1729512000000,new_york,precipitation,0.0,0,0,1
1729515600000,new_york,precipitation,0.0,0,0,1
1729519200000,new_york,precipitation,0.0,0,0,1
1729522800000,new_york,precipitation,0.0,0,0,1
1729526400000,new_york,precipitation,0.0,0,0,1
1729530000000,new_york,precipitation,0.0,0,0,1
1729533600000,new_york,precipitation,0.0,0,0,1
1729537200000,new_york,precipitation,0.0,0,0,1
1729540800000,new_york,precipitation,0.0,0,0,1
1729544400000,new_york,precipitation,0.0,1,0,0
1729548000000,new_york,precipitation,0.0,0,0,1
1729551600000,new_york,precipitation,0.0,0,0,1
1729555200000,new_york,precipitation,0.0,0,0,1
1729558800000,new_york,precipitation,0.0,1,0,0
1729562400000,new_york,precipitation,0.0,0,0,1
1729566000000,new_york,precipitation,0.0,0,0,1
1729569600000,new_york,precipitation,0.0,1,0,0
1729573200000,new_york,precipitation,0.0,0,0,1
1729576800000,new_york,precipitation,0.0,0,0,1
1729580400000,new_york,precipitation,0.0,0,0,1
1729584000000,new_york,precipitation,0.0,0,0,1
1729587600000,new_york,precipitation,0.0,0,0,1
1729591200000,new_york,precipitation,0.0,0,0,1
1729594800000,new_york,precipitation,0.0,0,0,1
1729598400000,new_york,precipitation,0.0,0,0,1
1729602000000,new_york,precipitation,0.0,0,0,1
1729605600000,new_york,precipitation,0.0,0,0,1
1729609200000,new_york,precipitation,0.0,0,0,1
1729612800000,new_york,precipitation,0.0,0,0,1
1729616400000,new_york,precipitation,0.0,1,0,0
1729620000000,new_york,precipitation,0.0,0,0,1
1729623600000,new_york,precipitation,0.0,0,0,1
1729627200000,new_york,precipitation,0.0,1,0,0
1729630800000,new_york,precipitation,0.0,0,0,1
1729634400000,new_york,precipitation,0.0,0,0,1
1729638000000,new_york,precipitation,0.0,0,0,1
1729641600000,new_york,precipitation,0.0,1,0,0
1729645200000,new_york,precipitation,0.0,0,0,1
1729648800000,new_york,precipitation,0.0,1,0,0
1729652400000,new_york,precipitation,0.0,0,0,1
1729656000000,new_york,precipitation,0.0,1,0,0
1729659600000,new_york,precipitation,0.0,0,0,1
1729663200000,new_york,precipitation,0.0,0,0,1
1729666800000,new_york,precipitation,0.0,1,0,0
1729670400000,new_york,precipitation,0.0,0,0,1
1729674000000,new_york,precipitation,0.0,0,0,1
1729677600000,new_york,precipitation,0.0,0,0,1
1729681200000,new_york,precipitation,0.0,1,0,0
1729684800000,new_york,precipitation,0.0,0,0,1
1729688400000,new_york,precipitation,0.0,0,0,1
1729692000000,new_york,precipitation,0.0,0,0,1
1729695600000,new_york,precipitation,0.0,0,0,1
1729699200000,new_york,precipitation,0.0,1,0,0
1729702800000,new_york,precipitation,0.0,0,0,1
1729706400000,new_york,precipitation,0.0,0,0,1
1729710000000,new_york,precipitation,0.0,0,0,1
1729713600000,new_york,precipitation,0.0,0,0,1
1729717200000,new_york,precipitation,0.0,1,0,0
1729720800000,new_york,precipitation,0.0,1,0,0
1729724400000,new_york,precipitation,0.0,0,0,1
1729728000000,new_york,precipitation,0.0,0,0,1
1729731600000,new_york,precipitation,0.0,0,0,1
1729735200000,new_york,precipitation,0.0,0,0,1
1729738800000,new_york,precipitation,0.0,0,0,1
1729742400000,new_york,precipitation,0.0,0,0,1
1729746000000,new_york,precipitation,0.6,0,1,0
1729749600000,new_york,precipitation,0.0,0,0,1
1729753200000,new_york,precipitation,0.0,1,0,0
1729756800000,new_york,precipitation,0.0,0,0,1
1729760400000,new_york,precipitation,0.0,0,0,1
1729764000000,new_york,precipitation,0.0,0,0,1
1729767600000,new_york,precipitation,0.0,0,0,1
1729771200000,new_york,precipitation,0.0,0,0,1
1729774800000,new_york,precipitation,0.0,0,0,1
1729778400000,new_york,precipitation,0.0,0,0,1
1729782000000,new_york,precipitation,0.0,0,0,1
1729785600000,new_york,precipitation,0.0,0,0,1
1729789200000,new_york,precipitation,0.0,0,0,1
1729792800000,new_york,precipitation,0.0,0,0,1
1729796400000,new_york,precipitation,0.0,0,0,1
1729800000000,new_york,precipitation,0.0,0,0,1
1729803600000,new_york,precipitation,0.0,0,0,1
1729807200000,new_york,precipitation,0.0,0,0,1
1729810800000,new_york,precipitation,0.0,0,0,1
1729814400000,new_york,precipitation,0.0,0,0,1
1729818000000,new_york,precipitation,0.0,1,0,0
1729821600000,new_york,precipitation,0.0,1,0,0
1729825200000,new_york,precipitation,0.0,0,0,1
1729828800000,new_york,precipitation,0.0,1,0,0
1729832400000,new_york,precipitation,0.0,0,0,1
1729836000000,new_york,precipitation,0.0,1,0,0
1729839600000,new_york,precipitation,0.0,0,0,1
1729843200000,new_york,precipitation,0.0,0,0,1
1729846800000,new_york,precipitation,0.0,0,0,1
1729850400000,new_york,precipitation,0.0,0,0,1
1729854000000,new_york,precipitation,0.0,0,0,1
1729857600000,new_york,precipitation,0.0,1,0,0
1729861200000,new_york,precipitation,0.0,0,0,1
1729864800000,new_york,precipitation,0.0,1,0,0
1729868400000,new_york,precipitation,0.0,0,0,1
1729872000000,new_york,precipitation,0.0,1,0,0
1729875600000,new_york,precipitation,0.0,1,0,0
1729879200000,new_york,precipitation,0.0,1,0,0
1729882800000,new_york,precipitation,0.0,0,0,1
1729886400000,new_york,precipitation,0.0,0,0,1
1729890000000,new_york,precipitation,0.0,0,0,1
1729893600000,new_york,precipitation,0.0,0,0,1
1729897200000,new_york,precipitation,0.0,1,0,0
1729900800000,new_york,precipitation,0.0,0,0,1
1729904400000,new_york,precipitation,0.0,0,0,1
1729908000000,new_york,precipitation,0.0,0,0,1
1729911600000,new_york,precipitation,0.0,1,0,0
1729915200000,new_york,precipitation,0.0,0,0,1
1729918800000,new_york,precipitation,0.0,0,0,1
1729922400000,new_york,precipitation,0.0,0,0,1
1729926000000,new_york,precipitation,0.0,0,0,1
1729929600000,new_york,precipitation,0.0,0,0,1
1729933200000,new_york,precipitation,0.0,1,0,0
1729936800000,new_york,precipitation,0.0,0,0,1
1729940400000,new_york,precipitation,0.0,0,0,1
1729944000000,new_york,precipitation,0.0,0,0,1
1729947600000,new_york,precipitation,0.0,0,0,1
1729951200000,new_york,precipitation,0.0,0,0,1
1729954800000,new_york,precipitation,0.0,0,0,1
1729958400000,new_york,precipitation,0.0,0,0,1
1729962000000,new_york,precipitation,0.0,1,0,0
1729965600000,new_york,precipitation,0.0,0,0,1
1729969200000,new_york,precipitation,0.0,0,0,1
1729972800000,new_york,precipitation,0.0,0,0,1
1729976400000,new_york,precipitation,0.0,0,0,1
1729980000000,new_york,precipitation,0.0,0,0,1
1729983600000,new_york,precipitation,0.0,0,0,1
1729987200000,new_york,precipitation,0.0,0,0,1
1729990800000,new_york,precipitation,0.0,0,0,1
1729994400000,new_york,precipitation,0.0,0,0,1
1729998000000,new_york,precipitation,0.0,0,0,1
1730001600000,new_york,precipitation,0.0,0,0,1
1730005200000,new_york,precipitation,0.0,0,0,1
1730008800000,new_york,precipitation,0.0,0,0,1
1730012400000,new_york,precipitation,0.0,0,0,1
1730016000000,new_york,precipitation,0.0,1,0,0
1730019600000,new_york,precipitation,0.0,0,0,1
1730023200000,new_york,precipitation,0.0,0,0,1
1730026800000,new_york,precipitation,0.0,0,0,1
1730030400000,new_york,precipitation,0.0,0,0,1
1730034000000,new_york,precipitation,0.0,0,0,1
1730037600000,new_york,precipitation,0.0,0,0,1
1730041200000,new_york,precipitation,0.0,0,0,1
1730044800000,new_york,precipitation,0.0,0,0,1
1730048400000,new_york,precipitation,0.0,0,0,1
1730052000000,new_york,precipitation,0.0,0,0,1
1730055600000,new_york,precipitation,0.0,0,0,1
1730059200000,new_york,precipitation,0.0,0,0,1
1730062800000,new_york,precipitation,0.0,0,0,1
1730066400000,new_york,precipitation,0.0,0,0,1
1730070000000,new_york,precipitation,0.0,0,0,1
1730073600000,new_york,precipitation,0.0,0,0,1
1730077200000,new_york,precipitation,0.0,0,0,1
1730080800000,new_york,precipitation,0.0,0,0,1
1730084400000,new_york,precipitation,0.0,1,0,0
1730088000000,new_york,precipitation,0.0,0,0,1
1730091600000,new_york,precipitation,0.0,0,0,1
1730095200000,new_york,precipitation,0.0,0,0,1
1730098800000,new_york,precipitation,0.0,0,0,1
1730102400000,new_york,precipitation,0.0,0,0,1
1730106000000,new_york,precipitation,0.0,1,0,0
1730109600000,new_york,precipitation,0.0,0,0,1
1730113200000,new_york,precipitation,0.0,0,0,1
1730116800000,new_york,precipitation,0.0,0,0,1
1730120400000,new_york,precipitation,0.0,1,0,0
1730124000000,new_york,precipitation,0.0,0,0,1
1730127600000,new_york,precipitation,0.0,0,0,1
1730131200000,new_york,precipitation,0.0,0,0,1
1730134800000,new_york,precipitation,0.0,0,0,1
1730138400000,new_york,precipitation,0.0,0,0,1
1730142000000,new_york,precipitation,0.0,0,0,1
1730145600000,new_york,precipitation,0.0,1,0,0
1730149200000,new_york,precipitation,0.0,0,0,1
1730152800000,new_york,precipitation,0.0,0,0,1
1730156400000,new_york,precipitation,0.0,1,0,0
1730160000000,new_york,precipitation,0.0,0,0,1
1730163600000,new_york,precipitation,0.0,1,0,0
1730167200000,new_york,precipitation,0.0,0,0,1
1730170800000,new_york,precipitation,0.0,0,0,1
1730174400000,new_york,precipitation,0.0,0,0,1
1730178000000,new_york,precipitation,0.0,1,0,0
1730181600000,new_york,precipitation,0.0,0,0,1
1730185200000,new_york,precipitation,0.0,0,0,1
1730188800000,new_york,precipitation,0.0,1,0,0
1730192400000,new_york,precipitation,0.0,0,0,1
1730196000000,new_york,precipitation,0.0,0,0,1
1730199600000,new_york,precipitation,0.1,0,1,0
1730203200000,new_york,precipitation,0.2,0,1,0
1730206800000,new_york,precipitation,0.0,0,0,1
1730210400000,new_york,precipitation,0.2,0,1,0
1730214000000,new_york,precipitation,0.1,1,1,1
1730217600000,new_york,precipitation,0.1,0,1,0
1730221200000,new_york,precipitation,0.0,0,0,1
1730224800000,new_york,precipitation,0.2,0,1,0
1730228400000,new_york,precipitation,0.1,0,1,0
1730232000000,new_york,precipitation,0.1,0,1,0
1730235600000,new_york,precipitation,0.0,1,0,0
1730239200000,new_york,precipitation,0.0,0,0,1
1730242800000,new_york,precipitation,0.0,0,0,1
1730246400000,new_york,precipitation,0.0,0,0,1
1730250000000,new_york,precipitation,0.0,0,0,1
1730253600000,new_york,precipitation,0.0,0,0,1
1730257200000,new_york,precipitation,0.0,0,0,1
1730260800000,new_york,precipitation,0.0,0,0,1
1730264400000,new_york,precipitation,0.0,1,0,0
1730268000000,new_york,precipitation,0.0,0,0,1
1730271600000,new_york,precipitation,0.0,0,0,1
1730275200000,new_york,precipitation,0.0,1,0,0
1730278800000,new_york,precipitation,0.0,0,0,1
1730282400000,new_york,precipitation,0.0,0,0,1
1730286000000,new_york,precipitation,0.0,1,0,0
1730289600000,new_york,precipitation,0.0,0,0,1
1730293200000,new_york,precipitation,0.0,0,0,1
1730296800000,new_york,precipitation,0.0,0,0,1
1730300400000,new_york,precipitation,0.0,0,0,1
1730304000000,new_york,precipitation,0.0,0,0,1
1730307600000,new_york,precipitation,0.0,0,0,1
1730311200000,new_york,precipitation,0.0,0,0,1
1730314800000,new_york,precipitation,0.0,1,0,0
1730318400000,new_york,precipitation,0.0,0,0,1
1730322000000,new_york,precipitation,0.0,0,0,1
1730325600000,new_york,precipitation,0.0,1,0,0
1730329200000,new_york,precipitation,0.0,0,0,1
1730332800000,new_york,precipitation,0.0,0,0,1
1730336400000,new_york,precipitation,0.0,0,0,1
1730340000000,new_york,precipitation,0.0,0,0,1
1730343600000,new_york,precipitation,0.0,0,0,1
1730347200000,new_york,precipitation,0.0,0,0,1
1730350800000,new_york,precipitation,0.0,0,0,1
1730354400000,new_york,precipitation,0.0,0,0,1
1730358000000,new_york,precipitation,0.0,0,0,1
1730361600000,new_york,precipitation,0.0,0,0,1
1730365200000,new_york,precipitation,0.0,0,0,1
1730368800000,new_york,precipitation,0.0,0,0,1
1730372400000,new_york,precipitation,0.0,0,0,1
1730376000000,new_york,precipitation,0.0,0,0,1
1730379600000,new_york,precipitation,0.0,0,0,1
1730383200000,new_york,precipitation,0.0,0,0,1
1730386800000,new_york,precipitation,0.0,0,0,1
1730390400000,new_york,precipitation,0.0,0,0,1
1730394000000,new_york,precipitation,0.0,0,0,1
1730397600000,new_york,precipitation,0.0,1,0,0
1730401200000,new_york,precipitation,0.0,0,0,1
1730404800000,new_york,precipitation,0.0,1,0,0
1730408400000,new_york,precipitation,0.0,0,0,1
1730412000000,new_york,precipitation,0.0,0,0,1
1730415600000,new_york,precipitation,0.0,0,0,1
1730419200000,new_york,precipitation,0.0,0,0,1
1730422800000,new_york,precipitation,0.0,0,0,1
1730426400000,new_york,precipitation,0.0,0,0,1
1730430000000,new_york,precipitation,0.0,0,0,1
1730433600000,new_york,precipitation,0.0,0,0,1
1730437200000,new_york,precipitation,0.0,0,0,1
1730440800000,new_york,precipitation,0.0,1,0,0
1730444400000,new_york,precipitation,0.0,0,0,1
1730448000000,new_york,precipitation,0.0,0,0,1
1730451600000,new_york,precipitation,0.3,0,1,0
1730455200000,new_york,precipitation,0.0,0,0,1
1730458800000,new_york,precipitation,0.0,0,0,1
1730462400000,new_york,precipitation,0.0,0,0,1
1730466000000,new_york,precipitation,0.0,1,0,0
1730469600000,new_york,precipitation,0.0,1,0,0
1730473200000,new_york,precipitation,0.0,0,0,1
1730476800000,new_york,precipitation,0.0,0,0,1
1730480400000,new_york,precipitation,0.0,0,0,1
1730484000000,new_york,precipitation,0.0,0,0,1
1730487600000,new_york,precipitation,0.0,0,0,1
1730491200000,new_york,precipitation,0.0,0,0,1
1730494800000,new_york,precipitation,0.0,0,0,1
1730498400000,new_york,precipitation,0.0,0,0,1
1730502000000,new_york,precipitation,0.0,0,0,1
1730505600000,new_york,precipitation,0.0,0,0,1
1730509200000,new_york,precipitation,0.0,0,0,1
1730512800000,new_york,precipitation,0.0,0,0,1
1730516400000,new_york,precipitation,0.0,0,0,1
1730520000000,new_york,precipitation,0.0,0,0,1
1730523600000,new_york,precipitation,0.0,0,0,1
1730527200000,new_york,precipitation,0.0,0,0,1
1730530800000,new_york,precipitation,0.0,1,0,0
1730534400000,new_york,precipitation,0.0,0,0,1
1730538000000,new_york,precipitation,0.0,1,0,0
1730541600000,new_york,precipitation,0.0,0,0,1
1730545200000,new_york,precipitation,0.0,0,0,1
1730548800000,new_york,precipitation,0.0,0,0,1
1730552400000,new_york,precipitation,0.0,0,0,1
1730556000000,new_york,precipitation,0.0,0,0,1
1730559600000,new_york,precipitation,0.0,0,0,1
1730563200000,new_york,precipitation,0.0,0,0,1
1730566800000,new_york,precipitation,0.0,1,0,0
1730570400000,new_york,precipitation,0.0,0,0,1
1730574000000,new_york,precipitation,0.0,0,0,1
1730577600000,new_york,precipitation,0.0,0,0,1
1730581200000,new_york,precipitation,0.0,0,0,1
1730584800000,new_york,precipitation,0.0,0,0,1
1730588400000,new_york,precipitation,0.0,0,0,1
1730592000000,new_york,precipitation,0.0,0,0,1
1730595600000,new_york,precipitation,0.0,1,0,0
1730599200000,new_york,precipitation,0.0,1,0,0
1730602800000,new_york,precipitation,0.0,0,0,1
1730606400000,new_york,precipitation,0.0,0,0,1
1730610000000,new_york,precipitation,0.0,0,0,1
1730613600000,new_york,precipitation,0.0,0,0,1
1730617200000,new_york,precipitation,0.0,0,0,1
1730620800000,new_york,precipitation,0.0,0,0,1
1730624400000,new_york,precipitation,0.0,0,0,1
1730628000000,new_york,precipitation,0.0,1,0,0
1730631600000,new_york,precipitation,0.0,0,0,1
1730635200000,new_york,precipitation,0.0,0,0,1
1730638800000,new_york,precipitation,0.0,0,0,1
1730642400000,new_york,precipitation,0.0,1,0,0
1730646000000,new_york,precipitation,0.0,0,0,1
1730649600000,new_york,precipitation,0.0,1,0,0
1730653200000,new_york,precipitation,0.0,1,0,0
1730656800000,new_york,precipitation,0.0,0,0,1
1730660400000,new_york,precipitation,0.0,1,0,0
1730664000000,new_york,precipitation,0.0,0,0,1
1730667600000,new_york,precipitation,0.0,0,0,1
1730671200000,new_york,precipitation,0.0,0,0,1
1730674800000,new_york,precipitation,0.0,0,0,1
1730678400000,new_york,precipitation,0.0,0,0,1
1730682000000,new_york,precipitation,0.0,0,0,1
1730685600000,new_york,precipitation,0.0,0,0,1
1730689200000,new_york,precipitation,0.0,0,0,1
1730692800000,new_york,precipitation,0.0,0,0,1
1730696400000,new_york,precipitation,0.0,1,0,0
1730700000000,new_york,precipitation,0.0,0,0,1
1730703600000,new_york,precipitation,0.0,0,0,1
1730707200000,new_york,precipitation,0.0,0,0,1
1730710800000,new_york,precipitation,0.0,1,0,0
1730714400000,new_york,precipitation,0.0,0,0,1
1730718000000,new_york,precipitation,0.0,0,0,1
1730721600000,new_york,precipitation,0.0,0,0,1
1730725200000,new_york,precipitation,0.0,0,0,1
1730728800000,new_york,precipitation,0.0,0,0,1
1730732400000,new_york,precipitation,0.0,0,0,1
1730736000000,new_york,precipitation,0.0,0,0,1
1730739600000,new_york,precipitation,0.0,1,0,0
1730743200000,new_york,precipitation,0.0,0,0,1
1730746800000,new_york,precipitation,0.0,0,0,1
1730750400000,new_york,precipitation,0.0,1,0,0
1730754000000,new_york,precipitation,0.0,0,0,1
1730757600000,new_york,precipitation,0.0,0,0,1
1730761200000,new_york,precipitation,0.0,0,0,1
1730764800000,new_york,precipitation,0.0,0,0,1
1730768400000,new_york,precipitation,0.0,0,0,1
1730772000000,new_york,precipitation,0.0,0,0,1
1730775600000,new_york,precipitation,0.0,0,0,1
1730779200000,new_york,precipitation,0.0,0,0,1
1730782800000,new_york,precipitation,0.0,0,0,1
1730786400000,new_york,precipitation,0.0,0,0,1
1730790000000,new_york,precipitation,0.0,0,0,1
1730793600000,new_york,precipitation,0.0,1,0,0
1730797200000,new_york,precipitation,0.0,0,0,1
1730800800000,new_york,precipitation,0.0,0,0,1
1730804400000,new_york,precipitation,0.0,0,0,1
1730808000000,new_york,precipitation,0.0,0,0,1
1730811600000,new_york,precipitation,0.0,0,0,1
1730815200000,new_york,precipitation,0.0,0,0,1
1730818800000,new_york,precipitation,0.0,0,0,1
1730822400000,new_york,precipitation,0.0,0,0,1
1730826000000,new_york,precipitation,0.0,0,0,1
1730829600000,new_york,precipitation,0.0,0,0,1
1730833200000,new_york,precipitation,0.0,0,0,1
1730836800000,new_york,precipitation,0.0,0,0,1
1730840400000,new_york,precipitation,0.0,0,0,1
1730844000000,new_york,precipitation,0.0,1,0,0
1730847600000,new_york,precipitation,0.0,0,0,1
1730851200000,new_york,precipitation,0.0,0,0,1
1730854800000,new_york,precipitation,0.0,0,0,1
1730858400000,new_york,precipitation,0.0,0,0,1
1730862000000,new_york,precipitation,0.0,0,0,1
1730865600000,new_york,precipitation,0.0,0,0,1
1730869200000,new_york,precipitation,0.0,0,0,1
1730872800000,new_york,precipitation,0.0,0,0,1
1730876400000,new_york,precipitation,0.0,0,0,1
1730880000000,new_york,precipitation,0.0,0,0,1
1730883600000,new_york,precipitation,0.0,0,0,1
1730887200000,new_york,precipitation,0.0,1,0,0
1730890800000,new_york,precipitation,0.0,0,0,1
1730894400000,new_york,precipitation,0.0,0,0,1
1730898000000,new_york,precipitation,0.0,0,0,1
1730901600000,new_york,precipitation,0.0,0,0,1
1730905200000,new_york,precipitation,0.0,0,0,1
1730908800000,new_york,precipitation,0.0,0,0,1
1730912400000,new_york,precipitation,0.0,0,0,1
1730916000000,new_york,precipitation,0.0,1,0,0
1730919600000,new_york,precipitation,0.0,0,0,1
1730923200000,new_york,precipitation,0.0,0,0,1
1730926800000,new_york,precipitation,0.0,0,0,1
1730930400000,new_york,precipitation,0.0,0,0,1
1730934000000,new_york,precipitation,0.0,0,0,1
1730937600000,new_york,precipitation,0.0,0,0,1
1730941200000,new_york,precipitation,0.0,0,0,1
1730944800000,new_york,precipitation,0.0,0,0,1
1730948400000,new_york,precipitation,0.0,0,0,1
1730952000000,new_york,precipitation,0.0,1,0,0
1730955600000,new_york,precipitation,0.0,0,0,1
1730959200000,new_york,precipitation,0.0,1,0,0
1730962800000,new_york,precipitation,0.0,0,0,1
1730966400000,new_york,precipitation,0.0,0,0,1
1730970000000,new_york,precipitation,0.0,0,0,1
1730973600000,new_york,precipitation,0.0,0,0,1
1730977200000,new_york,precipitation,0.0,0,0,1
1730980800000,new_york,precipitation,0.0,0,0,1
1730984400000,new_york,precipitation,0.0,0,0,1
1730988000000,new_york,precipitation,0.0,0,0,1
1730991600000,new_york,precipitation,0.0,0,0,1
1730995200000,new_york,precipitation,0.0,0,0,1
1730998800000,new_york,precipitation,0.0,0,0,1
1731002400000,new_york,precipitation,0.0,0,0,1
1731006000000,new_york,precipitation,0.0,0,0,1
1731009600000,new_york,precipitation,0.0,1,0,0
1731013200000,new_york,precipitation,0.0,0,0,1
1731016800000,new_york,precipitation,0.0,1,0,0
1731020400000,new_york,precipitation,0.0,0,0,1
1731024000000,new_york,precipitation,0.0,0,0,1
1731027600000,new_york,precipitation,0.0,0,0,1
1731031200000,new_york,precipitation,0.0,0,0,1
1731034800000,new_york,precipitation,0.0,0,0,1
1731038400000,new_york,precipitation,0.0,0,0,1
1731042000000,new_york,precipitation,0.0,0,0,1
1731045600000,new_york,precipitation,0.0,0,0,1
1731049200000,new_york,precipitation,0.0,0,0,1
1731052800000,new_york,precipitation,0.0,0,0,1
1731056400000,new_york,precipitation,0.0,1,0,0
1731060000000,new_york,precipitation,0.0,0,0,1
1731063600000,new_york,precipitation,0.0,0,0,1
1731067200000,new_york,precipitation,0.0,0,0,1
1731070800000,new_york,precipitation,0.0,0,0,1
1731074400000,new_york,precipitation,0.0,0,0,1
1731078000000,new_york,precipitation,0.0,0,0,1
1731081600000,new_york,precipitation,0.0,1,0,0
1731085200000,new_york,precipitation,0.0,0,0,1
1731088800000,new_york,precipitation,0.0,0,0,1
1731092400000,new_york,precipitation,0.0,0,0,1
1731096000000,new_york,precipitation,0.0,0,0,1
1731099600000,new_york,precipitation,0.0,0,0,1
1731103200000,new_york,precipitation,0.0,0,0,1
1731106800000,new_york,precipitation,0.0,0,0,1
1731110400000,new_york,precipitation,0.0,0,0,1
1731114000000,new_york,precipitation,0.0,1,0,0
1731117600000,new_york,precipitation,0.0,0,0,1
1731121200000,new_york,precipitation,0.0,0,0,1
1731124800000,new_york,precipitation,0.0,0,0,1
1731128400000,new_york,precipitation,0.0,0,0,1
1731132000000,new_york,precipitation,0.0,0,0,1
1731135600000,new_york,precipitation,0.0,0,0,1
1731139200000,new_york,precipitation,0.0,1,0,0
1731142800000,new_york,precipitation,0.0,0,0,1
1731146400000,new_york,precipitation,0.0,0,0,1
1731150000000,new_york,precipitation,0.0,0,0,1
1731153600000,new_york,precipitation,0.0,0,0,1
1731157200000,new_york,precipitation,0.0,0,0,1
1731160800000,new_york,precipitation,0.0,0,0,1
1731164400000,new_york,precipitation,0.0,1,0,0
1731168000000,new_york,precipitation,0.0,0,0,1
1731171600000,new_york,precipitation,0.0,1,0,0
1731175200000,new_york,precipitation,0.0,1,0,0
1731178800000,new_york,precipitation,0.0,1,0,0
1731182400000,new_york,precipitation,0.0,0,0,1
1731186000000,new_york,precipitation,0.0,0,0,1
1731189600000,new_york,precipitation,0.0,0,0,1
1731193200000,new_york,precipitation,0.0,1,0,0
1731196800000,new_york,precipitation,0.0,0,0,1
1731200400000,new_york,precipitation,0.0,0,0,1
1731204000000,new_york,precipitation,0.0,0,0,1
1731207600000,new_york,precipitation,0.0,0,0,1
1731211200000,new_york,precipitation,0.0,0,0,1
1731214800000,new_york,precipitation,0.0,0,0,1
1731218400000,new_york,precipitation,0.0,0,0,1
1731222000000,new_york,precipitation,0.0,0,0,1
1731225600000,new_york,precipitation,0.0,0,0,1
1731229200000,new_york,precipitation,0.0,0,0,1
1731232800000,new_york,precipitation,0.0,0,0,1
1731236400000,new_york,precipitation,0.0,0,0,1
1731240000000,new_york,precipitation,0.0,0,0,1
1731243600000,new_york,precipitation,0.0,0,0,1
1731247200000,new_york,precipitation,0.0,1,0,0
1731250800000,new_york,precipitation,0.0,0,0,1
1731254400000,new_york,precipitation,0.0,1,0,0
1731258000000,new_york,precipitation,0.0,1,0,0
1731261600000,new_york,precipitation,0.0,0,0,1
1731265200000,new_york,precipitation,0.0,0,0,1
1731268800000,new_york,precipitation,0.0,0,0,1
1731272400000,new_york,precipitation,0.0,0,0,1
1731276000000,new_york,precipitation,0.5,0,1,0
1731279600000,new_york,precipitation,0.2,0,1,0
1731283200000,new_york,precipitation,0.3,0,1,0
1731286800000,new_york,precipitation,0.3,0,1,0
1731290400000,new_york,precipitation,0.3,0,1,0
1731294000000,new_york,precipitation,0.3,0,1,0
1731297600000,new_york,precipitation,0.7,0,1,0
1731301200000,new_york,precipitation,1.4,0,1,0
1731304800000,new_york,precipitation,0.0,0,0,1
1731308400000,new_york,precipitation,0.0,0,0,1
1731312000000,new_york,precipitation,0.0,0,0,1
1731315600000,new_york,precipitation,0.0,0,0,1
1731319200000,new_york,precipitation,0.0,0,0,1
1731322800000,new_york,precipitation,0.0,0,0,1
1731326400000,new_york,precipitation,0.0,1,0,0
1731330000000,new_york,precipitation,0.0,0,0,1
1731333600000,new_york,precipitation,0.0,0,0,1
1731337200000,new_york,precipitation,0.0,0,0,1
1731340800000,new_york,precipitation,0.0,0,0,1
1731344400000,new_york,precipitation,0.0,0,0,1
1731348000000,new_york,precipitation,0.0,0,0,1
1731351600000,new_york,precipitation,0.0,0,0,1
1731355200000,new_york,precipitation,0.0,0,0,1
1731358800000,new_york,precipitation,0.0,0,0,1
1731362400000,new_york,precipitation,0.0,0,0,1
1731366000000,new_york,precipitation,0.0,1,0,0
1731369600000,new_york,precipitation,0.0,0,0,1
1731373200000,new_york,precipitation,0.0,0,0,1
1731376800000,new_york,precipitation,0.0,0,0,1
1731380400000,new_york,precipitation,0.0,0,0,1
1731384000000,new_york,precipitation,0.0,0,0,1
1731387600000,new_york,precipitation,0.0,0,0,1
1731391200000,new_york,precipitation,0.0,0,0,1
1731394800000,new_york,precipitation,0.0,0,0,1
1731398400000,new_york,precipitation,0.0,0,0,1
1731402000000,new_york,precipitation,0.0,1,0,0
1731405600000,new_york,precipitation,0.0,0,0,1
1731409200000,new_york,precipitation,0.0,0,0,1
1731412800000,new_york,precipitation,0.0,0,0,1
1731416400000,new_york,precipitation,0.0,0,0,1
1731420000000,new_york,precipitation,0.0,0,0,1
1731423600000,new_york,precipitation,0.0,0,0,1
1731427200000,new_york,precipitation,0.0,0,0,1
1731430800000,new_york,precipitation,0.0,1,0,0
1731434400000,new_york,precipitation,0.0,0,0,1
1731438000000,new_york,precipitation,0.0,0,0,1
1731441600000,new_york,precipitation,0.0,0,0,1
1731445200000,new_york,precipitation,0.0,0,0,1
1731448800000,new_york,precipitation,0.0,0,0,1
1731452400000,new_york,precipitation,0.0,0,0,1
1731456000000,new_york,precipitation,0.0,0,0,1
1731459600000,new_york,precipitation,0.0,0,0,1
1731463200000,new_york,precipitation,0.0,0,0,1
1731466800000,new_york,precipitation,0.0,0,0,1
1731470400000,new_york,precipitation,0.0,0,0,1
1731474000000,new_york,precipitation,0.0,0,0,1
1731477600000,new_york,precipitation,0.0,0,0,1
1731481200000,new_york,precipitation,0.0,0,0,1
1731484800000,new_york,precipitation,0.0,0,0,1
1731488400000,new_york,precipitation,0.0,0,0,1
1731492000000,new_york,precipitation,0.0,0,0,1
1731495600000,new_york,precipitation,0.0,1,0,0
1731499200000,new_york,precipitation,0.0,0,0,1
1731502800000,new_york,precipitation,0.0,0,0,1
1731506400000,new_york,precipitation,0.0,0,0,1
1731510000000,new_york,precipitation,0.0,0,0,1
1731513600000,new_york,precipitation,0.0,0,0,1
1731517200000,new_york,precipitation,0.0,0,0,1
1731520800000,new_york,precipitation,0.0,0,0,1
1731524400000,new_york,precipitation,0.0,0,0,1
1731528000000,new_york,precipitation,0.0,0,0,1
1731531600000,new_york,precipitation,0.0,0,0,1
1731535200000,new_york,precipitation,0.0,0,0,1
1731538800000,new_york,precipitation,0.0,0,0,1
1731542400000,new_york,precipitation,0.0,0,0,1
1731546000000,new_york,precipitation,0.0,0,0,1
1731549600000,new_york,precipitation,0.0,0,0,1
1731553200000,new_york,precipitation,0.0,0,0,1
1731556800000,new_york,precipitation,0.0,0,0,1
1731560400000,new_york,precipitation,0.0,0,0,1
1731564000000,new_york,precipitation,0.0,0,0,1
1731567600000,new_york,precipitation,0.0,0,0,1
1731571200000,new_york,precipitation,0.0,0,0,1
1731574800000,new_york,precipitation,0.0,0,0,1
1731578400000,new_york,precipitation,0.0,1,0,0
1731582000000,new_york,precipitation,0.0,0,0,1
1731585600000,new_york,precipitation,0.0,0,0,1
1731589200000,new_york,precipitation,0.0,0,0,1
1731592800000,new_york,precipitation,0.0,0,0,1
1731596400000,new_york,precipitation,0.0,0,0,1
1731600000000,new_york,precipitation,0.0,0,0,1
1731603600000,new_york,precipitation,0.0,1,0,0
1731607200000,new_york,precipitation,0.0,0,0,1
1731610800000,new_york,precipitation,0.0,0,0,1
1731614400000,new_york,precipitation,0.0,0,0,1
1731618000000,new_york,precipitation,0.0,0,0,1
1731621600000,new_york,precipitation,0.0,0,0,1
1731625200000,new_york,precipitation,0.0,0,0,1
1731628800000,new_york,precipitation,0.0,0,0,1
1731632400000,new_york,precipitation,0.0,0,0,1
1731636000000,new_york,precipitation,0.0,0,0,1
1731639600000,new_york,precipitation,0.0,0,0,1
1731643200000,new_york,precipitation,0.0,0,0,1
1731646800000,new_york,precipitation,0.0,0,0,1
1731650400000,new_york,precipitation,0.0,0,0,1
1731654000000,new_york,precipitation,0.0,1,0,0
1731657600000,new_york,precipitation,0.0,0,0,1
1731661200000,new_york,precipitation,0.0,0,0,1
1731664800000,new_york,precipitation,0.0,0,0,1
1731668400000,new_york,precipitation,0.0,0,0,1
1731672000000,new_york,precipitation,0.0,1,0,0
1731675600000,new_york,precipitation,0.0,0,0,1
1731679200000,new_york,precipitation,0.0,0,0,1
1731682800000,new_york,precipitation,0.0,1,0,0
1731686400000,new_york,precipitation,0.0,0,0,1
1731690000000,new_york,precipitation,0.0,0,0,1
1731693600000,new_york,precipitation,0.0,0,0,1
1731697200000,new_york,precipitation,0.0,0,0,1
1731700800000,new_york,precipitation,0.0,0,0,1
1731704400000,new_york,precipitation,0.0,0,0,1
1731708000000,new_york,precipitation,0.0,0,0,1
1731711600000,new_york,precipitation,0.0,0,0,1
1731715200000,new_york,precipitation,0.0,1,0,0
1731718800000,new_york,precipitation,0.0,0,0,1
1731722400000,new_york,precipitation,0.0,1,0,0
1731726000000,new_york,precipitation,0.0,0,0,1
1731729600000,new_york,precipitation,0.0,0,0,1
1731733200000,new_york,precipitation,0.0,0,0,1
1731736800000,new_york,precipitation,0.0,0,0,1
1731740400000,new_york,precipitation,0.0,0,0,1
1731744000000,new_york,precipitation,0.0,0,0,1
1731747600000,new_york,precipitation,0.0,0,0,1
1731751200000,new_york,precipitation,0.0,0,0,1
1731754800000,new_york,precipitation,0.0,1,0,0
1731758400000,new_york,precipitation,0.0,0,0,1
1731762000000,new_york,precipitation,0.0,1,0,0
1731765600000,new_york,precipitation,0.0,1,0,0
1731769200000,new_york,precipitation,0.0,0,0,1
1731772800000,new_york,precipitation,0.0,0,0,1
1731776400000,new_york,precipitation,0.0,0,0,1
1731780000000,new_york,precipitation,0.0,0,0,1
1731783600000,new_york,precipitation,0.0,0,0,1
1731787200000,new_york,precipitation,0.0,0,0,1
1731790800000,new_york,precipitation,0.0,0,0,1
1731794400000,new_york,precipitation,0.0,0,0,1
1731798000000,new_york,precipitation,0.0,0,0,1
1731801600000,new_york,precipitation,0.0,0,0,1
1731805200000,new_york,precipitation,0.0,0,0,1
1731808800000,new_york,precipitation,0.0,1,0,0
1731812400000,new_york,precipitation,0.0,0,0,1
1731816000000,new_york,precipitation,0.0,0,0,1
1731819600000,new_york,precipitation,0.0,0,0,1
1731823200000,new_york,precipitation,0.0,0,0,1
1731826800000,new_york,precipitation,0.0,1,0,0
1731830400000,new_york,precipitation,0.0,0,0,1
1731834000000,new_york,precipitation,0.0,0,0,1
1731837600000,new_york,precipitation,0.0,0,0,1
1731841200000,new_york,precipitation,0.0,0,0,1
1731844800000,new_york,precipitation,0.0,0,0,1
1731848400000,new_york,precipitation,0.0,0,0,1
1731852000000,new_york,precipitation,0.0,0,0,1
1731855600000,new_york,precipitation,0.0,0,0,1
1731859200000,new_york,precipitation,0.0,0,0,1
1731862800000,new_york,precipitation,0.0,0,0,1
1731866400000,new_york,precipitation,0.0,0,0,1
1731870000000,new_york,precipitation,0.0,0,0,1
1731873600000,new_york,precipitation,0.0,0,0,1
1731877200000,new_york,precipitation,0.0,0,0,1
1731880800000,new_york,precipitation,0.0,0,0,1
1731884400000,new_york,precipitation,0.0,0,0,1
1731888000000,new_york,precipitation,0.0,0,0,1
1731891600000,new_york,precipitation,0.0,1,0,0
1731895200000,new_york,precipitation,0.0,0,0,1
1731898800000,new_york,precipitation,0.0,0,0,1
1731902400000,new_york,precipitation,0.0,0,0,1
1731906000000,new_york,precipitation,0.0,0,0,1
1731909600000,new_york,precipitation,0.0,1,0,0
1731913200000,new_york,precipitation,0.0,0,0,1
1731916800000,new_york,precipitation,0.0,0,0,1
1731920400000,new_york,precipitation,0.0,1,0,0
1731924000000,new_york,precipitation,0.0,1,0,0
1731927600000,new_york,precipitation,0.0,0,0,1
1731931200000,new_york,precipitation,0.0,0,0,1
1731934800000,new_york,precipitation,0.0,0,0,1
1731938400000,new_york,precipitation,0.0,0,0,1
1731942000000,new_york,precipitation,0.0,0,0,1
1731945600000,new_york,precipitation,0.0,0,0,1
1731949200000,new_york,precipitation,0.0,0,0,1
1731952800000,new_york,precipitation,0.0,0,0,1
1731956400000,new_york,precipitation,0.0,0,0,1
1731960000000,new_york,precipitation,0.0,1,0,0
1731963600000,new_york,precipitation,0.0,1,0,0
1731967200000,new_york,precipitation,0.0,0,0,1
1731970800000,new_york,precipitation,0.0,0,0,1
1731974400000,new_york,precipitation,0.0,0,0,1
1731978000000,new_york,precipitation,0.0,0,0,1
1731981600000,new_york,precipitation,0.0,0,0,1
1731985200000,new_york,precipitation,0.0,0,0,1
1731988800000,new_york,precipitation,0.0,0,0,1
1731992400000,new_york,precipitation,0.0,0,0,1
1731996000000,new_york,precipitation,0.0,0,0,1
1731999600000,new_york,precipitation,0.0,0,0,1
1732003200000,new_york,precipitation,0.0,0,0,1
1732006800000,new_york,precipitation,0.0,0,0,1
1732010400000,new_york,precipitation,0.0,0,0,1
1732014000000,new_york,precipitation,0.0,0,0,1
1732017600000,new_york,precipitation,0.0,0,0,1
1732021200000,new_york,precipitation,0.0,0,0,1
1732024800000,new_york,precipitation,0.0,0,0,1
1732028400000,new_york,precipitation,0.0,0,0,1
1732032000000,new_york,precipitation,0.0,0,0,1
1732035600000,new_york,precipitation,0.0,0,0,1
1732039200000,new_york,precipitation,0.0,0,0,1
1732042800000,new_york,precipitation,0.0,1,0,0
1732046400000,new_york,precipitation,0.0,0,0,1
1732050000000,new_york,precipitation,0.0,0,0,1
1732053600000,new_york,precipitation,0.0,0,0,1
1732057200000,new_york,precipitation,0.0,1,0,0
1732060800000,new_york,precipitation,0.0,0,0,1
1732064400000,new_york,precipitation,0.0,0,0,1
1732068000000,new_york,precipitation,0.0,0,0,1
1732071600000,new_york,precipitation,0.0,0,0,1
1732075200000,new_york,precipitation,0.0,0,0,1
1732078800000,new_york,precipitation,0.0,0,0,1
1732082400000,new_york,precipitation,0.0,0,0,1
1732086000000,new_york,precipitation,0.0,0,0,1
1732089600000,new_york,precipitation,0.0,0,0,1
1732093200000,new_york,precipitation,0.0,0,0,1
1732096800000,new_york,precipitation,0.0,0,0,1
1732100400000,new_york,precipitation,0.0,1,0,0
1732104000000,new_york,precipitation,0.0,0,0,1
1732107600000,new_york,precipitation,0.0,0,0,1
1732111200000,new_york,precipitation,0.0,0,0,1
1732114800000,new_york,precipitation,0.0,0,0,1
1732118400000,new_york,precipitation,0.0,0,0,1
1732122000000,new_york,precipitation,0.0,0,0,1
1732125600000,new_york,precipitation,0.0,0,0,1
1732129200000,new_york,precipitation,0.0,0,0,1
1732132800000,new_york,precipitation,0.0,1,0,0
1732136400000,new_york,precipitation,0.0,0,0,1
1732140000000,new_york,precipitation,0.0,0,0,1
1732143600000,new_york,precipitation,0.0,0,0,1
1732147200000,new_york,precipitation,0.0,1,0,0
1732150800000,new_york,precipitation,0.0,0,0,1
1732154400000,new_york,precipitation,0.0,1,0,0
1732158000000,new_york,precipitation,2.5,0,1,0
1732161600000,new_york,precipitation,5.1,0,1,0
1732165200000,new_york,precipitation,6.5,0,1,0
1732168800000,new_york,precipitation,4.0,0,1,0
1732172400000,new_york,precipitation,3.7,1,1,1
1732176000000,new_york,precipitation,1.1,0,1,0
1732179600000,new_york,precipitation,0.0,0,0,1
1732183200000,new_york,precipitation,0.3,0,1,0
1732186800000,new_york,precipitation,0.4,0,1,0
1732190400000,new_york,precipitation,0.5,0,1,0
1732194000000,new_york,precipitation,0.5742203047971606,1,1,1
1732197600000,new_york,precipitation,0.4,1,1,1
1732201200000,new_york,precipitation,0.7,0,1,0
1732204800000,new_york,precipitation,0.8,0,1,0
1732208400000,new_york,precipitation,0.8,0,1,0
1732212000000,new_york,precipitation,2.2,0,1,0
1732215600000,new_york,precipitation,3.2,0,1,0
1732219200000,new_york,precipitation,3.7,0,1,0
1732222800000,new_york,precipitation,1.4,0,1,0
1732226400000,new_york,precipitation,1.9,0,1,0
1732230000000,new_york,precipitation,2.6,0,1,0
1732233600000,new_york,precipitation,3.2,0,1,0
1732237200000,new_york,precipitation,1.6,0,1,0
1732240800000,new_york,precipitation,0.9,0,1,0
1732244400000,new_york,precipitation,0.5,1,1,1
1732248000000,new_york,precipitation,0.6,0,1,0
1732251600000,new_york,precipitation,0.4,0,1,0
1732255200000,new_york,precipitation,0.3283325319953752,1,1,1
1732258800000,new_york,precipitation,0.5,0,1,0
1732262400000,new_york,precipitation,0.7,0,1,0
1732266000000,new_york,precipitation,0.3,0,1,0
1732269600000,new_york,precipitation,0.3,0,1,0
1732273200000,new_york,precipitation,0.2,0,1,0
1732276800000,new_york,precipitation,0.1,0,1,0
1732280400000,new_york,precipitation,0.1,0,1,0
1732284000000,new_york,precipitation,0.3,0,1,0
1732287600000,new_york,precipitation,0.2,0,1,0
1732291200000,new_york,precipitation,0.2,0,1,0
1732294800000,new_york,precipitation,0.2,1,1,1
1732298400000,new_york,precipitation,0.4,0,1,0
1732302000000,new_york,precipitation,0.8,0,1,0
1732305600000,new_york,precipitation,1.0,1,1,1
1732309200000,new_york,precipitation,0.6,1,1,1
1732312800000,new_york,precipitation,0.8,0,1,0
1732316400000,new_york,precipitation,0.7,0,1,0
1732320000000,new_york,precipitation,0.5,0,1,0
1732323600000,new_york,precipitation,0.4,1,1,1
1732327200000,new_york,precipitation,0.2,0,1,0
1732330800000,new_york,precipitation,0.0,0,0,1
1732334400000,new_york,precipitation,0.1,0,1,0
1732338000000,new_york,precipitation,0.2,0,1,0
1732341600000,new_york,precipitation,0.0,0,0,1
1732345200000,new_york,precipitation,0.0,0,0,1
1732348800000,new_york,precipitation,0.0,1,0,0
1732352400000,new_york,precipitation,0.0,0,0,1
1732356000000,new_york,precipitation,0.0,0,0,1
1732359600000,new_york,precipitation,0.0,0,0,1
1732363200000,new_york,precipitation,0.0,0,0,1
1732366800000,new_york,precipitation,0.0,0,0,1
1732370400000,new_york,precipitation,0.0,0,0,1
1732374000000,new_york,precipitation,0.0,0,0,1
1732377600000,new_york,precipitation,0.0,0,0,1
1732381200000,new_york,precipitation,0.0,0,0,1
1732384800000,new_york,precipitation,0.0,1,0,0
1732388400000,new_york,precipitation,0.0,0,0,1
1732392000000,new_york,precipitation,0.0,0,0,1
1732395600000,new_york,precipitation,0.0,0,0,1
1732399200000,new_york,precipitation,0.0,0,0,1
1732402800000,new_york,precipitation,0.0,0,0,1
1732406400000,new_york,precipitation,0.0,0,0,1
1732410000000,new_york,precipitation,0.0,0,0,1
1732413600000,new_york,precipitation,0.0,0,0,1
1732417200000,new_york,precipitation,0.0,0,0,1
1732420800000,new_york,precipitation,0.0,0,0,1
1732424400000,new_york,precipitation,0.0,0,0,1
1732428000000,new_york,precipitation,0.0,0,0,1
1732431600000,new_york,precipitation,0.0,0,0,1
1732435200000,new_york,precipitation,0.0,1,0,0
1732438800000,new_york,precipitation,0.0,0,0,1
1732442400000,new_york,precipitation,0.0,1,0,0
1732446000000,new_york,precipitation,0.0,0,0,1
1732449600000,new_york,precipitation,0.0,0,0,1
1732453200000,new_york,precipitation,0.0,0,0,1
1732456800000,new_york,precipitation,0.0,0,0,1
1732460400000,new_york,precipitation,0.0,0,0,1
1732464000000,new_york,precipitation,0.0,0,0,1
1732467600000,new_york,precipitation,0.0,0,0,1
1732471200000,new_york,precipitation,0.0,0,0,1
1732474800000,new_york,precipitation,0.0,0,0,1
1732478400000,new_york,precipitation,0.0,0,0,1
1732482000000,new_york,precipitation,0.0,1,0,0
1732485600000,new_york,precipitation,0.0,1,0,0
1732489200000,new_york,precipitation,0.0,0,0,1
1732492800000,new_york,precipitation,0.0,0,0,1
1732496400000,new_york,precipitation,0.0,1,0,0
1732500000000,new_york,precipitation,0.0,0,0,1
1732503600000,new_york,precipitation,0.0,0,0,1
1732507200000,new_york,precipitation,0.0,1,0,0
1732510800000,new_york,precipitation,0.0,0,0,1
1732514400000,new_york,precipitation,0.0,1,0,0
1732518000000,new_york,precipitation,0.0,0,0,1
1732521600000,new_york,precipitation,0.0,0,0,1
1732525200000,new_york,precipitation,0.0,0,0,1
1732528800000,new_york,precipitation,0.0,0,0,1
1732532400000,new_york,precipitation,0.0,0,0,1
1732536000000,new_york,precipitation,0.0,0,0,1
1732539600000,new_york,precipitation,0.0,0,0,1
1732543200000,new_york,precipitation,0.0,0,0,1
1732546800000,new_york,precipitation,0.0,0,0,1
1732550400000,new_york,precipitation,0.0,0,0,1
1732554000000,new_york,precipitation,0.0,1,0,0
1732557600000,new_york,precipitation,0.0,0,0,1
1732561200000,new_york,precipitation,0.0,0,0,1
1732564800000,new_york,precipitation,0.0,1,0,0
1732568400000,new_york,precipitation,0.0,0,0,1
1732572000000,new_york,precipitation,0.0,0,0,1
1732575600000,new_york,precipitation,0.0,0,0,1
1732579200000,new_york,precipitation,0.0,0,0,1
1732582800000,new_york,precipitation,0.0,0,0,1
1732586400000,new_york,precipitation,0.0,0,0,1
1732590000000,new_york,precipitation,0.0,1,0,0
1732593600000,new_york,precipitation,0.0,0,0,1
1732597200000,new_york,precipitation,0.0,1,0,0
1732600800000,new_york,precipitation,0.0,0,0,1
1732604400000,new_york,precipitation,0.0,0,0,1
1732608000000,new_york,precipitation,0.0,0,0,1
1732611600000,new_york,precipitation,1.2,0,1,0
1732615200000,new_york,precipitation,1.3,0,1,0
1732618800000,new_york,precipitation,0.6,0,1,0
1732622400000,new_york,precipitation,0.6,0,1,0
1732626000000,new_york,precipitation,0.0,0,0,1
1732629600000,new_york,precipitation,0.0,0,0,1
1732633200000,new_york,precipitation,0.0,0,0,1
1732636800000,new_york,precipitation,0.0,0,0,1
1732640400000,new_york,precipitation,0.0,0,0,1
1732644000000,new_york,precipitation,0.0,0,0,1
1732647600000,new_york,precipitation,0.0,0,0,1
1732651200000,new_york,precipitation,0.0,0,0,1
1732654800000,new_york,precipitation,0.0,0,0,1
1732658400000,new_york,precipitation,0.0,0,0,1
1732662000000,new_york,precipitation,0.0,0,0,1
1732665600000,new_york,precipitation,0.0,0,0,1
1732669200000,new_york,precipitation,0.0,0,0,1
1732672800000,new_york,precipitation,0.0,0,0,1
1732676400000,new_york,precipitation,0.0,0,0,1
1732680000000,new_york,precipitation,0.0,0,0,1
1732683600000,new_york,precipitation,0.0,0,0,1
1732687200000,new_york,precipitation,0.0,0,0,1
1732690800000,new_york,precipitation,0.0,0,0,1
1732694400000,new_york,precipitation,0.0,0,0,1
1732698000000,new_york,precipitation,0.0,0,0,1
1732701600000,new_york,precipitation,0.0,0,0,1
1732705200000,new_york,precipitation,0.0,0,0,1
1732708800000,new_york,precipitation,0.0,0,0,1
1732712400000,new_york,precipitation,0.0,1,0,0
1732716000000,new_york,precipitation,0.0,0,0,1
1732719600000,new_york,precipitation,0.0,0,0,1
1732723200000,new_york,precipitation,0.0,0,0,1
1732726800000,new_york,precipitation,0.0,1,0,0
1732730400000,new_york,precipitation,0.0,0,0,1
1732734000000,new_york,precipitation,0.0,0,0,1
1732737600000,new_york,precipitation,0.0,1,0,0
1732741200000,new_york,precipitation,0.0,0,0,1
1732744800000,new_york,precipitation,0.0,0,0,1
1732748400000,new_york,precipitation,0.0,0,0,1
1732752000000,new_york,precipitation,0.0,1,0,0
1732755600000,new_york,precipitation,0.0,1,0,0
1732759200000,new_york,precipitation,0.0,0,0,1
1732762800000,new_york,precipitation,0.0,0,0,1
1732766400000,new_york,precipitation,0.0,0,0,1
1732770000000,new_york,precipitation,0.7,0,1,0
1732773600000,new_york,precipitation,0.3,0,1,0
1732777200000,new_york,precipitation,0.6,0,1,0
1732780800000,new_york,precipitation,1.2,0,1,0
1732784400000,new_york,precipitation,1.9,1,1,1
1732788000000,new_york,precipitation,1.8,0,1,0
1732791600000,new_york,precipitation,3.0,0,1,0
1732795200000,new_york,precipitation,1.6,0,1,0
1732798800000,new_york,precipitation,0.8,0,1,0
1732802400000,new_york,precipitation,0.6,0,1,0
1732806000000,new_york,precipitation,0.3,0,1,0
1732809600000,new_york,precipitation,0.3,0,1,0
1732813200000,new_york,precipitation,0.0,0,0,1
1732816800000,new_york,precipitation,0.0,0,0,1
1732820400000,new_york,precipitation,0.0,0,0,1
1732824000000,new_york,precipitation,0.0,1,0,0
1732827600000,new_york,precipitation,0.0,0,0,1
1732831200000,new_york,precipitation,0.0,0,0,1
1732834800000,new_york,precipitation,0.0,0,0,1
1732838400000,new_york,precipitation,0.0,1,0,0
1732842000000,new_york,precipitation,0.0,0,0,1
1732845600000,new_york,precipitation,0.0,0,0,1
1732849200000,new_york,precipitation,0.0,0,0,1
1732852800000,new_york,precipitation,0.0,1,0,0
1732856400000,new_york,precipitation,0.0,0,0,1
1732860000000,new_york,precipitation,0.0,0,0,1
1732863600000,new_york,precipitation,0.0,1,0,0
1732867200000,new_york,precipitation,0.0,0,0,1
1732870800000,new_york,precipitation,0.0,0,0,1
1732874400000,new_york,precipitation,0.0,0,0,1
1732878000000,new_york,precipitation,0.0,1,0,0
1732881600000,new_york,precipitation,0.0,0,0,1
1732885200000,new_york,precipitation,0.1,0,1,0
1732888800000,new_york,precipitation,0.0,0,0,1
1732892400000,new_york,precipitation,0.0,0,0,1
1732896000000,new_york,precipitation,0.0,0,0,1
1732899600000,new_york,precipitation,0.1,0,1,0
1732903200000,new_york,precipitation,0.0,0,0,1
1732906800000,new_york,precipitation,0.0,0,0,1
1732910400000,new_york,precipitation,0.0,0,0,1
1732914000000,new_york,precipitation,0.0,1,0,0
1732917600000,new_york,precipitation,0.0,0,0,1
1732921200000,new_york,precipitation,0.0,0,0,1
1732924800000,new_york,precipitation,0.0,0,0,1
1732928400000,new_york,precipitation,0.0,0,0,1
1732932000000,new_york,precipitation,0.0,0,0,1
1732935600000,new_york,precipitation,0.0,0,0,1
1732939200000,new_york,precipitation,0.0,1,0,0
1732942800000,new_york,precipitation,0.0,0,0,1
1732946400000,new_york,precipitation,0.0,0,0,1
1732950000000,new_york,precipitation,0.0,0,0,1
1732953600000,new_york,precipitation,0.0,0,0,1
1732957200000,new_york,precipitation,0.0,0,0,1
1732960800000,new_york,precipitation,0.0,0,0,1
1732964400000,new_york,precipitation,0.0,0,0,1
1732968000000,new_york,precipitation,0.0,0,0,1
1732971600000,new_york,precipitation,0.0,0,0,1
1732975200000,new_york,precipitation,0.0,0,0,1
1732978800000,new_york,precipitation,0.0,0,0,1
1732982400000,new_york,precipitation,0.0,0,0,1
1732986000000,new_york,precipitation,0.0,0,0,1
1732989600000,new_york,precipitation,0.0,0,0,1
1732993200000,new_york,precipitation,0.0,0,0,1
1732996800000,new_york,precipitation,0.0,0,0,1
1733000400000,new_york,precipitation,0.0,0,0,1
1733004000000,new_york,precipitation,0.0,1,0,0
1733007600000,new_york,precipitation,0.0,0,0,1
1733011200000,new_york,precipitation,0.0,0,0,1
1733014800000,new_york,precipitation,0.0,0,0,1
1733018400000,new_york,precipitation,0.0,0,0,1
1733022000000,new_york,precipitation,0.0,1,0,0
1733025600000,new_york,precipitation,0.0,0,0,1
1733029200000,new_york,precipitation,0.0,0,0,1
1733032800000,new_york,precipitation,0.0,0,0,1
1733036400000,new_york,precipitation,0.0,1,0,0
1733040000000,new_york,precipitation,0.0,0,0,1
1733043600000,new_york,precipitation,0.0,0,0,1
1733047200000,new_york,precipitation,0.0,1,0,0
1733050800000,new_york,precipitation,0.0,0,0,1
1733054400000,new_york,precipitation,0.0,0,0,1
1733058000000,new_york,precipitation,0.0,0,0,1
1733061600000,new_york,precipitation,0.0,1,0,0
1733065200000,new_york,precipitation,0.0,0,0,1
1733068800000,new_york,precipitation,0.0,0,0,1
1733072400000,new_york,precipitation,0.0,1,0,0
1733076000000,new_york,precipitation,0.0,1,0,0
1733079600000,new_york,precipitation,0.0,0,0,1
1733083200000,new_york,precipitation,0.0,0,0,1
1733086800000,new_york,precipitation,0.0,0,0,1
1733090400000,new_york,precipitation,0.0,0,0,1
1733094000000,new_york,precipitation,0.0,0,0,1
1733097600000,new_york,precipitation,0.0,0,0,1
1733101200000,new_york,precipitation,0.0,0,0,1
1733104800000,new_york,precipitation,0.0,0,0,1
1733108400000,new_york,precipitation,0.0,0,0,1
1733112000000,new_york,precipitation,0.0,0,0,1
1733115600000,new_york,precipitation,0.0,0,0,1
1733119200000,new_york,precipitation,0.0,0,0,1
1733122800000,new_york,precipitation,0.0,0,0,1
1733126400000,new_york,precipitation,0.0,0,0,1
1733130000000,new_york,precipitation,0.0,0,0,1
1733133600000,new_york,precipitation,0.0,0,0,1
1733137200000,new_york,precipitation,0.0,0,0,1
1733140800000,new_york,precipitation,0.0,0,0,1
1733144400000,new_york,precipitation,0.0,0,0,1
1733148000000,new_york,precipitation,0.0,0,0,1
1733151600000,new_york,precipitation,0.0,0,0,1
1733155200000,new_york,precipitation,0.0,0,0,1
1733158800000,new_york,precipitation,0.0,0,0,1
1733162400000,new_york,precipitation,0.0,0,0,1
1733166000000,new_york,precipitation,0.0,0,0,1
1733169600000,new_york,precipitation,0.0,0,0,1
1733173200000,new_york,precipitation,0.0,0,0,1
1733176800000,new_york,precipitation,0.0,0,0,1
1733180400000,new_york,precipitation,0.0,0,0,1
1733184000000,new_york,precipitation,0.0,0,0,1
1733187600000,new_york,precipitation,0.0,1,0,0
1733191200000,new_york,precipitation,0.0,0,0,1
1733194800000,new_york,precipitation,0.0,0,0,1
1733198400000,new_york,precipitation,0.0,0,0,1
1733202000000,new_york,precipitation,0.0,0,0,1
1733205600000,new_york,precipitation,0.0,0,0,1
1733209200000,new_york,precipitation,0.0,0,0,1
1733212800000,new_york,precipitation,0.0,0,0,1
1733216400000,new_york,precipitation,0.0,1,0,0
1733220000000,new_york,precipitation,0.0,0,0,1
1733223600000,new_york,precipitation,0.0,0,0,1
1733227200000,new_york,precipitation,0.0,0,0,1
1733230800000,new_york,precipitation,0.0,1,0,0
1733234400000,new_york,precipitation,0.0,0,0,1
1733238000000,new_york,precipitation,0.0,0,0,1
1733241600000,new_york,precipitation,0.0,0,0,1
1733245200000,new_york,precipitation,0.0,0,0,1
1733248800000,new_york,precipitation,0.0,0,0,1
1733252400000,new_york,precipitation,0.0,0,0,1
1733256000000,new_york,precipitation,0.0,0,0,1
1733259600000,new_york,precipitation,0.0,1,0,0
1733263200000,new_york,precipitation,0.0,0,0,1
1733266800000,new_york,precipitation,0.0,0,0,1
1733270400000,new_york,precipitation,0.0,0,0,1
1733274000000,new_york,precipitation,0.0,0,0,1
1733277600000,new_york,precipitation,0.0,0,0,1
1733281200000,new_york,precipitation,0.0,0,0,1
1733284800000,new_york,precipitation,0.0,1,0,0
1733288400000,new_york,precipitation,0.0,0,0,1
1733292000000,new_york,precipitation,0.0,1,0,0
1733295600000,new_york,precipitation,0.0,0,0,1
1733299200000,new_york,precipitation,0.0,0,0,1
1733302800000,new_york,precipitation,0.0,0,0,1
1733306400000,new_york,precipitation,0.0,1,0,0
1733310000000,new_york,precipitation,0.0,0,0,1
1733313600000,new_york,precipitation,0.0,0,0,1
1733317200000,new_york,precipitation,0.0,0,0,1
1733320800000,new_york,precipitation,0.0,0,0,1
1733324400000,new_york,precipitation,0.0,1,0,0
1733328000000,new_york,precipitation,0.0,1,0,0
1733331600000,new_york,precipitation,0.0,0,0,1
1733335200000,new_york,precipitation,0.0,0,0,1
1733338800000,new_york,precipitation,0.0,0,0,1
1733342400000,new_york,precipitation,0.0,0,0,1
1733346000000,new_york,precipitation,0.0,0,0,1
1733349600000,new_york,precipitation,0.0,0,0,1
1733353200000,new_york,precipitation,0.0,0,0,1
1733356800000,new_york,precipitation,0.0,0,0,1
1733360400000,new_york,precipitation,0.5,0,1,0
1733364000000,new_york,precipitation,1.0,0,1,0
1733367600000,new_york,precipitation,0.4,0,1,0
1733371200000,new_york,precipitation,0.1,0,1,0
1733374800000,new_york,precipitation,0.0,0,0,1
1733378400000,new_york,precipitation,0.1,0,1,0
1733382000000,new_york,precipitation,0.1,0,1,0
1733385600000,new_york,precipitation,0.8,0,1,0
1733389200000,new_york,precipitation,0.4,0,1,0
1733392800000,new_york,precipitation,0.0,0,0,1
1733396400000,new_york,precipitation,0.0,0,0,1
1733400000000,new_york,precipitation,0.1,1,1,1
1733403600000,new_york,precipitation,0.1,0,1,0
1733407200000,new_york,precipitation,0.0,0,0,1
1733410800000,new_york,precipitation,0.0,0,0,1
1733414400000,new_york,precipitation,0.0,0,0,1
1733418000000,new_york,precipitation,0.0,1,0,0
1733421600000,new_york,precipitation,0.0,0,0,1
1733425200000,new_york,precipitation,0.0,0,0,1
1733428800000,new_york,precipitation,0.0,0,0,1
1733432400000,new_york,precipitation,0.0,0,0,1
1733436000000,new_york,precipitation,0.0,0,0,1
1733439600000,new_york,precipitation,0.0,0,0,1
1733443200000,new_york,precipitation,0.0,1,0,0
1733446800000,new_york,precipitation,0.0,0,0,1
1733450400000,new_york,precipitation,0.0,0,0,1
1733454000000,new_york,precipitation,0.0,0,0,1
1733457600000,new_york,precipitation,0.0,0,0,1
1733461200000,new_york,precipitation,0.0,0,0,1
1733464800000,new_york,precipitation,0.0,0,0,1
1733468400000,new_york,precipitation,0.0,0,0,1
1733472000000,new_york,precipitation,0.0,0,0,1
1733475600000,new_york,precipitation,0.0,0,0,1
1733479200000,new_york,precipitation,0.0,0,0,1
1733482800000,new_york,precipitation,0.0,0,0,1
1733486400000,new_york,precipitation,0.0,1,0,0
1733490000000,new_york,precipitation,0.0,0,0,1
1733493600000,new_york,precipitation,0.0,0,0,1
1733497200000,new_york,precipitation,0.0,0,0,1
1733500800000,new_york,precipitation,0.0,0,0,1
1733504400000,new_york,precipitation,0.0,0,0,1
1733508000000,new_york,precipitation,0.0,0,0,1
1733511600000,new_york,precipitation,0.0,0,0,1
1733515200000,new_york,precipitation,0.0,0,0,1
1733518800000,new_york,precipitation,0.0,1,0,0
1733522400000,new_york,precipitation,0.0,0,0,1
1733526000000,new_york,precipitation,0.0,1,0,0
1733529600000,new_york,precipitation,0.0,1,0,0
1733533200000,new_york,precipitation,0.0,0,0,1
1733536800000,new_york,precipitation,0.0,0,0,1
1733540400000,new_york,precipitation,0.0,1,0,0
1733544000000,new_york,precipitation,0.0,0,0,1
1733547600000,new_york,precipitation,0.0,0,0,1
1733551200000,new_york,precipitation,0.0,1,0,0
1733554800000,new_york,precipitation,0.0,0,0,1
1733558400000,new_york,precipitation,0.0,0,0,1
1733562000000,new_york,precipitation,0.0,0,0,1
1733565600000,new_york,precipitation,0.0,0,0,1
1733569200000,new_york,precipitation,0.0,0,0,1
1733572800000,new_york,precipitation,0.0,0,0,1
1733576400000,new_york,precipitation,0.0,1,0,0
1733580000000,new_york,precipitation,0.0,0,0,1
1733583600000,new_york,precipitation,0.0,0,0,1
1733587200000,new_york,precipitation,0.0,0,0,1
1733590800000,new_york,precipitation,0.0,1,0,0
1733594400000,new_york,precipitation,0.0,0,0,1
1733598000000,new_york,precipitation,0.0,0,0,1
1733601600000,new_york,precipitation,0.0,0,0,1
1733605200000,new_york,precipitation,0.0,0,0,1
1733608800000,new_york,precipitation,0.0,0,0,1
1733612400000,new_york,precipitation,0.0,0,0,1
1733616000000,new_york,precipitation,0.0,0,0,1
1733619600000,new_york,precipitation,0.0,1,0,0
1733623200000,new_york,precipitation,0.0,0,0,1
1733626800000,new_york,precipitation,0.0,0,0,1
1733630400000,new_york,precipitation,0.0,0,0,1
1733634000000,new_york,precipitation,0.0,0,0,1
1733637600000,new_york,precipitation,0.0,0,0,1
1733641200000,new_york,precipitation,0.0,0,0,1
1733644800000,new_york,precipitation,0.0,0,0,1
1733648400000,new_york,precipitation,0.0,0,0,1
1733652000000,new_york,precipitation,0.0,1,0,0
1733655600000,new_york,precipitation,0.0,0,0,1
1733659200000,new_york,precipitation,0.0,0,0,1
1733662800000,new_york,precipitation,0.0,1,0,0
1733666400000,new_york,precipitation,0.0,1,0,0
1733670000000,new_york,precipitation,0.0,0,0,1
1733673600000,new_york,precipitation,0.0,0,0,1
1733677200000,new_york,precipitation,0.0,1,0,0
1733680800000,new_york,precipitation,0.0,0,0,1
1733684400000,new_york,precipitation,0.0,0,0,1
1733688000000,new_york,precipitation,0.0,0,0,1
1733691600000,new_york,precipitation,0.0,0,0,1
1733695200000,new_york,precipitation,0.0,0,0,1
1733698800000,new_york,precipitation,0.0,0,0,1
1733702400000,new_york,precipitation,0.0,1,0,0
1733706000000,new_york,precipitation,0.0,0,0,1
1733709600000,new_york,precipitation,0.0,0,0,1
1733713200000,new_york,precipitation,0.0,0,0,1
1733716800000,new_york,precipitation,0.0,0,0,1
1733720400000,new_york,precipitation,0.0,0,0,1
1733724000000,new_york,precipitation,0.0,0,0,1
1733727600000,new_york,precipitation,0.0,1,0,0
1733731200000,new_york,precipitation,0.0,0,0,1
1733734800000,new_york,precipitation,0.0,0,0,1
1733738400000,new_york,precipitation,0.0,0,0,1
1733742000000,new_york,precipitation,0.0,0,0,1
1733745600000,new_york,precipitation,0.0,0,0,1
1733749200000,new_york,precipitation,0.0,0,0,1
1733752800000,new_york,precipitation,0.4,0,1,0
1733756400000,new_york,precipitation,2.0,0,1,0
1733760000000,new_york,precipitation,2.0,0,1,0
1733763600000,new_york,precipitation,1.4,0,1,0
1733767200000,new_york,precipitation,1.3,0,1,0
1733770800000,new_york,precipitation,0.3,0,1,0
1733774400000,new_york,precipitation,0.0,0,0,1
1733778000000,new_york,precipitation,0.0,0,0,1
1733781600000,new_york,precipitation,0.0,0,0,1
1733785200000,new_york,precipitation,0.0,0,0,1
1733788800000,new_york,precipitation,0.0,1,0,0
1733792400000,new_york,precipitation,0.0,0,0,1
1733796000000,new_york,precipitation,0.0,0,0,1
1733799600000,new_york,precipitation,0.0,0,0,1
1733803200000,new_york,precipitation,0.0,1,0,0
1733806800000,new_york,precipitation,0.0,0,0,1
1733810400000,new_york,precipitation,0.0,0,0,1
1733814000000,new_york,precipitation,0.0,1,0,0
1733817600000,new_york,precipitation,0.0,0,0,1
1733821200000,new_york,precipitation,0.0,0,0,1
1733824800000,new_york,precipitation,0.0,0,0,1
1733828400000,new_york,precipitation,0.0,0,0,1
1733832000000,new_york,precipitation,0.0,0,0,1
1733835600000,new_york,precipitation,0.0,0,0,1
1733839200000,new_york,precipitation,0.0,0,0,1
1733842800000,new_york,precipitation,0.0,0,0,1
1733846400000,new_york,precipitation,0.0,0,0,1
1733850000000,new_york,precipitation,0.0,0,0,1
1733853600000,new_york,precipitation,0.0,0,0,1
1733857200000,new_york,precipitation,0.0,1,0,0
1733860800000,new_york,precipitation,0.0,0,0,1
1733864400000,new_york,precipitation,0.2,0,1,0
1733868000000,new_york,precipitation,0.8,0,1,0
1733871600000,new_york,precipitation,1.1,0,1,0
1733875200000,new_york,precipitation,0.9,1,1,1
1733878800000,new_york,precipitation,0.2,0,1,0
1733882400000,new_york,precipitation,2.2,0,1,0
1733886000000,new_york,precipitation,0.7,0,1,0
1733889600000,new_york,precipitation,1.3,0,1,0
1733893200000,new_york,precipitation,0.4,0,1,0
1733896800000,new_york,precipitation,0.6,0,1,0
1733900400000,new_york,precipitation,1.5,1,1,1
1733904000000,new_york,precipitation,0.7,1,1,1
1733907600000,new_york,precipitation,1.8,0,1,0
1733911200000,new_york,precipitation,1.5,0,1,0
1733914800000,new_york,precipitation,0.0,1,0,0
1733918400000,new_york,precipitation,0.1,0,1,0
1733922000000,new_york,precipitation,1.2,0,1,0
1733925600000,new_york,precipitation,3.6,0,1,0
1733929200000,new_york,precipitation,3.1,0,1,0
1733932800000,new_york,precipitation,1.1,0,1,0
1733936400000,new_york,precipitation,1.0124792287763698,1,1,1
1733940000000,new_york,precipitation,1.4,0,1,0
1733943600000,new_york,precipitation,2.5,0,1,0
1733947200000,new_york,precipitation,2.6,0,1,0
1733950800000,new_york,precipitation,3.8,0,1,0
1733954400000,new_york,precipitation,2.0,0,1,0
1733958000000,new_york,precipitation,0.2,0,1,0
1733961600000,new_york,precipitation,0.1,0,1,0
1733965200000,new_york,precipitation,0.0,0,0,1
1733968800000,new_york,precipitation,0.0,0,0,1
1733972400000,new_york,precipitation,0.0,0,0,1
1733976000000,new_york,precipitation,0.0,0,0,1
1733979600000,new_york,precipitation,0.0,0,0,1
1733983200000,new_york,precipitation,0.0,0,0,1
1733986800000,new_york,precipitation,0.0,0,0,1
1733990400000,new_york,precipitation,0.0,0,0,1
1733994000000,new_york,precipitation,0.0,0,0,1
1733997600000,new_york,precipitation,0.0,0,0,1
1734001200000,new_york,precipitation,0.0,1,0,0
1734004800000,new_york,precipitation,0.0,0,0,1
1734008400000,new_york,precipitation,0.0,0,0,1
1734012000000,new_york,precipitation,0.0,1,0,0
1734015600000,new_york,precipitation,0.0,1,0,0
1734019200000,new_york,precipitation,0.0,0,0,1
1734022800000,new_york,precipitation,0.0,0,0,1
1734026400000,new_york,precipitation,0.0,0,0,1
1734030000000,new_york,precipitation,0.0,0,0,1
1734033600000,new_york,precipitation,0.0,0,0,1
1734037200000,new_york,precipitation,0.0,0,0,1
1734040800000,new_york,precipitation,0.0,0,0,1
1734044400000,new_york,precipitation,0.0,0,0,1
1734048000000,new_york,precipitation,0.0,0,0,1
1734051600000,new_york,precipitation,0.0,0,0,1
1734055200000,new_york,precipitation,0.0,0,0,1
1734058800000,new_york,precipitation,0.0,0,0,1
1734062400000,new_york,precipitation,0.0,0,0,1
1734066000000,new_york,precipitation,0.0,1,0,0
1734069600000,new_york,precipitation,0.0,0,0,1
1734073200000,new_york,precipitation,0.0,0,0,1
1734076800000,new_york,precipitation,0.0,0,0,1
1734080400000,new_york,precipitation,0.0,0,0,1
1734084000000,new_york,precipitation,0.0,0,0,1
1734087600000,new_york,precipitation,0.0,0,0,1
1734091200000,new_york,precipitation,0.0,0,0,1
1734094800000,new_york,precipitation,0.0,0,0,1
1734098400000,new_york,precipitation,0.0,0,0,1
1734102000000,new_york,precipitation,0.0,0,0,1
1734105600000,new_york,precipitation,0.0,0,0,1
1734109200000,new_york,precipitation,0.0,0,0,1
1734112800000,new_york,precipitation,0.0,0,0,1
1734116400000,new_york,precipitation,0.0,0,0,1
1734120000000,new_york,precipitation,0.0,0,0,1
1734123600000,new_york,precipitation,0.0,0,0,1
1734127200000,new_york,precipitation,0.0,0,0,1
1734130800000,new_york,precipitation,0.0,0,0,1
1734134400000,new_york,precipitation,0.0,0,0,1
1734138000000,new_york,precipitation,0.0,0,0,1
1734141600000,new_york,precipitation,0.0,0,0,1
1734145200000,new_york,precipitation,0.0,1,0,0
1734148800000,new_york,precipitation,0.0,0,0,1
1734152400000,new_york,precipitation,0.0,0,0,1
1734156000000,new_york,precipitation,0.0,0,0,1
1734159600000,new_york,precipitation,0.0,0,0,1
1734163200000,new_york,precipitation,0.0,0,0,1
1734166800000,new_york,precipitation,0.0,0,0,1
1734170400000,new_york,precipitation,0.0,0,0,1
1734174000000,new_york,precipitation,0.0,0,0,1
1734177600000,new_york,precipitation,0.0,0,0,1
1734181200000,new_york,precipitation,0.0,1,0,0
1734184800000,new_york,precipitation,0.0,0,0,1
1734188400000,new_york,precipitation,0.0,0,0,1
1734192000000,new_york,precipitation,0.0,0,0,1
1734195600000,new_york,precipitation,0.0,1,0,0
1734199200000,new_york,precipitation,0.0,0,0,1
1734202800000,new_york,precipitation,0.0,0,0,1
1734206400000,new_york,precipitation,0.0,0,0,1
1734210000000,new_york,precipitation,0.0,0,0,1
1734213600000,new_york,precipitation,0.0,0,0,1
1734217200000,new_york,precipitation,0.0,0,0,1
1734220800000,new_york,precipitation,0.0,0,0,1
1734224400000,new_york,precipitation,0.0,0,0,1
1734228000000,new_york,precipitation,0.0,0,0,1
1734231600000,new_york,precipitation,0.0,0,0,1
1734235200000,new_york,precipitation,0.0,1,0,0
1734238800000,new_york,precipitation,0.0,0,0,1
1734242400000,new_york,precipitation,0.0,1,0,0
1734246000000,new_york,precipitation,0.0,0,0,1
1734249600000,new_york,precipitation,0.0,0,0,1
1734253200000,new_york,precipitation,0.0,0,0,1
1734256800000,new_york,precipitation,0.0,1,0,0
1734260400000,new_york,precipitation,0.0,0,0,1
1734264000000,new_york,precipitation,0.0,0,0,1
1734267600000,new_york,precipitation,0.0,0,0,1
1734271200000,new_york,precipitation,0.0,0,0,1
1734274800000,new_york,precipitation,0.0,0,0,1
1734278400000,new_york,precipitation,0.0,0,0,1
1734282000000,new_york,precipitation,0.0,1,0,0
1734285600000,new_york,precipitation,0.0,0,0,1
1734289200000,new_york,precipitation,0.0,0,0,1
1734292800000,new_york,precipitation,0.0,0,0,1
1734296400000,new_york,precipitation,0.0,1,0,0
1734300000000,new_york,precipitation,0.0,0,0,1
1734303600000,new_york,precipitation,0.1,0,1,0
1734307200000,new_york,precipitation,0.1,0,1,0
1734310800000,new_york,precipitation,0.5,1,1,1
1734314400000,new_york,precipitation,0.3,0,1,0
1734318000000,new_york,precipitation,1.6,0,1,0
1734321600000,new_york,precipitation,2.1,0,1,0
1734325200000,new_york,precipitation,0.5,0,1,0
1734328800000,new_york,precipitation,1.2,0,1,0
1734332400000,new_york,precipitation,2.2,0,1,0
1734336000000,new_york,precipitation,3.1,0,1,0
1734339600000,new_york,precipitation,1.6,1,1,1
1734343200000,new_york,precipitation,0.7,0,1,0
1734346800000,new_york,precipitation,0.2,0,1,0
1734350400000,new_york,precipitation,0.1,0,1,0
1734354000000,new_york,precipitation,0.1,0,1,0
1734357600000,new_york,precipitation,0.2,0,1,0
1734361200000,new_york,precipitation,0.4,0,1,0
1734364800000,new_york,precipitation,0.5,0,1,0
1734368400000,new_york,precipitation,0.0,0,0,1
1734372000000,new_york,precipitation,0.0,0,0,1
1734375600000,new_york,precipitation,0.0,0,0,1
1734379200000,new_york,precipitation,0.0,0,0,1
1734382800000,new_york,precipitation,0.0,1,0,0
1734386400000,new_york,precipitation,0.0,0,0,1
1734390000000,new_york,precipitation,0.0,0,0,1
1734393600000,new_york,precipitation,1.4,0,1,0
1734397200000,new_york,precipitation,1.5,1,1,1
1734400800000,new_york,precipitation,0.4,0,1,0
1734404400000,new_york,precipitation,0.7,1,1,1
1734408000000,new_york,precipitation,0.7,0,1,0
1734411600000,new_york,precipitation,0.0,0,0,1
1734415200000,new_york,precipitation,0.0,0,0,1
1734418800000,new_york,precipitation,0.0,0,0,1
1734422400000,new_york,precipitation,0.0,0,0,1
1734426000000,new_york,precipitation,0.0,1,0,0
1734429600000,new_york,precipitation,0.0,0,0,1
1734433200000,new_york,precipitation,0.0,0,0,1
1734436800000,new_york,precipitation,0.0,0,0,1
1734440400000,new_york,precipitation,0.0,0,0,1
1734444000000,new_york,precipitation,0.0,1,0,0
1734447600000,new_york,precipitation,0.0,0,0,1
1734451200000,new_york,precipitation,0.0,0,0,1
1734454800000,new_york,precipitation,0.0,0,0,1
1734458400000,new_york,precipitation,0.0,0,0,1
1734462000000,new_york,precipitation,0.0,0,0,1
1734465600000,new_york,precipitation,0.0,0,0,1
1734469200000,new_york,precipitation,0.0,0,0,1
1734472800000,new_york,precipitation,0.0,0,0,1
1734476400000,new_york,precipitation,0.0,0,0,1
1734480000000,new_york,precipitation,0.0,0,0,1
1734483600000,new_york,precipitation,0.0,0,0,1
1734487200000,new_york,precipitation,0.0,0,0,1
1734490800000,new_york,precipitation,0.0,0,0,1
1734494400000,new_york,precipitation,0.0,1,0,0
1734498000000,new_york,precipitation,0.0,0,0,1
1734501600000,new_york,precipitation,0.0,0,0,1
1734505200000,new_york,precipitation,0.0,0,0,1
1734508800000,new_york,precipitation,0.0,0,0,1
1734512400000,new_york,precipitation,0.0,0,0,1
1734516000000,new_york,precipitation,0.0,0,0,1
1734519600000,new_york,precipitation,0.0,1,0,0
1734523200000,new_york,precipitation,0.0,0,0,1
1734526800000,new_york,precipitation,0.0,0,0,1
1734530400000,new_york,precipitation,0.0,0,0,1
1734534000000,new_york,precipitation,0.0,0,0,1
1734537600000,new_york,precipitation,0.0,0,0,1
1734541200000,new_york,precipitation,0.0,0,0,1
1734544800000,new_york,precipitation,0.0,0,0,1
1734548400000,new_york,precipitation,0.11162354571479134,1,1,1
1734552000000,new_york,precipitation,0.3,0,1,0
1734555600000,new_york,precipitation,1.2,0,1,0
1734559200000,new_york,precipitation,0.3,1,1,1
1734562800000,new_york,precipitation,0.6,1,1,1
1734566400000,new_york,precipitation,1.1,1,1,1
1734570000000,new_york,precipitation,0.8,0,1,0
1734573600000,new_york,precipitation,0.4,0,1,0
1734577200000,new_york,precipitation,0.3,0,1,0
1734580800000,new_york,precipitation,0.0,0,0,1
1734584400000,new_york,precipitation,0.0,1,0,0
1734588000000,new_york,precipitation,0.0,0,0,1
1734591600000,new_york,precipitation,0.0,0,0,1
1734595200000,new_york,precipitation,0.0,0,0,1
1734598800000,new_york,precipitation,0.0,0,0,1
1734602400000,new_york,precipitation,0.0,0,0,1
1734606000000,new_york,precipitation,0.0,0,0,1
1734609600000,new_york,precipitation,0.0,0,0,1
1734613200000,new_york,precipitation,0.0,0,0,1
1734616800000,new_york,precipitation,0.0,0,0,1
1734620400000,new_york,precipitation,0.0,1,0,0
1734624000000,new_york,precipitation,0.0,1,0,0
1734627600000,new_york,precipitation,0.0,0,0,1
1734631200000,new_york,precipitation,0.0,1,0,0
1734634800000,new_york,precipitation,0.0,0,0,1
1734638400000,new_york,precipitation,0.0,0,0,1
1734642000000,new_york,precipitation,0.0,0,0,1
1734645600000,new_york,precipitation,0.0,0,0,1
1734649200000,new_york,precipitation,0.0,0,0,1
1734652800000,new_york,precipitation,0.0,0,0,1
1734656400000,new_york,precipitation,0.0,1,0,0
1734660000000,new_york,precipitation,0.0,0,0,1
1734663600000,new_york,precipitation,0.0,0,0,1
1734667200000,new_york,precipitation,0.0,0,0,1
1734670800000,new_york,precipitation,0.0,1,0,0
1734674400000,new_york,precipitation,0.0,0,0,1
1734678000000,new_york,precipitation,0.0,1,0,0
1734681600000,new_york,precipitation,0.0,0,0,1
1734685200000,new_york,precipitation,0.0,0,0,1
1734688800000,new_york,precipitation,0.0,0,0,1
1734692400000,new_york,precipitation,0.0,0,0,1
1734696000000,new_york,precipitation,0.1,0,1,0
1734699600000,new_york,precipitation,0.2,0,1,0
1734703200000,new_york,precipitation,0.1,0,1,0
1734706800000,new_york,precipitation,0.2,1,1,1
1734710400000,new_york,precipitation,0.2,0,1,0
1734714000000,new_york,precipitation,0.1,0,1,0
1734717600000,new_york,precipitation,0.2,0,1,0
1734721200000,new_york,precipitation,0.1,0,1,0
1734724800000,new_york,precipitation,0.2,1,1,1
1734728400000,new_york,precipitation,0.1,0,1,0
1734732000000,new_york,precipitation,0.1,0,1,0
1734735600000,new_york,precipitation,0.1,0,1,0
1734739200000,new_york,precipitation,0.1,0,1,0
1734742800000,new_york,precipitation,0.1,0,1,0
1734746400000,new_york,precipitation,0.2,0,1,0
1734750000000,new_york,precipitation,0.5,0,1,0
1734753600000,new_york,precipitation,0.8,0,1,0
1734757200000,new_york,precipitation,0.7,0,1,0
1734760800000,new_york,precipitation,0.5,0,1,0
1734764400000,new_york,precipitation,0.5,0,1,0
1734768000000,new_york,precipitation,0.5,0,1,0
1734771600000,new_york,precipitation,0.2,0,1,0
1734775200000,new_york,precipitation,0.0,0,0,1
1734778800000,new_york,precipitation,0.0,0,0,1
1734782400000,new_york,precipitation,0.0,0,0,1
1734786000000,new_york,precipitation,0.0,0,0,1
1734789600000,new_york,precipitation,0.0,0,0,1
1734793200000,new_york,precipitation,0.0,0,0,1
1734796800000,new_york,precipitation,0.0,0,0,1
1734800400000,new_york,precipitation,0.0,1,0,0
1734804000000,new_york,precipitation,0.0,0,0,1
1734807600000,new_york,precipitation,0.0,0,0,1
1734811200000,new_york,precipitation,0.0,0,0,1
1734814800000,new_york,precipitation,0.0,0,0,1
1734818400000,new_york,precipitation,0.0,0,0,1
1734822000000,new_york,precipitation,0.0,0,0,1
1734825600000,new_york,precipitation,0.0,0,0,1
1734829200000,new_york,precipitation,0.0,0,0,1
1734832800000,new_york,precipitation,0.0,0,0,1
1734836400000,new_york,precipitation,0.0,0,0,1
1734840000000,new_york,precipitation,0.0,0,0,1
1734843600000,new_york,precipitation,0.0,1,0,0
1734847200000,new_york,precipitation,0.0,0,0,1
1734850800000,new_york,precipitation,0.0,0,0,1
1734854400000,new_york,precipitation,0.0,1,0,0
1734858000000,new_york,precipitation,0.0,0,0,1
1734861600000,new_york,precipitation,0.0,0,0,1
1734865200000,new_york,precipitation,0.0,1,0,0
1734868800000,new_york,precipitation,0.0,0,0,1
1734872400000,new_york,precipitation,0.0,0,0,1
1734876000000,new_york,precipitation,0.0,0,0,1
1734879600000,new_york,precipitation,0.0,0,0,1
1734883200000,new_york,precipitation,0.0,0,0,1
1734886800000,new_york,precipitation,0.0,1,0,0
1734890400000,new_york,precipitation,0.0,0,0,1
1734894000000,new_york,precipitation,0.0,0,0,1
1734897600000,new_york,precipitation,0.0,0,0,1
1734901200000,new_york,precipitation,0.0,1,0,0
1734904800000,new_york,precipitation,0.0,0,0,1
1734908400000,new_york,precipitation,0.0,1,0,0
1734912000000,new_york,precipitation,0.0,0,0,1
1734915600000,new_york,precipitation,0.0,0,0,1
1734919200000,new_york,precipitation,0.0,0,0,1
1734922800000,new_york,precipitation,0.0,0,0,1
1734926400000,new_york,precipitation,0.0,0,0,1
1734930000000,new_york,precipitation,0.0,0,0,1
1734933600000,new_york,precipitation,0.0,0,0,1
1734937200000,new_york,precipitation,0.0,0,0,1
1734940800000,new_york,precipitation,0.0,0,0,1
1734944400000,new_york,precipitation,0.0,0,0,1
1734948000000,new_york,precipitation,0.0,0,0,1
1734951600000,new_york,precipitation,0.0,1,0,0
1734955200000,new_york,precipitation,0.0,0,0,1
1734958800000,new_york,precipitation,0.0,0,0,1
1734962400000,new_york,precipitation,0.0,0,0,1
1734966000000,new_york,precipitation,0.0,0,0,1
1734969600000,new_york,precipitation,0.0,0,0,1
1734973200000,new_york,precipitation,0.0,0,0,1
1734976800000,new_york,precipitation,0.0,0,0,1
1734980400000,new_york,precipitation,0.0,1,0,0
1734984000000,new_york,precipitation,0.0,1,0,0
1734987600000,new_york,precipitation,0.0,0,0,1
1734991200000,new_york,precipitation,0.0,0,0,1
1734994800000,new_york,precipitation,0.0,0,0,1
1734998400000,new_york,precipitation,0.0,0,0,1
1735002000000,new_york,precipitation,0.0,0,0,1
1735005600000,new_york,precipitation,0.0,1,0,0
1735009200000,new_york,precipitation,0.0,1,0,0
1735012800000,new_york,precipitation,0.0,1,0,0
1735016400000,new_york,precipitation,0.0,0,0,1
1735020000000,new_york,precipitation,0.0,1,0,0
1735023600000,new_york,precipitation,0.0,0,0,1
1735027200000,new_york,precipitation,0.0,0,0,1
1735030800000,new_york,precipitation,0.9,0,1,0
1735034400000,new_york,precipitation,0.9,0,1,0
1735038000000,new_york,precipitation,0.1,0,1,0
1735041600000,new_york,precipitation,0.0,0,0,1
1735045200000,new_york,precipitation,0.0,0,0,1
1735048800000,new_york,precipitation,0.0,0,0,1
1735052400000,new_york,precipitation,0.0,0,0,1
1735056000000,new_york,precipitation,0.0,0,0,1
1735059600000,new_york,precipitation,0.0,0,0,1
1735063200000,new_york,precipitation,0.0,0,0,1
1735066800000,new_york,precipitation,0.0,0,0,1
1735070400000,new_york,precipitation,0.0,1,0,0
1735074000000,new_york,precipitation,0.0,0,0,1
1735077600000,new_york,precipitation,0.0,0,0,1
1735081200000,new_york,precipitation,0.0,1,0,0
1735084800000,new_york,precipitation,0.0,0,0,1
1735088400000,new_york,precipitation,0.0,0,0,1
1735092000000,new_york,precipitation,0.0,0,0,1
1735095600000,new_york,precipitation,0.0,0,0,1
1735099200000,new_york,precipitation,0.0,0,0,1
1735102800000,new_york,precipitation,0.0,0,0,1
1735106400000,new_york,precipitation,0.0,0,0,1
1735110000000,new_york,precipitation,0.0,0,0,1
1735113600000,new_york,precipitation,0.0,1,0,0
1735117200000,new_york,precipitation,0.0,1,0,0
1735120800000,new_york,precipitation,0.0,0,0,1
1735124400000,new_york,precipitation,0.0,0,0,1
1735128000000,new_york,precipitation,0.0,0,0,1
1735131600000,new_york,precipitation,0.0,0,0,1
1735135200000,new_york,precipitation,0.0,0,0,1
1735138800000,new_york,precipitation,0.0,0,0,1
1735142400000,new_york,precipitation,0.0,0,0,1
1735146000000,new_york,precipitation,0.0,0,0,1
1735149600000,new_york,precipitation,0.0,0,0,1
1735153200000,new_york,precipitation,0.0,0,0,1
1735156800000,new_york,precipitation,0.0,0,0,1
1735160400000,new_york,precipitation,0.0,0,0,1
1735164000000,new_york,precipitation,0.0,0,0,1
1735167600000,new_york,precipitation,0.0,0,0,1
1735171200000,new_york,precipitation,0.0,0,0,1
1735174800000,new_york,precipitation,0.0,0,0,1
1735178400000,new_york,precipitation,0.0,0,0,1
1735182000000,new_york,precipitation,0.0,0,0,1
1735185600000,new_york,precipitation,0.0,0,0,1
1735189200000,new_york,precipitation,0.0,0,0,1
1735192800000,new_york,precipitation,0.0,0,0,1
1735196400000,new_york,precipitation,0.0,1,0,0
1735200000000,new_york,precipitation,0.0,0,0,1
1735203600000,new_york,precipitation,0.0,0,0,1
1735207200000,new_york,precipitation,0.0,0,0,1
1735210800000,new_york,precipitation,0.0,0,0,1
1735214400000,new_york,precipitation,0.0,0,0,1
1735218000000,new_york,precipitation,0.0,0,0,1
1735221600000,new_york,precipitation,0.0,0,0,1
1735225200000,new_york,precipitation,0.0,1,0,0
1735228800000,new_york,precipitation,0.0,0,0,1
1735232400000,new_york,precipitation,0.0,1,0,0
1735236000000,new_york,precipitation,0.0,1,0,0
1735239600000,new_york,precipitation,0.0,0,0,1
1735243200000,new_york,precipitation,0.0,0,0,1
1735246800000,new_york,precipitation,0.0,1,0,0
1735250400000,new_york,precipitation,0.0,0,0,1
1735254000000,new_york,precipitation,0.0,0,0,1
1735257600000,new_york,precipitation,0.0,0,0,1
1735261200000,new_york,precipitation,0.0,0,0,1
1735264800000,new_york,precipitation,0.0,1,0,0
1735268400000,new_york,precipitation,0.0,1,0,0
1735272000000,new_york,precipitation,0.0,0,0,1
1735275600000,new_york,precipitation,0.0,0,0,1
1735279200000,new_york,precipitation,0.0,0,0,1
1735282800000,new_york,precipitation,0.0,0,0,1
1735286400000,new_york,precipitation,0.0,1,0,0
1735290000000,new_york,precipitation,0.0,1,0,0
1735293600000,new_york,precipitation,0.0,0,0,1
1735297200000,new_york,precipitation,0.0,0,0,1
1735300800000,new_york,precipitation,0.0,0,0,1
1735304400000,new_york,precipitation,0.0,0,0,1
1735308000000,new_york,precipitation,0.0,0,0,1
1735311600000,new_york,precipitation,0.0,0,0,1
1735315200000,new_york,precipitation,0.0,0,0,1
1735318800000,new_york,precipitation,0.0,0,0,1
1735322400000,new_york,precipitation,0.0,0,0,1
1735326000000,new_york,precipitation,0.0,0,0,1
1735329600000,new_york,precipitation,0.0,0,0,1
1735333200000,new_york,precipitation,0.0,0,0,1
1735336800000,new_york,precipitation,0.0,1,0,0
1735340400000,new_york,precipitation,0.0,0,0,1
1735344000000,new_york,precipitation,0.0,0,0,1
1735347600000,new_york,precipitation,0.0,0,0,1
1735351200000,new_york,precipitation,0.0,0,0,1
1735354800000,new_york,precipitation,0.4,0,1,0
1735358400000,new_york,precipitation,0.8,0,1,0
1735362000000,new_york,precipitation,0.6,0,1,0
1735365600000,new_york,precipitation,0.4,0,1,0
1735369200000,new_york,precipitation,0.4,0,1,0
1735372800000,new_york,precipitation,0.1,0,1,0
1735376400000,new_york,precipitation,0.6,1,1,1
1735380000000,new_york,precipitation,0.3,0,1,0
1735383600000,new_york,precipitation,0.5,0,1,0
1735387200000,new_york,precipitation,0.8,0,1,0
1735390800000,new_york,precipitation,0.3,0,1,0
1735394400000,new_york,precipitation,0.1,0,1,0
1735398000000,new_york,precipitation,0.0,0,0,1
1735401600000,new_york,precipitation,0.0,0,0,1
1735405200000,new_york,precipitation,0.0,0,0,1
1735408800000,new_york,precipitation,0.0,0,0,1
1735412400000,new_york,precipitation,0.1,0,1,0
1735416000000,new_york,precipitation,0.0,1,0,0
1735419600000,new_york,precipitation,0.1,0,1,0
1735423200000,new_york,precipitation,0.1,0,1,0
1735426800000,new_york,precipitation,0.0,0,0,1
1735430400000,new_york,precipitation,0.0,0,0,1
1735434000000,new_york,precipitation,0.0,1,0,0
1735437600000,new_york,precipitation,0.0,0,0,1
1735441200000,new_york,precipitation,0.1,1,1,1
1735444800000,new_york,precipitation,0.2,0,1,0
1735448400000,new_york,precipitation,0.1,0,1,0
1735452000000,new_york,precipitation,0.3,0,1,0
1735455600000,new_york,precipitation,0.7,0,1,0
1735459200000,new_york,precipitation,0.6,0,1,0
1735462800000,new_york,precipitation,0.5,1,1,1
1735466400000,new_york,precipitation,0.2,0,1,0
1735470000000,new_york,precipitation,0.0,0,0,1
1735473600000,new_york,precipitation,0.0,0,0,1
1735477200000,new_york,precipitation,0.0,0,0,1
1735480800000,new_york,precipitation,0.0,0,0,1
1735484400000,new_york,precipitation,0.0,0,0,1
1735488000000,new_york,precipitation,0.0,0,0,1
1735491600000,new_york,precipitation,0.0,0,0,1
1735495200000,new_york,precipitation,0.0,0,0,1
1735498800000,new_york,precipitation,0.0,0,0,1
1735502400000,new_york,precipitation,0.0,0,0,1
1735506000000,new_york,precipitation,0.0,0,0,1
1735509600000,new_york,precipitation,0.0,0,0,1
1735513200000,new_york,precipitation,0.0,0,0,1
1735516800000,new_york,precipitation,0.0,1,0,0
1735520400000,new_york,precipitation,0.5,0,1,0
1735524000000,new_york,precipitation,0.1,0,1,0
1735527600000,new_york,precipitation,3.4,0,1,0
1735531200000,new_york,precipitation,1.2,0,1,0
1735534800000,new_york,precipitation,0.3,0,1,0
1735538400000,new_york,precipitation,0.2,0,1,0
1735542000000,new_york,precipitation,0.1,0,1,0
1735545600000,new_york,precipitation,0.0,0,0,1
1735549200000,new_york,precipitation,0.0,0,0,1
1735552800000,new_york,precipitation,0.0,0,0,1
1735556400000,new_york,precipitation,0.0,0,0,1
1735560000000,new_york,precipitation,0.0,0,0,1
1735563600000,new_york,precipitation,0.0,1,0,0
1735567200000,new_york,precipitation,0.0,0,0,1
1735570800000,new_york,precipitation,0.0,0,0,1
1735574400000,new_york,precipitation,0.0,0,0,1
1735578000000,new_york,precipitation,0.0,0,0,1
1735581600000,new_york,precipitation,0.0,1,0,0
1735585200000,new_york,precipitation,0.0,0,0,1
1735588800000,new_york,precipitation,0.0,0,0,1
1735592400000,new_york,precipitation,0.0,1,0,0
1735596000000,new_york,precipitation,0.0,0,0,1
1735599600000,new_york,precipitation,0.0,0,0,1
1735603200000,new_york,precipitation,0.0,0,0,1
1735606800000,new_york,precipitation,0.0,1,0,0
1735610400000,new_york,precipitation,0.0,0,0,1
1735614000000,new_york,precipitation,0.0,0,0,1
1735617600000,new_york,precipitation,0.0,0,0,1
1735621200000,new_york,precipitation,0.0,0,0,1
1735624800000,new_york,precipitation,0.0,0,0,1
1735628400000,new_york,precipitation,0.0,0,0,1
1735632000000,new_york,precipitation,0.0,1,0,0
1735635600000,new_york,precipitation,0.0,1,0,0
1735639200000,new_york,precipitation,0.0,0,0,1
1735642800000,new_york,precipitation,0.0,0,0,1
1735646400000,new_york,precipitation,0.0,0,0,1
1735650000000,new_york,precipitation,0.0,0,0,1
1735653600000,new_york,precipitation,0.0,0,0,1
1735657200000,new_york,precipitation,0.0,0,0,1
1735660800000,new_york,precipitation,0.0,0,0,1
1735664400000,new_york,precipitation,0.0,1,0,0
1735668000000,new_york,precipitation,0.0,0,0,1
1735671600000,new_york,precipitation,0.0,1,0,0
1735675200000,new_york,precipitation,0.0,1,0,0
1735678800000,new_york,precipitation,0.0,0,0,1
1735682400000,new_york,precipitation,3.1,0,1,0
1735686000000,new_york,precipitation,2.8,0,1,0
1735689600000,new_york,precipitation,3.4,0,1,0
1735693200000,new_york,precipitation,0.9,0,1,0
1735696800000,new_york,precipitation,0.0,0,0,1
1735700400000,new_york,precipitation,0.0,0,0,1
1735704000000,new_york,precipitation,0.0,0,0,1
1735707600000,new_york,precipitation,0.0,1,0,0
1735711200000,new_york,precipitation,0.0,0,0,1
1735714800000,new_york,precipitation,0.0,0,0,1
1735718400000,new_york,precipitation,0.0,0,0,1
1735722000000,new_york,precipitation,0.0,0,0,1
1735725600000,new_york,precipitation,0.0,1,0,0
1735729200000,new_york,precipitation,0.0,1,0,0
1735732800000,new_york,precipitation,0.0,0,0,1
1735736400000,new_york,precipitation,0.0,0,0,1
1735740000000,new_york,precipitation,0.0,0,0,1
1735743600000,new_york,precipitation,0.0,0,0,1
1735747200000,new_york,precipitation,0.0,0,0,1
1735750800000,new_york,precipitation,0.1,1,1,1
1735754400000,new_york,precipitation,0.1,1,1,1
1735758000000,new_york,precipitation,0.0,0,0,1
1735761600000,new_york,precipitation,0.0,1,0,0
1735765200000,new_york,precipitation,0.0,0,0,1
1735768800000,new_york,precipitation,0.0,1,0,0
1735772400000,new_york,precipitation,0.0,0,0,1
1735776000000,new_york,precipitation,0.0,0,0,1
1735779600000,new_york,precipitation,0.0,1,0,0
1735783200000,new_york,precipitation,0.0,0,0,1
1735786800000,new_york,precipitation,0.0,0,0,1
1735790400000,new_york,precipitation,0.0,0,0,1
1735794000000,new_york,precipitation,0.0,0,0,1
1735797600000,new_york,precipitation,0.0,0,0,1
1735801200000,new_york,precipitation,0.0,0,0,1
1735804800000,new_york,precipitation,0.0,0,0,1
1735808400000,new_york,precipitation,0.0,0,0,1
1735812000000,new_york,precipitation,0.0,1,0,0
1735815600000,new_york,precipitation,0.0,1,0,0
1735819200000,new_york,precipitation,0.0,0,0,1
1735822800000,new_york,precipitation,0.0,0,0,1
1735826400000,new_york,precipitation,0.0,0,0,1
1735830000000,new_york,precipitation,0.0,0,0,1
1735833600000,new_york,precipitation,0.0,0,0,1
1735837200000,new_york,precipitation,0.0,0,0,1
1735840800000,new_york,precipitation,0.0,0,0,1
1735844400000,new_york,precipitation,0.0,0,0,1
1735848000000,new_york,precipitation,0.0,0,0,1
1735851600000,new_york,precipitation,0.0,1,0,0
1735855200000,new_york,precipitation,0.0,0,0,1
1735858800000,new_york,precipitation,0.0,0,0,1
1735862400000,new_york,precipitation,0.0,0,0,1
1735866000000,new_york,precipitation,0.0,0,0,1
1735869600000,new_york,precipitation,0.0,1,0,0
1735873200000,new_york,precipitation,0.0,0,0,1
1735876800000,new_york,precipitation,0.0,0,0,1
1735880400000,new_york,precipitation,0.0,0,0,1
1735884000000,new_york,precipitation,0.0,0,0,1
1735887600000,new_york,precipitation,0.0,0,0,1
1735891200000,new_york,precipitation,0.0,1,0,0
1735894800000,new_york,precipitation,0.0,0,0,1
1735898400000,new_york,precipitation,0.0,0,0,1
1735902000000,new_york,precipitation,0.0,0,0,1
1735905600000,new_york,precipitation,0.0,1,0,0
1735909200000,new_york,precipitation,0.0,1,0,0
1735912800000,new_york,precipitation,0.0,0,0,1
1735916400000,new_york,precipitation,0.0,0,0,1
1735920000000,new_york,precipitation,0.0,0,0,1
1735923600000,new_york,precipitation,0.0,1,0,0
1735927200000,new_york,precipitation,0.0,0,0,1
1735930800000,new_york,precipitation,0.0,1,0,0
1735934400000,new_york,precipitation,0.0,0,0,1
1735938000000,new_york,precipitation,0.0,1,0,0
1735941600000,new_york,precipitation,0.0,1,0,0
1735945200000,new_york,precipitation,0.0,0,0,1
1735948800000,new_york,precipitation,0.0,1,0,0
1735952400000,new_york,precipitation,0.0,0,0,1
1735956000000,new_york,precipitation,0.0,0,0,1
1735959600000,new_york,precipitation,0.0,0,0,1
1735963200000,new_york,precipitation,0.0,0,0,1
1735966800000,new_york,precipitation,0.0,0,0,1
1735970400000,new_york,precipitation,0.0,0,0,1
1735974000000,new_york,precipitation,0.0,0,0,1
1735977600000,new_york,precipitation,0.0,0,0,1
1735981200000,new_york,precipitation,0.0,0,0,1
1735984800000,new_york,precipitation,0.0,0,0,1
1735988400000,new_york,precipitation,0.0,1,0,0
1735992000000,new_york,precipitation,0.0,1,0,0
1735995600000,new_york,precipitation,0.0,0,0,1
1735999200000,new_york,precipitation,0.0,0,0,1
1736002800000,new_york,precipitation,0.0,0,0,1
1736006400000,new_york,precipitation,0.0,0,0,1
1736010000000,new_york,precipitation,0.0,0,0,1
1736013600000,new_york,precipitation,0.0,0,0,1
1736017200000,new_york,precipitation,0.0,0,0,1
1736020800000,new_york,precipitation,0.0,1,0,0
1736024400000,new_york,precipitation,0.0,0,0,1
1736028000000,new_york,precipitation,0.0,0,0,1
1736031600000,new_york,precipitation,0.0,0,0,1
1736035200000,new_york,precipitation,0.0,0,0,1
1736038800000,new_york,precipitation,0.0,0,0,1
1736042400000,new_york,precipitation,0.0,0,0,1
1736046000000,new_york,precipitation,0.0,0,0,1
1736049600000,new_york,precipitation,0.0,0,0,1
1736053200000,new_york,precipitation,0.0,0,0,1
1736056800000,new_york,precipitation,0.0,0,0,1
1736060400000,new_york,precipitation,0.0,0,0,1
1736064000000,new_york,precipitation,0.0,1,0,0
1736067600000,new_york,precipitation,0.0,0,0,1
1736071200000,new_york,precipitation,0.0,0,0,1
1736074800000,new_york,precipitation,0.0,0,0,1
1736078400000,new_york,precipitation,0.0,0,0,1
1736082000000,new_york,precipitation,0.0,0,0,1
1736085600000,new_york,precipitation,0.0,0,0,1
1736089200000,new_york,precipitation,0.0,0,0,1
1736092800000,new_york,precipitation,0.0,0,0,1
1736096400000,new_york,precipitation,0.0,0,0,1
1736100000000,new_york,precipitation,0.0,0,0,1
1736103600000,new_york,precipitation,0.0,0,0,1
1736107200000,new_york,precipitation,0.0,0,0,1
1736110800000,new_york,precipitation,0.0,0,0,1
1736114400000,new_york,precipitation,0.0,0,0,1
1736118000000,new_york,precipitation,0.0,0,0,1
1736121600000,new_york,precipitation,0.0,0,0,1
1736125200000,new_york,precipitation,0.0,1,0,0
1736128800000,new_york,precipitation,0.0,0,0,1
1736132400000,new_york,precipitation,0.0,0,0,1
1736136000000,new_york,precipitation,0.0,0,0,1
1736139600000,new_york,precipitation,0.0,0,0,1
1736143200000,new_york,precipitation,0.0,0,0,1
1736146800000,new_york,precipitation,0.0,0,0,1
1736150400000,new_york,precipitation,0.0,1,0,0
1736154000000,new_york,precipitation,0.0,0,0,1
1736157600000,new_york,precipitation,0.2,0,1,0
1736161200000,new_york,precipitation,0.2,1,1,1
1736164800000,new_york,precipitation,0.4,0,1,0
1736168400000,new_york,precipitation,0.5,0,1,0
1736172000000,new_york,precipitation,0.3,0,1,0
1736175600000,new_york,precipitation,0.1,0,1,0
1736179200000,new_york,precipitation,0.0,0,0,1
1736182800000,new_york,precipitation,0.0,0,0,1
1736186400000,new_york,precipitation,0.0,0,0,1
1736190000000,new_york,precipitation,0.0,0,0,1
1736193600000,new_york,precipitation,0.0,0,0,1
1736197200000,new_york,precipitation,0.0,0,0,1
1736200800000,new_york,precipitation,0.0,0,0,1
1736204400000,new_york,precipitation,0.0,0,0,1
1736208000000,new_york,precipitation,0.0,0,0,1
1736211600000,new_york,precipitation,0.0,0,0,1
1736215200000,new_york,precipitation,0.0,0,0,1
1736218800000,new_york,precipitation,0.0,0,0,1
1736222400000,new_york,precipitation,0.0,0,0,1
1736226000000,new_york,precipitation,0.0,0,0,1
1736229600000,new_york,precipitation,0.0,0,0,1
1736233200000,new_york,precipitation,0.0,0,0,1
1736236800000,new_york,precipitation,0.0,1,0,0
1736240400000,new_york,precipitation,0.0,0,0,1
1736244000000,new_york,precipitation,0.0,0,0,1
1736247600000,new_york,precipitation,0.0,0,0,1
1736251200000,new_york,precipitation,0.0,1,0,0
1736254800000,new_york,precipitation,0.0,0,0,1
1736258400000,new_york,precipitation,0.0,0,0,1
1736262000000,new_york,precipitation,0.0,0,0,1
1736265600000,new_york,precipitation,0.0,1,0,0
1736269200000,new_york,precipitation,0.0,0,0,1
1736272800000,new_york,precipitation,0.0,0,0,1
1736276400000,new_york,precipitation,0.0,0,0,1
1736280000000,new_york,precipitation,0.0,1,0,0
1736283600000,new_york,precipitation,0.0,0,0,1
1736287200000,new_york,precipitation,0.0,0,0,1
1736290800000,new_york,precipitation,0.0,0,0,1
1736294400000,new_york,precipitation,0.0,0,0,1
1736298000000,new_york,precipitation,0.0,0,0,1
1736301600000,new_york,precipitation,0.0,0,0,1
1736305200000,new_york,precipitation,0.0,0,0,1
1736308800000,new_york,precipitation,0.0,0,0,1
1736312400000,new_york,precipitation,0.0,1,0,0
1736316000000,new_york,precipitation,0.0,0,0,1
1736319600000,new_york,precipitation,0.0,0,0,1
1736323200000,new_york,precipitation,0.0,0,0,1
1736326800000,new_york,precipitation,0.0,0,0,1
1736330400000,new_york,precipitation,0.0,0,0,1
1736334000000,new_york,precipitation,0.0,0,0,1
1736337600000,new_york,precipitation,0.0,0,0,1
1736341200000,new_york,precipitation,0.0,0,0,1
1736344800000,new_york,precipitation,0.0,0,0,1
1736348400000,new_york,precipitation,0.0,1,0,0
1736352000000,new_york,precipitation,0.0,0,0,1
1736355600000,new_york,precipitation,0.0,0,0,1
1736359200000,new_york,precipitation,0.0,1,0,0
1736362800000,new_york,precipitation,0.0,0,0,1
1736366400000,new_york,precipitation,0.0,0,0,1
1736370000000,new_york,precipitation,0.0,0,0,1
1736373600000,new_york,precipitation,0.0,0,0,1
1736377200000,new_york,precipitation,0.0,0,0,1
1736380800000,new_york,precipitation,0.0,0,0,1
1736384400000,new_york,precipitation,0.0,0,0,1
1736388000000,new_york,precipitation,0.0,0,0,1
1736391600000,new_york,precipitation,0.0,0,0,1
1736395200000,new_york,precipitation,0.0,0,0,1
1736398800000,new_york,precipitation,0.0,0,0,1
1736402400000,new_york,precipitation,0.0,0,0,1
1736406000000,new_york,precipitation,0.0,0,0,1
1736409600000,new_york,precipitation,0.0,0,0,1
1736413200000,new_york,precipitation,0.0,0,0,1
1736416800000,new_york,precipitation,0.0,0,0,1
1736420400000,new_york,precipitation,0.0,0,0,1
1736424000000,new_york,precipitation,0.0,0,0,1
1736427600000,new_york,precipitation,0.0,0,0,1
1736431200000,new_york,precipitation,0.0,0,0,1
1736434800000,new_york,precipitation,0.0,1,0,0
1736438400000,new_york,precipitation,0.0,0,0,1
1736442000000,new_york,precipitation,0.0,0,0,1
1736445600000,new_york,precipitation,0.0,0,0,1
1736449200000,new_york,precipitation,0.0,0,0,1
1736452800000,new_york,precipitation,0.0,0,0,1
1736456400000,new_york,precipitation,0.0,0,0,1
1736460000000,new_york,precipitation,0.0,0,0,1
1736463600000,new_york,precipitation,0.0,0,0,1
1736467200000,new_york,precipitation,0.0,0,0,1
1736470800000,new_york,precipitation,0.0,0,0,1
1736474400000,new_york,precipitation,0.0,0,0,1
1736478000000,new_york,precipitation,0.0,0,0,1
1736481600000,new_york,precipitation,0.0,0,0,1
1736485200000,new_york,precipitation,0.0,0,0,1
1736488800000,new_york,precipitation,0.0,0,0,1
1736492400000,new_york,precipitation,0.0,1,0,0
1736496000000,new_york,precipitation,0.0,0,0,1
1736499600000,new_york,precipitation,0.0,0,0,1
1736503200000,new_york,precipitation,0.0,0,0,1
1736506800000,new_york,precipitation,0.0,0,0,1
1736510400000,new_york,precipitation,0.0,0,0,1
1736514000000,new_york,precipitation,0.0,0,0,1
1736517600000,new_york,precipitation,0.0,0,0,1
1736521200000,new_york,precipitation,0.0,0,0,1
1736524800000,new_york,precipitation,0.0,0,0,1
1736528400000,new_york,precipitation,0.0,1,0,0
1736532000000,new_york,precipitation,0.0,0,0,1
1736535600000,new_york,precipitation,0.0,0,0,1
1736539200000,new_york,precipitation,0.0,0,0,1
1736542800000,new_york,precipitation,0.0,0,0,1
1736546400000,new_york,precipitation,0.0,0,0,1
1736550000000,new_york,precipitation,0.0,0,0,1
1736553600000,new_york,precipitation,0.0,1,0,0
1736557200000,new_york,precipitation,0.0,0,0,1
1736560800000,new_york,precipitation,0.0,0,0,1
1736564400000,new_york,precipitation,0.6,0,1,0
1736568000000,new_york,precipitation,0.1,0,1,0
1736571600000,new_york,precipitation,0.2,0,1,0
1736575200000,new_york,precipitation,0.7,0,1,0
1736578800000,new_york,precipitation,0.3,0,1,0
1736582400000,new_york,precipitation,0.1,0,1,0
1736586000000,new_york,precipitation,0.0,0,0,1
1736589600000,new_york,precipitation,0.0,0,0,1
1736593200000,new_york,precipitation,0.0,0,0,1
1736596800000,new_york,precipitation,0.0,0,0,1
1736600400000,new_york,precipitation,0.0,0,0,1
1736604000000,new_york,precipitation,0.0,1,0,0
1736607600000,new_york,precipitation,0.0,0,0,1
1736611200000,new_york,precipitation,0.0,1,0,0
1736614800000,new_york,precipitation,0.0,0,0,1
1736618400000,new_york,precipitation,0.0,0,0,1
1736622000000,new_york,precipitation,0.0,0,0,1
1736625600000,new_york,precipitation,0.0,0,0,1
1736629200000,new_york,precipitation,0.0,1,0,0
1736632800000,new_york,precipitation,0.0,0,0,1
1736636400000,new_york,precipitation,0.0,0,0,1
1736640000000,new_york,precipitation,0.0,0,0,1
1736643600000,new_york,precipitation,0.0,0,0,1
1736647200000,new_york,precipitation,0.0,0,0,1
1736650800000,new_york,precipitation,0.0,0,0,1
1736654400000,new_york,precipitation,0.0,0,0,1
1736658000000,new_york,precipitation,0.0,1,0,0
1736661600000,new_york,precipitation,0.0,0,0,1
1736665200000,new_york,precipitation,0.0,0,0,1
1736668800000,new_york,precipitation,0.0,0,0,1
1736672400000,new_york,precipitation,0.0,0,0,1
1736676000000,new_york,precipitation,0.0,0,0,1
1736679600000,new_york,precipitation,0.0,0,0,1
1736683200000,new_york,precipitation,0.0,0,0,1
1736686800000,new_york,precipitation,0.0,0,0,1
1736690400000,new_york,precipitation,0.0,0,0,1
1736694000000,new_york,precipitation,0.0,0,0,1
1736697600000,new_york,precipitation,0.0,0,0,1
1736701200000,new_york,precipitation,0.0,0,0,1
1736704800000,new_york,precipitation,0.0,0,0,1
1736708400000,new_york,precipitation,0.0,0,0,1
1736712000000,new_york,precipitation,0.0,0,0,1
1736715600000,new_york,precipitation,0.0,0,0,1
1736719200000,new_york,precipitation,0.0,0,0,1
1736722800000,new_york,precipitation,0.0,0,0,1
1736726400000,new_york,precipitation,0.0,1,0,0
1736730000000,new_york,precipitation,0.0,1,0,0
1736733600000,new_york,precipitation,0.0,0,0,1
1736737200000,new_york,precipitation,0.0,0,0,1
1736740800000,new_york,precipitation,0.0,1,0,0
1736744400000,new_york,precipitation,0.0,0,0,1
1736748000000,new_york,precipitation,0.0,0,0,1
1736751600000,new_york,precipitation,0.0,0,0,1
1736755200000,new_york,precipitation,0.0,0,0,1
1736758800000,new_york,precipitation,0.0,0,0,1
1736762400000,new_york,precipitation,0.0,0,0,1
1736766000000,new_york,precipitation,0.0,0,0,1
1736769600000,new_york,precipitation,0.0,0,0,1
1736773200000,new_york,precipitation,0.0,0,0,1
1736776800000,new_york,precipitation,0.0,0,0,1
1736780400000,new_york,precipitation,0.0,0,0,1
1736784000000,new_york,precipitation,0.0,0,0,1
1736787600000,new_york,precipitation,0.0,0,0,1
1736791200000,new_york,precipitation,0.0,0,0,1
1736794800000,new_york,precipitation,0.0,0,0,1
1736798400000,new_york,precipitation,0.0,0,0,1
1736802000000,new_york,precipitation,0.0,0,0,1
1736805600000,new_york,precipitation,0.0,0,0,1
1736809200000,new_york,precipitation,0.0,0,0,1
1736812800000,new_york,precipitation,0.0,0,0,1
1736816400000,new_york,precipitation,0.0,0,0,1
1736820000000,new_york,precipitation,0.0,0,0,1
1736823600000,new_york,precipitation,0.0,1,0,0
1736827200000,new_york,precipitation,0.0,1,0,0
1736830800000,new_york,precipitation,0.0,0,0,1
1736834400000,new_york,precipitation,0.0,1,0,0
1736838000000,new_york,precipitation,0.0,0,0,1
1736841600000,new_york,precipitation,0.0,0,0,1
1736845200000,new_york,precipitation,0.0,0,0,1
1736848800000,new_york,precipitation,0.0,0,0,1
1736852400000,new_york,precipitation,0.0,0,0,1
1736856000000,new_york,precipitation,0.0,0,0,1
1736859600000,new_york,precipitation,0.0,0,0,1
1736863200000,new_york,precipitation,0.0,0,0,1
1736866800000,new_york,precipitation,0.0,0,0,1
1736870400000,new_york,precipitation,0.0,0,0,1
1736874000000,new_york,precipitation,0.0,0,0,1
1736877600000,new_york,precipitation,0.0,0,0,1
1736881200000,new_york,precipitation,0.0,0,0,1
1736884800000,new_york,precipitation,0.0,0,0,1
1736888400000,new_york,precipitation,0.0,0,0,1
1736892000000,new_york,precipitation,0.0,0,0,1
1736895600000,new_york,precipitation,0.0,0,0,1
1736899200000,new_york,precipitation,0.0,1,0,0
1736902800000,new_york,precipitation,0.0,0,0,1
1736906400000,new_york,precipitation,0.0,0,0,1
1736910000000,new_york,precipitation,0.0,0,0,1
1736913600000,new_york,precipitation,0.0,0,0,1
1736917200000,new_york,precipitation,0.0,0,0,1
1736920800000,new_york,precipitation,0.0,0,0,1
1736924400000,new_york,precipitation,0.0,0,0,1
1736928000000,new_york,precipitation,0.0,0,0,1
1736931600000,new_york,precipitation,0.0,0,0,1
1736935200000,new_york,precipitation,0.0,0,0,1
1736938800000,new_york,precipitation,0.0,0,0,1
1736942400000,new_york,precipitation,0.0,0,0,1
1736946000000,new_york,precipitation,0.0,0,0,1
1736949600000,new_york,precipitation,0.0,0,0,1
1736953200000,new_york,precipitation,0.0,0,0,1
1736956800000,new_york,precipitation,0.0,0,0,1
1736960400000,new_york,precipitation,0.0,0,0,1
1736964000000,new_york,precipitation,0.0,0,0,1
1736967600000,new_york,precipitation,0.0,0,0,1
1736971200000,new_york,precipitation,0.0,0,0,1
1736974800000,new_york,precipitation,0.0,0,0,1
1736978400000,new_york,precipitation,0.0,0,0,1
1736982000000,new_york,precipitation,0.0,0,0,1
1736985600000,new_york,precipitation,0.0,0,0,1
1736989200000,new_york,precipitation,0.0,0,0,1
1736992800000,new_york,precipitation,0.0,0,0,1
1736996400000,new_york,precipitation,0.0,0,0,1
1737000000000,new_york,precipitation,0.0,0,0,1
1737003600000,new_york,precipitation,0.0,0,0,1
1737007200000,new_york,precipitation,0.0,1,0,0
1737010800000,new_york,precipitation,0.0,0,0,1
1737014400000,new_york,precipitation,0.0,0,0,1
1737018000000,new_york,precipitation,0.0,0,0,1
1737021600000,new_york,precipitation,0.0,0,0,1
1737025200000,new_york,precipitation,0.0,0,0,1
1737028800000,new_york,precipitation,0.0,0,0,1
1737032400000,new_york,precipitation,0.0,0,0,1
1737036000000,new_york,precipitation,0.0,0,0,1
1737039600000,new_york,precipitation,0.0,0,0,1
1737043200000,new_york,precipitation,0.0,1,0,0
1737046800000,new_york,precipitation,0.1,0,1,0
1737050400000,new_york,precipitation,0.1,0,1,0
1737054000000,new_york,precipitation,0.0,1,0,0
1737057600000,new_york,precipitation,0.0,1,0,0
1737061200000,new_york,precipitation,0.1,0,1,0
1737064800000,new_york,precipitation,0.0,0,0,1
1737068400000,new_york,precipitation,0.0,0,0,1
1737072000000,new_york,precipitation,0.0,0,0,1
1737075600000,new_york,precipitation,0.0,0,0,1
1737079200000,new_york,precipitation,0.0,0,0,1
1737082800000,new_york,precipitation,0.0,0,0,1
1737086400000,new_york,precipitation,0.0,0,0,1
1737090000000,new_york,precipitation,0.0,0,0,1
1737093600000,new_york,precipitation,0.0,0,0,1
1737097200000,new_york,precipitation,0.0,0,0,1
1737100800000,new_york,precipitation,0.0,0,0,1
1737104400000,new_york,precipitation,0.0,0,0,1
1737108000000,new_york,precipitation,0.0,0,0,1
1737111600000,new_york,precipitation,0.0,0,0,1
1737115200000,new_york,precipitation,0.0,1,0,0
1737118800000,new_york,precipitation,0.0,0,0,1
1737122400000,new_york,precipitation,0.0,1,0,0
1737126000000,new_york,precipitation,0.0,0,0,1
1737129600000,new_york,precipitation,0.0,0,0,1
1737133200000,new_york,precipitation,0.0,0,0,1
1737136800000,new_york,precipitation,0.0,1,0,0
1737140400000,new_york,precipitation,0.0,0,0,1
1737144000000,new_york,precipitation,0.0,0,0,1
1737147600000,new_york,precipitation,0.0,0,0,1
1737151200000,new_york,precipitation,0.0,0,0,1
1737154800000,new_york,precipitation,0.0,0,0,1
1737158400000,new_york,precipitation,0.0,0,0,1
1737162000000,new_york,precipitation,0.0,0,0,1
1737165600000,new_york,precipitation,0.0,0,0,1
1737169200000,new_york,precipitation,0.0,0,0,1
1737172800000,new_york,precipitation,0.0,0,0,1
1737176400000,new_york,precipitation,0.0,1,0,0
1737180000000,new_york,precipitation,0.0,0,0,1
1737183600000,new_york,precipitation,0.0,0,0,1
1737187200000,new_york,precipitation,0.0,1,0,0
1737190800000,new_york,precipitation,0.0,0,0,1
1737194400000,new_york,precipitation,0.0,0,0,1
1737198000000,new_york,precipitation,0.0,0,0,1
1737201600000,new_york,precipitation,0.0,0,0,1
1737205200000,new_york,precipitation,0.0,0,0,1
1737208800000,new_york,precipitation,0.1,0,1,0
1737212400000,new_york,precipitation,0.6,0,1,0
1737216000000,new_york,precipitation,0.5,0,1,0
1737219600000,new_york,precipitation,0.21266272114408485,1,1,1
1737223200000,new_york,precipitation,0.7,0,1,0
1737226800000,new_york,precipitation,0.0,0,0,1
1737230400000,new_york,precipitation,0.0,0,0,1
1737234000000,new_york,precipitation,0.0,0,0,1
1737237600000,new_york,precipitation,0.0,0,0,1
1737241200000,new_york,precipitation,0.0,0,0,1
1737244800000,new_york,precipitation,0.0,0,0,1
1737248400000,new_york,precipitation,0.0,0,0,1
1737252000000,new_york,precipitation,0.0,0,0,1
1737255600000,new_york,precipitation,0.0,1,0,0
1737259200000,new_york,precipitation,0.0,1,0,0
1737262800000,new_york,precipitation,0.0,1,0,0
1737266400000,new_york,precipitation,0.0,0,0,1
1737270000000,new_york,precipitation,0.0,1,0,0
1737273600000,new_york,precipitation,0.0,0,0,1
1737277200000,new_york,precipitation,0.0,0,0,1
1737280800000,new_york,precipitation,0.0,1,0,0
1737284400000,new_york,precipitation,0.0,0,0,1
1737288000000,new_york,precipitation,0.1,1,1,1
1737291600000,new_york,precipitation,0.1,0,1,0
1737295200000,new_york,precipitation,0.1,0,1,0
1737298800000,new_york,precipitation,0.3,0,1,0
1737302400000,new_york,precipitation,0.9,1,1,1
1737306000000,new_york,precipitation,0.6,0,1,0
1737309600000,new_york,precipitation,0.3,0,1,0
1737313200000,new_york,precipitation,0.9,0,1,0
1737316800000,new_york,precipitation,2.7,0,1,0
1737320400000,new_york,precipitation,1.7,0,1,0
1737324000000,new_york,precipitation,0.9,1,1,1
1737327600000,new_york,precipitation,0.2,0,1,0
1737331200000,new_york,precipitation,0.0,0,0,1
1737334800000,new_york,precipitation,0.1,0,1,0
1737338400000,new_york,precipitation,0.1,0,1,0
1737342000000,new_york,precipitation,0.0,0,0,1
1737345600000,new_york,precipitation,0.0,0,0,1
1737349200000,new_york,precipitation,0.0,0,0,1
1737352800000,new_york,precipitation,0.0,0,0,1
1737356400000,new_york,precipitation,0.0,0,0,1
1737360000000,new_york,precipitation,0.0,0,0,1
1737363600000,new_york,precipitation,0.0,0,0,1
1737367200000,new_york,precipitation,0.0,0,0,1
1737370800000,new_york,precipitation,0.0,0,0,1
1737374400000,new_york,precipitation,0.0,0,0,1
1737378000000,new_york,precipitation,0.0,0,0,1
1737381600000,new_york,precipitation,0.0,0,0,1
1737385200000,new_york,precipitation,0.0,0,0,1
1737388800000,new_york,precipitation,0.0,0,0,1
1737392400000,new_york,precipitation,0.0,0,0,1
1737396000000,new_york,precipitation,0.0,0,0,1
1737399600000,new_york,precipitation,0.0,1,0,0
1737403200000,new_york,precipitation,0.0,0,0,1
1737406800000,new_york,precipitation,0.0,0,0,1
1737410400000,new_york,precipitation,0.0,0,0,1
1737414000000,new_york,precipitation,0.0,0,0,1
1737417600000,new_york,precipitation,0.0,0,0,1
1737421200000,new_york,precipitation,0.0,0,0,1
1737424800000,new_york,precipitation,0.0,0,0,1
1737428400000,new_york,precipitation,0.0,0,0,1
1737432000000,new_york,precipitation,0.0,0,0,1
1737435600000,new_york,precipitation,0.0,0,0,1
1737439200000,new_york,precipitation,0.0,0,0,1
1737442800000,new_york,precipitation,0.0,0,0,1
1737446400000,new_york,precipitation,0.0,0,0,1
1737450000000,new_york,precipitation,0.0,1,0,0
1737453600000,new_york,precipitation,0.0,0,0,1
1737457200000,new_york,precipitation,0.0,0,0,1
1737460800000,new_york,precipitation,0.0,0,0,1
1737464400000,new_york,precipitation,0.0,0,0,1
1737468000000,new_york,precipitation,0.0,1,0,0
1737471600000,new_york,precipitation,0.0,0,0,1
1737475200000,new_york,precipitation,0.0,0,0,1
1737478800000,new_york,precipitation,0.0,0,0,1
1737482400000,new_york,precipitation,0.0,0,0,1
1737486000000,new_york,precipitation,0.1,1,1,1
1737489600000,new_york,precipitation,0.1,0,1,0
1737493200000,new_york,precipitation,0.0,0,0,1
1737496800000,new_york,precipitation,0.1,0,1,0
1737500400000,new_york,precipitation,0.1,0,1,0
1737504000000,new_york,precipitation,0.0,0,0,1
1737507600000,new_york,precipitation,0.0,0,0,1
1737511200000,new_york,precipitation,0.0,0,0,1
1737514800000,new_york,precipitation,0.0,0,0,1
1737518400000,new_york,precipitation,0.0,1,0,0
1737522000000,new_york,precipitation,0.0,0,0,1
1737525600000,new_york,precipitation,0.0,0,0,1
1737529200000,new_york,precipitation,0.0,0,0,1
1737532800000,new_york,precipitation,0.0,0,0,1
1737536400000,new_york,precipitation,0.0,0,0,1
1737540000000,new_york,precipitation,0.0,0,0,1
1737543600000,new_york,precipitation,0.0,0,0,1
1737547200000,new_york,precipitation,0.0,0,0,1
1737550800000,new_york,precipitation,0.0,0,0,1
1737554400000,new_york,precipitation,0.0,0,0,1
1737558000000,new_york,precipitation,0.0,0,0,1
1737561600000,new_york,precipitation,0.0,1,0,0
1737565200000,new_york,precipitation,0.0,0,0,1
1737568800000,new_york,precipitation,0.0,0,0,1
1737572400000,new_york,precipitation,0.0,0,0,1
1737576000000,new_york,precipitation,0.0,0,0,1
1737579600000,new_york,precipitation,0.0,0,0,1
1737583200000,new_york,precipitation,0.0,1,0,0
1737586800000,new_york,precipitation,0.0,0,0,1
1737590400000,new_york,precipitation,0.0,0,0,1
1737594000000,new_york,precipitation,0.0,0,0,1
1737597600000,new_york,precipitation,0.0,0,0,1
1737601200000,new_york,precipitation,0.0,0,0,1
1737604800000,new_york,precipitation,0.0,0,0,1
1737608400000,new_york,precipitation,0.0,0,0,1
1737612000000,new_york,precipitation,0.0,0,0,1
1737615600000,new_york,precipitation,0.0,1,0,0
1737619200000,new_york,precipitation,0.0,0,0,1
1737622800000,new_york,precipitation,0.0,0,0,1
1737626400000,new_york,precipitation,0.0,0,0,1
1737630000000,new_york,precipitation,0.0,1,0,0
1737633600000,new_york,precipitation,0.0,0,0,1
1737637200000,new_york,precipitation,0.0,0,0,1
1737640800000,new_york,precipitation,0.0,1,0,0
1737644400000,new_york,precipitation,0.0,0,0,1
1737648000000,new_york,precipitation,0.0,1,0,0
1737651600000,new_york,precipitation,0.0,0,0,1
1737655200000,new_york,precipitation,0.0,0,0,1
1737658800000,new_york,precipitation,0.0,0,0,1
1737662400000,new_york,precipitation,0.0,0,0,1
1737666000000,new_york,precipitation,0.0,1,0,0
1737669600000,new_york,precipitation,0.0,0,0,1
1737673200000,new_york,precipitation,0.0,0,0,1
1737676800000,new_york,precipitation,0.0,0,0,1
1737680400000,new_york,precipitation,0.0,0,0,1
1737684000000,new_york,precipitation,0.0,0,0,1
1737687600000,new_york,precipitation,0.0,0,0,1
1737691200000,new_york,precipitation,0.0,0,0,1
1737694800000,new_york,precipitation,0.0,0,0,1
1737698400000,new_york,precipitation,0.0,0,0,1
1737702000000,new_york,precipitation,0.0,0,0,1
1737705600000,new_york,precipitation,0.0,0,0,1
1737709200000,new_york,precipitation,0.0,1,0,0
1737712800000,new_york,precipitation,0.0,0,0,1
1737716400000,new_york,precipitation,0.0,0,0,1
1737720000000,new_york,precipitation,0.0,0,0,1
1737723600000,new_york,precipitation,0.0,0,0,1
1737727200000,new_york,precipitation,0.0,0,0,1
1737730800000,new_york,precipitation,0.0,0,0,1
1737734400000,new_york,precipitation,0.0,0,0,1
1737738000000,new_york,precipitation,0.0,0,0,1
1737741600000,new_york,precipitation,0.0,0,0,1
1737745200000,new_york,precipitation,0.0,1,0,0
1737748800000,new_york,precipitation,0.0,0,0,1
1737752400000,new_york,precipitation,0.0,0,0,1
1737756000000,new_york,precipitation,0.0,0,0,1
1737759600000,new_york,precipitation,0.0,1,0,0
1737763200000,new_york,precipitation,0.0,0,0,1
1737766800000,new_york,precipitation,0.0,1,0,0
1737770400000,new_york,precipitation,0.0,0,0,1
1737774000000,new_york,precipitation,0.0,0,0,1
1737777600000,new_york,precipitation,0.0,0,0,1
1737781200000,new_york,precipitation,0.0,0,0,1
1737784800000,new_york,precipitation,0.0,0,0,1
1737788400000,new_york,precipitation,0.0,1,0,0
1737792000000,new_york,precipitation,0.0,0,0,1
1737795600000,new_york,precipitation,0.0,0,0,1
1737799200000,new_york,precipitation,0.0,0,0,1
1737802800000,new_york,precipitation,0.0,0,0,1
1737806400000,new_york,precipitation,0.0,0,0,1
1737810000000,new_york,precipitation,0.0,1,0,0
1737813600000,new_york,precipitation,0.0,0,0,1
1737817200000,new_york,precipitation,0.0,0,0,1
1737820800000,new_york,precipitation,0.0,0,0,1
1737824400000,new_york,precipitation,0.0,0,0,1
1737828000000,new_york,precipitation,0.0,0,0,1
1737831600000,new_york,precipitation,0.0,0,0,1
1737835200000,new_york,precipitation,0.0,0,0,1
1737838800000,new_york,precipitation,0.0,0,0,1
1737842400000,new_york,precipitation,0.0,0,0,1
1737846000000,new_york,precipitation,0.0,1,0,0
1737849600000,new_york,precipitation,0.0,0,0,1
1737853200000,new_york,precipitation,0.0,0,0,1
1737856800000,new_york,precipitation,0.0,0,0,1
1737860400000,new_york,precipitation,0.0,0,0,1
1737864000000,new_york,precipitation,0.0,0,0,1
1737867600000,new_york,precipitation,0.0,0,0,1
1737871200000,new_york,precipitation,0.0,1,0,0
1737874800000,new_york,precipitation,0.0,0,0,1
1737878400000,new_york,precipitation,0.0,0,0,1
1737882000000,new_york,precipitation,0.0,0,0,1
1737885600000,new_york,precipitation,0.0,1,0,0
1737889200000,new_york,precipitation,0.0,0,0,1
1737892800000,new_york,precipitation,0.0,0,0,1
1737896400000,new_york,precipitation,0.0,0,0,1
1737900000000,new_york,precipitation,0.0,0,0,1
1737903600000,new_york,precipitation,0.0,0,0,1
1737907200000,new_york,precipitation,0.0,0,0,1
1737910800000,new_york,precipitation,0.0,0,0,1
1737914400000,new_york,precipitation,0.0,0,0,1
1737918000000,new_york,precipitation,0.0,0,0,1
1737921600000,new_york,precipitation,0.0,0,0,1
1737925200000,new_york,precipitation,0.0,0,0,1
1737928800000,new_york,precipitation,0.0,0,0,1
1737932400000,new_york,precipitation,0.0,0,0,1
1737936000000,new_york,precipitation,0.0,0,0,1
1737939600000,new_york,precipitation,0.0,0,0,1
1737943200000,new_york,precipitation,0.0,0,0,1
1737946800000,new_york,precipitation,0.0,0,0,1
1737950400000,new_york,precipitation,0.0,0,0,1
1737954000000,new_york,precipitation,0.0,1,0,0
1737957600000,new_york,precipitation,0.0,0,0,1
1737961200000,new_york,precipitation,0.0,0,0,1
1737964800000,new_york,precipitation,0.0,0,0,1
1737968400000,new_york,precipitation,0.0,0,0,1
1737972000000,new_york,precipitation,0.0,0,0,1
1737975600000,new_york,precipitation,0.0,0,0,1
1737979200000,new_york,precipitation,0.0,0,0,1
1737982800000,new_york,precipitation,0.0,0,0,1
1737986400000,new_york,precipitation,0.0,0,0,1
1737990000000,new_york,precipitation,0.0,0,0,1
1737993600000,new_york,precipitation,0.0,0,0,1
1737997200000,new_york,precipitation,0.0,1,0,0
1738000800000,new_york,precipitation,0.0,0,0,1
1738004400000,new_york,precipitation,0.0,0,0,1
1738008000000,new_york,precipitation,0.0,0,0,1
1738011600000,new_york,precipitation,0.0,1,0,0
1738015200000,new_york,precipitation,0.0,0,0,1
1738018800000,new_york,precipitation,0.0,0,0,1
1738022400000,new_york,precipitation,0.0,1,0,0
1738026000000,new_york,precipitation,0.0,1,0,0
1738029600000,new_york,precipitation,0.0,0,0,1
1738033200000,new_york,precipitation,0.0,0,0,1
1738036800000,new_york,precipitation,0.0,0,0,1
1738040400000,new_york,precipitation,0.0,1,0,0
1738044000000,new_york,precipitation,0.0,0,0,1
1738047600000,new_york,precipitation,0.0,0,0,1
1738051200000,new_york,precipitation,0.0,0,0,1
1738054800000,new_york,precipitation,0.0,0,0,1
1738058400000,new_york,precipitation,0.0,0,0,1
1738062000000,new_york,precipitation,0.0,0,0,1
1738065600000,new_york,precipitation,0.0,0,0,1
1738069200000,new_york,precipitation,0.0,0,0,1
1738072800000,new_york,precipitation,0.0,0,0,1
1738076400000,new_york,precipitation,0.0,1,0,0
1738080000000,new_york,precipitation,0.0,0,0,1
1738083600000,new_york,precipitation,0.0,0,0,1
1738087200000,new_york,precipitation,0.0,0,0,1
1738090800000,new_york,precipitation,0.0,1,0,0
1738094400000,new_york,precipitation,0.0,0,0,1
1738098000000,new_york,precipitation,0.0,0,0,1
1738101600000,new_york,precipitation,0.0,0,0,1
1738105200000,new_york,precipitation,0.0,1,0,0
1738108800000,new_york,precipitation,0.0,0,0,1
1738112400000,new_york,precipitation,0.0,0,0,1
1738116000000,new_york,precipitation,0.0,0,0,1
1738119600000,new_york,precipitation,0.0,0,0,1
1738123200000,new_york,precipitation,0.0,0,0,1
1738126800000,new_york,precipitation,0.0,1,0,0
1738130400000,new_york,precipitation,0.0,0,0,1
1738134000000,new_york,precipitation,0.0,0,0,1
1738137600000,new_york,precipitation,0.0,0,0,1
1738141200000,new_york,precipitation,0.0,0,0,1
1738144800000,new_york,precipitation,0.0,0,0,1
1738148400000,new_york,precipitation,0.0,0,0,1
1738152000000,new_york,precipitation,0.0,0,0,1
1738155600000,new_york,precipitation,0.0,0,0,1
1738159200000,new_york,precipitation,0.0,0,0,1
1738162800000,new_york,precipitation,0.0,1,0,0
1738166400000,new_york,precipitation,0.0,1,0,0
1738170000000,new_york,precipitation,0.0,0,0,1
1738173600000,new_york,precipitation,0.0,0,0,1
1738177200000,new_york,precipitation,0.0,0,0,1
1738180800000,new_york,precipitation,0.0,0,0,1
1738184400000,new_york,precipitation,0.0,0,0,1
1738188000000,new_york,precipitation,0.0,0,0,1
1738191600000,new_york,precipitation,0.0,1,0,0
1738195200000,new_york,precipitation,0.0,0,0,1
1738198800000,new_york,precipitation,0.0,0,0,1
1738202400000,new_york,precipitation,0.0,0,0,1
1738206000000,new_york,precipitation,0.0,0,0,1
1738209600000,new_york,precipitation,0.0,0,0,1
1738213200000,new_york,precipitation,0.0,0,0,1
1738216800000,new_york,precipitation,0.0,0,0,1
1738220400000,new_york,precipitation,0.0,0,0,1
1738224000000,new_york,precipitation,0.0,0,0,1
1738227600000,new_york,precipitation,0.0,0,0,1
1738231200000,new_york,precipitation,0.0,0,0,1
1738234800000,new_york,precipitation,0.0,0,0,1
1738238400000,new_york,precipitation,0.0,0,0,1
1738242000000,new_york,precipitation,0.0,0,0,1
1738245600000,new_york,precipitation,0.0,0,0,1
1738249200000,new_york,precipitation,0.0,0,0,1
1738252800000,new_york,precipitation,0.0,0,0,1
1738256400000,new_york,precipitation,0.0,0,0,1
1738260000000,new_york,precipitation,0.0,0,0,1
1738263600000,new_york,precipitation,0.0,1,0,0
1738267200000,new_york,precipitation,0.0,0,0,1
1738270800000,new_york,precipitation,0.0,0,0,1
1738274400000,new_york,precipitation,0.0,0,0,1
1738278000000,new_york,precipitation,0.0,0,0,1
1738281600000,new_york,precipitation,0.0,0,0,1
1738285200000,new_york,precipitation,0.0,0,0,1
1738288800000,new_york,precipitation,0.0,0,0,1
1738292400000,new_york,precipitation,0.0,0,0,1
1738296000000,new_york,precipitation,0.0,0,0,1
1738299600000,new_york,precipitation,0.0,0,0,1
1738303200000,new_york,precipitation,0.4,0,1,0
1738306800000,new_york,precipitation,0.3,0,1,0
1738310400000,new_york,precipitation,0.2,0,1,0
1738314000000,new_york,precipitation,0.3,0,1,0
1738317600000,new_york,precipitation,0.2,0,1,0
1738321200000,new_york,precipitation,1.1,0,1,0
1738324800000,new_york,precipitation,0.1,0,1,0
1738328400000,new_york,precipitation,0.1,0,1,0
1738332000000,new_york,precipitation,0.1,0,1,0
1738335600000,new_york,precipitation,1.2,0,1,0
1738339200000,new_york,precipitation,0.1,0,1,0
1738342800000,new_york,precipitation,0.1,0,1,0
1738346400000,new_york,precipitation,0.5,0,1,0
1738350000000,new_york,precipitation,1.4,0,1,0
1738353600000,new_york,precipitation,1.3,0,1,0
1738357200000,new_york,precipitation,1.0,0,1,0
1738360800000,new_york,precipitation,0.7,0,1,0
1738364400000,new_york,precipitation,1.2,0,1,0
1738368000000,new_york,precipitation,0.9,0,1,0
1738371600000,new_york,precipitation,0.5676596974200151,1,1,1
1738375200000,new_york,precipitation,0.5,0,1,0
1738378800000,new_york,precipitation,0.3,0,1,0
1738382400000,new_york,precipitation,0.2,0,1,0
1738386000000,new_york,precipitation,0.0,1,0,0
1738389600000,new_york,precipitation,0.0,0,0,1
1738393200000,new_york,precipitation,0.0,0,0,1
1738396800000,new_york,precipitation,0.0,0,0,1
1738400400000,new_york,precipitation,0.0,0,0,1
1738404000000,new_york,precipitation,0.0,0,0,1
1738407600000,new_york,precipitation,0.0,0,0,1
1738411200000,new_york,precipitation,0.0,0,0,1
1738414800000,new_york,precipitation,0.0,0,0,1
1738418400000,new_york,precipitation,0.0,0,0,1
1738422000000,new_york,precipitation,0.0,1,0,0
1738425600000,new_york,precipitation,0.0,0,0,1
1738429200000,new_york,precipitation,0.0,0,0,1
1738432800000,new_york,precipitation,0.0,1,0,0
1738436400000,new_york,precipitation,0.0,0,0,1
1738440000000,new_york,precipitation,0.0,1,0,0
1738443600000,new_york,precipitation,0.0,0,0,1
1738447200000,new_york,precipitation,0.0,0,0,1
1738450800000,new_york,precipitation,0.0,1,0,0
1738454400000,new_york,precipitation,0.0,0,0,1
1738458000000,new_york,precipitation,0.0,1,0,0
1738461600000,new_york,precipitation,0.0,0,0,1
1738465200000,new_york,precipitation,0.0,0,0,1
1738468800000,new_york,precipitation,0.0,0,0,1
1738472400000,new_york,precipitation,0.0,0,0,1
1738476000000,new_york,precipitation,0.0,0,0,1
1738479600000,new_york,precipitation,0.0,0,0,1
1738483200000,new_york,precipitation,0.0,0,0,1
1738486800000,new_york,precipitation,0.0,0,0,1
1738490400000,new_york,precipitation,0.0,0,0,1
1738494000000,new_york,precipitation,0.0,0,0,1
1738497600000,new_york,precipitation,0.0,0,0,1
1738501200000,new_york,precipitation,0.0,0,0,1
1738504800000,new_york,precipitation,0.0,0,0,1
1738508400000,new_york,precipitation,0.0,0,0,1
1738512000000,new_york,precipitation,0.0,0,0,1
1738515600000,new_york,precipitation,0.0,0,0,1
1738519200000,new_york,precipitation,0.0,0,0,1
1738522800000,new_york,precipitation,0.0,0,0,1
1738526400000,new_york,precipitation,0.0,0,0,1
1738530000000,new_york,precipitation,0.2,0,1,0
1738533600000,new_york,precipitation,0.4,0,1,0
1738537200000,new_york,precipitation,0.6,0,1,0
1738540800000,new_york,precipitation,0.2,0,1,0
1738544400000,new_york,precipitation,0.1,1,1,1
1738548000000,new_york,precipitation,0.0,0,0,1
1738551600000,new_york,precipitation,0.0,0,0,1
1738555200000,new_york,precipitation,0.0,1,0,0
1738558800000,new_york,precipitation,0.0,0,0,1
1738562400000,new_york,precipitation,0.0,0,0,1
1738566000000,new_york,precipitation,0.0,0,0,1
1738569600000,new_york,precipitation,0.0,0,0,1
1738573200000,new_york,precipitation,0.0,0,0,1
1738576800000,new_york,precipitation,0.0,0,0,1
1738580400000,new_york,precipitation,0.0,0,0,1
1738584000000,new_york,precipitation,0.0,0,0,1
1738587600000,new_york,precipitation,0.0,0,0,1
1738591200000,new_york,precipitation,0.0,0,0,1
1738594800000,new_york,precipitation,0.0,0,0,1
1738598400000,new_york,precipitation,0.0,1,0,0
1738602000000,new_york,precipitation,0.0,0,0,1
1738605600000,new_york,precipitation,0.0,0,0,1
1738609200000,new_york,precipitation,0.0,0,0,1
1738612800000,new_york,precipitation,0.0,1,0,0
1738616400000,new_york,precipitation,0.0,0,0,1
1738620000000,new_york,precipitation,0.0,0,0,1
1738623600000,new_york,precipitation,0.0,0,0,1
1738627200000,new_york,precipitation,0.3,1,1,1
1738630800000,new_york,precipitation,0.0,0,0,1
1738634400000,new_york,precipitation,0.0,0,0,1
1738638000000,new_york,precipitation,0.0,0,0,1
1738641600000,new_york,precipitation,0.0,0,0,1
1738645200000,new_york,precipitation,0.0,0,0,1
1738648800000,new_york,precipitation,0.0,0,0,1
1738652400000,new_york,precipitation,0.0,0,0,1
1738656000000,new_york,precipitation,0.0,0,0,1
1738659600000,new_york,precipitation,0.0,0,0,1
1738663200000,new_york,precipitation,0.0,0,0,1
1738666800000,new_york,precipitation,0.0,0,0,1
1738670400000,new_york,precipitation,0.0,0,0,1
1738674000000,new_york,precipitation,0.0,1,0,0
1738677600000,new_york,precipitation,0.0,0,0,1
1738681200000,new_york,precipitation,0.0,0,0,1
1738684800000,new_york,precipitation,0.0,0,0,1
1738688400000,new_york,precipitation,0.0,0,0,1
1738692000000,new_york,precipitation,0.0,0,0,1
1738695600000,new_york,precipitation,0.0,1,0,0
1738699200000,new_york,precipitation,0.0,0,0,1
1738702800000,new_york,precipitation,0.0,0,0,1
1738706400000,new_york,precipitation,0.0,0,0,1
1738710000000,new_york,precipitation,0.0,0,0,1
1738713600000,new_york,precipitation,0.0,0,0,1
1738717200000,new_york,precipitation,0.0,0,0,1
1738720800000,new_york,precipitation,0.0,0,0,1
1738724400000,new_york,precipitation,0.0,0,0,1
1738728000000,new_york,precipitation,0.0,1,0,0
1738731600000,new_york,precipitation,0.0,0,0,1
1738735200000,new_york,precipitation,0.0,0,0,1
1738738800000,new_york,precipitation,0.0,0,0,1
1738742400000,new_york,precipitation,0.0,0,0,1
1738746000000,new_york,precipitation,0.0,0,0,1
1738749600000,new_york,precipitation,0.0,1,0,0
1738753200000,new_york,precipitation,0.0,0,0,1
1738756800000,new_york,precipitation,0.0,1,0,0
1738760400000,new_york,precipitation,0.0,0,0,1
1738764000000,new_york,precipitation,0.0,0,0,1
1738767600000,new_york,precipitation,0.0,0,0,1
1738771200000,new_york,precipitation,0.0,1,0,0
1738774800000,new_york,precipitation,0.0,0,0,1
1738778400000,new_york,precipitation,0.0,0,0,1
1738782000000,new_york,precipitation,0.0,0,0,1
1738785600000,new_york,precipitation,0.0,0,0,1
1738789200000,new_york,precipitation,0.0,0,0,1
1738792800000,new_york,precipitation,0.0,0,0,1
1738796400000,new_york,precipitation,0.0,0,0,1
1738800000000,new_york,precipitation,0.0,0,0,1
1738803600000,new_york,precipitation,0.1,0,1,0
1738807200000,new_york,precipitation,0.0,0,0,1
1738810800000,new_york,precipitation,0.0,0,0,1
1738814400000,new_york,precipitation,0.0,0,0,1
1738818000000,new_york,precipitation,0.1,0,1,0
1738821600000,new_york,precipitation,0.5,0,1,0
1738825200000,new_york,precipitation,1.5,0,1,0
1738828800000,new_york,precipitation,2.3,1,1,1
1738832400000,new_york,precipitation,1.0,0,1,0
1738836000000,new_york,precipitation,0.5,0,1,0
1738839600000,new_york,precipitation,1.0,0,1,0
1738843200000,new_york,precipitation,0.5,1,1,1
1738846800000,new_york,precipitation,0.3,0,1,0
1738850400000,new_york,precipitation,0.6,0,1,0
1738854000000,new_york,precipitation,0.1,0,1,0
1738857600000,new_york,precipitation,0.0,1,0,0
1738861200000,new_york,precipitation,0.0,0,0,1
1738864800000,new_york,precipitation,0.0,0,0,1
1738868400000,new_york,precipitation,0.0,0,0,1
1738872000000,new_york,precipitation,0.0,0,0,1
1738875600000,new_york,precipitation,0.0,0,0,1
1738879200000,new_york,precipitation,0.0,0,0,1
1738882800000,new_york,precipitation,0.0,0,0,1
1738886400000,new_york,precipitation,0.0,0,0,1
1738890000000,new_york,precipitation,0.0,0,0,1
1738893600000,new_york,precipitation,0.0,0,0,1
1738897200000,new_york,precipitation,0.0,0,0,1
1738900800000,new_york,precipitation,0.0,0,0,1
1738904400000,new_york,precipitation,0.0,1,0,0
1738908000000,new_york,precipitation,0.0,0,0,1
1738911600000,new_york,precipitation,0.0,1,0,0
1738915200000,new_york,precipitation,0.0,1,0,0
1738918800000,new_york,precipitation,0.0,0,0,1
1738922400000,new_york,precipitation,0.0,0,0,1
1738926000000,new_york,precipitation,0.0,0,0,1
1738929600000,new_york,precipitation,0.0,0,0,1
1738933200000,new_york,precipitation,0.0,0,0,1
1738936800000,new_york,precipitation,0.0,0,0,1
1738940400000,new_york,precipitation,0.0,0,0,1
1738944000000,new_york,precipitation,0.0,1,0,0
1738947600000,new_york,precipitation,0.0,1,0,0
1738951200000,new_york,precipitation,0.0,0,0,1
1738954800000,new_york,precipitation,0.0,0,0,1
1738958400000,new_york,precipitation,0.0,0,0,1
1738962000000,new_york,precipitation,0.0,0,0,1
1738965600000,new_york,precipitation,0.0,0,0,1
1738969200000,new_york,precipitation,0.0,0,0,1
1738972800000,new_york,precipitation,0.0,0,0,1
1738976400000,new_york,precipitation,0.0,0,0,1
1738980000000,new_york,precipitation,0.0,0,0,1
1738983600000,new_york,precipitation,0.0,1,0,0
1738987200000,new_york,precipitation,0.0,0,0,1
1738990800000,new_york,precipitation,0.0,0,0,1
1738994400000,new_york,precipitation,0.0,0,0,1
1738998000000,new_york,precipitation,0.0,0,0,1
1739001600000,new_york,precipitation,0.0,0,0,1
1739005200000,new_york,precipitation,0.0,0,0,1
1739008800000,new_york,precipitation,0.0,0,0,1
1739012400000,new_york,precipitation,0.0,0,0,1
1739016000000,new_york,precipitation,0.0,0,0,1
1739019600000,new_york,precipitation,0.0,1,0,0
1739023200000,new_york,precipitation,0.0,0,0,1
1739026800000,new_york,precipitation,0.0,0,0,1
1739030400000,new_york,precipitation,0.0,0,0,1
1739034000000,new_york,precipitation,0.0,0,0,1
1739037600000,new_york,precipitation,0.0,0,0,1
1739041200000,new_york,precipitation,0.0,0,0,1
1739044800000,new_york,precipitation,0.1,0,1,0
1739048400000,new_york,precipitation,1.4,0,1,0
1739052000000,new_york,precipitation,2.9,0,1,0
1739055600000,new_york,precipitation,3.4,0,1,0
1739059200000,new_york,precipitation,2.2,0,1,0
1739062800000,new_york,precipitation,2.3,0,1,0
1739066400000,new_york,precipitation,1.0,1,1,1
1739070000000,new_york,precipitation,0.3,0,1,0
1739073600000,new_york,precipitation,0.2,0,1,0
1739077200000,new_york,precipitation,0.0,0,0,1
1739080800000,new_york,precipitation,0.2,0,1,0
1739084400000,new_york,precipitation,0.1,0,1,0
1739088000000,new_york,precipitation,0.1,0,1,0
1739091600000,new_york,precipitation,0.0,0,0,1
1739095200000,new_york,precipitation,0.0,0,0,1
1739098800000,new_york,precipitation,0.0,1,0,0
1739102400000,new_york,precipitation,0.0,0,0,1
1739106000000,new_york,precipitation,0.0,0,0,1
1739109600000,new_york,precipitation,0.0,1,0,0
1739113200000,new_york,precipitation,0.0,0,0,1
1739116800000,new_york,precipitation,0.0,0,0,1
1739120400000,new_york,precipitation,0.0,1,0,0
1739124000000,new_york,precipitation,0.0,0,0,1
1739127600000,new_york,precipitation,0.0,0,0,1
1739131200000,new_york,precipitation,0.0,0,0,1
1739134800000,new_york,precipitation,0.0,0,0,1
1739138400000,new_york,precipitation,0.0,0,0,1
1739142000000,new_york,precipitation,0.0,0,0,1
1739145600000,new_york,precipitation,0.0,1,0,0
1739149200000,new_york,precipitation,0.0,0,0,1
1739152800000,new_york,precipitation,0.0,0,0,1
1739156400000,new_york,precipitation,0.0,0,0,1
1739160000000,new_york,precipitation,0.0,0,0,1
1739163600000,new_york,precipitation,0.0,0,0,1
1739167200000,new_york,precipitation,0.0,0,0,1
1739170800000,new_york,precipitation,0.0,0,0,1
1739174400000,new_york,precipitation,0.0,0,0,1
1739178000000,new_york,precipitation,0.0,0,0,1
1739181600000,new_york,precipitation,0.0,0,0,1
1739185200000,new_york,precipitation,0.0,1,0,0
1739188800000,new_york,precipitation,0.0,0,0,1
1739192400000,new_york,precipitation,0.0,0,0,1
1739196000000,new_york,precipitation,0.0,0,0,1
1739199600000,new_york,precipitation,0.0,0,0,1
1739203200000,new_york,precipitation,0.0,0,0,1
1739206800000,new_york,precipitation,0.0,0,0,1
1739210400000,new_york,precipitation,0.0,0,0,1
1739214000000,new_york,precipitation,0.0,0,0,1
1739217600000,new_york,precipitation,0.0,0,0,1
1739221200000,new_york,precipitation,0.0,1,0,0
1739224800000,new_york,precipitation,0.0,0,0,1
1739228400000,new_york,precipitation,0.0,0,0,1
1739232000000,new_york,precipitation,0.0,0,0,1
1739235600000,new_york,precipitation,0.0,0,0,1
1739239200000,new_york,precipitation,0.0,0,0,1
1739242800000,new_york,precipitation,0.0,0,0,1
1739246400000,new_york,precipitation,0.0,0,0,1
1739250000000,new_york,precipitation,0.0,0,0,1
1739253600000,new_york,precipitation,0.0,0,0,1
1739257200000,new_york,precipitation,0.0,0,0,1
1739260800000,new_york,precipitation,0.0,0,0,1
1739264400000,new_york,precipitation,0.0,1,0,0
1739268000000,new_york,precipitation,0.0,0,0,1
1739271600000,new_york,precipitation,0.0,0,0,1
1739275200000,new_york,precipitation,0.0,0,0,1
1739278800000,new_york,precipitation,0.0,0,0,1
1739282400000,new_york,precipitation,0.0,0,0,1
1739286000000,new_york,precipitation,0.0,0,0,1
1739289600000,new_york,precipitation,0.0,0,0,1
1739293200000,new_york,precipitation,0.0,0,0,1
1739296800000,new_york,precipitation,0.0,0,0,1
1739300400000,new_york,precipitation,0.1,0,1,0
1739304000000,new_york,precipitation,0.1,0,1,0
1739307600000,new_york,precipitation,0.2,0,1,0
1739311200000,new_york,precipitation,0.4,0,1,0
1739314800000,new_york,precipitation,0.4,0,1,0
1739318400000,new_york,precipitation,0.7,0,1,0
1739322000000,new_york,precipitation,0.7417837992659005,1,1,1
1739325600000,new_york,precipitation,0.7,0,1,0
1739329200000,new_york,precipitation,0.7,0,1,0
1739332800000,new_york,precipitation,0.4,0,1,0
1739336400000,new_york,precipitation,0.2,1,1,1
1739340000000,new_york,precipitation,0.0,0,0,1
1739343600000,new_york,precipitation,0.0,0,0,1
1739347200000,new_york,precipitation,0.1,0,1,0
1739350800000,new_york,precipitation,0.0,0,0,1
1739354400000,new_york,precipitation,0.0,1,0,0
1739358000000,new_york,precipitation,0.0,0,0,1
1739361600000,new_york,precipitation,0.0,0,0,1
1739365200000,new_york,precipitation,0.0,0,0,1
1739368800000,new_york,precipitation,0.0,0,0,1
1739372400000,new_york,precipitation,0.0,0,0,1
1739376000000,new_york,precipitation,0.0,0,0,1
1739379600000,new_york,precipitation,0.0,0,0,1
1739383200000,new_york,precipitation,0.0,1,0,0
1739386800000,new_york,precipitation,0.0,0,0,1
1739390400000,new_york,precipitation,0.1,0,1,0
1739394000000,new_york,precipitation,0.3,0,1,0
1739397600000,new_york,precipitation,0.3,0,1,0
1739401200000,new_york,precipitation,0.3,0,1,0
1739404800000,new_york,precipitation,0.2,0,1,0
1739408400000,new_york,precipitation,0.5,0,1,0
1739412000000,new_york,precipitation,0.5,1,1,1
1739415600000,new_york,precipitation,0.5,0,1,0
1739419200000,new_york,precipitation,0.9,0,1,0
1739422800000,new_york,precipitation,1.2,0,1,0
1739426400000,new_york,precipitation,1.1,1,1,1
1739430000000,new_york,precipitation,0.6,0,1,0
1739433600000,new_york,precipitation,0.7,0,1,0
1739437200000,new_york,precipitation,0.2,0,1,0
1739440800000,new_york,precipitation,0.0,0,0,1
1739444400000,new_york,precipitation,0.1,0,1,0
1739448000000,new_york,precipitation,0.1,0,1,0
1739451600000,new_york,precipitation,0.0,0,0,1
1739455200000,new_york,precipitation,0.0,0,0,1
1739458800000,new_york,precipitation,0.0,0,0,1
1739462400000,new_york,precipitation,0.0,0,0,1
1739466000000,new_york,precipitation,0.0,1,0,0
1739469600000,new_york,precipitation,0.0,0,0,1
1739473200000,new_york,precipitation,0.0,0,0,1
1739476800000,new_york,precipitation,0.0,0,0,1
1739480400000,new_york,precipitation,0.0,0,0,1
1739484000000,new_york,precipitation,0.0,0,0,1
1739487600000,new_york,precipitation,0.0,0,0,1
1739491200000,new_york,precipitation,0.0,0,0,1
1739494800000,new_york,precipitation,0.0,0,0,1
1739498400000,new_york,precipitation,0.0,1,0,0
1739502000000,new_york,precipitation,0.0,0,0,1
1739505600000,new_york,precipitation,0.0,1,0,0
1739509200000,new_york,precipitation,0.0,0,0,1
1739512800000,new_york,precipitation,0.0,0,0,1
1739516400000,new_york,precipitation,0.0,0,0,1
1739520000000,new_york,precipitation,0.0,0,0,1
1739523600000,new_york,precipitation,0.0,0,0,1
1739527200000,new_york,precipitation,0.0,0,0,1
1739530800000,new_york,precipitation,0.0,0,0,1
1739534400000,new_york,precipitation,0.0,0,0,1
1739538000000,new_york,precipitation,0.0,0,0,1
1739541600000,new_york,precipitation,0.0,0,0,1
1739545200000,new_york,precipitation,0.0,1,0,0
1739548800000,new_york,precipitation,0.0,0,0,1
1739552400000,new_york,precipitation,0.0,0,0,1
1739556000000,new_york,precipitation,0.0,0,0,1
1739559600000,new_york,precipitation,0.0,0,0,1
1739563200000,new_york,precipitation,0.0,0,0,1
1739566800000,new_york,precipitation,0.0,0,0,1
1739570400000,new_york,precipitation,0.0,0,0,1
1739574000000,new_york,precipitation,0.0,1,0,0
1739577600000,new_york,precipitation,0.0,0,0,1
1739581200000,new_york,precipitation,0.0,0,0,1
1739584800000,new_york,precipitation,0.0,0,0,1
1739588400000,new_york,precipitation,0.0,0,0,1
1739592000000,new_york,precipitation,0.0,0,0,1
1739595600000,new_york,precipitation,0.0,0,0,1
1739599200000,new_york,precipitation,0.0,0,0,1
1739602800000,new_york,precipitation,0.0,0,0,1
1739606400000,new_york,precipitation,0.0,1,0,0
1739610000000,new_york,precipitation,0.0,0,0,1
1739613600000,new_york,precipitation,0.0,1,0,0
1739617200000,new_york,precipitation,0.0,0,0,1
1739620800000,new_york,precipitation,0.0,0,0,1
1739624400000,new_york,precipitation,0.0,0,0,1
1739628000000,new_york,precipitation,0.0,0,0,1
1739631600000,new_york,precipitation,0.3,0,1,0
1739635200000,new_york,precipitation,0.6,1,1,1
1739638800000,new_york,precipitation,0.5,0,1,0
1739642400000,new_york,precipitation,0.6,0,1,0
1739646000000,new_york,precipitation,0.6,0,1,0
1739649600000,new_york,precipitation,0.6,0,1,0
1739653200000,new_york,precipitation,1.0,0,1,0
1739656800000,new_york,precipitation,1.2,1,1,1
1739660400000,new_york,precipitation,1.5,0,1,0
1739664000000,new_york,precipitation,1.6,0,1,0
1739667600000,new_york,precipitation,1.0,0,1,0
1739671200000,new_york,precipitation,0.7,0,1,0
1739674800000,new_york,precipitation,0.9,0,1,0
1739678400000,new_york,precipitation,1.0,0,1,0
1739682000000,new_york,precipitation,0.2,0,1,0
1739685600000,new_york,precipitation,0.4,0,1,0
1739689200000,new_york,precipitation,0.8,0,1,0
1739692800000,new_york,precipitation,1.9,0,1,0
1739696400000,new_york,precipitation,0.6,0,1,0
1739700000000,new_york,precipitation,0.2,0,1,0
1739703600000,new_york,precipitation,0.3,0,1,0
1739707200000,new_york,precipitation,0.4,0,1,0
1739710800000,new_york,precipitation,1.7,0,1,0
1739714400000,new_york,precipitation,3.6,0,1,0
1739718000000,new_york,precipitation,4.6,0,1,0
1739721600000,new_york,precipitation,0.2,0,1,0
1739725200000,new_york,precipitation,0.5,0,1,0
1739728800000,new_york,precipitation,1.5,0,1,0
1739732400000,new_york,precipitation,1.0,0,1,0
1739736000000,new_york,precipitation,0.0,0,0,1
1739739600000,new_york,precipitation,0.0,0,0,1
1739743200000,new_york,precipitation,0.0,0,0,1
1739746800000,new_york,precipitation,0.0,0,0,1
1739750400000,new_york,precipitation,0.0,0,0,1
1739754000000,new_york,precipitation,0.0,0,0,1
1739757600000,new_york,precipitation,0.0,0,0,1
1739761200000,new_york,precipitation,0.0,0,0,1
1739764800000,new_york,precipitation,0.0,0,0,1
1739768400000,new_york,precipitation,0.0,0,0,1
1739772000000,new_york,precipitation,0.0,1,0,0
1739775600000,new_york,precipitation,0.0,0,0,1
1739779200000,new_york,precipitation,0.0,0,0,1
1739782800000,new_york,precipitation,0.0,0,0,1
1739786400000,new_york,precipitation,0.0,0,0,1
1739790000000,new_york,precipitation,0.0,0,0,1
1739793600000,new_york,precipitation,0.0,0,0,1
1739797200000,new_york,precipitation,0.0,0,0,1
1739800800000,new_york,precipitation,0.0,0,0,1
1739804400000,new_york,precipitation,0.0,1,0,0
1739808000000,new_york,precipitation,0.0,0,0,1
1739811600000,new_york,precipitation,0.0,0,0,1
1739815200000,new_york,precipitation,0.0,0,0,1
1739818800000,new_york,precipitation,0.0,0,0,1
1739822400000,new_york,precipitation,0.0,1,0,0
1739826000000,new_york,precipitation,0.0,0,0,1
1739829600000,new_york,precipitation,0.0,0,0,1
1739833200000,new_york,precipitation,0.0,0,0,1
1739836800000,new_york,precipitation,0.0,1,0,0
1739840400000,new_york,precipitation,0.0,0,0,1
1739844000000,new_york,precipitation,0.0,0,0,1
1739847600000,new_york,precipitation,0.0,0,0,1
1739851200000,new_york,precipitation,0.0,0,0,1
1739854800000,new_york,precipitation,0.0,0,0,1
1739858400000,new_york,precipitation,0.0,1,0,0
1739862000000,new_york,precipitation,0.0,0,0,1
1739865600000,new_york,precipitation,0.0,0,0,1
1739869200000,new_york,precipitation,0.0,1,0,0
1739872800000,new_york,precipitation,0.0,0,0,1
1739876400000,new_york,precipitation,0.0,1,0,0
1739880000000,new_york,precipitation,0.0,1,0,0
1739883600000,new_york,precipitation,0.0,1,0,0
1739887200000,new_york,precipitation,0.0,0,0,1
1739890800000,new_york,precipitation,0.0,0,0,1
1739894400000,new_york,precipitation,0.0,0,0,1
1739898000000,new_york,precipitation,0.0,0,0,1
1739901600000,new_york,precipitation,0.0,0,0,1
1739905200000,new_york,precipitation,0.0,0,0,1
1739908800000,new_york,precipitation,0.0,0,0,1
1739912400000,new_york,precipitation,0.0,0,0,1
1739916000000,new_york,precipitation,0.0,0,0,1
1739919600000,new_york,precipitation,0.0,0,0,1
1739923200000,new_york,precipitation,0.0,0,0,1
1739926800000,new_york,precipitation,0.0,1,0,0
1739930400000,new_york,precipitation,0.0,0,0,1
1739934000000,new_york,precipitation,0.0,0,0,1
1739937600000,new_york,precipitation,0.0,0,0,1
1739941200000,new_york,precipitation,0.0,1,0,0
1739944800000,new_york,precipitation,0.0,0,0,1
1739948400000,new_york,precipitation,0.0,0,0,1
1739952000000,new_york,precipitation,0.0,0,0,1
1739955600000,new_york,precipitation,0.0,0,0,1
1739959200000,new_york,precipitation,0.0,0,0,1
1739962800000,new_york,precipitation,0.0,0,0,1
1739966400000,new_york,precipitation,0.0,0,0,1
1739970000000,new_york,precipitation,0.0,0,0,1
1739973600000,new_york,precipitation,0.0,0,0,1
1739977200000,new_york,precipitation,0.0,1,0,0
1739980800000,new_york,precipitation,0.0,0,0,1
1739984400000,new_york,precipitation,0.0,0,0,1
1739988000000,new_york,precipitation,0.0,0,0,1
1739991600000,new_york,precipitation,0.0,0,0,1
1739995200000,new_york,precipitation,0.0,0,0,1
1739998800000,new_york,precipitation,0.0,0,0,1
1740002400000,new_york,precipitation,0.0,0,0,1
1740006000000,new_york,precipitation,0.0,0,0,1
1740009600000,new_york,precipitation,0.0,0,0,1
1740013200000,new_york,precipitation,0.0,0,0,1
1740016800000,new_york,precipitation,0.0,0,0,1
1740020400000,new_york,precipitation,0.0,0,0,1
1740024000000,new_york,precipitation,0.0,0,0,1
1740027600000,new_york,precipitation,0.0,0,0,1
1740031200000,new_york,precipitation,0.0,0,0,1
1740034800000,new_york,precipitation,0.0,0,0,1
1740038400000,new_york,precipitation,0.0,0,0,1
1740042000000,new_york,precipitation,0.0,0,0,1
1740045600000,new_york,precipitation,0.0,0,0,1
1740049200000,new_york,precipitation,0.0,0,0,1
1740052800000,new_york,precipitation,0.0,0,0,1
1740056400000,new_york,precipitation,0.0,0,0,1
1740060000000,new_york,precipitation,0.0,0,0,1
1740063600000,new_york,precipitation,0.0,0,0,1
1740067200000,new_york,precipitation,0.1,0,1,0
1740070800000,new_york,precipitation,0.1,0,1,0
1740074400000,new_york,precipitation,0.1,0,1,0
1740078000000,new_york,precipitation,0.1,0,1,0
1740081600000,new_york,precipitation,0.1,0,1,0
1740085200000,new_york,precipitation,0.2,0,1,0
1740088800000,new_york,precipitation,0.1,0,1,0
1740092400000,new_york,precipitation,0.1,1,1,1
1740096000000,new_york,precipitation,0.0,0,0,1
1740099600000,new_york,precipitation,0.0,0,0,1
1740103200000,new_york,precipitation,0.0,0,0,1
1740106800000,new_york,precipitation,0.0,0,0,1
1740110400000,new_york,precipitation,0.0,0,0,1
1740114000000,new_york,precipitation,0.0,0,0,1
1740117600000,new_york,precipitation,0.0,0,0,1
1740121200000,new_york,precipitation,0.0,0,0,1
1740124800000,new_york,precipitation,0.0,0,0,1
1740128400000,new_york,precipitation,0.0,1,0,0
1740132000000,new_york,precipitation,0.0,1,0,0
1740135600000,new_york,precipitation,0.0,0,0,1
1740139200000,new_york,precipitation,0.0,0,0,1
1740142800000,new_york,precipitation,0.0,0,0,1
1740146400000,new_york,precipitation,0.0,0,0,1
1740150000000,new_york,precipitation,0.0,0,0,1
1740153600000,new_york,precipitation,0.0,0,0,1
1740157200000,new_york,precipitation,0.0,1,0,0
1740160800000,new_york,precipitation,0.0,0,0,1
1740164400000,new_york,precipitation,0.0,0,0,1
1740168000000,new_york,precipitation,0.0,0,0,1
1740171600000,new_york,precipitation,0.0,0,0,1
1740175200000,new_york,precipitation,0.0,0,0,1
1740178800000,new_york,precipitation,0.0,1,0,0
1740182400000,new_york,precipitation,0.0,0,0,1
1740186000000,new_york,precipitation,0.0,0,0,1
1740189600000,new_york,precipitation,0.0,0,0,1
1740193200000,new_york,precipitation,0.0,0,0,1
1740196800000,new_york,precipitation,0.0,1,0,0
1740200400000,new_york,precipitation,0.0,0,0,1
1740204000000,new_york,precipitation,0.0,0,0,1
1740207600000,new_york,precipitation,0.0,0,0,1
1740211200000,new_york,precipitation,0.0,0,0,1
1740214800000,new_york,precipitation,0.0,0,0,1
1740218400000,new_york,precipitation,0.0,0,0,1
1740222000000,new_york,precipitation,0.0,0,0,1
1740225600000,new_york,precipitation,0.0,0,0,1
1740229200000,new_york,precipitation,0.0,0,0,1
1740232800000,new_york,precipitation,0.0,0,0,1
1740236400000,new_york,precipitation,0.0,0,0,1
1740240000000,new_york,precipitation,0.0,0,0,1
1740243600000,new_york,precipitation,0.0,1,0,0
1740247200000,new_york,precipitation,0.0,0,0,1
1740250800000,new_york,precipitation,0.0,0,0,1
1740254400000,new_york,precipitation,0.0,1,0,0
1740258000000,new_york,precipitation,0.0,0,0,1
1740261600000,new_york,precipitation,0.0,0,0,1
1740265200000,new_york,precipitation,0.0,0,0,1
1740268800000,new_york,precipitation,0.0,0,0,1
1740272400000,new_york,precipitation,0.0,0,0,1
1740276000000,new_york,precipitation,0.0,0,0,1
1740279600000,new_york,precipitation,0.0,0,0,1
1740283200000,new_york,precipitation,0.0,0,0,1
1740286800000,new_york,precipitation,0.0,0,0,1
1740290400000,new_york,precipitation,0.0,0,0,1
1740294000000,new_york,precipitation,0.0,0,0,1
1740297600000,new_york,precipitation,0.0,1,0,0
1740301200000,new_york,precipitation,0.0,0,0,1
1740304800000,new_york,precipitation,0.0,0,0,1
1740308400000,new_york,precipitation,0.0,0,0,1
1740312000000,new_york,precipitation,0.0,0,0,1
1740315600000,new_york,precipitation,0.0,0,0,1
1740319200000,new_york,precipitation,0.0,1,0,0
1740322800000,new_york,precipitation,0.0,0,0,1
1740326400000,new_york,precipitation,0.0,0,0,1
1740330000000,new_york,precipitation,0.0,1,0,0
1740333600000,new_york,precipitation,0.0,0,0,1
1740337200000,new_york,precipitation,0.0,1,0,0
1740340800000,new_york,precipitation,0.0,0,0,1
1740344400000,new_york,precipitation,0.0,0,0,1
1740348000000,new_york,precipitation,0.0,0,0,1
1740351600000,new_york,precipitation,0.0,0,0,1
1740355200000,new_york,precipitation,0.0,0,0,1
1740358800000,new_york,precipitation,0.0,0,0,1
1740362400000,new_york,precipitation,0.0,0,0,1
1740366000000,new_york,precipitation,0.0,0,0,1
1740369600000,new_york,precipitation,0.0,0,0,1
1740373200000,new_york,precipitation,0.0,0,0,1
1740376800000,new_york,precipitation,0.0,1,0,0
1740380400000,new_york,precipitation,0.0,0,0,1
1740384000000,new_york,precipitation,0.0,0,0,1
1740387600000,new_york,precipitation,0.0,0,0,1
1740391200000,new_york,precipitation,0.0,0,0,1
1740394800000,new_york,precipitation,0.0,0,0,1
1740398400000,new_york,precipitation,0.0,0,0,1
1740402000000,new_york,precipitation,0.0,0,0,1
1740405600000,new_york,precipitation,0.0,0,0,1
1740409200000,new_york,precipitation,0.0,0,0,1
1740412800000,new_york,precipitation,0.0,0,0,1
1740416400000,new_york,precipitation,0.0,0,0,1
1740420000000,new_york,precipitation,0.0,0,0,1
1740423600000,new_york,precipitation,0.0,0,0,1
1740427200000,new_york,precipitation,0.0,0,0,1
1740430800000,new_york,precipitation,0.0,0,0,1
1740434400000,new_york,precipitation,0.0,0,0,1
1740438000000,new_york,precipitation,0.0,0,0,1
1740441600000,new_york,precipitation,0.0,0,0,1
1740445200000,new_york,precipitation,0.0,1,0,0
1740448800000,new_york,precipitation,0.0,0,0,1
1740452400000,new_york,precipitation,0.0,0,0,1
1740456000000,new_york,precipitation,0.0,0,0,1
1740459600000,new_york,precipitation,0.0,0,0,1
1740463200000,new_york,precipitation,0.0,0,0,1
1740466800000,new_york,precipitation,0.0,0,0,1
1740470400000,new_york,precipitation,0.0,0,0,1
1740474000000,new_york,precipitation,0.0,0,0,1
1740477600000,new_york,precipitation,0.0,0,0,1
1740481200000,new_york,precipitation,0.0,0,0,1
1740484800000,new_york,precipitation,0.0,0,0,1
1740488400000,new_york,precipitation,0.0,0,0,1
1740492000000,new_york,precipitation,0.0,0,0,1
1740495600000,new_york,precipitation,0.0,0,0,1
1740499200000,new_york,precipitation,0.0,1,0,0
1740502800000,new_york,precipitation,0.0,0,0,1
1740506400000,new_york,precipitation,0.0,0,0,1
1740510000000,new_york,precipitation,0.0,0,0,1
1740513600000,new_york,precipitation,0.0,0,0,1
1740517200000,new_york,precipitation,0.0,0,0,1
1740520800000,new_york,precipitation,0.0,1,0,0
1740524400000,new_york,precipitation,0.0,0,0,1
1740528000000,new_york,precipitation,0.0,0,0,1
1740531600000,new_york,precipitation,0.0,0,0,1
1740535200000,new_york,precipitation,0.0,0,0,1
1740538800000,new_york,precipitation,0.0,0,0,1
1740542400000,new_york,precipitation,0.0,0,0,1
1740546000000,new_york,precipitation,0.0,0,0,1
1740549600000,new_york,precipitation,0.0,0,0,1
1740553200000,new_york,precipitation,0.0,0,0,1
1740556800000,new_york,precipitation,0.0,1,0,0
1740560400000,new_york,precipitation,0.0,0,0,1
1740564000000,new_york,precipitation,0.0,0,0,1
1740567600000,new_york,precipitation,0.0,1,0,0
1740571200000,new_york,precipitation,0.0,0,0,1
1740574800000,new_york,precipitation,0.0,1,0,0
1740578400000,new_york,precipitation,0.0,0,0,1
1740582000000,new_york,precipitation,0.0,0,0,1
1740585600000,new_york,precipitation,0.0,0,0,1
1740589200000,new_york,precipitation,0.0,0,0,1
1740592800000,new_york,precipitation,0.0,0,0,1
1740596400000,new_york,precipitation,0.0,0,0,1
1740600000000,new_york,precipitation,0.0,1,0,0
1740603600000,new_york,precipitation,0.0,0,0,1
1740607200000,new_york,precipitation,0.0,1,0,0
1740610800000,new_york,precipitation,0.1,0,1,0
1740614400000,new_york,precipitation,0.1,0,1,0
1740618000000,new_york,precipitation,0.0,0,0,1
1740621600000,new_york,precipitation,0.0,1,0,0
1740625200000,new_york,precipitation,0.0,0,0,1
1740628800000,new_york,precipitation,0.0,1,0,0
1740632400000,new_york,precipitation,0.0,0,0,1
1740636000000,new_york,precipitation,0.0,0,0,1
1740639600000,new_york,precipitation,0.6,1,1,1
1740643200000,new_york,precipitation,5.6,1,1,1
1740646800000,new_york,precipitation,0.1,1,1,1
1740650400000,new_york,precipitation,0.21890616760012752,1,1,1
1740654000000,new_york,precipitation,0.0,0,0,1
1740657600000,new_york,precipitation,1.9,0,1,0
1740661200000,new_york,precipitation,0.5,0,1,0
1740664800000,new_york,precipitation,0.1,0,1,0
1740668400000,new_york,precipitation,0.1,0,1,0
1740672000000,new_york,precipitation,0.0,1,0,0
1740675600000,new_york,precipitation,0.0,0,0,1
1740679200000,new_york,precipitation,0.0,0,0,1
1740682800000,new_york,precipitation,0.0,1,0,0
1740686400000,new_york,precipitation,0.0,0,0,1
1740690000000,new_york,precipitation,0.0,0,0,1
1740693600000,new_york,precipitation,0.0,0,0,1
1740697200000,new_york,precipitation,0.0,1,0,0
1740700800000,new_york,precipitation,0.0,0,0,1
1740704400000,new_york,precipitation,0.0,0,0,1
1740708000000,new_york,precipitation,0.0,0,0,1
1740711600000,new_york,precipitation,0.0,1,0,0
1740715200000,new_york,precipitation,0.0,0,0,1
1740718800000,new_york,precipitation,0.0,0,0,1
1740722400000,new_york,precipitation,0.0,1,0,0
1740726000000,new_york,precipitation,0.0,0,0,1
1740729600000,new_york,precipitation,0.0,1,0,0
1740733200000,new_york,precipitation,0.0,0,0,1
1740736800000,new_york,precipitation,0.0,0,0,1
1740740400000,new_york,precipitation,0.0,0,0,1
1740744000000,new_york,precipitation,0.0,0,0,1
1740747600000,new_york,precipitation,0.0,0,0,1
1740751200000,new_york,precipitation,0.0,0,0,1
1740754800000,new_york,precipitation,0.0,0,0,1
1740758400000,new_york,precipitation,0.0,0,0,1
1740762000000,new_york,precipitation,0.0,0,0,1
1740765600000,new_york,precipitation,0.0,0,0,1
1740769200000,new_york,precipitation,0.0,0,0,1
1740772800000,new_york,precipitation,0.0,0,0,1
1740776400000,new_york,precipitation,0.0,0,0,1
1740780000000,new_york,precipitation,0.0,0,0,1
1740783600000,new_york,precipitation,0.0,0,0,1
1740787200000,new_york,precipitation,0.0,0,0,1
1740790800000,new_york,precipitation,0.0,0,0,1
1740794400000,new_york,precipitation,0.0,0,0,1
1740798000000,new_york,precipitation,0.0,0,0,1
1740801600000,new_york,precipitation,0.0,0,0,1
1740805200000,new_york,precipitation,0.0,0,0,1
1740808800000,new_york,precipitation,0.0,0,0,1
1740812400000,new_york,precipitation,0.0,0,0,1
1740816000000,new_york,precipitation,0.0,0,0,1
1740819600000,new_york,precipitation,0.0,1,0,0
1740823200000,new_york,precipitation,0.0,0,0,1
1740826800000,new_york,precipitation,0.0,0,0,1
1740830400000,new_york,precipitation,0.0,0,0,1
1740834000000,new_york,precipitation,0.0,1,0,0
1740837600000,new_york,precipitation,0.0,0,0,1
1740841200000,new_york,precipitation,0.0,0,0,1
1740844800000,new_york,precipitation,0.0,0,0,1
1740848400000,new_york,precipitation,0.0,0,0,1
1740852000000,new_york,precipitation,0.0,0,0,1
1740855600000,new_york,precipitation,0.0,0,0,1
1740859200000,new_york,precipitation,0.0,0,0,1
1740862800000,new_york,precipitation,0.0,0,0,1
1740866400000,new_york,precipitation,0.0,0,0,1
1740870000000,new_york,precipitation,0.0,0,0,1
1740873600000,new_york,precipitation,0.0,0,0,1
1740877200000,new_york,precipitation,0.0,0,0,1
1740880800000,new_york,precipitation,0.0,0,0,1
1740884400000,new_york,precipitation,0.0,0,0,1
1740888000000,new_york,precipitation,0.0,0,0,1
1740891600000,new_york,precipitation,0.0,1,0,0
1740895200000,new_york,precipitation,0.0,0,0,1
1740898800000,new_york,precipitation,0.0,0,0,1
1740902400000,new_york,precipitation,0.0,0,0,1
1740906000000,new_york,precipitation,0.0,0,0,1
1740909600000,new_york,precipitation,0.0,0,0,1
1740913200000,new_york,precipitation,0.0,0,0,1
1740916800000,new_york,precipitation,0.0,0,0,1
1740920400000,new_york,precipitation,0.0,0,0,1
1740924000000,new_york,precipitation,0.0,0,0,1
1740927600000,new_york,precipitation,0.0,0,0,1
1740931200000,new_york,precipitation,0.0,0,0,1
1740934800000,new_york,precipitation,0.0,0,0,1
1740938400000,new_york,precipitation,0.0,0,0,1
1740942000000,new_york,precipitation,0.0,0,0,1
1740945600000,new_york,precipitation,0.0,0,0,1
1740949200000,new_york,precipitation,0.0,0,0,1
1740952800000,new_york,precipitation,0.0,0,0,1
1740956400000,new_york,precipitation,0.0,0,0,1
1740960000000,new_york,precipitation,0.0,0,0,1
1740963600000,new_york,precipitation,0.0,0,0,1
1740967200000,new_york,precipitation,0.0,0,0,1
1740970800000,new_york,precipitation,0.0,0,0,1
1740974400000,new_york,precipitation,0.0,0,0,1
1740978000000,new_york,precipitation,0.0,1,0,0
1740981600000,new_york,precipitation,0.0,0,0,1
1740985200000,new_york,precipitation,0.0,0,0,1
1740988800000,new_york,precipitation,0.0,0,0,1
1740992400000,new_york,precipitation,0.0,1,0,0
1740996000000,new_york,precipitation,0.0,0,0,1
1740999600000,new_york,precipitation,0.0,1,0,0
1741003200000,new_york,precipitation,0.0,0,0,1
1741006800000,new_york,precipitation,0.0,0,0,1
1741010400000,new_york,precipitation,0.0,0,0,1
1741014000000,new_york,precipitation,0.0,0,0,1
1741017600000,new_york,precipitation,0.0,1,0,0
1741021200000,new_york,precipitation,0.0,0,0,1
1741024800000,new_york,precipitation,0.0,0,0,1
1741028400000,new_york,precipitation,0.0,0,0,1
1741032000000,new_york,precipitation,0.0,0,0,1
1741035600000,new_york,precipitation,0.0,0,0,1
1741039200000,new_york,precipitation,0.0,0,0,1
1741042800000,new_york,precipitation,0.0,0,0,1
1741046400000,new_york,precipitation,0.0,0,0,1
1741050000000,new_york,precipitation,0.0,0,0,1
1741053600000,new_york,precipitation,0.0,0,0,1
1741057200000,new_york,precipitation,0.0,0,0,1
1741060800000,new_york,precipitation,0.0,0,0,1
1741064400000,new_york,precipitation,0.0,0,0,1
1741068000000,new_york,precipitation,0.0,0,0,1
1741071600000,new_york,precipitation,0.0,0,0,1
1741075200000,new_york,precipitation,0.0,0,0,1
1741078800000,new_york,precipitation,0.0,0,0,1
1741082400000,new_york,precipitation,0.0,0,0,1
1741086000000,new_york,precipitation,0.0,0,0,1
1741089600000,new_york,precipitation,0.0,0,0,1
1741093200000,new_york,precipitation,0.0,1,0,0
1741096800000,new_york,precipitation,0.0,0,0,1
1741100400000,new_york,precipitation,0.0,0,0,1
1741104000000,new_york,precipitation,0.0,0,0,1
1741107600000,new_york,precipitation,0.0,1,0,0
1741111200000,new_york,precipitation,0.0,0,0,1
1741114800000,new_york,precipitation,0.0,0,0,1
1741118400000,new_york,precipitation,0.0,0,0,1
1741122000000,new_york,precipitation,0.0,1,0,0
1741125600000,new_york,precipitation,0.0,0,0,1
1741129200000,new_york,precipitation,0.0,0,0,1
1741132800000,new_york,precipitation,0.0,0,0,1
1741136400000,new_york,precipitation,0.0,0,0,1
1741140000000,new_york,precipitation,0.0,0,0,1
1741143600000,new_york,precipitation,0.0,1,0,0
1741147200000,new_york,precipitation,0.0,0,0,1
1741150800000,new_york,precipitation,0.0,0,0,1
1741154400000,new_york,precipitation,0.0,0,0,1
1741158000000,new_york,precipitation,0.0,0,0,1
1741161600000,new_york,precipitation,0.0,0,0,1
1741165200000,new_york,precipitation,0.0,0,0,1
1741168800000,new_york,precipitation,0.0,0,0,1
1741172400000,new_york,precipitation,0.0,0,0,1
1741176000000,new_york,precipitation,0.0,0,0,1
1741179600000,new_york,precipitation,0.0,0,0,1
1741183200000,new_york,precipitation,0.0,0,0,1
1741186800000,new_york,precipitation,0.1,0,1,0
1741190400000,new_york,precipitation,0.0,0,0,1
1741194000000,new_york,precipitation,0.31982684710384957,1,1,1
1741197600000,new_york,precipitation,2.3,0,1,0
1741201200000,new_york,precipitation,7.0,1,1,1
1741204800000,new_york,precipitation,7.7,0,1,0
1741208400000,new_york,precipitation,6.6,1,1,1
1741212000000,new_york,precipitation,7.9,0,1,0
1741215600000,new_york,precipitation,7.3,0,1,0
1741219200000,new_york,precipitation,2.7,0,1,0
1741222800000,new_york,precipitation,0.2,0,1,0
1741226400000,new_york,precipitation,0.0,0,0,1
1741230000000,new_york,precipitation,0.0,0,0,1
1741233600000,new_york,precipitation,0.0,0,0,1
1741237200000,new_york,precipitation,0.0,0,0,1
1741240800000,new_york,precipitation,0.0,0,0,1
1741244400000,new_york,precipitation,0.0,0,0,1
1741248000000,new_york,precipitation,0.0,1,0,0
1741251600000,new_york,precipitation,0.0,0,0,1
1741255200000,new_york,precipitation,0.0,0,0,1
1741258800000,new_york,precipitation,0.0,0,0,1
1741262400000,new_york,precipitation,0.0,0,0,1
1741266000000,new_york,precipitation,0.0,0,0,1
1741269600000,new_york,precipitation,0.0,0,0,1
1741273200000,new_york,precipitation,0.0,0,0,1
1741276800000,new_york,precipitation,0.0,0,0,1
1741280400000,new_york,precipitation,0.0,0,0,1
1741284000000,new_york,precipitation,0.0,0,0,1
1741287600000,new_york,precipitation,0.0,0,0,1
1741291200000,new_york,precipitation,0.0,0,0,1
1741294800000,new_york,precipitation,0.0,0,0,1
1741298400000,new_york,precipitation,0.0,0,0,1
1741302000000,new_york,precipitation,0.0,0,0,1
1741305600000,new_york,precipitation,0.0,0,0,1
1741309200000,new_york,precipitation,0.0,0,0,1
1741312800000,new_york,precipitation,0.0,0,0,1
1741316400000,new_york,precipitation,0.0,0,0,1
1741320000000,new_york,precipitation,0.0,0,0,1
1741323600000,new_york,precipitation,0.0,0,0,1
1741327200000,new_york,precipitation,0.0,0,0,1
1741330800000,new_york,precipitation,0.0,0,0,1
1741334400000,new_york,precipitation,0.0,0,0,1
1741338000000,new_york,precipitation,0.0,0,0,1
1741341600000,new_york,precipitation,0.0,0,0,1
1741345200000,new_york,precipitation,0.0,0,0,1
1741348800000,new_york,precipitation,0.0,0,0,1
1741352400000,new_york,precipitation,0.0,0,0,1
1741356000000,new_york,precipitation,0.0,0,0,1
1741359600000,new_york,precipitation,0.0,0,0,1
1741363200000,new_york,precipitation,0.0,0,0,1
1741366800000,new_york,precipitation,0.0,0,0,1
1741370400000,new_york,precipitation,0.0,0,0,1
1741374000000,new_york,precipitation,0.0,0,0,1
1741377600000,new_york,precipitation,0.0,0,0,1
1741381200000,new_york,precipitation,0.0,0,0,1
1741384800000,new_york,precipitation,0.0,0,0,1
1741388400000,new_york,precipitation,0.0,0,0,1
1741392000000,new_york,precipitation,0.0,0,0,1
1741395600000,new_york,precipitation,0.0,0,0,1
1741399200000,new_york,precipitation,0.0,0,0,1
1741402800000,new_york,precipitation,0.0,0,0,1
1741406400000,new_york,precipitation,0.0,0,0,1
1741410000000,new_york,precipitation,0.0,0,0,1
1741413600000,new_york,precipitation,0.0,0,0,1
1741417200000,new_york,precipitation,0.0,0,0,1
1741420800000,new_york,precipitation,0.0,0,0,1
1741424400000,new_york,precipitation,0.0,1,0,0
1741428000000,new_york,precipitation,0.0,0,0,1
1741431600000,new_york,precipitation,0.0,0,0,1
1741435200000,new_york,precipitation,0.0,0,0,1
1741438800000,new_york,precipitation,0.0,0,0,1
1741442400000,new_york,precipitation,0.0,0,0,1
1741446000000,new_york,precipitation,0.0,0,0,1
1741449600000,new_york,precipitation,0.0,0,0,1
1741453200000,new_york,precipitation,0.0,0,0,1
1741456800000,new_york,precipitation,0.0,0,0,1
1741460400000,new_york,precipitation,0.0,0,0,1
1741464000000,new_york,precipitation,0.0,0,0,1
1741467600000,new_york,precipitation,0.0,0,0,1
1741471200000,new_york,precipitation,0.0,0,0,1
1741474800000,new_york,precipitation,0.0,1,0,0
1741478400000,new_york,precipitation,0.0,0,0,1
1741482000000,new_york,precipitation,0.0,0,0,1
1741485600000,new_york,precipitation,0.0,0,0,1
1741489200000,new_york,precipitation,0.0,0,0,1
1741492800000,new_york,precipitation,0.0,0,0,1
1741496400000,new_york,precipitation,0.0,0,0,1
1741500000000,new_york,precipitation,0.0,0,0,1
1741503600000,new_york,precipitation,0.0,0,0,1
1741507200000,new_york,precipitation,0.0,1,0,0
1741510800000,new_york,precipitation,0.0,0,0,1
1741514400000,new_york,precipitation,0.0,0,0,1
1741518000000,new_york,precipitation,0.0,0,0,1
1741521600000,new_york,precipitation,0.0,1,0,0
1741525200000,new_york,precipitation,0.0,0,0,1
1741528800000,new_york,precipitation,0.0,1,0,0
1741532400000,new_york,precipitation,0.0,0,0,1
1741536000000,new_york,precipitation,0.0,0,0,1
1741539600000,new_york,precipitation,0.0,0,0,1
1741543200000,new_york,precipitation,0.0,0,0,1
1741546800000,new_york,precipitation,0.0,0,0,1
1741550400000,new_york,precipitation,0.0,1,0,0
1741554000000,new_york,precipitation,0.0,0,0,1
1741557600000,new_york,precipitation,0.0,0,0,1
1741561200000,new_york,precipitation,0.0,1,0,0
1741564800000,new_york,precipitation,0.0,0,0,1
1741568400000,new_york,precipitation,0.0,0,0,1
1741572000000,new_york,precipitation,0.0,0,0,1
1741575600000,new_york,precipitation,0.0,0,0,1
1741579200000,new_york,precipitation,0.0,0,0,1
1741582800000,new_york,precipitation,0.0,0,0,1
1741586400000,new_york,precipitation,0.0,0,0,1
1741590000000,new_york,precipitation,0.0,0,0,1
1741593600000,new_york,precipitation,0.0,0,0,1
1741597200000,new_york,precipitation,0.0,0,0,1
1741600800000,new_york,precipitation,0.0,0,0,1
1741604400000,new_york,precipitation,0.0,0,0,1
1741608000000,new_york,precipitation,0.0,1,0,0
1741611600000,new_york,precipitation,0.0,1,0,0
1741615200000,new_york,precipitation,0.0,1,0,0
1741618800000,new_york,precipitation,0.0,1,0,0
1741622400000,new_york,precipitation,0.0,0,0,1
1741626000000,new_york,precipitation,0.0,1,0,0
1741629600000,new_york,precipitation,0.0,1,0,0
1741633200000,new_york,precipitation,0.0,0,0,1
1741636800000,new_york,precipitation,0.0,1,0,0
1741640400000,new_york,precipitation,0.0,0,0,1
1741644000000,new_york,precipitation,0.0,0,0,1
1741647600000,new_york,precipitation,0.0,0,0,1
1741651200000,new_york,precipitation,0.0,0,0,1
1741654800000,new_york,precipitation,0.0,0,0,1
1741658400000,new_york,precipitation,0.0,0,0,1
1741662000000,new_york,precipitation,0.0,0,0,1
1741665600000,new_york,precipitation,0.0,0,0,1
1741669200000,new_york,precipitation,0.0,1,0,0
1741672800000,new_york,precipitation,0.0,1,0,0
1741676400000,new_york,precipitation,0.0,0,0,1
1741680000000,new_york,precipitation,0.0,0,0,1
1741683600000,new_york,precipitation,0.0,0,0,1
1741687200000,new_york,precipitation,0.0,0,0,1
1741690800000,new_york,precipitation,0.0,0,0,1
1741694400000,new_york,precipitation,0.0,1,0,0
1741698000000,new_york,precipitation,0.0,0,0,1
1741701600000,new_york,precipitation,0.0,0,0,1
1741705200000,new_york,precipitation,0.0,1,0,0
1741708800000,new_york,precipitation,0.0,0,0,1
1741712400000,new_york,precipitation,0.0,0,0,1
1741716000000,new_york,precipitation,0.0,0,0,1
1741719600000,new_york,precipitation,0.0,0,0,1
1741723200000,new_york,precipitation,0.0,0,0,1
1741726800000,new_york,precipitation,0.0,0,0,1
1741730400000,new_york,precipitation,0.0,0,0,1
1741734000000,new_york,precipitation,0.0,1,0,0
1741737600000,new_york,precipitation,0.0,0,0,1
1741741200000,new_york,precipitation,0.0,0,0,1
1741744800000,new_york,precipitation,0.0,0,0,1
1741748400000,new_york,precipitation,0.0,0,0,1
1741752000000,new_york,precipitation,0.0,0,0,1
1741755600000,new_york,precipitation,0.0,1,0,0
1741759200000,new_york,precipitation,0.0,0,0,1
1741762800000,new_york,precipitation,0.0,0,0,1
1741766400000,new_york,precipitation,0.0,0,0,1
1741770000000,new_york,precipitation,0.0,0,0,1
1741773600000,new_york,precipitation,0.0,0,0,1
1741777200000,new_york,precipitation,0.0,0,0,1
1741780800000,new_york,precipitation,0.0,0,0,1
1741784400000,new_york,precipitation,0.0,0,0,1
1741788000000,new_york,precipitation,0.0,0,0,1
1741791600000,new_york,precipitation,0.0,1,0,0
1741795200000,new_york,precipitation,0.0,0,0,1
1741798800000,new_york,precipitation,0.0,1,0,0
1741802400000,new_york,precipitation,0.0,0,0,1
1741806000000,new_york,precipitation,0.0,1,0,0
1741809600000,new_york,precipitation,0.0,0,0,1
1741813200000,new_york,precipitation,0.0,0,0,1
1741816800000,new_york,precipitation,0.0,0,0,1
1741820400000,new_york,precipitation,0.0,0,0,1
1741824000000,new_york,precipitation,0.0,0,0,1
1741827600000,new_york,precipitation,0.0,1,0,0
1741831200000,new_york,precipitation,0.0,0,0,1
1741834800000,new_york,precipitation,0.0,0,0,1
1741838400000,new_york,precipitation,0.0,0,0,1
1741842000000,new_york,precipitation,0.0,0,0,1
1741845600000,new_york,precipitation,0.0,0,0,1
1741849200000,new_york,precipitation,0.0,0,0,1
1741852800000,new_york,precipitation,0.0,0,0,1
1741856400000,new_york,precipitation,0.0,0,0,1
1741860000000,new_york,precipitation,0.0,0,0,1
1741863600000,new_york,precipitation,0.0,0,0,1
1741867200000,new_york,precipitation,0.0,0,0,1
1741870800000,new_york,precipitation,0.0,0,0,1
1741874400000,new_york,precipitation,0.0,0,0,1
1741878000000,new_york,precipitation,0.0,0,0,1
1741881600000,new_york,precipitation,0.0,0,0,1
1741885200000,new_york,precipitation,0.0,0,0,1
1741888800000,new_york,precipitation,0.0,0,0,1
1741892400000,new_york,precipitation,0.0,0,0,1
1741896000000,new_york,precipitation,0.0,0,0,1
1741899600000,new_york,precipitation,0.0,0,0,1
1741903200000,new_york,precipitation,0.0,1,0,0
1741906800000,new_york,precipitation,0.0,1,0,0
1741910400000,new_york,precipitation,0.0,1,0,0
1741914000000,new_york,precipitation,0.0,0,0,1
1741917600000,new_york,precipitation,0.0,0,0,1
1741921200000,new_york,precipitation,0.0,0,0,1
1741924800000,new_york,precipitation,0.0,1,0,0
1741928400000,new_york,precipitation,0.0,0,0,1
1741932000000,new_york,precipitation,0.0,0,0,1
1741935600000,new_york,precipitation,0.0,0,0,1
1741939200000,new_york,precipitation,0.0,0,0,1
1741942800000,new_york,precipitation,0.0,0,0,1
1741946400000,new_york,precipitation,0.0,1,0,0
1741950000000,new_york,precipitation,0.0,0,0,1
1741953600000,new_york,precipitation,0.0,0,0,1
1741957200000,new_york,precipitation,0.0,0,0,1
1741960800000,new_york,precipitation,0.0,0,0,1
1741964400000,new_york,precipitation,0.0,0,0,1
1741968000000,new_york,precipitation,0.0,0,0,1
1741971600000,new_york,precipitation,0.0,0,0,1
1741975200000,new_york,precipitation,0.0,1,0,0
1741978800000,new_york,precipitation,0.0,0,0,1
1741982400000,new_york,precipitation,0.0,0,0,1
1741986000000,new_york,precipitation,0.0,1,0,0
1741989600000,new_york,precipitation,0.0,0,0,1
1741993200000,new_york,precipitation,0.0,0,0,1
1741996800000,new_york,precipitation,0.0,0,0,1
1742000400000,new_york,precipitation,0.0,1,0,0
1742004000000,new_york,precipitation,0.0,0,0,1
1742007600000,new_york,precipitation,0.0,0,0,1
1742011200000,new_york,precipitation,0.0,1,0,0
1742014800000,new_york,precipitation,0.0,0,0,1
1742018400000,new_york,precipitation,0.0,1,0,0
1742022000000,new_york,precipitation,0.0,0,0,1
1742025600000,new_york,precipitation,0.0,1,0,0
1742029200000,new_york,precipitation,0.0,1,0,0
1742032800000,new_york,precipitation,0.0,1,0,0
1742036400000,new_york,precipitation,0.0,0,0,1
1742040000000,new_york,precipitation,0.0,1,0,0
1742043600000,new_york,precipitation,0.0,1,0,0
1742047200000,new_york,precipitation,0.0,0,0,1
1742050800000,new_york,precipitation,0.0,0,0,1
1742054400000,new_york,precipitation,0.0,0,0,1
1742058000000,new_york,precipitation,0.0,0,0,1
1742061600000,new_york,precipitation,0.0,0,0,1
1742065200000,new_york,precipitation,0.1,1,1,1
1742068800000,new_york,precipitation,0.2,0,1,0
1742072400000,new_york,precipitation,0.1,0,1,0
1742076000000,new_york,precipitation,0.1,0,1,0
1742079600000,new_york,precipitation,0.0,1,0,0
1742083200000,new_york,precipitation,0.0,0,0,1
1742086800000,new_york,precipitation,0.0,1,0,0
1742090400000,new_york,precipitation,0.0,0,0,1
1742094000000,new_york,precipitation,0.0,0,0,1
1742097600000,new_york,precipitation,0.0,0,0,1
1742101200000,new_york,precipitation,0.0,0,0,1
1742104800000,new_york,precipitation,0.0,0,0,1
1742108400000,new_york,precipitation,0.0,0,0,1
1742112000000,new_york,precipitation,0.0,0,0,1
1742115600000,new_york,precipitation,0.0,0,0,1
1742119200000,new_york,precipitation,0.0,1,0,0
1742122800000,new_york,precipitation,0.0,0,0,1
1742126400000,new_york,precipitation,0.0,0,0,1
1742130000000,new_york,precipitation,0.0,0,0,1
1742133600000,new_york,precipitation,0.0,0,0,1
1742137200000,new_york,precipitation,0.0,0,0,1
1742140800000,new_york,precipitation,0.0,0,0,1
1742144400000,new_york,precipitation,0.0,0,0,1
1742148000000,new_york,precipitation,0.0,0,0,1
1742151600000,new_york,precipitation,0.0,0,0,1
1742155200000,new_york,precipitation,0.0,0,0,1
1742158800000,new_york,precipitation,5.4,0,1,0
1742162400000,new_york,precipitation,2.6,0,1,0
1742166000000,new_york,precipitation,0.2,0,1,0
1742169600000,new_york,precipitation,0.4,0,1,0
1742173200000,new_york,precipitation,6.0,0,1,0
1742176800000,new_york,precipitation,3.3,1,1,1
1742180400000,new_york,precipitation,7.7,0,1,0
1742184000000,new_york,precipitation,6.6,0,1,0
1742187600000,new_york,precipitation,3.7,0,1,0
1742191200000,new_york,precipitation,0.5,0,1,0
1742194800000,new_york,precipitation,0.9,0,1,0
1742198400000,new_york,precipitation,1.6,0,1,0
1742202000000,new_york,precipitation,0.1,0,1,0
1742205600000,new_york,precipitation,0.1,0,1,0
1742209200000,new_york,precipitation,0.0,1,0,0
1742212800000,new_york,precipitation,0.0,0,0,1
1742216400000,new_york,precipitation,0.0,1,0,0
1742220000000,new_york,precipitation,0.0,0,0,1
1742223600000,new_york,precipitation,0.0,0,0,1
1742227200000,new_york,precipitation,0.0,0,0,1
1742230800000,new_york,precipitation,0.0,0,0,1
1742234400000,new_york,precipitation,0.0,0,0,1
1742238000000,new_york,precipitation,0.0,0,0,1
1742241600000,new_york,precipitation,0.0,0,0,1
1742245200000,new_york,precipitation,0.0,0,0,1
1742248800000,new_york,precipitation,0.0,1,0,0
1742252400000,new_york,precipitation,0.0,0,0,1
1742256000000,new_york,precipitation,0.0,0,0,1
1742259600000,new_york,precipitation,0.0,0,0,1
1742263200000,new_york,precipitation,0.0,1,0,0
1742266800000,new_york,precipitation,0.0,0,0,1
1742270400000,new_york,precipitation,0.0,0,0,1
1742274000000,new_york,precipitation,0.0,0,0,1
1742277600000,new_york,precipitation,0.0,0,0,1
1742281200000,new_york,precipitation,0.0,0,0,1
1742284800000,new_york,precipitation,0.0,0,0,1
1742288400000,new_york,precipitation,0.0,0,0,1
1742292000000,new_york,precipitation,0.0,0,0,1
1742295600000,new_york,precipitation,0.0,0,0,1
1742299200000,new_york,precipitation,0.0,0,0,1
1742302800000,new_york,precipitation,0.0,0,0,1
1742306400000,new_york,precipitation,0.0,1,0,0
1742310000000,new_york,precipitation,0.0,0,0,1
1742313600000,new_york,precipitation,0.0,0,0,1
1742317200000,new_york,precipitation,0.0,1,0,0
1742320800000,new_york,precipitation,0.0,1,0,0
1742324400000,new_york,precipitation,0.0,0,0,1
1742328000000,new_york,precipitation,0.0,0,0,1
1742331600000,new_york,precipitation,0.0,0,0,1
1742335200000,new_york,precipitation,0.0,0,0,1
1742338800000,new_york,precipitation,0.0,0,0,1
1742342400000,new_york,precipitation,0.0,0,0,1
1742346000000,new_york,precipitation,0.0,0,0,1
1742349600000,new_york,precipitation,0.0,0,0,1
1742353200000,new_york,precipitation,0.0,0,0,1
1742356800000,new_york,precipitation,0.0,0,0,1
1742360400000,new_york,precipitation,0.0,0,0,1
1742364000000,new_york,precipitation,0.0,0,0,1
1742367600000,new_york,precipitation,0.0,0,0,1
1742371200000,new_york,precipitation,0.0,0,0,1
1742374800000,new_york,precipitation,0.0,0,0,1
1742378400000,new_york,precipitation,0.0,0,0,1
1742382000000,new_york,precipitation,0.0,1,0,0
1742385600000,new_york,precipitation,0.0,0,0,1
1742389200000,new_york,precipitation,0.0,0,0,1
1742392800000,new_york,precipitation,0.0,0,0,1
1742396400000,new_york,precipitation,0.0,1,0,0
1742400000000,new_york,precipitation,0.0,0,0,1
1742403600000,new_york,precipitation,0.0,0,0,1
1742407200000,new_york,precipitation,0.0,1,0,0
1742410800000,new_york,precipitation,0.0,0,0,1
1742414400000,new_york,precipitation,0.0,0,0,1
1742418000000,new_york,precipitation,0.0,0,0,1
1742421600000,new_york,precipitation,0.0,0,0,1
1742425200000,new_york,precipitation,0.0,0,0,1
1742428800000,new_york,precipitation,0.0,0,0,1
1742432400000,new_york,precipitation,0.0,0,0,1
1742436000000,new_york,precipitation,0.0,0,0,1
1742439600000,new_york,precipitation,0.0,0,0,1
1742443200000,new_york,precipitation,0.0,1,0,0
1742446800000,new_york,precipitation,0.0,0,0,1
1742450400000,new_york,precipitation,0.0,0,0,1
1742454000000,new_york,precipitation,0.0,0,0,1
1742457600000,new_york,precipitation,0.0,0,0,1
1742461200000,new_york,precipitation,0.0,0,0,1
1742464800000,new_york,precipitation,0.0,0,0,1
1742468400000,new_york,precipitation,0.0,1,0,0
1742472000000,new_york,precipitation,0.0,0,0,1
1742475600000,new_york,precipitation,0.0,0,0,1
1742479200000,new_york,precipitation,0.0,0,0,1
1742482800000,new_york,precipitation,0.0,0,0,1
1742486400000,new_york,precipitation,0.0,1,0,0
1742490000000,new_york,precipitation,0.0,0,0,1
1742493600000,new_york,precipitation,0.0,0,0,1
1742497200000,new_york,precipitation,0.0,0,0,1
1742500800000,new_york,precipitation,0.1,0,1,0
1742504400000,new_york,precipitation,0.1,0,1,0
1742508000000,new_york,precipitation,4.2,0,1,0
1742511600000,new_york,precipitation,7.0,0,1,0
1742515200000,new_york,precipitation,3.6,0,1,0
1742518800000,new_york,precipitation,1.4,0,1,0
1742522400000,new_york,precipitation,1.0,0,1,0
1742526000000,new_york,precipitation,0.9,1,1,1
1742529600000,new_york,precipitation,0.3,0,1,0
1742533200000,new_york,precipitation,0.1,0,1,0
1742536800000,new_york,precipitation,0.0,0,0,1
1742540400000,new_york,precipitation,0.0,0,0,1
1742544000000,new_york,precipitation,0.0,0,0,1
1742547600000,new_york,precipitation,0.0,0,0,1
1742551200000,new_york,precipitation,0.0,1,0,0
1742554800000,new_york,precipitation,0.0,0,0,1
1742558400000,new_york,precipitation,0.0,0,0,1
1742562000000,new_york,precipitation,0.0,0,0,1
1742565600000,new_york,precipitation,0.0,0,0,1
1742569200000,new_york,precipitation,0.0,1,0,0
1742572800000,new_york,precipitation,0.0,0,0,1
1742576400000,new_york,precipitation,0.0,0,0,1
1742580000000,new_york,precipitation,0.0,1,0,0
1742583600000,new_york,precipitation,0.0,0,0,1
1742587200000,new_york,precipitation,0.0,0,0,1
1742590800000,new_york,precipitation,0.0,1,0,0
1742594400000,new_york,precipitation,0.0,0,0,1
1742598000000,new_york,precipitation,0.0,0,0,1
1742601600000,new_york,precipitation,0.0,0,0,1
1742605200000,new_york,precipitation,0.0,1,0,0
1742608800000,new_york,precipitation,0.0,0,0,1
1742612400000,new_york,precipitation,0.0,1,0,0
1742616000000,new_york,precipitation,0.0,0,0,1
1742619600000,new_york,precipitation,0.0,0,0,1
1742623200000,new_york,precipitation,0.0,0,0,1
1742626800000,new_york,precipitation,0.0,0,0,1
1742630400000,new_york,precipitation,0.0,0,0,1
1742634000000,new_york,precipitation,0.0,0,0,1
1742637600000,new_york,precipitation,0.0,0,0,1
1742641200000,new_york,precipitation,0.0,0,0,1
1742644800000,new_york,precipitation,0.0,0,0,1
1742648400000,new_york,precipitation,0.0,0,0,1
1742652000000,new_york,precipitation,0.0,1,0,0
1742655600000,new_york,precipitation,0.0,0,0,1
1742659200000,new_york,precipitation,0.0,0,0,1
1742662800000,new_york,precipitation,0.0,0,0,1
1742666400000,new_york,precipitation,0.0,0,0,1
1742670000000,new_york,precipitation,0.0,0,0,1
1742673600000,new_york,precipitation,0.0,1,0,0
1742677200000,new_york,precipitation,0.0,0,0,1
1742680800000,new_york,precipitation,0.0,0,0,1
1742684400000,new_york,precipitation,0.0,0,0,1
1742688000000,new_york,precipitation,0.0,0,0,1
1742691600000,new_york,precipitation,0.0,0,0,1
1742695200000,new_york,precipitation,0.0,0,0,1
1742698800000,new_york,precipitation,0.0,0,0,1
1742702400000,new_york,precipitation,0.0,0,0,1
1742706000000,new_york,precipitation,0.0,0,0,1
1742709600000,new_york,precipitation,0.0,0,0,1
1742713200000,new_york,precipitation,0.0,0,0,1
1742716800000,new_york,precipitation,0.0,1,0,0
1742720400000,new_york,precipitation,0.0,0,0,1
1742724000000,new_york,precipitation,0.0,0,0,1
1742727600000,new_york,precipitation,0.0,0,0,1
1742731200000,new_york,precipitation,0.0,0,0,1
1742734800000,new_york,precipitation,0.0,0,0,1
1742738400000,new_york,precipitation,0.0,0,0,1
1742742000000,new_york,precipitation,0.0,0,0,1
1742745600000,new_york,precipitation,0.0,1,0,0
1742749200000,new_york,precipitation,0.0,0,0,1
1742752800000,new_york,precipitation,0.0,0,0,1
1742756400000,new_york,precipitation,0.0,0,0,1
1742760000000,new_york,precipitation,0.0,0,0,1
1742763600000,new_york,precipitation,0.0,0,0,1
1742767200000,new_york,precipitation,0.0,0,0,1
1742770800000,new_york,precipitation,0.0,1,0,0
1742774400000,new_york,precipitation,0.0,0,0,1
1742778000000,new_york,precipitation,0.0,0,0,1
1742781600000,new_york,precipitation,0.0,0,0,1
1742785200000,new_york,precipitation,0.1,1,1,1
1742788800000,new_york,precipitation,0.6,0,1,0
1742792400000,new_york,precipitation,0.0,1,0,0
1742796000000,new_york,precipitation,0.2,0,1,0
1742799600000,new_york,precipitation,0.6,0,1,0
1742803200000,new_york,precipitation,1.0,0,1,0
1742806800000,new_york,precipitation,0.4,0,1,0
1742810400000,new_york,precipitation,0.8,1,1,1
1742814000000,new_york,precipitation,1.6,1,1,1
1742817600000,new_york,precipitation,1.4,1,1,1
1742821200000,new_york,precipitation,0.5628561537224215,1,1,1
1742824800000,new_york,precipitation,1.1,0,1,0
1742828400000,new_york,precipitation,2.9,0,1,0
1742832000000,new_york,precipitation,1.7,0,1,0
1742835600000,new_york,precipitation,0.8,0,1,0
1742839200000,new_york,precipitation,0.0,0,0,1
1742842800000,new_york,precipitation,0.0,0,0,1
1742846400000,new_york,precipitation,0.0,0,0,1
1742850000000,new_york,precipitation,0.0,0,0,1
1742853600000,new_york,precipitation,0.0,0,0,1
1742857200000,new_york,precipitation,0.0,0,0,1
1742860800000,new_york,precipitation,0.0,0,0,1
1742864400000,new_york,precipitation,0.0,0,0,1
1742868000000,new_york,precipitation,0.0,1,0,0
1742871600000,new_york,precipitation,0.0,0,0,1
1742875200000,new_york,precipitation,0.0,0,0,1
1742878800000,new_york,precipitation,0.0,1,0,0
1742882400000,new_york,precipitation,0.0,0,0,1
1742886000000,new_york,precipitation,0.0,0,0,1
1742889600000,new_york,precipitation,0.0,0,0,1
1742893200000,new_york,precipitation,0.0,0,0,1
1742896800000,new_york,precipitation,0.0,0,0,1
1742900400000,new_york,precipitation,0.0,0,0,1
1742904000000,new_york,precipitation,0.0,0,0,1
1742907600000,new_york,precipitation,0.0,0,0,1
1742911200000,new_york,precipitation,0.0,0,0,1
1742914800000,new_york,precipitation,0.0,0,0,1
1742918400000,new_york,precipitation,0.0,1,0,0
1742922000000,new_york,precipitation,0.0,0,0,1
1742925600000,new_york,precipitation,0.0,0,0,1
1742929200000,new_york,precipitation,0.0,0,0,1
1742932800000,new_york,precipitation,0.0,0,0,1
1742936400000,new_york,precipitation,0.0,1,0,0
1742940000000,new_york,precipitation,0.0,0,0,1
1742943600000,new_york,precipitation,0.0,0,0,1
1742947200000,new_york,precipitation,0.0,0,0,1
1742950800000,new_york,precipitation,0.0,0,0,1
1742954400000,new_york,precipitation,0.0,0,0,1
1742958000000,new_york,precipitation,0.0,0,0,1
1742961600000,new_york,precipitation,0.0,0,0,1
1742965200000,new_york,precipitation,0.0,0,0,1
1742968800000,new_york,precipitation,0.0,0,0,1
1742972400000,new_york,precipitation,0.0,0,0,1
1742976000000,new_york,precipitation,0.0,0,0,1
1742979600000,new_york,precipitation,0.0,0,0,1
1742983200000,new_york,precipitation,0.0,0,0,1
1742986800000,new_york,precipitation,0.0,0,0,1
1742990400000,new_york,precipitation,0.0,0,0,1
1742994000000,new_york,precipitation,0.0,0,0,1
1742997600000,new_york,precipitation,0.1,0,1,0
1743001200000,new_york,precipitation,0.0,0,0,1
1743004800000,new_york,precipitation,0.1,1,1,1
1743008400000,new_york,precipitation,0.1,0,1,0
1743012000000,new_york,precipitation,0.0,1,0,0
1743015600000,new_york,precipitation,0.0,0,0,1
1743019200000,new_york,precipitation,0.0,0,0,1
1743022800000,new_york,precipitation,0.0,1,0,0
1743026400000,new_york,precipitation,0.0,0,0,1
1743030000000,new_york,precipitation,0.0,1,0,0
1743033600000,new_york,precipitation,0.0,0,0,1
1743037200000,new_york,precipitation,0.0,0,0,1
1743040800000,new_york,precipitation,0.0,0,0,1
1743044400000,new_york,precipitation,0.0,0,0,1
1743048000000,new_york,precipitation,0.0,0,0,1
1743051600000,new_york,precipitation,0.0,0,0,1
1743055200000,new_york,precipitation,0.0,0,0,1
1743058800000,new_york,precipitation,0.0,0,0,1
1743062400000,new_york,precipitation,0.0,0,0,1
1743066000000,new_york,precipitation,0.0,1,0,0
1743069600000,new_york,precipitation,0.0,0,0,1
1743073200000,new_york,precipitation,0.0,1,0,0
1743076800000,new_york,precipitation,0.0,0,0,1
1743080400000,new_york,precipitation,0.0,0,0,1
1743084000000,new_york,precipitation,0.0,0,0,1
1743087600000,new_york,precipitation,0.0,0,0,1
1743091200000,new_york,precipitation,0.0,1,0,0
1743094800000,new_york,precipitation,0.0,1,0,0
1743098400000,new_york,precipitation,0.0,1,0,0
1743102000000,new_york,precipitation,0.0,0,0,1
1743105600000,new_york,precipitation,0.0,0,0,1
1743109200000,new_york,precipitation,0.0,0,0,1
1743112800000,new_york,precipitation,0.0,0,0,1
1743116400000,new_york,precipitation,0.0,1,0,0
1743120000000,new_york,precipitation,0.0,1,0,0
1743123600000,new_york,precipitation,0.0,0,0,1
1743127200000,new_york,precipitation,0.0,0,0,1
1743130800000,new_york,precipitation,0.0,0,0,1
1743134400000,new_york,precipitation,0.0,0,0,1
1743138000000,new_york,precipitation,0.0,0,0,1
1743141600000,new_york,precipitation,0.0,0,0,1
1743145200000,new_york,precipitation,0.0,0,0,1
1743148800000,new_york,precipitation,0.0,0,0,1
1743152400000,new_york,precipitation,0.0,0,0,1
1743156000000,new_york,precipitation,0.0,1,0,0
1743159600000,new_york,precipitation,0.0,0,0,1
1743163200000,new_york,precipitation,0.0,0,0,1
1743166800000,new_york,precipitation,0.0,0,0,1
1743170400000,new_york,precipitation,0.0,0,0,1
1743174000000,new_york,precipitation,0.0,0,0,1
1743177600000,new_york,precipitation,0.0,1,0,0
1743181200000,new_york,precipitation,0.0,0,0,1
1743184800000,new_york,precipitation,0.0,0,0,1
1743188400000,new_york,precipitation,0.0,0,0,1
1743192000000,new_york,precipitation,0.0,0,0,1
1743195600000,new_york,precipitation,0.2,0,1,0
1743199200000,new_york,precipitation,1.1,1,1,1
1743202800000,new_york,precipitation,0.0,0,0,1
1743206400000,new_york,precipitation,0.0,1,0,0
1743210000000,new_york,precipitation,0.0,0,0,1
1743213600000,new_york,precipitation,0.1,0,1,0
1743217200000,new_york,precipitation,0.0,0,0,1
1743220800000,new_york,precipitation,0.0,0,0,1
1743224400000,new_york,precipitation,0.0,0,0,1
1743228000000,new_york,precipitation,0.0,0,0,1
1743231600000,new_york,precipitation,0.0,0,0,1
1743235200000,new_york,precipitation,0.0,0,0,1
1743238800000,new_york,precipitation,0.0,0,0,1
1743242400000,new_york,precipitation,0.0,0,0,1
1743246000000,new_york,precipitation,0.0,1,0,0
1743249600000,new_york,precipitation,0.0,0,0,1
1743253200000,new_york,precipitation,0.0,0,0,1
1743256800000,new_york,precipitation,0.0,0,0,1
1743260400000,new_york,precipitation,0.0,0,0,1
1743264000000,new_york,precipitation,1.5,1,1,1
1743267600000,new_york,precipitation,1.5,0,1,0
1743271200000,new_york,precipitation,1.5,0,1,0
1743274800000,new_york,precipitation,0.9,0,1,0
1743278400000,new_york,precipitation,1.4,0,1,0
1743282000000,new_york,precipitation,0.3,0,1,0
1743285600000,new_york,precipitation,0.1,0,1,0
1743289200000,new_york,precipitation,0.0,0,0,1
1743292800000,new_york,precipitation,0.0,0,0,1
1743296400000,new_york,precipitation,0.0,0,0,1
1743300000000,new_york,precipitation,0.0,1,0,0
1743303600000,new_york,precipitation,0.0,0,0,1
1743307200000,new_york,precipitation,0.0,1,0,0
1743310800000,new_york,precipitation,0.0,0,0,1
1743314400000,new_york,precipitation,0.0,0,0,1
1743318000000,new_york,precipitation,0.0,0,0,1
1743321600000,new_york,precipitation,0.0,0,0,1
1743325200000,new_york,precipitation,0.0,0,0,1
1743328800000,new_york,precipitation,0.0,1,0,0
1743332400000,new_york,precipitation,0.0,0,0,1
1743336000000,new_york,precipitation,0.0,0,0,1
1743339600000,new_york,precipitation,0.0,0,0,1
1743343200000,new_york,precipitation,0.0,0,0,1
1743346800000,new_york,precipitation,0.0,0,0,1
1743350400000,new_york,precipitation,0.0,0,0,1
1743354000000,new_york,precipitation,0.0,0,0,1
1743357600000,new_york,precipitation,0.0,0,0,1
1743361200000,new_york,precipitation,0.0,0,0,1
1743364800000,new_york,precipitation,0.0,0,0,1
1743368400000,new_york,precipitation,0.0,0,0,1
1743372000000,new_york,precipitation,0.1,0,1,0
1743375600000,new_york,precipitation,0.2,0,1,0
1743379200000,new_york,precipitation,0.2,0,1,0
1743382800000,new_york,precipitation,0.0,0,0,1
1743386400000,new_york,precipitation,0.0,0,0,1
1743390000000,new_york,precipitation,0.0,1,0,0
1743393600000,new_york,precipitation,0.0,0,0,1
1743397200000,new_york,precipitation,0.0,0,0,1
1743400800000,new_york,precipitation,0.0,0,0,1
1743404400000,new_york,precipitation,0.0,0,0,1
1743408000000,new_york,precipitation,0.0,0,0,1
1743411600000,new_york,precipitation,0.3,0,1,0
1743415200000,new_york,precipitation,0.0,0,0,1
1743418800000,new_york,precipitation,0.0,0,0,1
1743422400000,new_york,precipitation,0.1,0,1,0
1743426000000,new_york,precipitation,0.4,0,1,0
1743429600000,new_york,precipitation,0.2,0,1,0
1743433200000,new_york,precipitation,0.1,0,1,0
1743436800000,new_york,precipitation,0.3,0,1,0
1743440400000,new_york,precipitation,2.2,0,1,0
1743444000000,new_york,precipitation,13.1,0,1,0
1743447600000,new_york,precipitation,3.9,0,1,0
1743451200000,new_york,precipitation,3.8,0,1,0
1743454800000,new_york,precipitation,5.1,0,1,0
1743458400000,new_york,precipitation,4.8,0,1,0
1743462000000,new_york,precipitation,4.7,0,1,0
1743465600000,new_york,precipitation,2.0,0,1,0
1743469200000,new_york,precipitation,2.8,0,1,0
1743472800000,new_york,precipitation,1.5,0,1,0
1743476400000,new_york,precipitation,0.3,1,1,1
1743480000000,new_york,precipitation,0.0,0,0,1
1743483600000,new_york,precipitation,0.0,0,0,1
1743487200000,new_york,precipitation,0.0,0,0,1
1743490800000,new_york,precipitation,0.0,0,0,1
1743494400000,new_york,precipitation,0.0,0,0,1
1743498000000,new_york,precipitation,0.0,0,0,1
1743501600000,new_york,precipitation,0.0,0,0,1
1743505200000,new_york,precipitation,0.0,0,0,1
1743508800000,new_york,precipitation,0.0,0,0,1
1743512400000,new_york,precipitation,0.0,0,0,1
1743516000000,new_york,precipitation,0.0,0,0,1
1743519600000,new_york,precipitation,0.0,1,0,0
1743523200000,new_york,precipitation,0.0,0,0,1
1743526800000,new_york,precipitation,0.0,0,0,1
1743530400000,new_york,precipitation,0.0,0,0,1
1743534000000,new_york,precipitation,0.0,0,0,1
1743537600000,new_york,precipitation,0.0,1,0,0
1743541200000,new_york,precipitation,0.0,0,0,1
1743544800000,new_york,precipitation,0.0,0,0,1
1743548400000,new_york,precipitation,0.0,0,0,1
1743552000000,new_york,precipitation,0.0,0,0,1
1743555600000,new_york,precipitation,0.0,0,0,1
1743559200000,new_york,precipitation,0.0,0,0,1
1743562800000,new_york,precipitation,0.0,0,0,1
1743566400000,new_york,precipitation,0.0,0,0,1
1743570000000,new_york,precipitation,0.0,0,0,1
1743573600000,new_york,precipitation,0.0,0,0,1
1743577200000,new_york,precipitation,0.0,1,0,0
1743580800000,new_york,precipitation,0.0,0,0,1
1743584400000,new_york,precipitation,0.0,0,0,1
1743588000000,new_york,precipitation,0.0,0,0,1
1743591600000,new_york,precipitation,0.0,1,0,0
1743595200000,new_york,precipitation,0.0,0,0,1
1743598800000,new_york,precipitation,0.0,0,0,1
1743602400000,new_york,precipitation,0.0,0,0,1
1743606000000,new_york,precipitation,0.0,0,0,1
1743609600000,new_york,precipitation,0.0,0,0,1
1743613200000,new_york,precipitation,0.0,0,0,1
1743616800000,new_york,precipitation,0.0,1,0,0
1743620400000,new_york,precipitation,0.0,0,0,1
1743624000000,new_york,precipitation,0.0,0,0,1
1743627600000,new_york,precipitation,0.0,0,0,1
1743631200000,new_york,precipitation,0.0,0,0,1
1743634800000,new_york,precipitation,0.0,0,0,1
1743638400000,new_york,precipitation,0.0,0,0,1
1743642000000,new_york,precipitation,0.0,0,0,1
1743645600000,new_york,precipitation,0.0,1,0,0
1743649200000,new_york,precipitation,0.0,0,0,1
1743652800000,new_york,precipitation,0.1,0,1,0
1743656400000,new_york,precipitation,0.1,0,1,0
1743660000000,new_york,precipitation,0.0,0,0,1
1743663600000,new_york,precipitation,0.0,0,0,1
1743667200000,new_york,precipitation,0.0,0,0,1
1743670800000,new_york,precipitation,0.7,0,1,0
1743674400000,new_york,precipitation,0.4,0,1,0
1743678000000,new_york,precipitation,0.1,0,1,0
1743681600000,new_york,precipitation,0.0,0,0,1
1743685200000,new_york,precipitation,0.0,1,0,0
1743688800000,new_york,precipitation,0.1,0,1,0
1743692400000,new_york,precipitation,0.0,0,0,1
1743696000000,new_york,precipitation,0.0,0,0,1
1743699600000,new_york,precipitation,0.0,1,0,0
1743703200000,new_york,precipitation,0.0,0,0,1
1743706800000,new_york,precipitation,0.0,0,0,1
1743710400000,new_york,precipitation,0.0,0,0,1
1743714000000,new_york,precipitation,0.0,0,0,1
1743717600000,new_york,precipitation,0.0,0,0,1
1743721200000,new_york,precipitation,0.0,0,0,1
1743724800000,new_york,precipitation,0.0,0,0,1
1743728400000,new_york,precipitation,0.0,0,0,1
1743732000000,new_york,precipitation,0.0,0,0,1
1743735600000,new_york,precipitation,0.0,1,0,0
1743739200000,new_york,precipitation,0.3,0,1,0
1743742800000,new_york,precipitation,0.3,0,1,0
1743746400000,new_york,precipitation,2.3,0,1,0
1743750000000,new_york,precipitation,3.7,0,1,0
1743753600000,new_york,precipitation,0.6,0,1,0
1743757200000,new_york,precipitation,0.0,0,0,1
1743760800000,new_york,precipitation,0.0,0,0,1
1743764400000,new_york,precipitation,0.0,0,0,1
1743768000000,new_york,precipitation,0.0,1,0,0
1743771600000,new_york,precipitation,0.0,1,0,0
1743775200000,new_york,precipitation,0.0,0,0,1
1743778800000,new_york,precipitation,0.0,0,0,1
1743782400000,new_york,precipitation,0.0,0,0,1
1743786000000,new_york,precipitation,0.0,0,0,1
1743789600000,new_york,precipitation,0.0,0,0,1
1743793200000,new_york,precipitation,0.0,0,0,1
1743796800000,new_york,precipitation,0.0,0,0,1
1743800400000,new_york,precipitation,0.0,1,0,0
1743804000000,new_york,precipitation,0.0,0,0,1
1743807600000,new_york,precipitation,0.0,0,0,1
1743811200000,new_york,precipitation,0.0,0,0,1
1743814800000,new_york,precipitation,0.0,1,0,0
1743818400000,new_york,precipitation,0.0,0,0,1
1743822000000,new_york,precipitation,0.0,0,0,1
1743825600000,new_york,precipitation,0.0,0,0,1
1743829200000,new_york,precipitation,0.0,1,0,0
1743832800000,new_york,precipitation,0.0,0,0,1
1743836400000,new_york,precipitation,0.0,1,0,0
1743840000000,new_york,precipitation,0.0,0,0,1
1743843600000,new_york,precipitation,0.0,1,0,0
1743847200000,new_york,precipitation,0.0,1,0,0
1743850800000,new_york,precipitation,0.0,0,0,1
1743854400000,new_york,precipitation,0.0,0,0,1
1743858000000,new_york,precipitation,0.5,0,1,0
1743861600000,new_york,precipitation,0.0,0,0,1
1743865200000,new_york,precipitation,0.0,0,0,1
1743868800000,new_york,precipitation,0.1,0,1,0
1743872400000,new_york,precipitation,0.2,0,1,0
1743876000000,new_york,precipitation,0.5,0,1,0
1743879600000,new_york,precipitation,0.1,0,1,0
1743883200000,new_york,precipitation,0.1,1,1,1
1743886800000,new_york,precipitation,0.0,0,0,1
1743890400000,new_york,precipitation,0.0,0,0,1
1743894000000,new_york,precipitation,0.0,1,0,0
1743897600000,new_york,precipitation,0.0,0,0,1
1743901200000,new_york,precipitation,0.4,1,1,1
1743904800000,new_york,precipitation,1.3,0,1,0
1743908400000,new_york,precipitation,0.9,0,1,0
1743912000000,new_york,precipitation,0.0,0,0,1
1743915600000,new_york,precipitation,0.0,0,0,1
1743919200000,new_york,precipitation,0.0,1,0,0
1743922800000,new_york,precipitation,0.0,0,0,1
1743926400000,new_york,precipitation,0.0,0,0,1
1743930000000,new_york,precipitation,0.1,0,1,0
1743933600000,new_york,precipitation,0.0,0,0,1
1743937200000,new_york,precipitation,0.1,0,1,0
1743940800000,new_york,precipitation,0.2,0,1,0
1743944400000,new_york,precipitation,0.1,0,1,0
1743948000000,new_york,precipitation,0.0,0,0,1
1743951600000,new_york,precipitation,0.0,0,0,1
1743955200000,new_york,precipitation,0.0,0,0,1
1743958800000,new_york,precipitation,0.0,0,0,1
1743962400000,new_york,precipitation,0.0,1,0,0
1743966000000,new_york,precipitation,0.0,0,0,1
1743969600000,new_york,precipitation,0.0,0,0,1
1743973200000,new_york,precipitation,0.0,0,0,1
1743976800000,new_york,precipitation,0.0,0,0,1
1743980400000,new_york,precipitation,0.0,0,0,1
1743984000000,new_york,precipitation,0.0,0,0,1
1743987600000,new_york,precipitation,0.0,0,0,1
1743991200000,new_york,precipitation,0.1,0,1,0
1743994800000,new_york,precipitation,0.6,0,1,0
1743998400000,new_york,precipitation,0.5,0,1,0
1744002000000,new_york,precipitation,0.6,0,1,0
1744005600000,new_york,precipitation,0.4,0,1,0
1744009200000,new_york,precipitation,0.3,0,1,0
1744012800000,new_york,precipitation,0.4,0,1,0
1744016400000,new_york,precipitation,0.8,0,1,0
1744020000000,new_york,precipitation,0.3,0,1,0
1744023600000,new_york,precipitation,1.0,0,1,0
1744027200000,new_york,precipitation,0.9,0,1,0
1744030800000,new_york,precipitation,0.7,0,1,0
1744034400000,new_york,precipitation,1.132123254164744,1,1,1
1744038000000,new_york,precipitation,0.3,0,1,0
1744041600000,new_york,precipitation,0.2,0,1,0
1744045200000,new_york,precipitation,0.3,0,1,0
1744048800000,new_york,precipitation,0.1,0,1,0
1744052400000,new_york,precipitation,0.0,0,0,1
1744056000000,new_york,precipitation,0.0,0,0,1
1744059600000,new_york,precipitation,0.0,0,0,1
1744063200000,new_york,precipitation,0.0,0,0,1
1744066800000,new_york,precipitation,0.0,1,0,0
1744070400000,new_york,precipitation,0.0,0,0,1
1744074000000,new_york,precipitation,0.0,0,0,1
1744077600000,new_york,precipitation,0.0,0,0,1
1744081200000,new_york,precipitation,0.0,0,0,1
1744084800000,new_york,precipitation,0.0,0,0,1
1744088400000,new_york,precipitation,0.0,0,0,1
1744092000000,new_york,precipitation,0.0,0,0,1
1744095600000,new_york,precipitation,0.0,1,0,0
1744099200000,new_york,precipitation,0.0,0,0,1
1744102800000,new_york,precipitation,0.0,0,0,1
1744106400000,new_york,precipitation,0.0,0,0,1
1744110000000,new_york,precipitation,0.0,0,0,1
1744113600000,new_york,precipitation,0.0,1,0,0
1744117200000,new_york,precipitation,0.0,0,0,1
1744120800000,new_york,precipitation,0.0,0,0,1
1744124400000,new_york,precipitation,0.0,0,0,1
1744128000000,new_york,precipitation,0.0,0,0,1
1744131600000,new_york,precipitation,0.0,0,0,1
1744135200000,new_york,precipitation,0.0,0,0,1
1744138800000,new_york,precipitation,0.0,1,0,0
1744142400000,new_york,precipitation,0.0,0,0,1
1744146000000,new_york,precipitation,0.0,0,0,1
1744149600000,new_york,precipitation,0.0,0,0,1
1744153200000,new_york,precipitation,0.0,0,0,1
1744156800000,new_york,precipitation,0.0,0,0,1
1744160400000,new_york,precipitation,0.0,1,0,0
1744164000000,new_york,precipitation,0.0,0,0,1
1744167600000,new_york,precipitation,0.0,0,0,1
1744171200000,new_york,precipitation,0.0,0,0,1
1744174800000,new_york,precipitation,0.0,0,0,1
1744178400000,new_york,precipitation,0.0,0,0,1
1744182000000,new_york,precipitation,0.0,0,0,1
1744185600000,new_york,precipitation,0.0,0,0,1
1744189200000,new_york,precipitation,0.0,0,0,1
1744192800000,new_york,precipitation,0.0,0,0,1
1744196400000,new_york,precipitation,0.0,0,0,1
1744200000000,new_york,precipitation,0.0,0,0,1
1744203600000,new_york,precipitation,0.0,0,0,1
1744207200000,new_york,precipitation,0.0,0,0,1
1744210800000,new_york,precipitation,0.0,1,0,0
1744214400000,new_york,precipitation,0.0,0,0,1
1744218000000,new_york,precipitation,0.0,0,0,1
1744221600000,new_york,precipitation,0.0,0,0,1
1744225200000,new_york,precipitation,0.0,0,0,1
1744228800000,new_york,precipitation,0.0,0,0,1
1744232400000,new_york,precipitation,0.0,0,0,1
1744236000000,new_york,precipitation,0.0,0,0,1
1744239600000,new_york,precipitation,0.0,0,0,1
1744243200000,new_york,precipitation,0.0,0,0,1
1744246800000,new_york,precipitation,0.0,0,0,1
1744250400000,new_york,precipitation,0.0,0,0,1
1744254000000,new_york,precipitation,0.0,0,0,1
1744257600000,new_york,precipitation,0.0,0,0,1
1744261200000,new_york,precipitation,0.0,0,0,1
1744264800000,new_york,precipitation,0.0,0,0,1
1744268400000,new_york,precipitation,0.0,0,0,1
1744272000000,new_york,precipitation,0.0,0,0,1
1744275600000,new_york,precipitation,0.0,0,0,1
1744279200000,new_york,precipitation,0.0,0,0,1
1744282800000,new_york,precipitation,0.0,1,0,0
1744286400000,new_york,precipitation,0.0,0,0,1
1744290000000,new_york,precipitation,0.0,0,0,1
1744293600000,new_york,precipitation,0.0,0,0,1
1744297200000,new_york,precipitation,0.0,1,0,0
1744300800000,new_york,precipitation,0.0,0,0,1
1744304400000,new_york,precipitation,0.1,0,1,0
1744308000000,new_york,precipitation,0.1,0,1,0
1744311600000,new_york,precipitation,0.1,1,1,1
1744315200000,new_york,precipitation,0.2,1,1,1
1744318800000,new_york,precipitation,0.1,0,1,0
1744322400000,new_york,precipitation,0.1,0,1,0
1744326000000,new_york,precipitation,0.0,0,0,1
1744329600000,new_york,precipitation,0.0,0,0,1
1744333200000,new_york,precipitation,0.0,0,0,1
1744336800000,new_york,precipitation,0.0,0,0,1
1744340400000,new_york,precipitation,0.0,0,0,1
1744344000000,new_york,precipitation,0.0,0,0,1
1744347600000,new_york,precipitation,0.0,0,0,1
1744351200000,new_york,precipitation,0.0,0,0,1
1744354800000,new_york,precipitation,0.0,0,0,1
1744358400000,new_york,precipitation,0.0,0,0,1
1744362000000,new_york,precipitation,0.0,0,0,1
1744365600000,new_york,precipitation,0.5,0,1,0
1744369200000,new_york,precipitation,1.0,0,1,0
1744372800000,new_york,precipitation,0.9,1,1,1
1744376400000,new_york,precipitation,0.7,1,1,1
1744380000000,new_york,precipitation,1.0,0,1,0
1744383600000,new_york,precipitation,0.9,0,1,0
1744387200000,new_york,precipitation,0.8,0,1,0
1744390800000,new_york,precipitation,0.3,0,1,0
1744394400000,new_york,precipitation,0.2,0,1,0
1744398000000,new_york,precipitation,0.6703902119552934,1,1,1
1744401600000,new_york,precipitation,1.2,1,1,1
1744405200000,new_york,precipitation,1.6,0,1,0
1744408800000,new_york,precipitation,0.5,1,1,1
1744412400000,new_york,precipitation,1.5,0,1,0
1744416000000,new_york,precipitation,2.4,1,1,1
1744419600000,new_york,precipitation,3.1,1,1,1
1744423200000,new_york,precipitation,2.4,1,1,1
1744426800000,new_york,precipitation,1.8,0,1,0
1744430400000,new_york,precipitation,2.1,0,1,0
1744434000000,new_york,precipitation,1.7,0,1,0
1744437600000,new_york,precipitation,0.8,0,1,0
1744441200000,new_york,precipitation,0.45675728450285463,1,1,1
1744444800000,new_york,precipitation,0.3,0,1,0
1744448400000,new_york,precipitation,0.4,0,1,0
1744452000000,new_york,precipitation,0.3,0,1,0
1744455600000,new_york,precipitation,0.2,0,1,0
1744459200000,new_york,precipitation,0.2,0,1,0
1744462800000,new_york,precipitation,0.2,1,1,1
1744466400000,new_york,precipitation,0.1,0,1,0
1744470000000,new_york,precipitation,0.1,1,1,1
1744473600000,new_york,precipitation,0.2,0,1,0
1744477200000,new_york,precipitation,0.3,0,1,0
1744480800000,new_york,precipitation,0.1,0,1,0
1744484400000,new_york,precipitation,0.0,1,0,0
1744488000000,new_york,precipitation,0.0,0,0,1
1744491600000,new_york,precipitation,0.1,0,1,0
1744495200000,new_york,precipitation,0.0,0,0,1
1744498800000,new_york,precipitation,0.0,0,0,1
1744502400000,new_york,precipitation,0.0,0,0,1
1744506000000,new_york,precipitation,0.0,1,0,0
1744509600000,new_york,precipitation,0.0,0,0,1
1744513200000,new_york,precipitation,0.0,0,0,1
1744516800000,new_york,precipitation,0.0,0,0,1
1744520400000,new_york,precipitation,0.0,0,0,1
1744524000000,new_york,precipitation,0.0,0,0,1
1744527600000,new_york,precipitation,0.0,1,0,0
1744531200000,new_york,precipitation,0.0,1,0,0
1744534800000,new_york,precipitation,0.0,0,0,1
1744538400000,new_york,precipitation,0.0,0,0,1
1744542000000,new_york,precipitation,0.0,0,0,1
1744545600000,new_york,precipitation,0.0,0,0,1
1744549200000,new_york,precipitation,0.0,0,0,1
1744552800000,new_york,precipitation,0.0,0,0,1
1744556400000,new_york,precipitation,0.0,0,0,1
1744560000000,new_york,precipitation,0.0,0,0,1
1744563600000,new_york,precipitation,0.0,0,0,1
1744567200000,new_york,precipitation,0.0,0,0,1
1744570800000,new_york,precipitation,0.0,0,0,1
1744574400000,new_york,precipitation,0.0,0,0,1
1744578000000,new_york,precipitation,0.0,1,0,0
1744581600000,new_york,precipitation,0.0,0,0,1
1744585200000,new_york,precipitation,0.0,0,0,1
1744588800000,new_york,precipitation,0.0,1,0,0
1744592400000,new_york,precipitation,0.0,0,0,1
1744596000000,new_york,precipitation,0.0,0,0,1
1744599600000,new_york,precipitation,0.0,0,0,1
1744603200000,new_york,precipitation,0.0,0,0,1
1744606800000,new_york,precipitation,0.0,0,0,1
1744610400000,new_york,precipitation,0.0,0,0,1
1744614000000,new_york,precipitation,0.0,0,0,1
1744617600000,new_york,precipitation,0.0,0,0,1
1744621200000,new_york,precipitation,0.0,0,0,1
1744624800000,new_york,precipitation,0.0,0,0,1
1744628400000,new_york,precipitation,0.0,0,0,1
1744632000000,new_york,precipitation,0.0,0,0,1
1744635600000,new_york,precipitation,0.0,0,0,1
1744639200000,new_york,precipitation,0.0,0,0,1
1744642800000,new_york,precipitation,0.0,0,0,1
1744646400000,new_york,precipitation,0.0,0,0,1
1744650000000,new_york,precipitation,0.0,0,0,1
1744653600000,new_york,precipitation,0.0,0,0,1
1744657200000,new_york,precipitation,0.0,0,0,1
1744660800000,new_york,precipitation,0.0,0,0,1
1744664400000,new_york,precipitation,0.0,0,0,1
1744668000000,new_york,precipitation,0.0,1,0,0
1744671600000,new_york,precipitation,0.0,1,0,0
1744675200000,new_york,precipitation,0.0,0,0,1
1744678800000,new_york,precipitation,1.3,0,1,0
1744682400000,new_york,precipitation,0.0,1,0,0
1744686000000,new_york,precipitation,0.1,0,1,0
1744689600000,new_york,precipitation,0.0,0,0,1
1744693200000,new_york,precipitation,0.0,0,0,1
1744696800000,new_york,precipitation,0.0,0,0,1
1744700400000,new_york,precipitation,0.0,0,0,1
1744704000000,new_york,precipitation,0.0,0,0,1
1744707600000,new_york,precipitation,0.0,0,0,1
1744711200000,new_york,precipitation,0.0,1,0,0
1744714800000,new_york,precipitation,0.0,0,0,1
1744718400000,new_york,precipitation,0.0,0,0,1
1744722000000,new_york,precipitation,0.0,0,0,1
1744725600000,new_york,precipitation,0.0,0,0,1
1744729200000,new_york,precipitation,0.0,0,0,1
1744732800000,new_york,precipitation,0.0,0,0,1
1744736400000,new_york,precipitation,0.0,0,0,1
1744740000000,new_york,precipitation,0.0,1,0,0
1744743600000,new_york,precipitation,0.0,0,0,1
1744747200000,new_york,precipitation,0.0,0,0,1
1744750800000,new_york,precipitation,0.0,0,0,1
1744754400000,new_york,precipitation,0.0,0,0,1
1744758000000,new_york,precipitation,0.0,0,0,1
1744761600000,new_york,precipitation,0.0,0,0,1
1744765200000,new_york,precipitation,0.0,0,0,1
1744768800000,new_york,precipitation,0.0,0,0,1
1744772400000,new_york,precipitation,0.0,0,0,1
1744776000000,new_york,precipitation,0.0,0,0,1
1744779600000,new_york,precipitation,0.0,0,0,1
1744783200000,new_york,precipitation,0.0,0,0,1
1744786800000,new_york,precipitation,0.0,0,0,1
1744790400000,new_york,precipitation,0.0,1,0,0
1744794000000,new_york,precipitation,0.0,0,0,1
1744797600000,new_york,precipitation,0.0,0,0,1
1744801200000,new_york,precipitation,0.0,0,0,1
1744804800000,new_york,precipitation,0.0,0,0,1
1744808400000,new_york,precipitation,0.0,1,0,0
1744812000000,new_york,precipitation,0.0,0,0,1
1744815600000,new_york,precipitation,0.0,0,0,1
1744819200000,new_york,precipitation,0.0,1,0,0
1744822800000,new_york,precipitation,0.0,0,0,1
1744826400000,new_york,precipitation,0.0,0,0,1
1744830000000,new_york,precipitation,0.0,0,0,1
1744833600000,new_york,precipitation,0.0,0,0,1
1744837200000,new_york,precipitation,0.0,0,0,1
1744840800000,new_york,precipitation,0.0,1,0,0
1744844400000,new_york,precipitation,0.0,0,0,1
1744848000000,new_york,precipitation,0.0,0,0,1
1744851600000,new_york,precipitation,0.0,0,0,1
1744855200000,new_york,precipitation,0.0,0,0,1
1744858800000,new_york,precipitation,0.0,0,0,1
1744862400000,new_york,precipitation,0.0,0,0,1
1744866000000,new_york,precipitation,0.0,0,0,1
1744869600000,new_york,precipitation,0.0,0,0,1
1744873200000,new_york,precipitation,0.0,0,0,1
1744876800000,new_york,precipitation,0.0,0,0,1
1744880400000,new_york,precipitation,0.0,0,0,1
1744884000000,new_york,precipitation,0.0,0,0,1
1744887600000,new_york,precipitation,0.0,0,0,1
1744891200000,new_york,precipitation,0.0,1,0,0
1744894800000,new_york,precipitation,0.0,1,0,0
1744898400000,new_york,precipitation,0.0,0,0,1
1744902000000,new_york,precipitation,0.0,1,0,0
1744905600000,new_york,precipitation,0.0,0,0,1
1744909200000,new_york,precipitation,0.0,0,0,1
1744912800000,new_york,precipitation,0.0,0,0,1
1744916400000,new_york,precipitation,0.0,1,0,0
1744920000000,new_york,precipitation,0.0,0,0,1
1744923600000,new_york,precipitation,0.0,0,0,1
1744927200000,new_york,precipitation,0.0,0,0,1
1744930800000,new_york,precipitation,0.0,0,0,1
1744934400000,new_york,precipitation,0.0,0,0,1
1744938000000,new_york,precipitation,0.0,0,0,1
1744941600000,new_york,precipitation,0.0,0,0,1
1744945200000,new_york,precipitation,0.0,0,0,1
1744948800000,new_york,precipitation,0.0,0,0,1
1744952400000,new_york,precipitation,0.0,0,0,1
1744956000000,new_york,precipitation,0.0,0,0,1
1744959600000,new_york,precipitation,0.0,0,0,1
1744963200000,new_york,precipitation,0.0,0,0,1
1744966800000,new_york,precipitation,0.0,0,0,1
1744970400000,new_york,precipitation,0.0,0,0,1
1744974000000,new_york,precipitation,0.0,0,0,1
1744977600000,new_york,precipitation,0.0,0,0,1
1744981200000,new_york,precipitation,0.0,1,0,0
1744984800000,new_york,precipitation,0.0,0,0,1
1744988400000,new_york,precipitation,0.0,0,0,1
1744992000000,new_york,precipitation,0.0,1,0,0
1744995600000,new_york,precipitation,0.0,0,0,1
1744999200000,new_york,precipitation,0.0,0,0,1
1745002800000,new_york,precipitation,0.0,0,0,1
1745006400000,new_york,precipitation,0.0,0,0,1
1745010000000,new_york,precipitation,0.0,0,0,1
1745013600000,new_york,precipitation,0.0,0,0,1
1745017200000,new_york,precipitation,0.0,0,0,1
1745020800000,new_york,precipitation,0.0,0,0,1
1745024400000,new_york,precipitation,0.1,0,1,0
1745028000000,new_york,precipitation,0.0,0,0,1
1745031600000,new_york,precipitation,0.0,0,0,1
1745035200000,new_york,precipitation,0.0,1,0,0
1745038800000,new_york,precipitation,0.0,0,0,1
1745042400000,new_york,precipitation,0.0,0,0,1
1745046000000,new_york,precipitation,0.0,0,0,1
1745049600000,new_york,precipitation,0.0,0,0,1
1745053200000,new_york,precipitation,0.0,1,0,0
1745056800000,new_york,precipitation,0.0,0,0,1
1745060400000,new_york,precipitation,0.0,0,0,1
1745064000000,new_york,precipitation,0.0,0,0,1
1745067600000,new_york,precipitation,0.0,1,0,0
1745071200000,new_york,precipitation,0.0,1,0,0
1745074800000,new_york,precipitation,0.0,0,0,1
1745078400000,new_york,precipitation,0.0,0,0,1
1745082000000,new_york,precipitation,0.0,1,0,0
1745085600000,new_york,precipitation,0.0,0,0,1
1745089200000,new_york,precipitation,0.0,0,0,1
1745092800000,new_york,precipitation,0.0,0,0,1
1745096400000,new_york,precipitation,0.0,0,0,1
1745100000000,new_york,precipitation,0.0,0,0,1
1745103600000,new_york,precipitation,0.0,0,0,1
1745107200000,new_york,precipitation,0.0,0,0,1
1745110800000,new_york,precipitation,0.0,0,0,1
1745114400000,new_york,precipitation,0.0,1,0,0
1745118000000,new_york,precipitation,0.0,0,0,1
1745121600000,new_york,precipitation,0.0,0,0,1
1745125200000,new_york,precipitation,0.0,1,0,0
1745128800000,new_york,precipitation,0.0,0,0,1
1745132400000,new_york,precipitation,0.0,0,0,1
1745136000000,new_york,precipitation,0.0,0,0,1
1745139600000,new_york,precipitation,0.0,1,0,0
1745143200000,new_york,precipitation,0.0,0,0,1
1745146800000,new_york,precipitation,0.0,1,0,0
1745150400000,new_york,precipitation,0.0,1,0,0
1745154000000,new_york,precipitation,0.0,0,0,1
1745157600000,new_york,precipitation,0.0,1,0,0
1745161200000,new_york,precipitation,0.0,0,0,1
1745164800000,new_york,precipitation,0.0,1,0,0
1745168400000,new_york,precipitation,0.0,0,0,1
1745172000000,new_york,precipitation,0.0,0,0,1
1745175600000,new_york,precipitation,0.0,0,0,1
1745179200000,new_york,precipitation,0.0,0,0,1
1745182800000,new_york,precipitation,0.0,0,0,1
1745186400000,new_york,precipitation,0.0,0,0,1
1745190000000,new_york,precipitation,0.0,0,0,1
1745193600000,new_york,precipitation,0.0,0,0,1
1745197200000,new_york,precipitation,0.0,0,0,1
1745200800000,new_york,precipitation,0.0,0,0,1
1745204400000,new_york,precipitation,0.0,0,0,1
1745208000000,new_york,precipitation,0.0,0,0,1
1745211600000,new_york,precipitation,0.0,0,0,1
1745215200000,new_york,precipitation,0.0,0,0,1
1745218800000,new_york,precipitation,0.0,0,0,1
1745222400000,new_york,precipitation,0.0,0,0,1
1745226000000,new_york,precipitation,0.0,0,0,1
1745229600000,new_york,precipitation,0.0,0,0,1
1745233200000,new_york,precipitation,0.0,0,0,1
1745236800000,new_york,precipitation,0.0,0,0,1
1745240400000,new_york,precipitation,0.0,1,0,0
1745244000000,new_york,precipitation,0.0,0,0,1
1745247600000,new_york,precipitation,0.0,0,0,1
1745251200000,new_york,precipitation,0.0,0,0,1
1745254800000,new_york,precipitation,0.0,0,0,1
1745258400000,new_york,precipitation,0.0,1,0,0
1745262000000,new_york,precipitation,0.0,0,0,1
1745265600000,new_york,precipitation,0.0,0,0,1
1745269200000,new_york,precipitation,0.1,0,1,0
1745272800000,new_york,precipitation,0.2,0,1,0
1745276400000,new_york,precipitation,0.0,1,0,0
1745280000000,new_york,precipitation,0.0,0,0,1
1745283600000,new_york,precipitation,0.1,0,1,0
1745287200000,new_york,precipitation,0.0,0,0,1
1745290800000,new_york,precipitation,0.0,1,0,0
1745294400000,new_york,precipitation,0.0,0,0,1
1745298000000,new_york,precipitation,0.0,0,0,1
1745301600000,new_york,precipitation,0.0,0,0,1
1745305200000,new_york,precipitation,0.0,0,0,1
1745308800000,new_york,precipitation,0.0,0,0,1
1745312400000,new_york,precipitation,0.0,0,0,1
1745316000000,new_york,precipitation,0.0,0,0,1
1745319600000,new_york,precipitation,0.0,0,0,1
1745323200000,new_york,precipitation,0.0,0,0,1
1745326800000,new_york,precipitation,0.0,1,0,0
1745330400000,new_york,precipitation,0.0,1,0,0
1745334000000,new_york,precipitation,0.0,0,0,1
1745337600000,new_york,precipitation,0.0,0,0,1
1745341200000,new_york,precipitation,0.0,0,0,1
1745344800000,new_york,precipitation,0.0,0,0,1
1745348400000,new_york,precipitation,0.0,0,0,1
1745352000000,new_york,precipitation,0.0,0,0,1
1745355600000,new_york,precipitation,0.0,0,0,1
1745359200000,new_york,precipitation,0.0,1,0,0
1745362800000,new_york,precipitation,0.0,0,0,1
1745366400000,new_york,precipitation,0.0,1,0,0
1745370000000,new_york,precipitation,0.0,0,0,1
1745373600000,new_york,precipitation,0.0,0,0,1
1745377200000,new_york,precipitation,0.0,0,0,1
1745380800000,new_york,precipitation,0.0,0,0,1
1745384400000,new_york,precipitation,0.0,0,0,1
1745388000000,new_york,precipitation,0.0,1,0,0
1745391600000,new_york,precipitation,0.0,0,0,1
1745395200000,new_york,precipitation,0.0,0,0,1
1745398800000,new_york,precipitation,0.0,0,0,1
1745402400000,new_york,precipitation,0.0,1,0,0
1745406000000,new_york,precipitation,0.0,1,0,0
1745409600000,new_york,precipitation,0.0,0,0,1
1745413200000,new_york,precipitation,0.0,0,0,1
1745416800000,new_york,precipitation,0.0,0,0,1
1745420400000,new_york,precipitation,0.0,0,0,1
1745424000000,new_york,precipitation,0.0,0,0,1
1745427600000,new_york,precipitation,0.0,1,0,0
1745431200000,new_york,precipitation,0.0,0,0,1
1745434800000,new_york,precipitation,0.0,0,0,1
1745438400000,new_york,precipitation,0.0,0,0,1
1745442000000,new_york,precipitation,0.0,1,0,0
1745445600000,new_york,precipitation,0.0,0,0,1
1745449200000,new_york,precipitation,0.0,0,0,1
1745452800000,new_york,precipitation,0.0,0,0,1
1745456400000,new_york,precipitation,0.0,0,0,1
1745460000000,new_york,precipitation,0.0,0,0,1
1745463600000,new_york,precipitation,0.0,0,0,1
1745467200000,new_york,precipitation,0.0,0,0,1
1745470800000,new_york,precipitation,0.0,0,0,1
1745474400000,new_york,precipitation,0.0,1,0,0
1745478000000,new_york,precipitation,0.0,0,0,1
1745481600000,new_york,precipitation,0.0,0,0,1
1745485200000,new_york,precipitation,0.0,0,0,1
1745488800000,new_york,precipitation,0.0,0,0,1
1745492400000,new_york,precipitation,0.0,0,0,1
1745496000000,new_york,precipitation,0.0,0,0,1
1745499600000,new_york,precipitation,0.0,0,0,1
1745503200000,new_york,precipitation,0.0,0,0,1
1745506800000,new_york,precipitation,0.0,0,0,1
1745510400000,new_york,precipitation,0.0,0,0,1
1745514000000,new_york,precipitation,0.0,0,0,1
1745517600000,new_york,precipitation,0.0,0,0,1
1745521200000,new_york,precipitation,0.0,0,0,1
1745524800000,new_york,precipitation,0.0,1,0,0
1745528400000,new_york,precipitation,0.0,0,0,1
1745532000000,new_york,precipitation,0.0,0,0,1
1745535600000,new_york,precipitation,0.0,0,0,1
1745539200000,new_york,precipitation,0.0,0,0,1
1745542800000,new_york,precipitation,0.0,1,0,0
1745546400000,new_york,precipitation,0.0,0,0,1
1745550000000,new_york,precipitation,0.0,0,0,1
1745553600000,new_york,precipitation,0.0,0,0,1
1745557200000,new_york,precipitation,0.0,0,0,1
1745560800000,new_york,precipitation,0.0,0,0,1
1745564400000,new_york,precipitation,0.0,0,0,1
1745568000000,new_york,precipitation,0.0,0,0,1
1745571600000,new_york,precipitation,0.0,0,0,1
1745575200000,new_york,precipitation,0.0,0,0,1
1745578800000,new_york,precipitation,0.0,0,0,1
1745582400000,new_york,precipitation,0.0,0,0,1
1745586000000,new_york,precipitation,0.0,0,0,1
1745589600000,new_york,precipitation,0.0,0,0,1
1745593200000,new_york,precipitation,0.0,1,0,0
1745596800000,new_york,precipitation,0.0,1,0,0
1745600400000,new_york,precipitation,0.0,0,0,1
1745604000000,new_york,precipitation,0.0,1,0,0
1745607600000,new_york,precipitation,0.0,0,0,1
1745611200000,new_york,precipitation,0.0,0,0,1
1745614800000,new_york,precipitation,0.0,0,0,1
1745618400000,new_york,precipitation,0.0,0,0,1
1745622000000,new_york,precipitation,0.0,0,0,1
1745625600000,new_york,precipitation,0.0,0,0,1
1745629200000,new_york,precipitation,0.0,0,0,1
1745632800000,new_york,precipitation,0.0,0,0,1
1745636400000,new_york,precipitation,0.1,1,1,1
1745640000000,new_york,precipitation,1.3,0,1,0
1745643600000,new_york,precipitation,0.1,0,1,0
1745647200000,new_york,precipitation,0.9,0,1,0
1745650800000,new_york,precipitation,0.6,0,1,0
1745654400000,new_york,precipitation,0.1,0,1,0
1745658000000,new_york,precipitation,0.22717780574257415,1,1,1
1745661600000,new_york,precipitation,0.9,0,1,0
1745665200000,new_york,precipitation,2.2,0,1,0
1745668800000,new_york,precipitation,1.6,0,1,0
1745672400000,new_york,precipitation,1.4,0,1,0
1745676000000,new_york,precipitation,2.5,0,1,0
1745679600000,new_york,precipitation,0.2,0,1,0
1745683200000,new_york,precipitation,0.1,0,1,0
1745686800000,new_york,precipitation,0.5,0,1,0
1745690400000,new_york,precipitation,0.0,0,0,1
1745694000000,new_york,precipitation,0.3,0,1,0
1745697600000,new_york,precipitation,0.1,0,1,0
1745701200000,new_york,precipitation,0.1,0,1,0
1745704800000,new_york,precipitation,0.0,0,0,1
1745708400000,new_york,precipitation,0.0,0,0,1
1745712000000,new_york,precipitation,0.0,0,0,1
1745715600000,new_york,precipitation,0.0,0,0,1
1745719200000,new_york,precipitation,0.0,0,0,1
1745722800000,new_york,precipitation,0.0,0,0,1
1745726400000,new_york,precipitation,0.0,0,0,1
1745730000000,new_york,precipitation,0.0,0,0,1
1745733600000,new_york,precipitation,0.0,0,0,1
1745737200000,new_york,precipitation,0.0,0,0,1
1745740800000,new_york,precipitation,0.0,0,0,1
1745744400000,new_york,precipitation,0.0,0,0,1
1745748000000,new_york,precipitation,0.0,0,0,1
1745751600000,new_york,precipitation,0.0,0,0,1
1745755200000,new_york,precipitation,0.0,1,0,0
1745758800000,new_york,precipitation,0.0,0,0,1
1745762400000,new_york,precipitation,0.0,0,0,1
1745766000000,new_york,precipitation,0.0,0,0,1
1745769600000,new_york,precipitation,0.0,1,0,0
1745773200000,new_york,precipitation,0.0,0,0,1
1745776800000,new_york,precipitation,0.0,1,0,0
1745780400000,new_york,precipitation,0.0,0,0,1
1745784000000,new_york,precipitation,0.0,0,0,1
1745787600000,new_york,precipitation,0.0,0,0,1
1745791200000,new_york,precipitation,0.0,1,0,0
1745794800000,new_york,precipitation,0.0,1,0,0
1745798400000,new_york,precipitation,0.0,0,0,1
1745802000000,new_york,precipitation,0.0,0,0,1
1745805600000,new_york,precipitation,0.0,1,0,0
1745809200000,new_york,precipitation,0.0,0,0,1
1745812800000,new_york,precipitation,0.0,0,0,1
1745816400000,new_york,precipitation,0.0,0,0,1
1745820000000,new_york,precipitation,0.0,0,0,1
1745823600000,new_york,precipitation,0.0,0,0,1
1745827200000,new_york,precipitation,0.0,0,0,1
1745830800000,new_york,precipitation,0.0,0,0,1
1745834400000,new_york,precipitation,0.0,0,0,1
1745838000000,new_york,precipitation,0.0,0,0,1
1745841600000,new_york,precipitation,0.0,0,0,1
1745845200000,new_york,precipitation,0.0,0,0,1
1745848800000,new_york,precipitation,0.0,0,0,1
1745852400000,new_york,precipitation,0.0,0,0,1
1745856000000,new_york,precipitation,0.0,1,0,0
1745859600000,new_york,precipitation,0.0,1,0,0
1745863200000,new_york,precipitation,0.0,0,0,1
1745866800000,new_york,precipitation,0.0,0,0,1
1745870400000,new_york,precipitation,0.0,0,0,1
1745874000000,new_york,precipitation,0.0,0,0,1
1745877600000,new_york,precipitation,0.0,0,0,1
1745881200000,new_york,precipitation,0.0,0,0,1
1745884800000,new_york,precipitation,0.0,0,0,1
1745888400000,new_york,precipitation,0.0,0,0,1
1745892000000,new_york,precipitation,0.0,0,0,1
1745895600000,new_york,precipitation,0.0,1,0,0
1745899200000,new_york,precipitation,0.0,0,0,1
1745902800000,new_york,precipitation,0.0,1,0,0
1745906400000,new_york,precipitation,0.0,0,0,1
1745910000000,new_york,precipitation,0.0,0,0,1
1745913600000,new_york,precipitation,0.0,0,0,1
1745917200000,new_york,precipitation,0.0,0,0,1
1745920800000,new_york,precipitation,0.0,0,0,1
1745924400000,new_york,precipitation,0.0,0,0,1
1745928000000,new_york,precipitation,0.0,0,0,1
1745931600000,new_york,precipitation,0.0,0,0,1
1745935200000,new_york,precipitation,0.0,0,0,1
1745938800000,new_york,precipitation,0.0,0,0,1
1745942400000,new_york,precipitation,0.0,0,0,1
1745946000000,new_york,precipitation,0.0,0,0,1
1745949600000,new_york,precipitation,0.0,1,0,0
1745953200000,new_york,precipitation,0.0,0,0,1
1745956800000,new_york,precipitation,0.0,0,0,1
1745960400000,new_york,precipitation,0.0,0,0,1
1745964000000,new_york,precipitation,0.0,0,0,1
1745967600000,new_york,precipitation,0.0,0,0,1
1745971200000,new_york,precipitation,0.0,0,0,1
1745974800000,new_york,precipitation,0.0,0,0,1
1745978400000,new_york,precipitation,0.0,1,0,0
1745982000000,new_york,precipitation,0.0,1,0,0
1745985600000,new_york,precipitation,0.0,0,0,1
1745989200000,new_york,precipitation,0.0,1,0,0
1745992800000,new_york,precipitation,0.0,1,0,0
1745996400000,new_york,precipitation,0.0,0,0,1
1746000000000,new_york,precipitation,0.0,0,0,1
1746003600000,new_york,precipitation,0.0,1,0,0
1746007200000,new_york,precipitation,0.0,0,0,1
1746010800000,new_york,precipitation,0.0,0,0,1
1746014400000,new_york,precipitation,0.0,1,0,0
1746018000000,new_york,precipitation,0.0,0,0,1
1746021600000,new_york,precipitation,0.0,0,0,1
1746025200000,new_york,precipitation,0.0,0,0,1
1746028800000,new_york,precipitation,0.0,0,0,1
1746032400000,new_york,precipitation,0.0,1,0,0
1746036000000,new_york,precipitation,0.0,1,0,0
1746039600000,new_york,precipitation,0.0,0,0,1
1746043200000,new_york,precipitation,0.0,0,0,1
1746046800000,new_york,precipitation,0.0,0,0,1
1746050400000,new_york,precipitation,0.0,0,0,1
1746054000000,new_york,precipitation,0.0,0,0,1
1746057600000,new_york,precipitation,0.0,0,0,1
1746061200000,new_york,precipitation,0.0,0,0,1
1746064800000,new_york,precipitation,0.0,0,0,1
1746068400000,new_york,precipitation,0.0,0,0,1
1746072000000,new_york,precipitation,0.0,0,0,1
1746075600000,new_york,precipitation,0.0,0,0,1
1746079200000,new_york,precipitation,0.0,1,0,0
1746082800000,new_york,precipitation,0.0,0,0,1
1746086400000,new_york,precipitation,0.0,0,0,1
1746090000000,new_york,precipitation,0.0,0,0,1
1746093600000,new_york,precipitation,0.0,0,0,1
1746097200000,new_york,precipitation,0.0,0,0,1
1746100800000,new_york,precipitation,0.0,0,0,1
1746104400000,new_york,precipitation,0.0,0,0,1
1746108000000,new_york,precipitation,0.0,0,0,1
1746111600000,new_york,precipitation,0.0,0,0,1
1746115200000,new_york,precipitation,0.0,0,0,1
1746118800000,new_york,precipitation,0.0,0,0,1
1746122400000,new_york,precipitation,0.0,1,0,0
1746126000000,new_york,precipitation,0.0,0,0,1
1746129600000,new_york,precipitation,0.0,1,0,0
1746133200000,new_york,precipitation,0.0,0,0,1
1746136800000,new_york,precipitation,0.0,0,0,1
1746140400000,new_york,precipitation,0.0,0,0,1
1746144000000,new_york,precipitation,0.0,0,0,1
1746147600000,new_york,precipitation,0.0,1,0,0
1746151200000,new_york,precipitation,0.0,0,0,1
1746154800000,new_york,precipitation,0.0,0,0,1
1746158400000,new_york,precipitation,0.0,0,0,1
1746162000000,new_york,precipitation,0.0,1,0,0
1746165600000,new_york,precipitation,0.0,0,0,1
1746169200000,new_york,precipitation,0.0,0,0,1
1746172800000,new_york,precipitation,0.0,0,0,1
1746176400000,new_york,precipitation,0.0,1,0,0
1746180000000,new_york,precipitation,0.0,1,0,0
1746183600000,new_york,precipitation,0.0,0,0,1
1746187200000,new_york,precipitation,0.0,0,0,1
1746190800000,new_york,precipitation,0.0,0,0,1
1746194400000,new_york,precipitation,0.0,0,0,1
1746198000000,new_york,precipitation,0.0,0,0,1
1746201600000,new_york,precipitation,0.0,0,0,1
1746205200000,new_york,precipitation,0.0,0,0,1
1746208800000,new_york,precipitation,0.0,0,0,1
1746212400000,new_york,precipitation,0.0,0,0,1
1746216000000,new_york,precipitation,0.0,0,0,1
1746219600000,new_york,precipitation,0.0,0,0,1
1746223200000,new_york,precipitation,0.0,0,0,1
1746226800000,new_york,precipitation,0.0,1,0,0
1746230400000,new_york,precipitation,0.0,0,0,1
1746234000000,new_york,precipitation,0.0,0,0,1
1746237600000,new_york,precipitation,0.0,0,0,1
1746241200000,new_york,precipitation,0.0,0,0,1
1746244800000,new_york,precipitation,0.0,0,0,1
1746248400000,new_york,precipitation,0.0,0,0,1
1746252000000,new_york,precipitation,0.0,0,0,1
1746255600000,new_york,precipitation,0.0,0,0,1
1746259200000,new_york,precipitation,0.0,0,0,1
1746262800000,new_york,precipitation,0.0,0,0,1
1746266400000,new_york,precipitation,0.0,0,0,1
1746270000000,new_york,precipitation,0.0,0,0,1
1746273600000,new_york,precipitation,0.0,0,0,1
1746277200000,new_york,precipitation,0.0,0,0,1
1746280800000,new_york,precipitation,0.0,0,0,1
1746284400000,new_york,precipitation,3.856243232979016,1,1,1
1746288000000,new_york,precipitation,0.0,0,0,1
1746291600000,new_york,precipitation,1.6,0,1,0
1746295200000,new_york,precipitation,0.9,0,1,0
1746298800000,new_york,precipitation,2.3,0,1,0
1746302400000,new_york,precipitation,0.4,0,1,0
1746306000000,new_york,precipitation,0.0,1,0,0
1746309600000,new_york,precipitation,0.0,0,0,1
1746313200000,new_york,precipitation,0.0,0,0,1
1746316800000,new_york,precipitation,0.4,0,1,0
1746320400000,new_york,precipitation,0.1,0,1,0
1746324000000,new_york,precipitation,0.0,0,0,1
1746327600000,new_york,precipitation,0.0,0,0,1
1746331200000,new_york,precipitation,0.0,0,0,1
1746334800000,new_york,precipitation,0.0,0,0,1
1746338400000,new_york,precipitation,0.0,0,0,1
1746342000000,new_york,precipitation,0.0,1,0,0
1746345600000,new_york,precipitation,0.0,0,0,1
1746349200000,new_york,precipitation,0.0,0,0,1
1746352800000,new_york,precipitation,0.0,0,0,1
1746356400000,new_york,precipitation,0.0,1,0,0
1746360000000,new_york,precipitation,0.0,0,0,1
1746363600000,new_york,precipitation,3.8,1,1,1
1746367200000,new_york,precipitation,0.3,0,1,0
1746370800000,new_york,precipitation,1.1,0,1,0
1746374400000,new_york,precipitation,1.4,0,1,0
1746378000000,new_york,precipitation,2.0,0,1,0
1746381600000,new_york,precipitation,1.3,0,1,0
1746385200000,new_york,precipitation,0.9,1,1,1
1746388800000,new_york,precipitation,0.5,0,1,0
1746392400000,new_york,precipitation,0.8,0,1,0
1746396000000,new_york,precipitation,0.6,0,1,0
1746399600000,new_york,precipitation,0.4215114851509765,1,1,1
1746403200000,new_york,precipitation,0.0,1,0,0
1746406800000,new_york,precipitation,0.0,0,0,1
1746410400000,new_york,precipitation,0.0,0,0,1
1746414000000,new_york,precipitation,0.0,0,0,1
1746417600000,new_york,precipitation,0.0,0,0,1
1746421200000,new_york,precipitation,0.0,0,0,1
1746424800000,new_york,precipitation,0.0,1,0,0
1746428400000,new_york,precipitation,0.0,1,0,0
1746432000000,new_york,precipitation,0.0,0,0,1
1746435600000,new_york,precipitation,0.1,0,1,0
1746439200000,new_york,precipitation,0.2,0,1,0
1746442800000,new_york,precipitation,0.2,1,1,1
1746446400000,new_york,precipitation,0.5,0,1,0
1746450000000,new_york,precipitation,1.2,0,1,0
1746453600000,new_york,precipitation,0.6,0,1,0
1746457200000,new_york,precipitation,0.6,0,1,0
1746460800000,new_york,precipitation,1.5,0,1,0
1746464400000,new_york,precipitation,0.9,0,1,0
1746468000000,new_york,precipitation,2.6,0,1,0
1746471600000,new_york,precipitation,1.3,0,1,0
1746475200000,new_york,precipitation,1.7,0,1,0
1746478800000,new_york,precipitation,0.2,0,1,0
1746482400000,new_york,precipitation,0.7,0,1,0
1746486000000,new_york,precipitation,0.4,0,1,0
1746489600000,new_york,precipitation,0.7,0,1,0
1746493200000,new_york,precipitation,0.4,1,1,1
1746496800000,new_york,precipitation,0.0,1,0,0
1746500400000,new_york,precipitation,0.0,0,0,1
1746504000000,new_york,precipitation,0.0,0,0,1
1746507600000,new_york,precipitation,0.0,0,0,1
1746511200000,new_york,precipitation,0.0,0,0,1
1746514800000,new_york,precipitation,0.0,0,0,1
1746518400000,new_york,precipitation,0.9,1,1,1
1746522000000,new_york,precipitation,0.8,0,1,0
1746525600000,new_york,precipitation,16.9,0,1,0
1746529200000,new_york,precipitation,1.2,0,1,0
1746532800000,new_york,precipitation,0.1,0,1,0
1746536400000,new_york,precipitation,0.0,0,0,1
1746540000000,new_york,precipitation,0.0,0,0,1
1746543600000,new_york,precipitation,0.0,0,0,1
1746547200000,new_york,precipitation,0.0,0,0,1
1746550800000,new_york,precipitation,0.0,0,0,1
1746554400000,new_york,precipitation,0.2,1,1,1
1746558000000,new_york,precipitation,0.1,0,1,0
1746561600000,new_york,precipitation,0.0,0,0,1
1746565200000,new_york,precipitation,0.0,0,0,1
1746568800000,new_york,precipitation,0.0,0,0,1
1746572400000,new_york,precipitation,0.0,0,0,1
1746576000000,new_york,precipitation,0.0,0,0,1
1746579600000,new_york,precipitation,0.0,0,0,1
1746583200000,new_york,precipitation,0.0,0,0,1
1746586800000,new_york,precipitation,0.0,0,0,1
1746590400000,new_york,precipitation,0.0,0,0,1
1746594000000,new_york,precipitation,0.1,0,1,0
1746597600000,new_york,precipitation,0.2,1,1,1
1746601200000,new_york,precipitation,0.0,0,0,1
1746604800000,new_york,precipitation,0.0,0,0,1
1746608400000,new_york,precipitation,0.0,0,0,1
1746612000000,new_york,precipitation,0.0,0,0,1
1746615600000,new_york,precipitation,0.0,0,0,1
1746619200000,new_york,precipitation,0.0,0,0,1
1746622800000,new_york,precipitation,0.0,0,0,1
1746626400000,new_york,precipitation,0.0,0,0,1
1746630000000,new_york,precipitation,0.0,1,0,0
1746633600000,new_york,precipitation,0.0,0,0,1
1746637200000,new_york,precipitation,0.0,0,0,1
1746640800000,new_york,precipitation,0.0,0,0,1
1746644400000,new_york,precipitation,0.0,0,0,1
1746648000000,new_york,precipitation,0.0,0,0,1
1746651600000,new_york,precipitation,0.0,0,0,1
1746655200000,new_york,precipitation,0.0,0,0,1
1746658800000,new_york,precipitation,0.0,0,0,1
1746662400000,new_york,precipitation,0.0,0,0,1
1746666000000,new_york,precipitation,0.0,0,0,1
1746669600000,new_york,precipitation,0.0,1,0,0
1746673200000,new_york,precipitation,0.0,0,0,1
1746676800000,new_york,precipitation,0.0,0,0,1
1746680400000,new_york,precipitation,0.0,0,0,1
1746684000000,new_york,precipitation,0.0,0,0,1
1746687600000,new_york,precipitation,0.0,0,0,1
1746691200000,new_york,precipitation,0.0,0,0,1
1746694800000,new_york,precipitation,0.0,0,0,1
1746698400000,new_york,precipitation,0.0,0,0,1
1746702000000,new_york,precipitation,0.0,0,0,1
1746705600000,new_york,precipitation,0.0,0,0,1
1746709200000,new_york,precipitation,0.0,0,0,1
1746712800000,new_york,precipitation,0.0,0,0,1
1746716400000,new_york,precipitation,0.0,0,0,1
1746720000000,new_york,precipitation,0.0,0,0,1
1746723600000,new_york,precipitation,0.0,0,0,1
1746727200000,new_york,precipitation,0.4,1,1,1
1746730800000,new_york,precipitation,0.0,0,0,1
1746734400000,new_york,precipitation,0.0,0,0,1
1746738000000,new_york,precipitation,0.0,0,0,1
1746741600000,new_york,precipitation,0.0,0,0,1
1746745200000,new_york,precipitation,0.0,1,0,0
1746748800000,new_york,precipitation,0.0,0,0,1
1746752400000,new_york,precipitation,0.0,0,0,1
1746756000000,new_york,precipitation,0.0,1,0,0
1746759600000,new_york,precipitation,0.0,1,0,0
1746763200000,new_york,precipitation,0.0,0,0,1
1746766800000,new_york,precipitation,0.0,0,0,1
1746770400000,new_york,precipitation,0.9,0,1,0
1746774000000,new_york,precipitation,1.4,1,1,1
1746777600000,new_york,precipitation,2.8,0,1,0
1746781200000,new_york,precipitation,1.8,0,1,0
1746784800000,new_york,precipitation,2.2,0,1,0
1746788400000,new_york,precipitation,1.8,0,1,0
1746792000000,new_york,precipitation,1.3,0,1,0
1746795600000,new_york,precipitation,0.1,0,1,0
1746799200000,new_york,precipitation,0.1,0,1,0
1746802800000,new_york,precipitation,0.4,0,1,0
1746806400000,new_york,precipitation,0.3,0,1,0
1746810000000,new_york,precipitation,0.3,0,1,0
1746813600000,new_york,precipitation,0.6,0,1,0
1746817200000,new_york,precipitation,0.6,0,1,0
1746820800000,new_york,precipitation,0.0,0,0,1
1746824400000,new_york,precipitation,0.0,0,0,1
1746828000000,new_york,precipitation,0.0,0,0,1
1746831600000,new_york,precipitation,0.0,0,0,1
1746835200000,new_york,precipitation,0.0,0,0,1
1746838800000,new_york,precipitation,0.0,0,0,1
1746842400000,new_york,precipitation,0.0,0,0,1
1746846000000,new_york,precipitation,0.0,1,0,0
1746849600000,new_york,precipitation,0.0,1,0,0
1746853200000,new_york,precipitation,0.0,0,0,1
1746856800000,new_york,precipitation,0.0,1,0,0
1746860400000,new_york,precipitation,0.0,0,0,1
1746864000000,new_york,precipitation,0.0,0,0,1
1746867600000,new_york,precipitation,0.0,0,0,1
1746871200000,new_york,precipitation,0.0,0,0,1
1746874800000,new_york,precipitation,0.0,0,0,1
1746878400000,new_york,precipitation,0.0,0,0,1
1746882000000,new_york,precipitation,0.0,0,0,1
1746885600000,new_york,precipitation,0.0,0,0,1
1746889200000,new_york,precipitation,0.0,0,0,1
1746892800000,new_york,precipitation,0.0,0,0,1
1746896400000,new_york,precipitation,0.0,0,0,1
1746900000000,new_york,precipitation,0.0,0,0,1
1746903600000,new_york,precipitation,0.0,0,0,1
1746907200000,new_york,precipitation,0.0,0,0,1
1746910800000,new_york,precipitation,0.0,0,0,1
1746914400000,new_york,precipitation,0.0,1,0,0
1746918000000,new_york,precipitation,0.0,0,0,1
1746921600000,new_york,precipitation,0.0,0,0,1
1746925200000,new_york,precipitation,0.0,1,0,0
1746928800000,new_york,precipitation,0.0,0,0,1
1746932400000,new_york,precipitation,0.0,0,0,1
1746936000000,new_york,precipitation,0.0,1,0,0
1746939600000,new_york,precipitation,0.0,0,0,1
1746943200000,new_york,precipitation,0.0,1,0,0
1746946800000,new_york,precipitation,0.0,0,0,1
1746950400000,new_york,precipitation,0.0,0,0,1
1746954000000,new_york,precipitation,0.0,0,0,1
1746957600000,new_york,precipitation,0.0,0,0,1
1746961200000,new_york,precipitation,0.0,0,0,1
1746964800000,new_york,precipitation,0.0,0,0,1
1746968400000,new_york,precipitation,0.0,0,0,1
1746972000000,new_york,precipitation,0.0,0,0,1
1746975600000,new_york,precipitation,0.0,0,0,1
1746979200000,new_york,precipitation,0.0,0,0,1
1746982800000,new_york,precipitation,0.0,0,0,1
1746986400000,new_york,precipitation,0.0,0,0,1
1746990000000,new_york,precipitation,0.0,1,0,0
1746993600000,new_york,precipitation,0.0,0,0,1
1746997200000,new_york,precipitation,0.0,1,0,0
1747000800000,new_york,precipitation,0.0,0,0,1
1747004400000,new_york,precipitation,0.0,0,0,1
1747008000000,new_york,precipitation,0.0,0,0,1
1747011600000,new_york,precipitation,0.0,0,0,1
1747015200000,new_york,precipitation,0.0,0,0,1
1747018800000,new_york,precipitation,0.0,0,0,1
1747022400000,new_york,precipitation,0.0,0,0,1
1747026000000,new_york,precipitation,0.0,0,0,1
1747029600000,new_york,precipitation,0.0,0,0,1
1747033200000,new_york,precipitation,0.0,0,0,1
1747036800000,new_york,precipitation,0.0,0,0,1
1747040400000,new_york,precipitation,0.0,0,0,1
1747044000000,new_york,precipitation,0.0,1,0,0
1747047600000,new_york,precipitation,0.0,0,0,1
1747051200000,new_york,precipitation,0.0,0,0,1
1747054800000,new_york,precipitation,0.0,0,0,1
1747058400000,new_york,precipitation,0.0,0,0,1
1747062000000,new_york,precipitation,0.0,0,0,1
1747065600000,new_york,precipitation,0.0,0,0,1
1747069200000,new_york,precipitation,0.0,0,0,1
1747072800000,new_york,precipitation,0.0,0,0,1
1747076400000,new_york,precipitation,0.0,0,0,1
1747080000000,new_york,precipitation,0.0,0,0,1
1747083600000,new_york,precipitation,0.0,0,0,1
1747087200000,new_york,precipitation,0.0,0,0,1
1747090800000,new_york,precipitation,0.0,0,0,1
1747094400000,new_york,precipitation,0.0,1,0,0
1747098000000,new_york,precipitation,0.0,0,0,1
1747101600000,new_york,precipitation,0.0,0,0,1
1747105200000,new_york,precipitation,0.0,0,0,1
1747108800000,new_york,precipitation,0.0,1,0,0
1747112400000,new_york,precipitation,0.0,1,0,0
1747116000000,new_york,precipitation,0.0,0,0,1
1747119600000,new_york,precipitation,0.0,0,0,1
1747123200000,new_york,precipitation,0.0,0,0,1
1747126800000,new_york,precipitation,0.0,0,0,1
1747130400000,new_york,precipitation,0.0,0,0,1
1747134000000,new_york,precipitation,0.0,1,0,0
1747137600000,new_york,precipitation,0.3,1,1,1
1747141200000,new_york,precipitation,0.1,0,1,0
1747144800000,new_york,precipitation,0.0,0,0,1
1747148400000,new_york,precipitation,0.1,0,1,0
1747152000000,new_york,precipitation,0.3,0,1,0
1747155600000,new_york,precipitation,0.3,1,1,1
1747159200000,new_york,precipitation,0.3,0,1,0
1747162800000,new_york,precipitation,0.4,1,1,1
1747166400000,new_york,precipitation,0.3,1,1,1
1747170000000,new_york,precipitation,0.2,0,1,0
1747173600000,new_york,precipitation,0.4,0,1,0
1747177200000,new_york,precipitation,1.2,0,1,0
1747180800000,new_york,precipitation,0.5,0,1,0
1747184400000,new_york,precipitation,0.2,0,1,0
1747188000000,new_york,precipitation,0.1,0,1,0
1747191600000,new_york,precipitation,0.0,0,0,1
1747195200000,new_york,precipitation,0.0,0,0,1
1747198800000,new_york,precipitation,0.0,0,0,1
1747202400000,new_york,precipitation,0.0,0,0,1
1747206000000,new_york,precipitation,0.0,0,0,1
1747209600000,new_york,precipitation,0.0,0,0,1
1747213200000,new_york,precipitation,0.8,1,1,1
1747216800000,new_york,precipitation,0.9,0,1,0
1747220400000,new_york,precipitation,2.9,0,1,0
1747224000000,new_york,precipitation,1.1,1,1,1
1747227600000,new_york,precipitation,0.2,0,1,0
1747231200000,new_york,precipitation,0.3,0,1,0
1747234800000,new_york,precipitation,1.6,0,1,0
1747238400000,new_york,precipitation,10.7,0,1,0
1747242000000,new_york,precipitation,4.2,0,1,0
1747245600000,new_york,precipitation,1.5,1,1,1
1747249200000,new_york,precipitation,0.5,0,1,0
1747252800000,new_york,precipitation,0.5,1,1,1
1747256400000,new_york,precipitation,0.2,0,1,0
1747260000000,new_york,precipitation,0.3,0,1,0
1747263600000,new_york,precipitation,0.0,0,0,1
1747267200000,new_york,precipitation,0.0,0,0,1
1747270800000,new_york,precipitation,0.0,0,0,1
1747274400000,new_york,precipitation,0.0,0,0,1
1747278000000,new_york,precipitation,0.0,0,0,1
1747281600000,new_york,precipitation,0.0,0,0,1
1747285200000,new_york,precipitation,0.1,0,1,0
1747288800000,new_york,precipitation,0.1,0,1,0
1747292400000,new_york,precipitation,0.1,0,1,0
1747296000000,new_york,precipitation,0.0,0,0,1
1747299600000,new_york,precipitation,0.0,0,0,1
1747303200000,new_york,precipitation,0.3,0,1,0
1747306800000,new_york,precipitation,0.0,0,0,1
1747310400000,new_york,precipitation,0.1,0,1,0
1747314000000,new_york,precipitation,0.0,0,0,1
1747317600000,new_york,precipitation,3.4,1,1,1
1747321200000,new_york,precipitation,0.0,0,0,1
1747324800000,new_york,precipitation,0.0,0,0,1
1747328400000,new_york,precipitation,0.0,0,0,1
1747332000000,new_york,precipitation,0.0,0,0,1
1747335600000,new_york,precipitation,0.0,0,0,1
1747339200000,new_york,precipitation,0.0,0,0,1
1747342800000,new_york,precipitation,0.0,0,0,1
1747346400000,new_york,precipitation,0.0,0,0,1
1747350000000,new_york,precipitation,0.0,1,0,0
1747353600000,new_york,precipitation,0.0,0,0,1
1747357200000,new_york,precipitation,0.0,0,0,1
1747360800000,new_york,precipitation,0.0,0,0,1
1747364400000,new_york,precipitation,0.0,0,0,1
1747368000000,new_york,precipitation,0.0,0,0,1
1747371600000,new_york,precipitation,0.0,0,0,1
1747375200000,new_york,precipitation,0.0,0,0,1
1747378800000,new_york,precipitation,0.0,1,0,0
1747382400000,new_york,precipitation,0.0,0,0,1
1747386000000,new_york,precipitation,0.0,0,0,1
1747389600000,new_york,precipitation,0.1,0,1,0
1747393200000,new_york,precipitation,0.0,1,0,0
1747396800000,new_york,precipitation,0.0,0,0,1
1747400400000,new_york,precipitation,0.6,0,1,0
1747404000000,new_york,precipitation,0.2,0,1,0
1747407600000,new_york,precipitation,0.0,0,0,1
1747411200000,new_york,precipitation,0.0,1,0,0
1747414800000,new_york,precipitation,0.0,0,0,1
1747418400000,new_york,precipitation,0.0,1,0,0
1747422000000,new_york,precipitation,0.0,1,0,0
1747425600000,new_york,precipitation,0.0,0,0,1
1747429200000,new_york,precipitation,0.0,0,0,1
1747432800000,new_york,precipitation,0.0,0,0,1
1747436400000,new_york,precipitation,0.0,0,0,1
1747440000000,new_york,precipitation,0.0,0,0,1
1747443600000,new_york,precipitation,0.0,0,0,1
1747447200000,new_york,precipitation,0.0,0,0,1
1747450800000,new_york,precipitation,0.0,0,0,1
1747454400000,new_york,precipitation,0.0,0,0,1
1747458000000,new_york,precipitation,0.0,0,0,1
1747461600000,new_york,precipitation,0.0,0,0,1
1747465200000,new_york,precipitation,0.0,1,0,0
1747468800000,new_york,precipitation,0.0,0,0,1
1747472400000,new_york,precipitation,0.0,1,0,0
1747476000000,new_york,precipitation,1.6,1,1,1
1747479600000,new_york,precipitation,0.4,0,1,0
1747483200000,new_york,precipitation,0.0,0,0,1
1747486800000,new_york,precipitation,0.0,0,0,1
1747490400000,new_york,precipitation,0.0,0,0,1
1747494000000,new_york,precipitation,0.0,0,0,1
1747497600000,new_york,precipitation,0.5,0,1,0
1747501200000,new_york,precipitation,0.0,0,0,1
1747504800000,new_york,precipitation,0.0,0,0,1
1747508400000,new_york,precipitation,0.0,0,0,1
1747512000000,new_york,precipitation,0.0,1,0,0
1747515600000,new_york,precipitation,0.0,1,0,0
1747519200000,new_york,precipitation,0.0,0,0,1
1747522800000,new_york,precipitation,0.0,0,0,1
1747526400000,new_york,precipitation,0.0,0,0,1
1747530000000,new_york,precipitation,0.0,0,0,1
1747533600000,new_york,precipitation,0.0,0,0,1
1747537200000,new_york,precipitation,0.0,0,0,1
1747540800000,new_york,precipitation,0.0,0,0,1
1747544400000,new_york,precipitation,0.0,0,0,1
1747548000000,new_york,precipitation,0.0,0,0,1
1747551600000,new_york,precipitation,0.0,0,0,1
1747555200000,new_york,precipitation,0.0,0,0,1
1747558800000,new_york,precipitation,0.0,0,0,1
1747562400000,new_york,precipitation,0.0,0,0,1
1747566000000,new_york,precipitation,0.0,0,0,1
1747569600000,new_york,precipitation,0.0,0,0,1
1747573200000,new_york,precipitation,0.0,0,0,1
1747576800000,new_york,precipitation,0.0,0,0,1
1747580400000,new_york,precipitation,0.1,0,1,0
1747584000000,new_york,precipitation,0.2,0,1,0
1747587600000,new_york,precipitation,0.2,0,1,0
1747591200000,new_york,precipitation,0.0,0,0,1
1747594800000,new_york,precipitation,0.0,0,0,1
1747598400000,new_york,precipitation,0.0,1,0,0
1747602000000,new_york,precipitation,0.0,0,0,1
1747605600000,new_york,precipitation,0.0,0,0,1
1747609200000,new_york,precipitation,0.0,0,0,1
1747612800000,new_york,precipitation,0.0,1,0,0
1747616400000,new_york,precipitation,0.0,1,0,0
1747620000000,new_york,precipitation,0.0,0,0,1
1747623600000,new_york,precipitation,0.0,0,0,1
1747627200000,new_york,precipitation,0.0,0,0,1
1747630800000,new_york,precipitation,0.0,0,0,1
1747634400000,new_york,precipitation,0.0,1,0,0
1747638000000,new_york,precipitation,0.0,0,0,1
1747641600000,new_york,precipitation,0.0,0,0,1
1747645200000,new_york,precipitation,0.0,0,0,1
1747648800000,new_york,precipitation,0.0,0,0,1
1747652400000,new_york,precipitation,0.0,0,0,1
1747656000000,new_york,precipitation,0.0,1,0,0
1747659600000,new_york,precipitation,0.0,1,0,0
1747663200000,new_york,precipitation,0.0,0,0,1
1747666800000,new_york,precipitation,0.0,0,0,1
1747670400000,new_york,precipitation,0.0,0,0,1
1747674000000,new_york,precipitation,0.0,0,0,1
1747677600000,new_york,precipitation,0.0,0,0,1
1747681200000,new_york,precipitation,0.0,0,0,1
1747684800000,new_york,precipitation,0.0,0,0,1
1747688400000,new_york,precipitation,0.0,0,0,1
1747692000000,new_york,precipitation,0.0,1,0,0
1747695600000,new_york,precipitation,0.0,0,0,1
1747699200000,new_york,precipitation,0.0,0,0,1
1747702800000,new_york,precipitation,0.0,0,0,1
1747706400000,new_york,precipitation,0.0,0,0,1
1747710000000,new_york,precipitation,0.0,1,0,0
1747713600000,new_york,precipitation,0.0,1,0,0
1747717200000,new_york,precipitation,0.0,0,0,1
1747720800000,new_york,precipitation,0.0,1,0,0
1747724400000,new_york,precipitation,0.0,0,0,1
1747728000000,new_york,precipitation,0.0,0,0,1
1747731600000,new_york,precipitation,0.0,0,0,1
1747735200000,new_york,precipitation,0.0,0,0,1
1747738800000,new_york,precipitation,0.0,0,0,1
1747742400000,new_york,precipitation,0.0,1,0,0
1747746000000,new_york,precipitation,0.0,0,0,1
1747749600000,new_york,precipitation,0.0,0,0,1
1747753200000,new_york,precipitation,0.0,0,0,1
1747756800000,new_york,precipitation,0.0,0,0,1
1747760400000,new_york,precipitation,0.0,1,0,0
1747764000000,new_york,precipitation,0.0,1,0,0
1747767600000,new_york,precipitation,0.0,0,0,1
1747771200000,new_york,precipitation,0.0,1,0,0
1747774800000,new_york,precipitation,0.0,0,0,1
1747778400000,new_york,precipitation,0.0,0,0,1
1747782000000,new_york,precipitation,0.0,0,0,1
1747785600000,new_york,precipitation,0.0,0,0,1
1747789200000,new_york,precipitation,0.0,0,0,1
1747792800000,new_york,precipitation,0.0,0,0,1
1747796400000,new_york,precipitation,0.0,0,0,1
1747800000000,new_york,precipitation,0.0,0,0,1
1747803600000,new_york,precipitation,0.0,0,0,1
1747807200000,new_york,precipitation,0.0,0,0,1
1747810800000,new_york,precipitation,0.0,0,0,1
1747814400000,new_york,precipitation,0.0,0,0,1
1747818000000,new_york,precipitation,0.2,0,1,0
1747821600000,new_york,precipitation,0.4,1,1,1
1747825200000,new_york,precipitation,0.4,0,1,0
1747828800000,new_york,precipitation,0.4,0,1,0
1747832400000,new_york,precipitation,0.4,0,1,0
1747836000000,new_york,precipitation,0.5,1,1,1
1747839600000,new_york,precipitation,0.8,0,1,0
1747843200000,new_york,precipitation,0.1,0,1,0
1747846800000,new_york,precipitation,0.1,0,1,0
1747850400000,new_york,precipitation,0.0,0,0,1
1747854000000,new_york,precipitation,0.0,0,0,1
1747857600000,new_york,precipitation,0.0,1,0,0
1747861200000,new_york,precipitation,0.4,0,1,0
1747864800000,new_york,precipitation,0.2,0,1,0
1747868400000,new_york,precipitation,0.1,0,1,0
1747872000000,new_york,precipitation,0.1,0,1,0
1747875600000,new_york,precipitation,0.5,0,1,0
1747879200000,new_york,precipitation,3.3,1,1,1
1747882800000,new_york,precipitation,2.8,0,1,0
1747886400000,new_york,precipitation,1.6,0,1,0
1747890000000,new_york,precipitation,1.7,0,1,0
1747893600000,new_york,precipitation,2.8,0,1,0
1747897200000,new_york,precipitation,2.7,0,1,0
1747900800000,new_york,precipitation,2.5,0,1,0
1747904400000,new_york,precipitation,0.7,1,1,1
1747908000000,new_york,precipitation,0.4,0,1,0
1747911600000,new_york,precipitation,0.1,0,1,0
1747915200000,new_york,precipitation,0.1,0,1,0
1747918800000,new_york,precipitation,0.1,0,1,0
1747922400000,new_york,precipitation,0.0,0,0,1
1747926000000,new_york,precipitation,0.0,0,0,1
1747929600000,new_york,precipitation,0.0,0,0,1
1747933200000,new_york,precipitation,0.2,0,1,0
1747936800000,new_york,precipitation,1.0,0,1,0
1747940400000,new_york,precipitation,1.4,0,1,0
1747944000000,new_york,precipitation,0.3,0,1,0
1747947600000,new_york,precipitation,0.4,0,1,0
1747951200000,new_york,precipitation,0.1,0,1,0
1747954800000,new_york,precipitation,0.0,1,0,0
1747958400000,new_york,precipitation,0.0,1,0,0
1747962000000,new_york,precipitation,0.0,0,0,1
1747965600000,new_york,precipitation,0.0,0,0,1
1747969200000,new_york,precipitation,0.0,0,0,1
1747972800000,new_york,precipitation,0.0,0,0,1
1747976400000,new_york,precipitation,0.1,0,1,0
1747980000000,new_york,precipitation,0.2,0,1,0
1747983600000,new_york,precipitation,0.0,0,0,1
1747987200000,new_york,precipitation,0.0,1,0,0
1747990800000,new_york,precipitation,0.0,1,0,0
1747994400000,new_york,precipitation,0.0,0,0,1
1747998000000,new_york,precipitation,0.1,0,1,0
1748001600000,new_york,precipitation,0.0,0,0,1
1748005200000,new_york,precipitation,0.1,0,1,0
1748008800000,new_york,precipitation,0.1,0,1,0
1748012400000,new_york,precipitation,0.1,0,1,0
1748016000000,new_york,precipitation,0.1,0,1,0
1748019600000,new_york,precipitation,0.1,0,1,0
1748023200000,new_york,precipitation,0.4,0,1,0
1748026800000,new_york,precipitation,0.0,0,0,1
1748030400000,new_york,precipitation,1.9,0,1,0
1748034000000,new_york,precipitation,0.0,1,0,0
1748037600000,new_york,precipitation,0.0,0,0,1
1748041200000,new_york,precipitation,0.0,0,0,1
1748044800000,new_york,precipitation,0.0,0,0,1
1748048400000,new_york,precipitation,0.0,0,0,1
1748052000000,new_york,precipitation,0.0,0,0,1
1748055600000,new_york,precipitation,0.0,0,0,1
1748059200000,new_york,precipitation,0.0,1,0,0
1748062800000,new_york,precipitation,0.0,0,0,1
1748066400000,new_york,precipitation,0.0,0,0,1
1748070000000,new_york,precipitation,0.0,0,0,1
1748073600000,new_york,precipitation,0.0,0,0,1
1748077200000,new_york,precipitation,0.0,0,0,1
1748080800000,new_york,precipitation,0.0,0,0,1
1748084400000,new_york,precipitation,0.1,0,1,0
1748088000000,new_york,precipitation,0.0,0,0,1
1748091600000,new_york,precipitation,0.0,0,0,1
1748095200000,new_york,precipitation,0.0,0,0,1
1748098800000,new_york,precipitation,0.4,0,1,0
1748102400000,new_york,precipitation,0.0,0,0,1
1748106000000,new_york,precipitation,0.0,0,0,1
1748109600000,new_york,precipitation,0.0,1,0,0
1748113200000,new_york,precipitation,0.0,0,0,1
1748116800000,new_york,precipitation,0.0,0,0,1
1748120400000,new_york,precipitation,0.0,0,0,1
1748124000000,new_york,precipitation,0.0,0,0,1
1748127600000,new_york,precipitation,0.0,0,0,1
1748131200000,new_york,precipitation,0.0,0,0,1
1748134800000,new_york,precipitation,0.0,0,0,1
1748138400000,new_york,precipitation,0.0,0,0,1
1748142000000,new_york,precipitation,0.0,0,0,1
1748145600000,new_york,precipitation,0.0,0,0,1
1748149200000,new_york,precipitation,0.0,0,0,1
1748152800000,new_york,precipitation,0.0,0,0,1
1748156400000,new_york,precipitation,0.0,1,0,0
1748160000000,new_york,precipitation,0.0,0,0,1
1748163600000,new_york,precipitation,0.0,0,0,1
1748167200000,new_york,precipitation,0.0,0,0,1
1748170800000,new_york,precipitation,0.0,0,0,1
1748174400000,new_york,precipitation,0.0,0,0,1
1748178000000,new_york,precipitation,0.0,0,0,1
1748181600000,new_york,precipitation,0.0,0,0,1
1748185200000,new_york,precipitation,0.0,0,0,1
1748188800000,new_york,precipitation,0.0,0,0,1
1748192400000,new_york,precipitation,0.0,1,0,0
1748196000000,new_york,precipitation,0.0,0,0,1
1748199600000,new_york,precipitation,0.0,0,0,1
1748203200000,new_york,precipitation,0.0,0,0,1
1748206800000,new_york,precipitation,0.0,0,0,1
1748210400000,new_york,precipitation,0.0,1,0,0
1748214000000,new_york,precipitation,0.0,0,0,1
1748217600000,new_york,precipitation,0.0,0,0,1
1748221200000,new_york,precipitation,0.0,0,0,1
1748224800000,new_york,precipitation,0.0,1,0,0
1748228400000,new_york,precipitation,0.0,0,0,1
1748232000000,new_york,precipitation,0.0,0,0,1
1748235600000,new_york,precipitation,0.0,0,0,1
1748239200000,new_york,precipitation,0.0,0,0,1
1748242800000,new_york,precipitation,0.0,1,0,0
1748246400000,new_york,precipitation,0.0,0,0,1
1748250000000,new_york,precipitation,0.0,1,0,0
1748253600000,new_york,precipitation,0.0,0,0,1
1748257200000,new_york,precipitation,0.0,0,0,1
1748260800000,new_york,precipitation,0.0,0,0,1
1748264400000,new_york,precipitation,0.0,0,0,1
1748268000000,new_york,precipitation,0.0,1,0,0
1748271600000,new_york,precipitation,0.0,0,0,1
1748275200000,new_york,precipitation,0.0,1,0,0
1748278800000,new_york,precipitation,0.0,0,0,1
1748282400000,new_york,precipitation,0.0,0,0,1
1748286000000,new_york,precipitation,0.0,0,0,1
1748289600000,new_york,precipitation,0.0,0,0,1
1748293200000,new_york,precipitation,0.0,0,0,1
1748296800000,new_york,precipitation,0.0,0,0,1
1748300400000,new_york,precipitation,0.0,0,0,1
1748304000000,new_york,precipitation,0.0,0,0,1
1748307600000,new_york,precipitation,0.0,0,0,1
1748311200000,new_york,precipitation,0.0,0,0,1
1748314800000,new_york,precipitation,0.0,1,0,0
1748318400000,new_york,precipitation,0.0,0,0,1
1748322000000,new_york,precipitation,0.0,1,0,0
1748325600000,new_york,precipitation,0.0,0,0,1
1748329200000,new_york,precipitation,0.0,0,0,1
1748332800000,new_york,precipitation,0.0,0,0,1
1748336400000,new_york,precipitation,0.0,0,0,1
1748340000000,new_york,precipitation,0.0,0,0,1
1748343600000,new_york,precipitation,0.0,0,0,1
1748347200000,new_york,precipitation,0.0,0,0,1
1748350800000,new_york,precipitation,0.0,0,0,1
1748354400000,new_york,precipitation,0.0,0,0,1
1748358000000,new_york,precipitation,0.0,0,0,1
1748361600000,new_york,precipitation,0.0,0,0,1
1748365200000,new_york,precipitation,0.0,0,0,1
1748368800000,new_york,precipitation,0.0,0,0,1
1748372400000,new_york,precipitation,0.0,0,0,1
1748376000000,new_york,precipitation,0.0,0,0,1
1748379600000,new_york,precipitation,0.0,0,0,1
1748383200000,new_york,precipitation,0.0,0,0,1
1748386800000,new_york,precipitation,0.0,0,0,1
1748390400000,new_york,precipitation,0.0,0,0,1
1748394000000,new_york,precipitation,0.0,0,0,1
1748397600000,new_york,precipitation,0.0,0,0,1
1748401200000,new_york,precipitation,0.0,1,0,0
1748404800000,new_york,precipitation,0.0,0,0,1
1748408400000,new_york,precipitation,0.0,0,0,1
1748412000000,new_york,precipitation,0.0,0,0,1
1748415600000,new_york,precipitation,0.0,0,0,1
1748419200000,new_york,precipitation,0.0,0,0,1
1748422800000,new_york,precipitation,0.0,0,0,1
1748426400000,new_york,precipitation,0.0,0,0,1
1748430000000,new_york,precipitation,0.0,0,0,1
1748433600000,new_york,precipitation,0.0,0,0,1
1748437200000,new_york,precipitation,0.0,0,0,1
1748440800000,new_york,precipitation,0.2,0,1,0
1748444400000,new_york,precipitation,0.4,0,1,0
1748448000000,new_york,precipitation,0.4,0,1,0
1748451600000,new_york,precipitation,0.6,0,1,0
1748455200000,new_york,precipitation,1.1,0,1,0
1748458800000,new_york,precipitation,1.2,0,1,0
1748462400000,new_york,precipitation,1.4,0,1,0
1748466000000,new_york,precipitation,3.4,0,1,0
1748469600000,new_york,precipitation,1.6,1,1,1
1748473200000,new_york,precipitation,0.3,0,1,0
1748476800000,new_york,precipitation,0.3,0,1,0
1748480400000,new_york,precipitation,0.4,0,1,0
1748484000000,new_york,precipitation,0.5,0,1,0
1748487600000,new_york,precipitation,0.5,0,1,0
1748491200000,new_york,precipitation,0.3,0,1,0
1748494800000,new_york,precipitation,0.0,0,0,1
1748498400000,new_york,precipitation,0.2,1,1,1
1748502000000,new_york,precipitation,0.1,0,1,0
1748505600000,new_york,precipitation,0.0,0,0,1
1748509200000,new_york,precipitation,0.0,0,0,1
1748512800000,new_york,precipitation,0.0,0,0,1
1748516400000,new_york,precipitation,0.0,0,0,1
1748520000000,new_york,precipitation,0.1,1,1,1
1748523600000,new_york,precipitation,0.1,0,1,0
1748527200000,new_york,precipitation,0.1,0,1,0
1748530800000,new_york,precipitation,0.1,0,1,0
1748534400000,new_york,precipitation,0.0,0,0,1
1748538000000,new_york,precipitation,0.1,0,1,0
1748541600000,new_york,precipitation,0.1,0,1,0
1748545200000,new_york,precipitation,0.0,0,0,1
1748548800000,new_york,precipitation,0.0,0,0,1
1748552400000,new_york,precipitation,0.0,0,0,1
1748556000000,new_york,precipitation,0.0,0,0,1
1748559600000,new_york,precipitation,0.0,0,0,1
1748563200000,new_york,precipitation,0.0,0,0,1
1748566800000,new_york,precipitation,0.0,0,0,1
1748570400000,new_york,precipitation,0.0,1,0,0
1748574000000,new_york,precipitation,0.0,0,0,1
1748577600000,new_york,precipitation,0.0,0,0,1
1748581200000,new_york,precipitation,0.0,0,0,1
1748584800000,new_york,precipitation,0.0,0,0,1
1748588400000,new_york,precipitation,0.0,0,0,1
1748592000000,new_york,precipitation,0.0,0,0,1
1748595600000,new_york,precipitation,0.0,0,0,1
1748599200000,new_york,precipitation,0.0,0,0,1
1748602800000,new_york,precipitation,0.0,1,0,0
1748606400000,new_york,precipitation,0.0,0,0,1
1748610000000,new_york,precipitation,0.1,0,1,0
1748613600000,new_york,precipitation,1.6,0,1,0
1748617200000,new_york,precipitation,1.3,0,1,0
1748620800000,new_york,precipitation,0.8,1,1,1
1748624400000,new_york,precipitation,1.6,0,1,0
1748628000000,new_york,precipitation,0.0,0,0,1
1748631600000,new_york,precipitation,0.0,0,0,1
1748635200000,new_york,precipitation,0.0,0,0,1
1748638800000,new_york,precipitation,0.0,0,0,1
1748642400000,new_york,precipitation,0.1,0,1,0
1748646000000,new_york,precipitation,2.2,0,1,0
1748649600000,new_york,precipitation,1.9,0,1,0
1748653200000,new_york,precipitation,2.7,0,1,0
1748656800000,new_york,precipitation,6.2,0,1,0
1748660400000,new_york,precipitation,19.8,0,1,0
1748664000000,new_york,precipitation,5.7,1,1,1
1748667600000,new_york,precipitation,0.2,0,1,0
1748671200000,new_york,precipitation,0.0,0,0,1
1748674800000,new_york,precipitation,0.0,0,0,1
1748678400000,new_york,precipitation,0.0,0,0,1
1748682000000,new_york,precipitation,0.2,0,1,0
1748685600000,new_york,precipitation,0.3,0,1,0
1748689200000,new_york,precipitation,0.3,0,1,0
1748692800000,new_york,precipitation,0.1,0,1,0
1748696400000,new_york,precipitation,0.0,0,0,1
1748700000000,new_york,precipitation,0.1,0,1,0
1748703600000,new_york,precipitation,0.2,0,1,0
1748707200000,new_york,precipitation,0.5,0,1,0
1748710800000,new_york,precipitation,1.2,0,1,0
1748714400000,new_york,precipitation,0.0,1,0,0
1748718000000,new_york,precipitation,0.0,0,0,1
1748721600000,new_york,precipitation,0.0,0,0,1
1748725200000,new_york,precipitation,0.0,0,0,1
1748728800000,new_york,precipitation,0.0,0,0,1
1748732400000,new_york,precipitation,0.0,0,0,1
1748736000000,new_york,precipitation,0.0,0,0,1
1748739600000,new_york,precipitation,0.0,1,0,0
1748743200000,new_york,precipitation,0.0,0,0,1
1748746800000,new_york,precipitation,0.0,0,0,1
1748750400000,new_york,precipitation,0.0,0,0,1
1748754000000,new_york,precipitation,0.0,0,0,1
1748757600000,new_york,precipitation,0.0,0,0,1
1748761200000,new_york,precipitation,0.0,1,0,0
1748764800000,new_york,precipitation,0.0,0,0,1
1748768400000,new_york,precipitation,0.0,0,0,1
1748772000000,new_york,precipitation,0.0,0,0,1
1748775600000,new_york,precipitation,0.0,0,0,1
1748779200000,new_york,precipitation,0.0,0,0,1
1748782800000,new_york,precipitation,0.0,0,0,1
1748786400000,new_york,precipitation,0.0,0,0,1
1748790000000,new_york,precipitation,0.0,0,0,1
1748793600000,new_york,precipitation,0.0,1,0,0
1748797200000,new_york,precipitation,0.0,0,0,1
1748800800000,new_york,precipitation,0.0,0,0,1
1748804400000,new_york,precipitation,0.0,1,0,0
1748808000000,new_york,precipitation,0.0,0,0,1
1748811600000,new_york,precipitation,0.0,0,0,1
1748815200000,new_york,precipitation,0.0,0,0,1
1748818800000,new_york,precipitation,0.0,0,0,1
1748822400000,new_york,precipitation,0.0,0,0,1
1748826000000,new_york,precipitation,0.0,0,0,1
1748829600000,new_york,precipitation,0.0,1,0,0
1748833200000,new_york,precipitation,0.0,0,0,1
1748836800000,new_york,precipitation,0.0,0,0,1
1748840400000,new_york,precipitation,0.0,0,0,1
1748844000000,new_york,precipitation,0.0,0,0,1
1748847600000,new_york,precipitation,0.0,0,0,1
1748851200000,new_york,precipitation,0.0,0,0,1
1748854800000,new_york,precipitation,0.0,0,0,1
1748858400000,new_york,precipitation,0.0,0,0,1
1748862000000,new_york,precipitation,0.0,0,0,1
1748865600000,new_york,precipitation,0.0,0,0,1
1748869200000,new_york,precipitation,0.0,0,0,1
1748872800000,new_york,precipitation,0.0,0,0,1
1748876400000,new_york,precipitation,0.0,0,0,1
1748880000000,new_york,precipitation,0.0,0,0,1
1748883600000,new_york,precipitation,0.0,0,0,1
1748887200000,new_york,precipitation,0.0,0,0,1
1748890800000,new_york,precipitation,0.0,0,0,1
1748894400000,new_york,precipitation,0.0,0,0,1
1748898000000,new_york,precipitation,0.0,0,0,1
1748901600000,new_york,precipitation,0.0,0,0,1
1748905200000,new_york,precipitation,0.0,1,0,0
1748908800000,new_york,precipitation,0.0,0,0,1
1748912400000,new_york,precipitation,0.0,0,0,1
1748916000000,new_york,precipitation,0.0,0,0,1
1748919600000,new_york,precipitation,0.0,0,0,1
1748923200000,new_york,precipitation,0.0,0,0,1
1748926800000,new_york,precipitation,0.0,0,0,1
1748930400000,new_york,precipitation,0.0,0,0,1
1748934000000,new_york,precipitation,0.0,0,0,1
1748937600000,new_york,precipitation,0.0,1,0,0
1748941200000,new_york,precipitation,0.0,1,0,0
1748944800000,new_york,precipitation,0.0,0,0,1
1748948400000,new_york,precipitation,0.0,0,0,1
1748952000000,new_york,precipitation,0.0,0,0,1
1748955600000,new_york,precipitation,0.0,0,0,1
1748959200000,new_york,precipitation,0.0,0,0,1
1748962800000,new_york,precipitation,0.0,1,0,0
1748966400000,new_york,precipitation,0.0,1,0,0
1748970000000,new_york,precipitation,0.0,0,0,1
1748973600000,new_york,precipitation,0.0,0,0,1
1748977200000,new_york,precipitation,0.0,0,0,1
1748980800000,new_york,precipitation,0.0,0,0,1
1748984400000,new_york,precipitation,0.0,0,0,1
1748988000000,new_york,precipitation,0.0,0,0,1
1748991600000,new_york,precipitation,0.0,0,0,1
1748995200000,new_york,precipitation,0.0,0,0,1
1748998800000,new_york,precipitation,0.0,0,0,1
1749002400000,new_york,precipitation,0.0,0,0,1
1749006000000,new_york,precipitation,0.0,0,0,1
1749009600000,new_york,precipitation,0.0,0,0,1
1749013200000,new_york,precipitation,0.0,0,0,1
1749016800000,new_york,precipitation,0.0,0,0,1
1749020400000,new_york,precipitation,0.0,0,0,1
1749024000000,new_york,precipitation,0.0,0,0,1
1749027600000,new_york,precipitation,0.0,0,0,1
1749031200000,new_york,precipitation,0.0,0,0,1
1749034800000,new_york,precipitation,0.0,0,0,1
1749038400000,new_york,precipitation,0.0,0,0,1
1749042000000,new_york,precipitation,0.0,0,0,1
1749045600000,new_york,precipitation,0.0,0,0,1
1749049200000,new_york,precipitation,0.0,0,0,1
1749052800000,new_york,precipitation,0.0,1,0,0
1749056400000,new_york,precipitation,0.0,0,0,1
1749060000000,new_york,precipitation,0.0,0,0,1
1749063600000,new_york,precipitation,0.0,0,0,1
1749067200000,new_york,precipitation,0.0,0,0,1
1749070800000,new_york,precipitation,0.0,0,0,1
1749074400000,new_york,precipitation,0.0,0,0,1
1749078000000,new_york,precipitation,0.0,0,0,1
1749081600000,new_york,precipitation,0.0,1,0,0
1749085200000,new_york,precipitation,0.0,0,0,1
1749088800000,new_york,precipitation,0.0,0,0,1
1749092400000,new_york,precipitation,0.0,0,0,1
1749096000000,new_york,precipitation,0.0,0,0,1
1749099600000,new_york,precipitation,0.0,0,0,1
1749103200000,new_york,precipitation,0.0,0,0,1
1749106800000,new_york,precipitation,0.0,0,0,1
1749110400000,new_york,precipitation,0.0,1,0,0
1749114000000,new_york,precipitation,0.0,0,0,1
1749117600000,new_york,precipitation,0.0,1,0,0
1749121200000,new_york,precipitation,0.0,0,0,1
1749124800000,new_york,precipitation,0.0,0,0,1
1749128400000,new_york,precipitation,0.0,0,0,1
1749132000000,new_york,precipitation,0.0,1,0,0
1749135600000,new_york,precipitation,0.0,0,0,1
1749139200000,new_york,precipitation,0.0,0,0,1
1749142800000,new_york,precipitation,0.0,0,0,1
1749146400000,new_york,precipitation,0.0,0,0,1
1749150000000,new_york,precipitation,0.0,0,0,1
1749153600000,new_york,precipitation,0.0,0,0,1
1749157200000,new_york,precipitation,0.0,0,0,1
1749160800000,new_york,precipitation,0.0,0,0,1
1749164400000,new_york,precipitation,0.0,0,0,1
1749168000000,new_york,precipitation,0.0,0,0,1
1749171600000,new_york,precipitation,0.0,0,0,1
1749175200000,new_york,precipitation,0.0,1,0,0
1749178800000,new_york,precipitation,0.0,0,0,1
1749182400000,new_york,precipitation,0.0,0,0,1
1749186000000,new_york,precipitation,0.0,0,0,1
1749189600000,new_york,precipitation,0.0,0,0,1
1749193200000,new_york,precipitation,0.0,1,0,0
1749196800000,new_york,precipitation,0.0,0,0,1
1749200400000,new_york,precipitation,0.0,0,0,1
1749204000000,new_york,precipitation,0.0,0,0,1
1749207600000,new_york,precipitation,0.1,0,1,0
1749211200000,new_york,precipitation,2.6,0,1,0
1749214800000,new_york,precipitation,0.5,0,1,0
1749218400000,new_york,precipitation,0.0,1,0,0
1749222000000,new_york,precipitation,0.0,0,0,1
1749225600000,new_york,precipitation,0.0,1,0,0
1749229200000,new_york,precipitation,0.0,1,0,0
1749232800000,new_york,precipitation,0.0,0,0,1
1749236400000,new_york,precipitation,0.0,1,0,0
1749240000000,new_york,precipitation,0.3,0,1,0
1749243600000,new_york,precipitation,0.0,0,0,1
1749247200000,new_york,precipitation,0.0,0,0,1
1749250800000,new_york,precipitation,0.0,1,0,0
1749254400000,new_york,precipitation,0.0,0,0,1
1749258000000,new_york,precipitation,0.0,0,0,1
1749261600000,new_york,precipitation,0.0,0,0,1
1749265200000,new_york,precipitation,0.0,0,0,1
1749268800000,new_york,precipitation,0.0,0,0,1
1749272400000,new_york,precipitation,0.0,1,0,0
1749276000000,new_york,precipitation,0.0,0,0,1
1749279600000,new_york,precipitation,0.0,0,0,1
1749283200000,new_york,precipitation,0.0,0,0,1
1749286800000,new_york,precipitation,0.11402778573827171,1,1,1
1749290400000,new_york,precipitation,0.3,0,1,0
1749294000000,new_york,precipitation,0.1,0,1,0
1749297600000,new_york,precipitation,0.4,0,1,0
1749301200000,new_york,precipitation,0.4,0,1,0
1749304800000,new_york,precipitation,0.1,0,1,0
1749308400000,new_york,precipitation,0.7,1,1,1
1749312000000,new_york,precipitation,0.5,0,1,0
1749315600000,new_york,precipitation,0.0,1,0,0
1749319200000,new_york,precipitation,0.8,0,1,0
1749322800000,new_york,precipitation,0.2,0,1,0
1749326400000,new_york,precipitation,0.0,0,0,1
1749330000000,new_york,precipitation,0.0,0,0,1
1749333600000,new_york,precipitation,0.0,0,0,1
1749337200000,new_york,precipitation,0.0,0,0,1
1749340800000,new_york,precipitation,0.0,0,0,1
1749344400000,new_york,precipitation,0.0,0,0,1
1749348000000,new_york,precipitation,0.0,0,0,1
1749351600000,new_york,precipitation,0.0,1,0,0
1749355200000,new_york,precipitation,0.0,1,0,0
1749358800000,new_york,precipitation,0.0,0,0,1
1749362400000,new_york,precipitation,0.0,0,0,1
1749366000000,new_york,precipitation,0.0,0,0,1
1749369600000,new_york,precipitation,0.0,0,0,1
1749373200000,new_york,precipitation,0.0,0,0,1
1749376800000,new_york,precipitation,0.0,0,0,1
1749380400000,new_york,precipitation,0.0,0,0,1
1749384000000,new_york,precipitation,0.1,0,1,0
1749387600000,new_york,precipitation,0.2,0,1,0
1749391200000,new_york,precipitation,0.0,0,0,1
1749394800000,new_york,precipitation,0.0,0,0,1
1749398400000,new_york,precipitation,0.0,0,0,1
1749402000000,new_york,precipitation,0.0,0,0,1
1749405600000,new_york,precipitation,0.5,1,1,1
1749409200000,new_york,precipitation,0.2,0,1,0
1749412800000,new_york,precipitation,0.1,0,1,0
1749416400000,new_york,precipitation,0.1,0,1,0
1749420000000,new_york,precipitation,0.0,0,0,1
1749423600000,new_york,precipitation,0.5,0,1,0
1749427200000,new_york,precipitation,0.5,0,1,0
1749430800000,new_york,precipitation,0.4,0,1,0
1749434400000,new_york,precipitation,0.1,0,1,0
1749438000000,new_york,precipitation,0.0,0,0,1
1749441600000,new_york,precipitation,0.0,0,0,1
1749445200000,new_york,precipitation,0.0,0,0,1
1749448800000,new_york,precipitation,0.2,1,1,1
1749452400000,new_york,precipitation,0.3,0,1,0
1749456000000,new_york,precipitation,0.2,0,1,0
1749459600000,new_york,precipitation,0.1,0,1,0
1749463200000,new_york,precipitation,0.0,0,0,1
1749466800000,new_york,precipitation,0.2,0,1,0
1749470400000,new_york,precipitation,0.6,0,1,0
1749474000000,new_york,precipitation,0.0,0,0,1
1749477600000,new_york,precipitation,0.1,0,1,0
1749481200000,new_york,precipitation,0.2,1,1,1
1749484800000,new_york,precipitation,0.1,0,1,0
1749488400000,new_york,precipitation,0.1,0,1,0
1749492000000,new_york,precipitation,0.0,0,0,1
1749495600000,new_york,precipitation,0.0,0,0,1
1749499200000,new_york,precipitation,0.0,0,0,1
1749502800000,new_york,precipitation,0.0,0,0,1
1749506400000,new_york,precipitation,0.0,1,0,0
1749510000000,new_york,precipitation,0.0,1,0,0
1749513600000,new_york,precipitation,0.0,0,0,1
1749517200000,new_york,precipitation,0.0,0,0,1
1749520800000,new_york,precipitation,0.0,0,0,1
1749524400000,new_york,precipitation,0.0,0,0,1
1749528000000,new_york,precipitation,0.0,0,0,1
1749531600000,new_york,precipitation,0.0,0,0,1
1749535200000,new_york,precipitation,0.0,0,0,1
1749538800000,new_york,precipitation,0.2,0,1,0
1749542400000,new_york,precipitation,0.3,0,1,0
1749546000000,new_york,precipitation,2.5,1,1,1
1749549600000,new_york,precipitation,5.5,0,1,0
1749553200000,new_york,precipitation,7.5,0,1,0
1749556800000,new_york,precipitation,1.5,0,1,0
1749560400000,new_york,precipitation,0.0,0,0,1
1749564000000,new_york,precipitation,0.0,0,0,1
1749567600000,new_york,precipitation,0.0,0,0,1
1749571200000,new_york,precipitation,0.0,0,0,1
1749574800000,new_york,precipitation,0.0,1,0,0
1749578400000,new_york,precipitation,0.0,0,0,1
1749582000000,new_york,precipitation,0.0,0,0,1
1749585600000,new_york,precipitation,0.0,0,0,1
1749589200000,new_york,precipitation,0.0,0,0,1
1749592800000,new_york,precipitation,0.0,0,0,1
1749596400000,new_york,precipitation,0.0,0,0,1
1749600000000,new_york,precipitation,0.0,0,0,1
1749603600000,new_york,precipitation,0.0,0,0,1
1749607200000,new_york,precipitation,0.0,0,0,1
1749610800000,new_york,precipitation,0.0,0,0,1
1749614400000,new_york,precipitation,0.0,0,0,1
1749618000000,new_york,precipitation,0.0,1,0,0
1749621600000,new_york,precipitation,0.0,0,0,1
1749625200000,new_york,precipitation,0.0,0,0,1
1749628800000,new_york,precipitation,0.0,0,0,1
1749632400000,new_york,precipitation,0.0,0,0,1
1749636000000,new_york,precipitation,0.0,1,0,0
1749639600000,new_york,precipitation,0.0,0,0,1
1749643200000,new_york,precipitation,0.0,0,0,1
1749646800000,new_york,precipitation,0.0,0,0,1
1749650400000,new_york,precipitation,0.0,0,0,1
1749654000000,new_york,precipitation,0.0,0,0,1
1749657600000,new_york,precipitation,0.0,0,0,1
1749661200000,new_york,precipitation,0.0,0,0,1
1749664800000,new_york,precipitation,0.0,0,0,1
1749668400000,new_york,precipitation,0.0,0,0,1
1749672000000,new_york,precipitation,0.0,0,0,1
1749675600000,new_york,precipitation,0.0,0,0,1
1749679200000,new_york,precipitation,0.0,0,0,1
1749682800000,new_york,precipitation,0.0,0,0,1
1749686400000,new_york,precipitation,0.0,0,0,1
1749690000000,new_york,precipitation,0.0,0,0,1
1749693600000,new_york,precipitation,0.0,0,0,1
1749697200000,new_york,precipitation,0.0,0,0,1
1749700800000,new_york,precipitation,0.0,0,0,1
1749704400000,new_york,precipitation,0.0,0,0,1
1749708000000,new_york,precipitation,0.0,0,0,1
1749711600000,new_york,precipitation,0.0,0,0,1
1749715200000,new_york,precipitation,0.0,0,0,1
1749718800000,new_york,precipitation,0.0,0,0,1
1749722400000,new_york,precipitation,0.0,0,0,1
1749726000000,new_york,precipitation,0.0,0,0,1
1749729600000,new_york,precipitation,0.0,0,0,1
1749733200000,new_york,precipitation,0.0,0,0,1
1749736800000,new_york,precipitation,0.0,0,0,1
1749740400000,new_york,precipitation,0.1,0,1,0
1749744000000,new_york,precipitation,0.0,0,0,1
1749747600000,new_york,precipitation,0.1,0,1,0
1749751200000,new_york,precipitation,0.0,0,0,1
1749754800000,new_york,precipitation,0.0,1,0,0
1749758400000,new_york,precipitation,0.0,0,0,1
1749762000000,new_york,precipitation,0.1,0,1,0
1749765600000,new_york,precipitation,0.0,0,0,1
1749769200000,new_york,precipitation,0.0,0,0,1
1749772800000,new_york,precipitation,0.0,1,0,0
1749776400000,new_york,precipitation,0.0,0,0,1
1749780000000,new_york,precipitation,0.0,0,0,1
1749783600000,new_york,precipitation,0.0,0,0,1
1749787200000,new_york,precipitation,0.0,0,0,1
1749790800000,new_york,precipitation,0.0,0,0,1
1749794400000,new_york,precipitation,0.0,0,0,1
1749798000000,new_york,precipitation,0.0,0,0,1
1749801600000,new_york,precipitation,0.0,0,0,1
1749805200000,new_york,precipitation,0.0,0,0,1
1749808800000,new_york,precipitation,0.0,0,0,1
1749812400000,new_york,precipitation,0.0,0,0,1
1749816000000,new_york,precipitation,0.0,0,0,1
1749819600000,new_york,precipitation,0.0,0,0,1
1749823200000,new_york,precipitation,0.0,0,0,1
1749826800000,new_york,precipitation,0.0,0,0,1
1749830400000,new_york,precipitation,0.0,0,0,1
1749834000000,new_york,precipitation,0.0,0,0,1
1749837600000,new_york,precipitation,0.0,0,0,1
1749841200000,new_york,precipitation,0.0,0,0,1
1749844800000,new_york,precipitation,0.0,1,0,0
1749848400000,new_york,precipitation,0.0,0,0,1
1749852000000,new_york,precipitation,0.0,0,0,1
1749855600000,new_york,precipitation,0.0,0,0,1
1749859200000,new_york,precipitation,0.0,0,0,1
1749862800000,new_york,precipitation,0.0,0,0,1
1749866400000,new_york,precipitation,0.0,0,0,1
1749870000000,new_york,precipitation,0.0,0,0,1
1749873600000,new_york,precipitation,0.0,0,0,1
1749877200000,new_york,precipitation,0.21215441816565095,1,1,1
1749880800000,new_york,precipitation,0.0,0,0,1
1749884400000,new_york,precipitation,0.1,0,1,0
1749888000000,new_york,precipitation,1.7,0,1,0
1749891600000,new_york,precipitation,0.1,0,1,0
1749895200000,new_york,precipitation,0.0,0,0,1
1749898800000,new_york,precipitation,0.1,0,1,0
1749902400000,new_york,precipitation,0.1,0,1,0
1749906000000,new_york,precipitation,0.1,0,1,0
1749909600000,new_york,precipitation,0.2,0,1,0
1749913200000,new_york,precipitation,0.7,1,1,1
1749916800000,new_york,precipitation,0.9,0,1,0
1749920400000,new_york,precipitation,0.5,0,1,0
1749924000000,new_york,precipitation,0.2,0,1,0
1749927600000,new_york,precipitation,0.2,0,1,0
1749931200000,new_york,precipitation,0.1,1,1,1
1749934800000,new_york,precipitation,0.1,0,1,0
1749938400000,new_york,precipitation,0.0,0,0,1
1749942000000,new_york,precipitation,0.0,0,0,1
1749945600000,new_york,precipitation,0.0,1,0,0
1749949200000,new_york,precipitation,0.0,0,0,1
1749952800000,new_york,precipitation,0.0,0,0,1
1749956400000,new_york,precipitation,0.0,0,0,1
1749960000000,new_york,precipitation,0.0,1,0,0
1749963600000,new_york,precipitation,0.0,0,0,1
1749967200000,new_york,precipitation,0.0,1,0,0
1749970800000,new_york,precipitation,0.0,0,0,1
1749974400000,new_york,precipitation,0.0,0,0,1
1749978000000,new_york,precipitation,1.2,1,1,1
1749981600000,new_york,precipitation,1.2,0,1,0
1749985200000,new_york,precipitation,0.5,1,1,1
1749988800000,new_york,precipitation,0.1,0,1,0
1749992400000,new_york,precipitation,0.0,0,0,1
1749996000000,new_york,precipitation,0.1,0,1,0
1749999600000,new_york,precipitation,0.1,0,1,0
1750003200000,new_york,precipitation,0.0,0,0,1
1750006800000,new_york,precipitation,0.0,0,0,1
1750010400000,new_york,precipitation,0.0,0,0,1
1750014000000,new_york,precipitation,0.0,0,0,1
1750017600000,new_york,precipitation,0.0,0,0,1
1750021200000,new_york,precipitation,1.3,1,1,1
1750024800000,new_york,precipitation,0.8,0,1,0
1750028400000,new_york,precipitation,0.1,0,1,0
1750032000000,new_york,precipitation,0.0,0,0,1
1750035600000,new_york,precipitation,0.0,0,0,1
1750039200000,new_york,precipitation,0.0,0,0,1
1750042800000,new_york,precipitation,0.0,0,0,1
1750046400000,new_york,precipitation,0.0,0,0,1
1750050000000,new_york,precipitation,0.0,0,0,1
1750053600000,new_york,precipitation,0.0,0,0,1
1750057200000,new_york,precipitation,0.0,0,0,1
1750060800000,new_york,precipitation,0.0,0,0,1
1750064400000,new_york,precipitation,0.1,0,1,0
1750068000000,new_york,precipitation,0.0,0,0,1
1750071600000,new_york,precipitation,0.0,0,0,1
1750075200000,new_york,precipitation,0.1,0,1,0
1750078800000,new_york,precipitation,0.1,0,1,0
1750082400000,new_york,precipitation,0.2,1,1,1
1750086000000,new_york,precipitation,0.2,0,1,0
1750089600000,new_york,precipitation,0.1,0,1,0
1750093200000,new_york,precipitation,0.0,0,0,1
1750096800000,new_york,precipitation,0.0,1,0,0
1750100400000,new_york,precipitation,0.0,1,0,0
1750104000000,new_york,precipitation,0.0,0,0,1
1750107600000,new_york,precipitation,0.5,0,1,0
1750111200000,new_york,precipitation,1.0,0,1,0
1750114800000,new_york,precipitation,0.7,0,1,0
1750118400000,new_york,precipitation,1.3,0,1,0
1750122000000,new_york,precipitation,0.7,0,1,0
1750125600000,new_york,precipitation,1.4,0,1,0
1750129200000,new_york,precipitation,0.0,0,0,1
1750132800000,new_york,precipitation,0.0,0,0,1
1750136400000,new_york,precipitation,0.1,0,1,0
1750140000000,new_york,precipitation,0.6,0,1,0
1750143600000,new_york,precipitation,0.2,0,1,0
1750147200000,new_york,precipitation,0.3,0,1,0
1750150800000,new_york,precipitation,0.0,1,0,0
1750154400000,new_york,precipitation,0.0,0,0,1
1750158000000,new_york,precipitation,0.0,1,0,0
1750161600000,new_york,precipitation,0.4,0,1,0
1750165200000,new_york,precipitation,0.2,0,1,0
1750168800000,new_york,precipitation,0.0,0,0,1
1750172400000,new_york,precipitation,0.0,0,0,1
1750176000000,new_york,precipitation,0.0,0,0,1
1750179600000,new_york,precipitation,0.0,1,0,0
1750183200000,new_york,precipitation,0.0,0,0,1
1750186800000,new_york,precipitation,0.0,0,0,1
1750190400000,new_york,precipitation,0.0,1,0,0
1750194000000,new_york,precipitation,0.0,1,0,0
1750197600000,new_york,precipitation,0.0,1,0,0
1750201200000,new_york,precipitation,0.0,0,0,1
1750204800000,new_york,precipitation,0.1,0,1,0
1750208400000,new_york,precipitation,0.0,0,0,1
1750212000000,new_york,precipitation,0.0,0,0,1
1750215600000,new_york,precipitation,0.0,0,0,1
1750219200000,new_york,precipitation,0.0,0,0,1
1750222800000,new_york,precipitation,6.4,1,1,1
1750226400000,new_york,precipitation,0.11376506050387039,1,1,1
1750230000000,new_york,precipitation,0.0,0,0,1
1750233600000,new_york,precipitation,0.0,0,0,1
1750237200000,new_york,precipitation,0.10844767202288164,1,1,1
1750240800000,new_york,precipitation,0.0,0,0,1
1750244400000,new_york,precipitation,0.3,1,1,1
1750248000000,new_york,precipitation,1.1,0,1,0
1750251600000,new_york,precipitation,0.1,0,1,0
1750255200000,new_york,precipitation,0.0,0,0,1
1750258800000,new_york,precipitation,0.0,0,0,1
1750262400000,new_york,precipitation,0.0,0,0,1
1750266000000,new_york,precipitation,0.0,0,0,1
1750269600000,new_york,precipitation,0.9,0,1,0
1750273200000,new_york,precipitation,2.1,0,1,0
1750276800000,new_york,precipitation,0.2,0,1,0
1750280400000,new_york,precipitation,0.1,0,1,0
1750284000000,new_york,precipitation,0.1,0,1,0
1750287600000,new_york,precipitation,0.0,0,0,1
1750291200000,new_york,precipitation,0.0,0,0,1
1750294800000,new_york,precipitation,0.0,0,0,1
1750298400000,new_york,precipitation,0.0,1,0,0
1750302000000,new_york,precipitation,0.0,0,0,1
1750305600000,new_york,precipitation,0.0,0,0,1
1750309200000,new_york,precipitation,0.0,1,0,0
1750312800000,new_york,precipitation,0.0,0,0,1
1750316400000,new_york,precipitation,0.0,0,0,1
1750320000000,new_york,precipitation,0.0,0,0,1
1750323600000,new_york,precipitation,0.0,0,0,1
1750327200000,new_york,precipitation,0.0,1,0,0
1750330800000,new_york,precipitation,0.0,0,0,1
1750334400000,new_york,precipitation,0.0,0,0,1
1750338000000,new_york,precipitation,0.0,0,0,1
1750341600000,new_york,precipitation,0.7,0,1,0
1750345200000,new_york,precipitation,0.0,0,0,1
1750348800000,new_york,precipitation,0.2,0,1,0
1750352400000,new_york,precipitation,0.8,0,1,0
1750356000000,new_york,precipitation,0.3,0,1,0
1750359600000,new_york,precipitation,2.2,0,1,0
1750363200000,new_york,precipitation,0.3,0,1,0
1750366800000,new_york,precipitation,0.1,0,1,0
1750370400000,new_york,precipitation,0.1,0,1,0
1750374000000,new_york,precipitation,0.0,0,0,1
1750377600000,new_york,precipitation,0.0,1,0,0
1750381200000,new_york,precipitation,0.0,0,0,1
1750384800000,new_york,precipitation,0.0,0,0,1
1750388400000,new_york,precipitation,0.0,0,0,1
1750392000000,new_york,precipitation,0.0,1,0,0
1750395600000,new_york,precipitation,0.0,0,0,1
1750399200000,new_york,precipitation,0.0,0,0,1
1750402800000,new_york,precipitation,0.0,0,0,1
1750406400000,new_york,precipitation,0.0,1,0,0
1750410000000,new_york,precipitation,0.0,0,0,1
1750413600000,new_york,precipitation,0.0,0,0,1
1750417200000,new_york,precipitation,0.0,0,0,1
1750420800000,new_york,precipitation,0.0,0,0,1
1750424400000,new_york,precipitation,0.2,0,1,0
1750428000000,new_york,precipitation,0.1,0,1,0
1750431600000,new_york,precipitation,0.0,1,0,0
1750435200000,new_york,precipitation,0.0,0,0,1
1750438800000,new_york,precipitation,0.0,0,0,1
1750442400000,new_york,precipitation,0.0,0,0,1
1750446000000,new_york,precipitation,0.0,0,0,1
1750449600000,new_york,precipitation,0.0,0,0,1
1750453200000,new_york,precipitation,0.0,0,0,1
1750456800000,new_york,precipitation,0.0,0,0,1
1750460400000,new_york,precipitation,0.0,0,0,1
1750464000000,new_york,precipitation,0.0,0,0,1
1750467600000,new_york,precipitation,0.0,1,0,0
1750471200000,new_york,precipitation,0.0,1,0,0
1750474800000,new_york,precipitation,0.0,0,0,1
1750478400000,new_york,precipitation,0.0,0,0,1
1750482000000,new_york,precipitation,0.0,0,0,1
1750485600000,new_york,precipitation,0.0,0,0,1
1750489200000,new_york,precipitation,0.0,0,0,1
1750492800000,new_york,precipitation,0.0,0,0,1
1750496400000,new_york,precipitation,0.0,0,0,1
1750500000000,new_york,precipitation,0.0,0,0,1
1750503600000,new_york,precipitation,0.0,0,0,1
1750507200000,new_york,precipitation,0.0,0,0,1
1750510800000,new_york,precipitation,0.0,1,0,0
1750514400000,new_york,precipitation,0.0,0,0,1
1750518000000,new_york,precipitation,0.0,0,0,1
1750521600000,new_york,precipitation,0.0,0,0,1
1750525200000,new_york,precipitation,0.0,0,0,1
1750528800000,new_york,precipitation,0.0,0,0,1
1750532400000,new_york,precipitation,0.0,1,0,0
1750536000000,new_york,precipitation,0.0,1,0,0
1750539600000,new_york,precipitation,0.0,0,0,1
1750543200000,new_york,precipitation,0.0,0,0,1
1750546800000,new_york,precipitation,0.0,0,0,1
1750550400000,new_york,precipitation,0.0,0,0,1
1750554000000,new_york,precipitation,0.0,0,0,1
1750557600000,new_york,precipitation,0.0,0,0,1
1750561200000,new_york,precipitation,0.0,0,0,1
1750564800000,new_york,precipitation,0.0,1,0,0
1750568400000,new_york,precipitation,0.0,0,0,1
1750572000000,new_york,precipitation,0.0,0,0,1
1750575600000,new_york,precipitation,0.0,0,0,1
1750579200000,new_york,precipitation,0.0,1,0,0
1750582800000,new_york,precipitation,0.0,0,0,1
1750586400000,new_york,precipitation,0.2,0,1,0
1750590000000,new_york,precipitation,0.1,0,1,0
1750593600000,new_york,precipitation,0.0,0,0,1
1750597200000,new_york,precipitation,0.0,0,0,1
1750600800000,new_york,precipitation,0.0,0,0,1
1750604400000,new_york,precipitation,0.0,0,0,1
1750608000000,new_york,precipitation,0.0,0,0,1
1750611600000,new_york,precipitation,0.0,0,0,1
1750615200000,new_york,precipitation,0.0,0,0,1
1750618800000,new_york,precipitation,0.0,0,0,1
1750622400000,new_york,precipitation,0.0,0,0,1
1750626000000,new_york,precipitation,0.0,0,0,1
1750629600000,new_york,precipitation,0.0,0,0,1
1750633200000,new_york,precipitation,0.0,0,0,1
1750636800000,new_york,precipitation,0.0,0,0,1
1750640400000,new_york,precipitation,0.0,0,0,1
1750644000000,new_york,precipitation,0.0,0,0,1
1750647600000,new_york,precipitation,0.0,0,0,1
1750651200000,new_york,precipitation,0.0,0,0,1
1750654800000,new_york,precipitation,0.0,0,0,1
1750658400000,new_york,precipitation,0.0,0,0,1
1750662000000,new_york,precipitation,0.0,0,0,1
1750665600000,new_york,precipitation,0.0,1,0,0
1750669200000,new_york,precipitation,0.0,1,0,0
1750672800000,new_york,precipitation,0.0,0,0,1
1750676400000,new_york,precipitation,0.0,1,0,0
1750680000000,new_york,precipitation,0.0,0,0,1
1750683600000,new_york,precipitation,0.0,0,0,1
1750687200000,new_york,precipitation,0.0,1,0,0
1750690800000,new_york,precipitation,0.0,0,0,1
1750694400000,new_york,precipitation,0.0,0,0,1
1750698000000,new_york,precipitation,0.0,0,0,1
1750701600000,new_york,precipitation,0.0,0,0,1
1750705200000,new_york,precipitation,0.0,0,0,1
1750708800000,new_york,precipitation,0.0,0,0,1
1750712400000,new_york,precipitation,0.0,0,0,1
1750716000000,new_york,precipitation,0.0,0,0,1
1750719600000,new_york,precipitation,0.0,0,0,1
1750723200000,new_york,precipitation,0.0,0,0,1
1750726800000,new_york,precipitation,0.0,1,0,0
1750730400000,new_york,precipitation,0.0,0,0,1
1750734000000,new_york,precipitation,0.0,0,0,1
1750737600000,new_york,precipitation,0.0,0,0,1
1750741200000,new_york,precipitation,0.0,0,0,1
1750744800000,new_york,precipitation,0.0,0,0,1
1750748400000,new_york,precipitation,0.0,0,0,1
1750752000000,new_york,precipitation,0.0,0,0,1
1750755600000,new_york,precipitation,0.0,0,0,1
1750759200000,new_york,precipitation,0.0,0,0,1
1750762800000,new_york,precipitation,0.0,0,0,1
1750766400000,new_york,precipitation,0.0,1,0,0
1750770000000,new_york,precipitation,0.0,0,0,1
1750773600000,new_york,precipitation,0.0,0,0,1
1750777200000,new_york,precipitation,0.0,0,0,1
1750780800000,new_york,precipitation,0.0,0,0,1
1750784400000,new_york,precipitation,0.0,0,0,1
1750788000000,new_york,precipitation,0.0,0,0,1
1750791600000,new_york,precipitation,0.0,0,0,1
1750795200000,new_york,precipitation,0.0,0,0,1
1750798800000,new_york,precipitation,0.0,0,0,1
1750802400000,new_york,precipitation,0.0,0,0,1
1750806000000,new_york,precipitation,0.0,0,0,1
1750809600000,new_york,precipitation,0.0,0,0,1
1750813200000,new_york,precipitation,0.0,0,0,1
1750816800000,new_york,precipitation,0.0,0,0,1
1750820400000,new_york,precipitation,0.0,0,0,1
1750824000000,new_york,precipitation,0.0,0,0,1
1750827600000,new_york,precipitation,0.0,0,0,1
1750831200000,new_york,precipitation,0.0,0,0,1
1750834800000,new_york,precipitation,0.0,0,0,1
1750838400000,new_york,precipitation,0.0,0,0,1
1750842000000,new_york,precipitation,0.0,1,0,0
1750845600000,new_york,precipitation,0.0,0,0,1
1750849200000,new_york,precipitation,0.1,1,1,1
1750852800000,new_york,precipitation,0.0,0,0,1
1750856400000,new_york,precipitation,0.0,0,0,1
1750860000000,new_york,precipitation,0.0,0,0,1
1750863600000,new_york,precipitation,0.0,0,0,1
1750867200000,new_york,precipitation,0.0,0,0,1
1750870800000,new_york,precipitation,0.0,1,0,0
1750874400000,new_york,precipitation,0.1,0,1,0
1750878000000,new_york,precipitation,0.1,0,1,0
1750881600000,new_york,precipitation,0.0,0,0,1
1750885200000,new_york,precipitation,0.0,1,0,0
1750888800000,new_york,precipitation,0.0,0,0,1
1750892400000,new_york,precipitation,0.0,0,0,1
1750896000000,new_york,precipitation,0.0,0,0,1
1750899600000,new_york,precipitation,0.0,0,0,1
1750903200000,new_york,precipitation,0.0,0,0,1
1750906800000,new_york,precipitation,0.0,0,0,1
1750910400000,new_york,precipitation,0.0,0,0,1
1750914000000,new_york,precipitation,0.0,0,0,1
1750917600000,new_york,precipitation,0.0,0,0,1
1750921200000,new_york,precipitation,0.0,0,0,1
1750924800000,new_york,precipitation,0.0,0,0,1
1750928400000,new_york,precipitation,0.3,0,1,0
1750932000000,new_york,precipitation,0.0,0,0,1
1750935600000,new_york,precipitation,0.0,0,0,1
1750939200000,new_york,precipitation,0.0,1,0,0
1750942800000,new_york,precipitation,0.0,0,0,1
1750946400000,new_york,precipitation,0.0,0,0,1
1750950000000,new_york,precipitation,0.0,0,0,1
1750953600000,new_york,precipitation,0.0,1,0,0
1750957200000,new_york,precipitation,0.0,0,0,1
1750960800000,new_york,precipitation,0.0,0,0,1
1750964400000,new_york,precipitation,0.0,0,0,1
1750968000000,new_york,precipitation,0.0,0,0,1
1750971600000,new_york,precipitation,0.0,1,0,0
1750975200000,new_york,precipitation,0.0,0,0,1
1750978800000,new_york,precipitation,0.0,0,0,1
1750982400000,new_york,precipitation,0.0,1,0,0
1750986000000,new_york,precipitation,0.0,0,0,1
1750989600000,new_york,precipitation,0.0,0,0,1
1750993200000,new_york,precipitation,0.0,0,0,1
1750996800000,new_york,precipitation,0.0,0,0,1
1751000400000,new_york,precipitation,0.0,0,0,1
1751004000000,new_york,precipitation,0.0,0,0,1
1751007600000,new_york,precipitation,0.0,0,0,1
1751011200000,new_york,precipitation,0.0,0,0,1
1751014800000,new_york,precipitation,0.0,0,0,1
1751018400000,new_york,precipitation,0.0,0,0,1
1751022000000,new_york,precipitation,0.0,0,0,1
1751025600000,new_york,precipitation,0.0,0,0,1
1751029200000,new_york,precipitation,0.0,1,0,0
1751032800000,new_york,precipitation,0.0,0,0,1
1751036400000,new_york,precipitation,0.0,1,0,0
1751040000000,new_york,precipitation,0.0,1,0,0
1751043600000,new_york,precipitation,0.0,0,0,1
1751047200000,new_york,precipitation,0.0,0,0,1
1751050800000,new_york,precipitation,0.0,1,0,0
1751054400000,new_york,precipitation,0.0,1,0,0
1751058000000,new_york,precipitation,4.7,0,1,0
1751061600000,new_york,precipitation,2.7,0,1,0
1751065200000,new_york,precipitation,0.0,0,0,1
1751068800000,new_york,precipitation,0.0,0,0,1
1751072400000,new_york,precipitation,0.0,0,0,1
1751076000000,new_york,precipitation,0.0,0,0,1
1751079600000,new_york,precipitation,0.1,1,1,1
1751083200000,new_york,precipitation,0.0,0,0,1
1751086800000,new_york,precipitation,0.0,0,0,1
1751090400000,new_york,precipitation,0.3,0,1,0
1751094000000,new_york,precipitation,0.2,0,1,0
1751097600000,new_york,precipitation,0.1,0,1,0
1751101200000,new_york,precipitation,0.0,0,0,1
1751104800000,new_york,precipitation,0.0,0,0,1
1751108400000,new_york,precipitation,0.0,0,0,1
1751112000000,new_york,precipitation,0.0,1,0,0
1751115600000,new_york,precipitation,0.0,0,0,1
1751119200000,new_york,precipitation,0.0,0,0,1
1751122800000,new_york,precipitation,0.0,0,0,1
1751126400000,new_york,precipitation,0.0,0,0,1
1751130000000,new_york,precipitation,0.0,0,0,1
1751133600000,new_york,precipitation,0.0,0,0,1
1751137200000,new_york,precipitation,0.0,0,0,1
1751140800000,new_york,precipitation,0.0,0,0,1
1751144400000,new_york,precipitation,0.0,0,0,1
1751148000000,new_york,precipitation,0.0,0,0,1
1751151600000,new_york,precipitation,0.0,0,0,1
1751155200000,new_york,precipitation,0.0,0,0,1
1751158800000,new_york,precipitation,0.0,0,0,1
1751162400000,new_york,precipitation,0.0,0,0,1
1751166000000,new_york,precipitation,0.0,0,0,1
1751169600000,new_york,precipitation,0.0,1,0,0
1751173200000,new_york,precipitation,0.0,0,0,1
1751176800000,new_york,precipitation,0.0,0,0,1
1751180400000,new_york,precipitation,0.0,0,0,1
1751184000000,new_york,precipitation,0.0,0,0,1
1751187600000,new_york,precipitation,0.0,0,0,1
1751191200000,new_york,precipitation,0.0,0,0,1
1751194800000,new_york,precipitation,0.0,0,0,1
1751198400000,new_york,precipitation,0.0,0,0,1
1751202000000,new_york,precipitation,0.0,0,0,1
1751205600000,new_york,precipitation,0.0,0,0,1
1751209200000,new_york,precipitation,0.0,0,0,1
1751212800000,new_york,precipitation,0.0,1,0,0
1751216400000,new_york,precipitation,0.0,0,0,1
1751220000000,new_york,precipitation,0.0,0,0,1
1751223600000,new_york,precipitation,0.0,0,0,1
1751227200000,new_york,precipitation,0.0,0,0,1
1751230800000,new_york,precipitation,0.0,0,0,1
1751234400000,new_york,precipitation,0.0,0,0,1
1751238000000,new_york,precipitation,0.0,0,0,1
1751241600000,new_york,precipitation,0.0,0,0,1
1751245200000,new_york,precipitation,0.0,0,0,1
1751248800000,new_york,precipitation,0.0,0,0,1
1751252400000,new_york,precipitation,0.0,0,0,1
1751256000000,new_york,precipitation,0.0,0,0,1
1751259600000,new_york,precipitation,0.0,0,0,1
1751263200000,new_york,precipitation,0.0,0,0,1
1751266800000,new_york,precipitation,0.0,0,0,1
1751270400000,new_york,precipitation,0.0,0,0,1
1751274000000,new_york,precipitation,0.0,0,0,1
1751277600000,new_york,precipitation,0.0,0,0,1
1751281200000,new_york,precipitation,0.0,0,0,1
1751284800000,new_york,precipitation,0.0,0,0,1
1751288400000,new_york,precipitation,0.0,0,0,1
1751292000000,new_york,precipitation,0.0,1,0,0
1751295600000,new_york,precipitation,0.0,0,0,1
1751299200000,new_york,precipitation,0.0,0,0,1
1751302800000,new_york,precipitation,0.3,1,1,1
1751306400000,new_york,precipitation,0.0,0,0,1
1751310000000,new_york,precipitation,0.4,0,1,0
1751313600000,new_york,precipitation,0.0,0,0,1
1751317200000,new_york,precipitation,0.0,0,0,1
1751320800000,new_york,precipitation,0.0,1,0,0
1751324400000,new_york,precipitation,0.0,0,0,1
1751328000000,new_york,precipitation,0.0,0,0,1
1751331600000,new_york,precipitation,0.1,0,1,0
1751335200000,new_york,precipitation,4.2,0,1,0
1751338800000,new_york,precipitation,0.1,0,1,0
1751342400000,new_york,precipitation,0.1,0,1,0
1751346000000,new_york,precipitation,0.0,0,0,1
1751349600000,new_york,precipitation,0.0,0,0,1
1751353200000,new_york,precipitation,0.0,1,0,0
1751356800000,new_york,precipitation,0.0,0,0,1
1751360400000,new_york,precipitation,0.0,0,0,1
1751364000000,new_york,precipitation,0.0,1,0,0
1751367600000,new_york,precipitation,0.1,1,1,1
1751371200000,new_york,precipitation,0.1,0,1,0
1751374800000,new_york,precipitation,0.6,0,1,0
1751378400000,new_york,precipitation,0.0,0,0,1
1751382000000,new_york,precipitation,0.4,0,1,0
1751385600000,new_york,precipitation,0.0,0,0,1
1751389200000,new_york,precipitation,0.4,0,1,0
1751392800000,new_york,precipitation,0.1,0,1,0
1751396400000,new_york,precipitation,0.0,0,0,1
1751400000000,new_york,precipitation,0.1,0,1,0
1751403600000,new_york,precipitation,1.2,0,1,0
1751407200000,new_york,precipitation,0.4,0,1,0
1751410800000,new_york,precipitation,0.3360792069115431,1,1,1
1751414400000,new_york,precipitation,0.5,0,1,0
1751418000000,new_york,precipitation,0.7,0,1,0
1751421600000,new_york,precipitation,0.6,0,1,0
1751425200000,new_york,precipitation,0.2,0,1,0
1751428800000,new_york,precipitation,0.0,0,0,1
1751432400000,new_york,precipitation,0.0,0,0,1
1751436000000,new_york,precipitation,0.0,0,0,1
1751439600000,new_york,precipitation,0.0,0,0,1
1751443200000,new_york,precipitation,0.0,0,0,1
1751446800000,new_york,precipitation,0.2,0,1,0
1751450400000,new_york,precipitation,0.1,1,1,1
1751454000000,new_york,precipitation,0.0,0,0,1
1751457600000,new_york,precipitation,0.0,0,0,1
1751461200000,new_york,precipitation,0.2,0,1,0
1751464800000,new_york,precipitation,0.2,0,1,0
1751468400000,new_york,precipitation,0.0,0,0,1
1751472000000,new_york,precipitation,0.0,0,0,1
1751475600000,new_york,precipitation,0.0,0,0,1
1751479200000,new_york,precipitation,0.0,0,0,1
1751482800000,new_york,precipitation,0.0,0,0,1
1751486400000,new_york,precipitation,0.0,0,0,1
1751490000000,new_york,precipitation,0.0,0,0,1
1751493600000,new_york,precipitation,0.0,0,0,1
1751497200000,new_york,precipitation,0.0,0,0,1
1751500800000,new_york,precipitation,0.0,0,0,1
1751504400000,new_york,precipitation,0.0,1,0,0
1751508000000,new_york,precipitation,0.0,0,0,1
1751511600000,new_york,precipitation,0.0,0,0,1
1751515200000,new_york,precipitation,0.0,0,0,1
1751518800000,new_york,precipitation,0.0,0,0,1
1751522400000,new_york,precipitation,0.0,0,0,1
1751526000000,new_york,precipitation,0.0,0,0,1
1751529600000,new_york,precipitation,0.0,0,0,1
1751533200000,new_york,precipitation,0.0,0,0,1
1751536800000,new_york,precipitation,0.0,0,0,1
1751540400000,new_york,precipitation,0.0,0,0,1
1751544000000,new_york,precipitation,0.0,0,0,1
1751547600000,new_york,precipitation,0.0,1,0,0
1751551200000,new_york,precipitation,0.0,0,0,1
1751554800000,new_york,precipitation,0.0,0,0,1
1751558400000,new_york,precipitation,0.1,0,1,0
1751562000000,new_york,precipitation,0.1,0,1,0
1751565600000,new_york,precipitation,0.0,0,0,1
1751569200000,new_york,precipitation,0.0,0,0,1
1751572800000,new_york,precipitation,0.0,0,0,1
1751576400000,new_york,precipitation,0.0,0,0,1
1751580000000,new_york,precipitation,0.0,0,0,1
1751583600000,new_york,precipitation,0.0,0,0,1
1751587200000,new_york,precipitation,0.0,0,0,1
1751590800000,new_york,precipitation,0.0,0,0,1
1751594400000,new_york,precipitation,0.0,0,0,1
1751598000000,new_york,precipitation,0.0,0,0,1
1751601600000,new_york,precipitation,0.0,0,0,1
1751605200000,new_york,precipitation,0.0,0,0,1
1751608800000,new_york,precipitation,0.0,0,0,1
1751612400000,new_york,precipitation,0.0,1,0,0
1751616000000,new_york,precipitation,0.0,0,0,1
1751619600000,new_york,precipitation,0.0,0,0,1
1751623200000,new_york,precipitation,0.0,0,0,1
1751626800000,new_york,precipitation,0.0,0,0,1
1751630400000,new_york,precipitation,0.0,0,0,1
1751634000000,new_york,precipitation,0.0,0,0,1
1751637600000,new_york,precipitation,0.0,0,0,1
1751641200000,new_york,precipitation,0.0,0,0,1
1751644800000,new_york,precipitation,0.0,1,0,0
1751648400000,new_york,precipitation,0.0,0,0,1
1751652000000,new_york,precipitation,0.0,0,0,1
1751655600000,new_york,precipitation,0.0,0,0,1
1751659200000,new_york,precipitation,0.0,1,0,0
1751662800000,new_york,precipitation,0.0,0,0,1
1751666400000,new_york,precipitation,0.0,0,0,1
1751670000000,new_york,precipitation,0.0,0,0,1
1751673600000,new_york,precipitation,0.0,0,0,1
1751677200000,new_york,precipitation,0.0,0,0,1
1751680800000,new_york,precipitation,0.0,0,0,1
1751684400000,new_york,precipitation,0.0,0,0,1
1751688000000,new_york,precipitation,0.0,0,0,1
1751691600000,new_york,precipitation,0.0,1,0,0
1751695200000,new_york,precipitation,0.0,0,0,1
1751698800000,new_york,precipitation,0.0,0,0,1
1751702400000,new_york,precipitation,0.0,0,0,1
1751706000000,new_york,precipitation,0.0,0,0,1
1751709600000,new_york,precipitation,0.0,0,0,1
1751713200000,new_york,precipitation,0.0,0,0,1
1751716800000,new_york,precipitation,0.0,0,0,1
1751720400000,new_york,precipitation,0.0,0,0,1
1751724000000,new_york,precipitation,0.0,0,0,1
1751727600000,new_york,precipitation,0.0,0,0,1
1751731200000,new_york,precipitation,0.0,1,0,0
1751734800000,new_york,precipitation,0.0,0,0,1
1751738400000,new_york,precipitation,0.0,0,0,1
1751742000000,new_york,precipitation,0.0,1,0,0
1751745600000,new_york,precipitation,0.0,0,0,1
1751749200000,new_york,precipitation,0.0,0,0,1
1751752800000,new_york,precipitation,0.0,0,0,1
1751756400000,new_york,precipitation,0.0,0,0,1
1751760000000,new_york,precipitation,0.0,0,0,1
1751763600000,new_york,precipitation,0.0,1,0,0
1751767200000,new_york,precipitation,0.0,1,0,0
1751770800000,new_york,precipitation,0.0,0,0,1
1751774400000,new_york,precipitation,0.0,0,0,1
1751778000000,new_york,precipitation,0.0,0,0,1
1751781600000,new_york,precipitation,0.0,0,0,1
1751785200000,new_york,precipitation,0.0,0,0,1
1751788800000,new_york,precipitation,0.0,0,0,1
1751792400000,new_york,precipitation,0.0,0,0,1
1751796000000,new_york,precipitation,0.0,0,0,1
1751799600000,new_york,precipitation,0.0,0,0,1
1751803200000,new_york,precipitation,0.0,0,0,1
1751806800000,new_york,precipitation,0.0,0,0,1
1751810400000,new_york,precipitation,0.0,1,0,0
1751814000000,new_york,precipitation,0.0,1,0,0
1751817600000,new_york,precipitation,0.0,0,0,1
1751821200000,new_york,precipitation,0.0,0,0,1
1751824800000,new_york,precipitation,0.0,0,0,1
1751828400000,new_york,precipitation,0.0,0,0,1
1751832000000,new_york,precipitation,0.0,0,0,1
1751835600000,new_york,precipitation,0.0,0,0,1
1751839200000,new_york,precipitation,0.0,1,0,0
1751842800000,new_york,precipitation,0.0,0,0,1
1751846400000,new_york,precipitation,0.0,0,0,1
1751850000000,new_york,precipitation,0.0,0,0,1
1751853600000,new_york,precipitation,0.0,0,0,1
1751857200000,new_york,precipitation,0.0,0,0,1
1751860800000,new_york,precipitation,0.0,0,0,1
1751864400000,new_york,precipitation,0.0,0,0,1
1751868000000,new_york,precipitation,0.0,0,0,1
1751871600000,new_york,precipitation,0.0,0,0,1
1751875200000,new_york,precipitation,0.0,0,0,1
1751878800000,new_york,precipitation,0.1,0,1,0
1751882400000,new_york,precipitation,0.2,0,1,0
1751886000000,new_york,precipitation,0.1,0,1,0
1751889600000,new_york,precipitation,0.1,0,1,0
1751893200000,new_york,precipitation,0.2,0,1,0
1751896800000,new_york,precipitation,0.2,0,1,0
1751900400000,new_york,precipitation,1.9,0,1,0
1751904000000,new_york,precipitation,0.3,0,1,0
1751907600000,new_york,precipitation,0.1,0,1,0
1751911200000,new_york,precipitation,0.0,0,0,1
1751914800000,new_york,precipitation,0.0,1,0,0
1751918400000,new_york,precipitation,0.2,0,1,0
1751922000000,new_york,precipitation,0.3,0,1,0
1751925600000,new_york,precipitation,0.1,0,1,0
1751929200000,new_york,precipitation,0.3,0,1,0
1751932800000,new_york,precipitation,0.0,0,0,1
1751936400000,new_york,precipitation,0.0,1,0,0
1751940000000,new_york,precipitation,0.0,0,0,1
1751943600000,new_york,precipitation,0.0,0,0,1
1751947200000,new_york,precipitation,0.0,0,0,1
1751950800000,new_york,precipitation,0.0,1,0,0
1751954400000,new_york,precipitation,0.0,0,0,1
1751958000000,new_york,precipitation,0.0,0,0,1
1751961600000,new_york,precipitation,0.0,0,0,1
1751965200000,new_york,precipitation,0.0,0,0,1
1751968800000,new_york,precipitation,0.0,0,0,1
1751972400000,new_york,precipitation,0.0,0,0,1
1751976000000,new_york,precipitation,0.1,0,1,0
1751979600000,new_york,precipitation,0.0,0,0,1
1751983200000,new_york,precipitation,0.0,0,0,1
1751986800000,new_york,precipitation,0.0,0,0,1
1751990400000,new_york,precipitation,0.0,0,0,1
1751994000000,new_york,precipitation,9.6,1,1,1
1751997600000,new_york,precipitation,4.4,1,1,1
1752001200000,new_york,precipitation,0.1,0,1,0
1752004800000,new_york,precipitation,0.1,0,1,0
1752008400000,new_york,precipitation,1.1,0,1,0
1752012000000,new_york,precipitation,0.2,0,1,0
1752015600000,new_york,precipitation,0.0,0,0,1
1752019200000,new_york,precipitation,0.0,0,0,1
1752022800000,new_york,precipitation,0.0,0,0,1
1752026400000,new_york,precipitation,0.0,0,0,1
1752030000000,new_york,precipitation,0.0,1,0,0
1752033600000,new_york,precipitation,0.0,0,0,1
1752037200000,new_york,precipitation,0.0,0,0,1
1752040800000,new_york,precipitation,0.0,0,0,1
1752044400000,new_york,precipitation,0.0,0,0,1
1752048000000,new_york,precipitation,0.0,1,0,0
1752051600000,new_york,precipitation,0.0,1,0,0
1752055200000,new_york,precipitation,0.0,0,0,1
1752058800000,new_york,precipitation,0.0,0,0,1
1752062400000,new_york,precipitation,0.0,0,0,1
1752066000000,new_york,precipitation,0.0,0,0,1
1752069600000,new_york,precipitation,0.0,0,0,1
1752073200000,new_york,precipitation,0.0,0,0,1
1752076800000,new_york,precipitation,0.0,0,0,1
1752080400000,new_york,precipitation,0.0,0,0,1
1752084000000,new_york,precipitation,0.0,1,0,0
1752087600000,new_york,precipitation,0.0,0,0,1
1752091200000,new_york,precipitation,0.0,0,0,1
1752094800000,new_york,precipitation,0.0,1,0,0
1752098400000,new_york,precipitation,0.1,0,1,0
1752102000000,new_york,precipitation,1.5,0,1,0
1752105600000,new_york,precipitation,1.5,0,1,0
1752109200000,new_york,precipitation,1.2,0,1,0
1752112800000,new_york,precipitation,2.9,0,1,0
1752116400000,new_york,precipitation,2.8,0,1,0
1752120000000,new_york,precipitation,4.7,0,1,0
1752123600000,new_york,precipitation,0.3,0,1,0
1752127200000,new_york,precipitation,0.0,0,0,1
1752130800000,new_york,precipitation,0.0,0,0,1
1752134400000,new_york,precipitation,0.0,0,0,1
1752138000000,new_york,precipitation,0.4,0,1,0
1752141600000,new_york,precipitation,4.4,0,1,0
1752145200000,new_york,precipitation,0.4,0,1,0
1752148800000,new_york,precipitation,0.0,0,0,1
1752152400000,new_york,precipitation,0.0,0,0,1
1752156000000,new_york,precipitation,0.0,0,0,1
1752159600000,new_york,precipitation,0.0,0,0,1
1752163200000,new_york,precipitation,0.0,0,0,1
1752166800000,new_york,precipitation,0.0,1,0,0
1752170400000,new_york,precipitation,0.0,0,0,1
1752174000000,new_york,precipitation,0.0,0,0,1
1752177600000,new_york,precipitation,0.0,0,0,1
1752181200000,new_york,precipitation,0.0,0,0,1
1752184800000,new_york,precipitation,0.0,0,0,1
1752188400000,new_york,precipitation,0.0,0,0,1
1752192000000,new_york,precipitation,0.0,1,0,0
1752195600000,new_york,precipitation,0.0,0,0,1
1752199200000,new_york,precipitation,0.0,0,0,1
1752202800000,new_york,precipitation,0.0,0,0,1
1752206400000,new_york,precipitation,0.0,0,0,1
1752210000000,new_york,precipitation,0.0,0,0,1
1752213600000,new_york,precipitation,0.0,0,0,1
1752217200000,new_york,precipitation,0.0,0,0,1
1752220800000,new_york,precipitation,0.0,1,0,0
1752224400000,new_york,precipitation,0.0,0,0,1
1752228000000,new_york,precipitation,0.0,0,0,1
1752231600000,new_york,precipitation,0.0,0,0,1
1752235200000,new_york,precipitation,0.1,0,1,0
1752238800000,new_york,precipitation,0.1,0,1,0
1752242400000,new_york,precipitation,0.0,0,0,1
1752246000000,new_york,precipitation,0.0,1,0,0
1752249600000,new_york,precipitation,0.0,0,0,1
1752253200000,new_york,precipitation,0.0,0,0,1
1752256800000,new_york,precipitation,0.0,0,0,1
1752260400000,new_york,precipitation,0.0,1,0,0
1752264000000,new_york,precipitation,0.0,0,0,1
1752267600000,new_york,precipitation,0.0,0,0,1
1752271200000,new_york,precipitation,0.0,0,0,1
1752274800000,new_york,precipitation,0.0,0,0,1
1752278400000,new_york,precipitation,0.0,0,0,1
1752282000000,new_york,precipitation,0.0,0,0,1
1752285600000,new_york,precipitation,0.0,0,0,1
1752289200000,new_york,precipitation,0.1,0,1,0
1752292800000,new_york,precipitation,0.1,1,1,1
1752296400000,new_york,precipitation,0.0,0,0,1
1752300000000,new_york,precipitation,0.0,1,0,0
1752303600000,new_york,precipitation,0.0,0,0,1
1752307200000,new_york,precipitation,0.0,1,0,0
1752310800000,new_york,precipitation,0.0,0,0,1
1752314400000,new_york,precipitation,0.0,0,0,1
1752318000000,new_york,precipitation,0.0,0,0,1
1752321600000,new_york,precipitation,0.0,0,0,1
1752325200000,new_york,precipitation,0.0,0,0,1
1752328800000,new_york,precipitation,0.0,1,0,0
1752332400000,new_york,precipitation,0.0,0,0,1
1752336000000,new_york,precipitation,0.0,0,0,1
1752339600000,new_york,precipitation,0.0,0,0,1
1752343200000,new_york,precipitation,0.0,0,0,1
1752346800000,new_york,precipitation,0.0,0,0,1
1752350400000,new_york,precipitation,0.0,0,0,1
1752354000000,new_york,precipitation,0.0,1,0,0
1752357600000,new_york,precipitation,0.0,0,0,1
1752361200000,new_york,precipitation,0.0,0,0,1
1752364800000,new_york,precipitation,0.0,0,0,1
1752368400000,new_york,precipitation,0.0,0,0,1
1752372000000,new_york,precipitation,0.0,1,0,0
1752375600000,new_york,precipitation,0.0,0,0,1
1752379200000,new_york,precipitation,0.0,0,0,1
1752382800000,new_york,precipitation,0.0,0,0,1
1752386400000,new_york,precipitation,0.0,0,0,1
1752390000000,new_york,precipitation,0.0,0,0,1
1752393600000,new_york,precipitation,0.0,1,0,0
1752397200000,new_york,precipitation,0.0,0,0,1
1752400800000,new_york,precipitation,0.0,1,0,0
1752404400000,new_york,precipitation,0.0,0,0,1
1752408000000,new_york,precipitation,0.0,0,0,1
1752411600000,new_york,precipitation,0.1,0,1,0
1752415200000,new_york,precipitation,0.0,1,0,0
1752418800000,new_york,precipitation,0.0,0,0,1
1752422400000,new_york,precipitation,0.0,0,0,1
1752426000000,new_york,precipitation,0.0,0,0,1
1752429600000,new_york,precipitation,0.0,0,0,1
1752433200000,new_york,precipitation,0.0,1,0,0
1752436800000,new_york,precipitation,0.0,0,0,1
1752440400000,new_york,precipitation,0.0,0,0,1
1752444000000,new_york,precipitation,0.0,0,0,1
1752447600000,new_york,precipitation,0.1,0,1,0
1752451200000,new_york,precipitation,0.1,1,1,1
1752454800000,new_york,precipitation,0.1,0,1,0
1752458400000,new_york,precipitation,0.1,0,1,0
1752462000000,new_york,precipitation,0.1,0,1,0
1752465600000,new_york,precipitation,0.0,0,0,1
1752469200000,new_york,precipitation,0.0,1,0,0
1752472800000,new_york,precipitation,0.0,1,0,0
1752476400000,new_york,precipitation,0.0,0,0,1
1752480000000,new_york,precipitation,0.1,0,1,0
1752483600000,new_york,precipitation,0.0,0,0,1
1752487200000,new_york,precipitation,0.0,0,0,1
1752490800000,new_york,precipitation,0.0,0,0,1
1752494400000,new_york,precipitation,0.0,1,0,0
1752498000000,new_york,precipitation,0.0,0,0,1
1752501600000,new_york,precipitation,2.3,0,1,0
1752505200000,new_york,precipitation,1.5,0,1,0
1752508800000,new_york,precipitation,2.7,0,1,0
1752512400000,new_york,precipitation,0.2,0,1,0
1752516000000,new_york,precipitation,6.4,0,1,0
1752519600000,new_york,precipitation,0.7,0,1,0
1752523200000,new_york,precipitation,0.3,0,1,0
1752526800000,new_york,precipitation,0.9,0,1,0
1752530400000,new_york,precipitation,1.1,1,1,1
1752534000000,new_york,precipitation,0.9,0,1,0
1752537600000,new_york,precipitation,0.8,0,1,0
1752541200000,new_york,precipitation,0.5,1,1,1
1752544800000,new_york,precipitation,0.0,0,0,1
1752548400000,new_york,precipitation,0.0,1,0,0
1752552000000,new_york,precipitation,0.0,1,0,0
1752555600000,new_york,precipitation,0.0,1,0,0
1752559200000,new_york,precipitation,0.0,0,0,1
1752562800000,new_york,precipitation,0.0,1,0,0
1752566400000,new_york,precipitation,0.1,0,1,0
1752570000000,new_york,precipitation,0.0,0,0,1
1752573600000,new_york,precipitation,0.0,0,0,1
1752577200000,new_york,precipitation,0.1,0,1,0
1752580800000,new_york,precipitation,0.2,0,1,0
1752584400000,new_york,precipitation,0.1,0,1,0
1752588000000,new_york,precipitation,0.0,0,0,1
1752591600000,new_york,precipitation,0.2,0,1,0
1752595200000,new_york,precipitation,0.0,0,0,1
1752598800000,new_york,precipitation,0.6,0,1,0
1752602400000,new_york,precipitation,0.1,0,1,0
1752606000000,new_york,precipitation,0.0,1,0,0
1752609600000,new_york,precipitation,0.0,0,0,1
1752613200000,new_york,precipitation,0.0,0,0,1
1752616800000,new_york,precipitation,0.0,0,0,1
1752620400000,new_york,precipitation,0.0,0,0,1
1752624000000,new_york,precipitation,0.0,1,0,0
1752627600000,new_york,precipitation,0.0,0,0,1
1752631200000,new_york,precipitation,0.0,0,0,1
1752634800000,new_york,precipitation,0.0,0,0,1
1752638400000,new_york,precipitation,0.0,1,0,0
1752642000000,new_york,precipitation,0.0,0,0,1
1752645600000,new_york,precipitation,0.0,0,0,1
1752649200000,new_york,precipitation,0.0,0,0,1
1752652800000,new_york,precipitation,0.0,0,0,1
1752656400000,new_york,precipitation,0.0,0,0,1
1752660000000,new_york,precipitation,0.1,0,1,0
1752663600000,new_york,precipitation,0.1,1,1,1
1752667200000,new_york,precipitation,0.1,0,1,0
1752670800000,new_york,precipitation,0.1,1,1,1
1752674400000,new_york,precipitation,0.1,0,1,0
1752678000000,new_york,precipitation,0.3,0,1,0
1752681600000,new_york,precipitation,0.1,0,1,0
1752685200000,new_york,precipitation,0.1,0,1,0
1752688800000,new_york,precipitation,0.1,0,1,0
1752692400000,new_york,precipitation,0.7,0,1,0
1752696000000,new_york,precipitation,0.0,0,0,1
1752699600000,new_york,precipitation,0.1,0,1,0
1752703200000,new_york,precipitation,0.2,0,1,0
1752706800000,new_york,precipitation,0.1,0,1,0
1752710400000,new_york,precipitation,0.1,0,1,0
1752714000000,new_york,precipitation,0.0,0,0,1
1752717600000,new_york,precipitation,0.0,1,0,0
1752721200000,new_york,precipitation,0.0,0,0,1
1752724800000,new_york,precipitation,0.0,0,0,1
1752728400000,new_york,precipitation,0.0,1,0,0
1752732000000,new_york,precipitation,0.0,0,0,1
1752735600000,new_york,precipitation,0.0,0,0,1
1752739200000,new_york,precipitation,0.0,1,0,0
1752742800000,new_york,precipitation,0.1,0,1,0
1752746400000,new_york,precipitation,1.3,0,1,0
1752750000000,new_york,precipitation,0.2,1,1,1
1752753600000,new_york,precipitation,0.1,0,1,0
1752757200000,new_york,precipitation,0.0,0,0,1
1752760800000,new_york,precipitation,0.0,0,0,1
1752764400000,new_york,precipitation,0.0,1,0,0
1752768000000,new_york,precipitation,0.0,0,0,1
1752771600000,new_york,precipitation,0.0,0,0,1
1752775200000,new_york,precipitation,0.1,0,1,0
1752778800000,new_york,precipitation,0.0,0,0,1
1752782400000,new_york,precipitation,0.0,0,0,1
1752786000000,new_york,precipitation,0.0,0,0,1
1752789600000,new_york,precipitation,0.0,0,0,1
1752793200000,new_york,precipitation,0.0,0,0,1
1752796800000,new_york,precipitation,0.0,0,0,1
1752800400000,new_york,precipitation,0.0,0,0,1
1752804000000,new_york,precipitation,0.0,0,0,1
1752807600000,new_york,precipitation,0.0,0,0,1
1752811200000,new_york,precipitation,0.0,0,0,1
1752814800000,new_york,precipitation,0.0,0,0,1
1752818400000,new_york,precipitation,0.0,1,0,0
1752822000000,new_york,precipitation,0.0,0,0,1
1752825600000,new_york,precipitation,0.0,0,0,1
1752829200000,new_york,precipitation,0.0,0,0,1
1752832800000,new_york,precipitation,0.0,0,0,1
1752836400000,new_york,precipitation,0.0,0,0,1
1752840000000,new_york,precipitation,0.0,0,0,1
1752843600000,new_york,precipitation,0.0,0,0,1
1752847200000,new_york,precipitation,0.0,0,0,1
1752850800000,new_york,precipitation,0.0,0,0,1
1752854400000,new_york,precipitation,0.0,1,0,0
1752858000000,new_york,precipitation,0.0,0,0,1
1752861600000,new_york,precipitation,0.0,0,0,1
1752865200000,new_york,precipitation,0.0,1,0,0
1752868800000,new_york,precipitation,0.0,0,0,1
1752872400000,new_york,precipitation,0.0,0,0,1
1752876000000,new_york,precipitation,0.0,0,0,1
1752879600000,new_york,precipitation,0.0,0,0,1
1752883200000,new_york,precipitation,0.0,0,0,1
1752886800000,new_york,precipitation,0.0,0,0,1
1752890400000,new_york,precipitation,0.0,0,0,1
1752894000000,new_york,precipitation,0.0,0,0,1
1752897600000,new_york,precipitation,0.0,0,0,1
1752901200000,new_york,precipitation,0.0,0,0,1
1752904800000,new_york,precipitation,0.0,0,0,1
1752908400000,new_york,precipitation,0.0,0,0,1
1752912000000,new_york,precipitation,0.0,0,0,1
1752915600000,new_york,precipitation,0.0,0,0,1
1752919200000,new_york,precipitation,0.0,0,0,1
1752922800000,new_york,precipitation,0.0,0,0,1
1752926400000,new_york,precipitation,0.0,0,0,1
1752930000000,new_york,precipitation,0.0,0,0,1
1752933600000,new_york,precipitation,0.0,0,0,1
1752937200000,new_york,precipitation,0.0,0,0,1
1752940800000,new_york,precipitation,0.0,0,0,1
1752944400000,new_york,precipitation,0.0,0,0,1
1752948000000,new_york,precipitation,0.0,0,0,1
1752951600000,new_york,precipitation,0.0,0,0,1
1752955200000,new_york,precipitation,0.0,0,0,1
1752958800000,new_york,precipitation,0.0,0,0,1
1752962400000,new_york,precipitation,0.0,1,0,0
1752966000000,new_york,precipitation,0.0,0,0,1
1752969600000,new_york,precipitation,0.0,0,0,1
1752973200000,new_york,precipitation,0.0,0,0,1
1752976800000,new_york,precipitation,0.0,0,0,1
1752980400000,new_york,precipitation,0.1,0,1,0
1752984000000,new_york,precipitation,0.0,0,0,1
1752987600000,new_york,precipitation,0.0,0,0,1
1752991200000,new_york,precipitation,0.1,0,1,0
1752994800000,new_york,precipitation,0.7,0,1,0
1752998400000,new_york,precipitation,2.1,0,1,0
1753002000000,new_york,precipitation,0.0,0,0,1
1753005600000,new_york,precipitation,0.1,0,1,0
1753009200000,new_york,precipitation,0.1,0,1,0
1753012800000,new_york,precipitation,0.0,0,0,1
1753016400000,new_york,precipitation,0.0,0,0,1
1753020000000,new_york,precipitation,0.0,0,0,1
1753023600000,new_york,precipitation,0.0,0,0,1
1753027200000,new_york,precipitation,0.1,0,1,0
1753030800000,new_york,precipitation,0.0,0,0,1
1753034400000,new_york,precipitation,0.0,1,0,0
1753038000000,new_york,precipitation,0.0,0,0,1
1753041600000,new_york,precipitation,0.3,0,1,0
1753045200000,new_york,precipitation,0.0,0,0,1
1753048800000,new_york,precipitation,0.5,0,1,0
1753052400000,new_york,precipitation,0.0,0,0,1
1753056000000,new_york,precipitation,0.0,0,0,1
1753059600000,new_york,precipitation,0.0,0,0,1
1753063200000,new_york,precipitation,0.0,0,0,1
1753066800000,new_york,precipitation,0.0,0,0,1
1753070400000,new_york,precipitation,0.0,0,0,1
1753074000000,new_york,precipitation,0.0,0,0,1
1753077600000,new_york,precipitation,0.0,0,0,1
1753081200000,new_york,precipitation,0.0,1,0,0
1753084800000,new_york,precipitation,0.0,0,0,1
1753088400000,new_york,precipitation,0.0,0,0,1
1753092000000,new_york,precipitation,0.0,0,0,1
1753095600000,new_york,precipitation,0.0,0,0,1
1753099200000,new_york,precipitation,0.0,0,0,1
1753102800000,new_york,precipitation,0.0,1,0,0
1753106400000,new_york,precipitation,0.0,1,0,0
1753110000000,new_york,precipitation,0.0,0,0,1
1753113600000,new_york,precipitation,0.0,0,0,1
1753117200000,new_york,precipitation,0.0,0,0,1
1753120800000,new_york,precipitation,0.0,0,0,1
1753124400000,new_york,precipitation,0.0,0,0,1
1753128000000,new_york,precipitation,0.0,1,0,0
1753131600000,new_york,precipitation,0.0,0,0,1
1753135200000,new_york,precipitation,0.0,0,0,1
1753138800000,new_york,precipitation,0.0,0,0,1
1753142400000,new_york,precipitation,0.0,0,0,1
1753146000000,new_york,precipitation,0.0,0,0,1
1753149600000,new_york,precipitation,0.0,1,0,0
1753153200000,new_york,precipitation,0.0,0,0,1
1753156800000,new_york,precipitation,0.0,0,0,1
1753160400000,new_york,precipitation,0.0,0,0,1
1753164000000,new_york,precipitation,0.0,1,0,0
1753167600000,new_york,precipitation,0.0,0,0,1
1753171200000,new_york,precipitation,0.0,0,0,1
1753174800000,new_york,precipitation,0.0,0,0,1
1753178400000,new_york,precipitation,0.0,0,0,1
1753182000000,new_york,precipitation,0.0,0,0,1
1753185600000,new_york,precipitation,0.0,0,0,1
1753189200000,new_york,precipitation,0.0,0,0,1
1753192800000,new_york,precipitation,0.0,0,0,1
1753196400000,new_york,precipitation,0.0,0,0,1
1753200000000,new_york,precipitation,0.0,0,0,1
1753203600000,new_york,precipitation,0.0,1,0,0
1753207200000,new_york,precipitation,0.0,0,0,1
1753210800000,new_york,precipitation,0.0,0,0,1
1753214400000,new_york,precipitation,0.0,0,0,1
1753218000000,new_york,precipitation,0.0,0,0,1
1753221600000,new_york,precipitation,0.0,0,0,1
1753225200000,new_york,precipitation,0.0,0,0,1
1753228800000,new_york,precipitation,0.0,1,0,0
1753232400000,new_york,precipitation,0.0,0,0,1
1753236000000,new_york,precipitation,0.0,0,0,1
1753239600000,new_york,precipitation,0.0,0,0,1
1753243200000,new_york,precipitation,0.0,0,0,1
1753246800000,new_york,precipitation,0.0,1,0,0
1753250400000,new_york,precipitation,0.0,1,0,0
1753254000000,new_york,precipitation,0.0,0,0,1
1753257600000,new_york,precipitation,0.0,0,0,1
1753261200000,new_york,precipitation,0.0,0,0,1
1753264800000,new_york,precipitation,0.0,0,0,1
1753268400000,new_york,precipitation,0.0,0,0,1
1753272000000,new_york,precipitation,0.0,0,0,1
1753275600000,new_york,precipitation,0.0,0,0,1
1753279200000,new_york,precipitation,0.0,1,0,0
1753282800000,new_york,precipitation,0.0,0,0,1
1753286400000,new_york,precipitation,0.0,0,0,1
1753290000000,new_york,precipitation,0.0,1,0,0
1753293600000,new_york,precipitation,0.0,0,0,1
1753297200000,new_york,precipitation,0.0,0,0,1
1753300800000,new_york,precipitation,0.0,0,0,1
1753304400000,new_york,precipitation,0.0,0,0,1
1753308000000,new_york,precipitation,0.0,1,0,0
1753311600000,new_york,precipitation,0.0,1,0,0
1753315200000,new_york,precipitation,0.0,0,0,1
1753318800000,new_york,precipitation,0.0,0,0,1
1753322400000,new_york,precipitation,0.0,0,0,1
1753326000000,new_york,precipitation,0.0,0,0,1
1753329600000,new_york,precipitation,0.0,0,0,1
1753333200000,new_york,precipitation,0.0,0,0,1
1753336800000,new_york,precipitation,0.0,0,0,1
1753340400000,new_york,precipitation,0.0,0,0,1
1753344000000,new_york,precipitation,0.0,1,0,0
1753347600000,new_york,precipitation,0.0,0,0,1
1753351200000,new_york,precipitation,0.0,0,0,1
1753354800000,new_york,precipitation,0.0,1,0,0
1753358400000,new_york,precipitation,0.0,0,0,1
1753362000000,new_york,precipitation,0.0,0,0,1
1753365600000,new_york,precipitation,0.0,0,0,1
1753369200000,new_york,precipitation,0.0,0,0,1
1753372800000,new_york,precipitation,0.0,0,0,1
1753376400000,new_york,precipitation,0.0,0,0,1
1753380000000,new_york,precipitation,0.0,0,0,1
1753383600000,new_york,precipitation,0.0,0,0,1
1753387200000,new_york,precipitation,0.0,0,0,1
1753390800000,new_york,precipitation,0.0,1,0,0
1753394400000,new_york,precipitation,0.0,0,0,1
1753398000000,new_york,precipitation,0.0,0,0,1
1753401600000,new_york,precipitation,0.0,0,0,1
1753405200000,new_york,precipitation,0.0,0,0,1
1753408800000,new_york,precipitation,0.0,0,0,1
1753412400000,new_york,precipitation,0.0,1,0,0
1753416000000,new_york,precipitation,0.0,1,0,0
1753419600000,new_york,precipitation,0.0,0,0,1
1753423200000,new_york,precipitation,0.0,0,0,1
1753426800000,new_york,precipitation,0.0,0,0,1
1753430400000,new_york,precipitation,0.0,0,0,1
1753434000000,new_york,precipitation,0.0,0,0,1
1753437600000,new_york,precipitation,0.0,0,0,1
1753441200000,new_york,precipitation,0.0,0,0,1
1753444800000,new_york,precipitation,0.0,1,0,0
1753448400000,new_york,precipitation,0.0,0,0,1
1753452000000,new_york,precipitation,0.0,0,0,1
1753455600000,new_york,precipitation,2.4,0,1,0
1753459200000,new_york,precipitation,2.5,0,1,0
1753462800000,new_york,precipitation,0.0,0,0,1
1753466400000,new_york,precipitation,0.0,0,0,1
1753470000000,new_york,precipitation,0.0,1,0,0
1753473600000,new_york,precipitation,0.5,1,1,1
1753477200000,new_york,precipitation,0.0,0,0,1
1753480800000,new_york,precipitation,0.0,0,0,1
1753484400000,new_york,precipitation,0.0,0,0,1
1753488000000,new_york,precipitation,0.0,0,0,1
1753491600000,new_york,precipitation,0.0,0,0,1
1753495200000,new_york,precipitation,0.0,0,0,1
1753498800000,new_york,precipitation,0.0,0,0,1
1753502400000,new_york,precipitation,0.0,1,0,0
1753506000000,new_york,precipitation,0.0,0,0,1
1753509600000,new_york,precipitation,0.0,0,0,1
1753513200000,new_york,precipitation,0.0,0,0,1
1753516800000,new_york,precipitation,0.0,0,0,1
1753520400000,new_york,precipitation,0.0,0,0,1
1753524000000,new_york,precipitation,0.0,0,0,1
1753527600000,new_york,precipitation,0.0,0,0,1
1753531200000,new_york,precipitation,0.0,1,0,0
1753534800000,new_york,precipitation,0.0,0,0,1
1753538400000,new_york,precipitation,0.0,0,0,1
1753542000000,new_york,precipitation,0.0,0,0,1
1753545600000,new_york,precipitation,0.0,0,0,1
1753549200000,new_york,precipitation,0.0,0,0,1
1753552800000,new_york,precipitation,0.0,1,0,0
1753556400000,new_york,precipitation,0.0,0,0,1
1753560000000,new_york,precipitation,0.0,0,0,1
1753563600000,new_york,precipitation,0.0,0,0,1
1753567200000,new_york,precipitation,0.0,0,0,1
1753570800000,new_york,precipitation,0.0,0,0,1
1753574400000,new_york,precipitation,0.0,0,0,1
1753578000000,new_york,precipitation,0.0,0,0,1
1753581600000,new_york,precipitation,0.0,0,0,1
1753585200000,new_york,precipitation,0.0,0,0,1
1753588800000,new_york,precipitation,0.0,0,0,1
1753592400000,new_york,precipitation,0.0,0,0,1
1753596000000,new_york,precipitation,0.0,0,0,1
1753599600000,new_york,precipitation,0.8,1,1,1
1753603200000,new_york,precipitation,0.6,0,1,0
1753606800000,new_york,precipitation,0.0,0,0,1
1753610400000,new_york,precipitation,0.0,1,0,0
1753614000000,new_york,precipitation,0.1,0,1,0
1753617600000,new_york,precipitation,0.0,0,0,1
1753621200000,new_york,precipitation,0.0,0,0,1
1753624800000,new_york,precipitation,0.2,0,1,0
1753628400000,new_york,precipitation,0.2,0,1,0
1753632000000,new_york,precipitation,7.1,0,1,0
1753635600000,new_york,precipitation,0.1,0,1,0
1753639200000,new_york,precipitation,0.4,0,1,0
1753642800000,new_york,precipitation,0.10960068937884633,1,1,1
1753646400000,new_york,precipitation,0.0,0,0,1
1753650000000,new_york,precipitation,0.0,0,0,1
1753653600000,new_york,precipitation,0.2,0,1,0
1753657200000,new_york,precipitation,0.0,0,0,1
1753660800000,new_york,precipitation,0.0,0,0,1
1753664400000,new_york,precipitation,0.0,0,0,1
1753668000000,new_york,precipitation,0.0,1,0,0
1753671600000,new_york,precipitation,0.0,0,0,1
1753675200000,new_york,precipitation,0.0,0,0,1
1753678800000,new_york,precipitation,0.0,0,0,1
1753682400000,new_york,precipitation,0.0,0,0,1
1753686000000,new_york,precipitation,0.0,0,0,1
1753689600000,new_york,precipitation,0.0,1,0,0
1753693200000,new_york,precipitation,0.0,0,0,1
1753696800000,new_york,precipitation,0.0,1,0,0
1753700400000,new_york,precipitation,0.0,1,0,0
1753704000000,new_york,precipitation,0.0,1,0,0
1753707600000,new_york,precipitation,0.0,1,0,0
1753711200000,new_york,precipitation,0.0,0,0,1
1753714800000,new_york,precipitation,0.0,0,0,1
1753718400000,new_york,precipitation,0.0,1,0,0
1753722000000,new_york,precipitation,0.0,0,0,1
1753725600000,new_york,precipitation,0.0,1,0,0
1753729200000,new_york,precipitation,0.0,0,0,1
1753732800000,new_york,precipitation,0.0,0,0,1
1753736400000,new_york,precipitation,0.0,0,0,1
1753740000000,new_york,precipitation,0.0,0,0,1
1753743600000,new_york,precipitation,0.0,0,0,1
1753747200000,new_york,precipitation,0.0,0,0,1
1753750800000,new_york,precipitation,0.0,0,0,1
1753754400000,new_york,precipitation,0.0,0,0,1
1753758000000,new_york,precipitation,0.0,0,0,1
1753761600000,new_york,precipitation,0.0,0,0,1
1753765200000,new_york,precipitation,0.0,0,0,1
1753768800000,new_york,precipitation,0.0,0,0,1
1753772400000,new_york,precipitation,0.0,0,0,1
1753776000000,new_york,precipitation,0.0,0,0,1
1753779600000,new_york,precipitation,0.0,0,0,1
1753783200000,new_york,precipitation,0.0,0,0,1
1753786800000,new_york,precipitation,0.0,0,0,1
1753790400000,new_york,precipitation,0.0,0,0,1
1753794000000,new_york,precipitation,0.0,0,0,1
1753797600000,new_york,precipitation,0.0,1,0,0
1753801200000,new_york,precipitation,0.0,0,0,1
1753804800000,new_york,precipitation,0.0,0,0,1
1753808400000,new_york,precipitation,0.0,0,0,1
1753812000000,new_york,precipitation,0.0,0,0,1
1753815600000,new_york,precipitation,0.0,0,0,1
1753819200000,new_york,precipitation,0.0,0,0,1
1753822800000,new_york,precipitation,0.0,1,0,0
1753826400000,new_york,precipitation,0.0,0,0,1
1753830000000,new_york,precipitation,0.0,1,0,0
1753833600000,new_york,precipitation,0.0,0,0,1
1753837200000,new_york,precipitation,0.0,0,0,1
1753840800000,new_york,precipitation,0.0,0,0,1
1753844400000,new_york,precipitation,0.0,0,0,1
1753848000000,new_york,precipitation,0.0,0,0,1
1753851600000,new_york,precipitation,0.0,0,0,1
1753855200000,new_york,precipitation,0.0,0,0,1
1753858800000,new_york,precipitation,0.0,0,0,1
1753862400000,new_york,precipitation,0.0,0,0,1
1753866000000,new_york,precipitation,0.0,0,0,1
1753869600000,new_york,precipitation,0.0,1,0,0
1753873200000,new_york,precipitation,0.0,0,0,1
1753876800000,new_york,precipitation,0.0,1,0,0
1753880400000,new_york,precipitation,0.1,1,1,1
1753884000000,new_york,precipitation,0.0,0,0,1
1753887600000,new_york,precipitation,0.0,1,0,0
1753891200000,new_york,precipitation,0.0,0,0,1
1753894800000,new_york,precipitation,0.0,0,0,1
1753898400000,new_york,precipitation,8.2,0,1,0
1753902000000,new_york,precipitation,0.1,0,1,0
1753905600000,new_york,precipitation,0.0,0,0,1
1753909200000,new_york,precipitation,0.0,1,0,0
1753912800000,new_york,precipitation,0.0,0,0,1
1753916400000,new_york,precipitation,0.0,0,0,1
1753920000000,new_york,precipitation,0.0,0,0,1
1753923600000,new_york,precipitation,0.0,0,0,1
1753927200000,new_york,precipitation,0.0,0,0,1
1753930800000,new_york,precipitation,0.0,0,0,1
1753934400000,new_york,precipitation,0.0,0,0,1
1753938000000,new_york,precipitation,0.0,1,0,0
1753941600000,new_york,precipitation,0.0,0,0,1
1753945200000,new_york,precipitation,0.0,0,0,1
1753948800000,new_york,precipitation,0.0,0,0,1
1753952400000,new_york,precipitation,0.0,0,0,1
1753956000000,new_york,precipitation,0.0,0,0,1
1753959600000,new_york,precipitation,0.0,0,0,1
1753963200000,new_york,precipitation,0.1,0,1,0
1753966800000,new_york,precipitation,0.0,1,0,0
1753970400000,new_york,precipitation,3.0,0,1,0
1753974000000,new_york,precipitation,0.6,0,1,0
1753977600000,new_york,precipitation,0.2,0,1,0
1753981200000,new_york,precipitation,2.4,0,1,0
1753984800000,new_york,precipitation,0.2177512135668902,1,1,1
1753988400000,new_york,precipitation,0.2,0,1,0
1753992000000,new_york,precipitation,0.4,0,1,0
1753995600000,new_york,precipitation,0.3,0,1,0
1753999200000,new_york,precipitation,0.1,0,1,0
1754002800000,new_york,precipitation,0.3,1,1,1
1754006400000,new_york,precipitation,0.3,0,1,0
1754010000000,new_york,precipitation,0.1,1,1,1
1754013600000,new_york,precipitation,0.1,1,1,1
1754017200000,new_york,precipitation,0.2,0,1,0
1754020800000,new_york,precipitation,0.3,0,1,0
1754024400000,new_york,precipitation,0.1,0,1,0
1754028000000,new_york,precipitation,0.0,0,0,1
1754031600000,new_york,precipitation,0.0,0,0,1
1754035200000,new_york,precipitation,0.0,0,0,1
1754038800000,new_york,precipitation,0.0,0,0,1
1754042400000,new_york,precipitation,0.0,1,0,0
1754046000000,new_york,precipitation,0.0,0,0,1
1754049600000,new_york,precipitation,0.1,0,1,0
1754053200000,new_york,precipitation,0.0,0,0,1
1754056800000,new_york,precipitation,0.0,0,0,1
1754060400000,new_york,precipitation,0.0,0,0,1
1754064000000,new_york,precipitation,0.1,0,1,0
1754067600000,new_york,precipitation,0.0,1,0,0
1754071200000,new_york,precipitation,0.0,0,0,1
1754074800000,new_york,precipitation,0.0,0,0,1
1754078400000,new_york,precipitation,0.0,0,0,1
1754082000000,new_york,precipitation,0.0,0,0,1
1754085600000,new_york,precipitation,0.0,0,0,1
1754089200000,new_york,precipitation,0.0,0,0,1
1754092800000,new_york,precipitation,0.0,0,0,1
1754096400000,new_york,precipitation,0.0,0,0,1
1754100000000,new_york,precipitation,0.0,1,0,0
1754103600000,new_york,precipitation,0.0,0,0,1
1754107200000,new_york,precipitation,0.0,0,0,1
1754110800000,new_york,precipitation,0.0,0,0,1
1754114400000,new_york,precipitation,0.0,0,0,1
1754118000000,new_york,precipitation,0.0,0,0,1
1754121600000,new_york,precipitation,0.0,0,0,1
1754125200000,new_york,precipitation,0.0,0,0,1
1754128800000,new_york,precipitation,0.0,0,0,1
1754132400000,new_york,precipitation,0.0,0,0,1
1754136000000,new_york,precipitation,0.0,0,0,1
1754139600000,new_york,precipitation,0.0,0,0,1
1754143200000,new_york,precipitation,0.0,0,0,1
1754146800000,new_york,precipitation,0.0,0,0,1
1754150400000,new_york,precipitation,0.0,1,0,0
1754154000000,new_york,precipitation,0.0,0,0,1
1754157600000,new_york,precipitation,0.0,0,0,1
1754161200000,new_york,precipitation,0.0,0,0,1
1754164800000,new_york,precipitation,0.0,0,0,1
1754168400000,new_york,precipitation,0.0,0,0,1
1754172000000,new_york,precipitation,0.0,0,0,1
1754175600000,new_york,precipitation,0.0,0,0,1
1754179200000,new_york,precipitation,0.0,1,0,0
1754182800000,new_york,precipitation,0.0,0,0,1
1754186400000,new_york,precipitation,0.0,0,0,1
1754190000000,new_york,precipitation,0.0,0,0,1
1754193600000,new_york,precipitation,0.0,0,0,1
1754197200000,new_york,precipitation,0.0,0,0,1
1754200800000,new_york,precipitation,0.0,0,0,1
1754204400000,new_york,precipitation,0.0,0,0,1
1754208000000,new_york,precipitation,0.0,1,0,0
1754211600000,new_york,precipitation,0.0,0,0,1
1754215200000,new_york,precipitation,0.0,0,0,1
1754218800000,new_york,precipitation,0.0,0,0,1
1754222400000,new_york,precipitation,0.0,0,0,1
1754226000000,new_york,precipitation,0.0,0,0,1
1754229600000,new_york,precipitation,0.0,0,0,1
1754233200000,new_york,precipitation,0.0,0,0,1
1754236800000,new_york,precipitation,0.0,0,0,1
1754240400000,new_york,precipitation,0.0,0,0,1
1754244000000,new_york,precipitation,0.0,0,0,1
1754247600000,new_york,precipitation,0.0,0,0,1
1754251200000,new_york,precipitation,0.0,0,0,1
1754254800000,new_york,precipitation,0.0,0,0,1
1754258400000,new_york,precipitation,0.0,0,0,1
1754262000000,new_york,precipitation,0.0,0,0,1
1754265600000,new_york,precipitation,0.0,1,0,0
1754269200000,new_york,precipitation,0.0,1,0,0
1754272800000,new_york,precipitation,0.0,0,0,1
1754276400000,new_york,precipitation,0.0,0,0,1
1754280000000,new_york,precipitation,0.0,0,0,1
1754283600000,new_york,precipitation,0.0,0,0,1
1754287200000,new_york,precipitation,0.0,0,0,1
1754290800000,new_york,precipitation,0.0,0,0,1
1754294400000,new_york,precipitation,0.0,0,0,1
1754298000000,new_york,precipitation,0.0,1,0,0
1754301600000,new_york,precipitation,0.0,0,0,1
1754305200000,new_york,precipitation,0.0,0,0,1
1754308800000,new_york,precipitation,0.0,0,0,1
1754312400000,new_york,precipitation,0.0,0,0,1
1754316000000,new_york,precipitation,0.0,0,0,1
1754319600000,new_york,precipitation,0.0,0,0,1
1754323200000,new_york,precipitation,0.0,0,0,1
1754326800000,new_york,precipitation,0.0,0,0,1
1754330400000,new_york,precipitation,0.0,1,0,0
1754334000000,new_york,precipitation,0.0,1,0,0
1754337600000,new_york,precipitation,0.0,0,0,1
1754341200000,new_york,precipitation,0.0,0,0,1
1754344800000,new_york,precipitation,0.0,0,0,1
1754348400000,new_york,precipitation,0.0,0,0,1
1754352000000,new_york,precipitation,0.0,0,0,1
1754355600000,new_york,precipitation,0.0,0,0,1
1754359200000,new_york,precipitation,0.0,1,0,0
1754362800000,new_york,precipitation,0.0,0,0,1
1754366400000,new_york,precipitation,0.0,0,0,1
1754370000000,new_york,precipitation,0.0,0,0,1
1754373600000,new_york,precipitation,0.0,0,0,1
1754377200000,new_york,precipitation,0.0,0,0,1
1754380800000,new_york,precipitation,0.0,0,0,1
1754384400000,new_york,precipitation,0.0,0,0,1
1754388000000,new_york,precipitation,0.0,0,0,1
1754391600000,new_york,precipitation,0.0,0,0,1
1754395200000,new_york,precipitation,0.0,0,0,1
1754398800000,new_york,precipitation,0.0,0,0,1
1754402400000,new_york,precipitation,0.0,0,0,1
1754406000000,new_york,precipitation,0.0,0,0,1
1754409600000,new_york,precipitation,0.0,1,0,0
1754413200000,new_york,precipitation,0.0,0,0,1
1754416800000,new_york,precipitation,0.0,0,0,1
1754420400000,new_york,precipitation,0.0,0,0,1
1754424000000,new_york,precipitation,0.0,0,0,1
1754427600000,new_york,precipitation,0.0,1,0,0
1754431200000,new_york,precipitation,0.0,0,0,1
1754434800000,new_york,precipitation,0.0,0,0,1
1754438400000,new_york,precipitation,0.0,0,0,1
1754442000000,new_york,precipitation,0.0,0,0,1
1754445600000,new_york,precipitation,0.0,0,0,1
1754449200000,new_york,precipitation,0.0,0,0,1
1754452800000,new_york,precipitation,0.0,0,0,1
1754456400000,new_york,precipitation,0.0,0,0,1
1754460000000,new_york,precipitation,0.0,0,0,1
1754463600000,new_york,precipitation,0.0,1,0,0
1754467200000,new_york,precipitation,0.0,0,0,1
1754470800000,new_york,precipitation,0.0,0,0,1
1754474400000,new_york,precipitation,0.0,0,0,1
1754478000000,new_york,precipitation,0.0,0,0,1
1754481600000,new_york,precipitation,0.0,1,0,0
1754485200000,new_york,precipitation,0.0,0,0,1
1754488800000,new_york,precipitation,0.0,1,0,0
1754492400000,new_york,precipitation,0.0,0,0,1
1754496000000,new_york,precipitation,0.0,0,0,1
1754499600000,new_york,precipitation,0.0,0,0,1
1754503200000,new_york,precipitation,0.0,0,0,1
1754506800000,new_york,precipitation,0.1,0,1,0
1754510400000,new_york,precipitation,0.0,0,0,1
1754514000000,new_york,precipitation,0.1,0,1,0
1754517600000,new_york,precipitation,0.3,0,1,0
1754521200000,new_york,precipitation,0.3,0,1,0
1754524800000,new_york,precipitation,0.1,0,1,0
1754528400000,new_york,precipitation,0.0,0,0,1
1754532000000,new_york,precipitation,0.0,0,0,1
1754535600000,new_york,precipitation,0.0,0,0,1
1754539200000,new_york,precipitation,0.0,0,0,1
1754542800000,new_york,precipitation,0.0,0,0,1
1754546400000,new_york,precipitation,0.0,0,0,1
1754550000000,new_york,precipitation,0.0,0,0,1
1754553600000,new_york,precipitation,0.0,1,0,0
1754557200000,new_york,precipitation,0.0,0,0,1
1754560800000,new_york,precipitation,0.0,0,0,1
1754564400000,new_york,precipitation,0.0,0,0,1
1754568000000,new_york,precipitation,0.0,0,0,1
1754571600000,new_york,precipitation,0.0,1,0,0
1754575200000,new_york,precipitation,0.0,0,0,1
1754578800000,new_york,precipitation,0.0,0,0,1
1754582400000,new_york,precipitation,0.0,0,0,1
1754586000000,new_york,precipitation,0.0,0,0,1
1754589600000,new_york,precipitation,0.0,0,0,1
1754593200000,new_york,precipitation,0.0,0,0,1
1754596800000,new_york,precipitation,0.0,0,0,1
1754600400000,new_york,precipitation,0.0,0,0,1
1754604000000,new_york,precipitation,0.0,0,0,1
1754607600000,new_york,precipitation,0.0,0,0,1
1754611200000,new_york,precipitation,0.0,0,0,1
1754614800000,new_york,precipitation,0.0,0,0,1
1754618400000,new_york,precipitation,0.0,0,0,1
1754622000000,new_york,precipitation,0.0,0,0,1
1754625600000,new_york,precipitation,0.0,0,0,1
1754629200000,new_york,precipitation,0.0,0,0,1
1754632800000,new_york,precipitation,0.0,0,0,1
1754636400000,new_york,precipitation,0.0,0,0,1
1754640000000,new_york,precipitation,0.0,0,0,1
1754643600000,new_york,precipitation,0.0,1,0,0
1754647200000,new_york,precipitation,0.0,0,0,1
1754650800000,new_york,precipitation,0.0,0,0,1
1754654400000,new_york,precipitation,0.0,0,0,1
1754658000000,new_york,precipitation,0.0,0,0,1
1754661600000,new_york,precipitation,0.0,0,0,1
1754665200000,new_york,precipitation,0.0,0,0,1
1754668800000,new_york,precipitation,0.0,0,0,1
1754672400000,new_york,precipitation,0.0,0,0,1
1754676000000,new_york,precipitation,0.0,1,0,0
1754679600000,new_york,precipitation,0.0,0,0,1
1754683200000,new_york,precipitation,0.0,0,0,1
1754686800000,new_york,precipitation,0.0,1,0,0
1754690400000,new_york,precipitation,0.0,0,0,1
1754694000000,new_york,precipitation,0.0,0,0,1
1754697600000,new_york,precipitation,0.0,0,0,1
1754701200000,new_york,precipitation,0.0,0,0,1
1754704800000,new_york,precipitation,0.0,0,0,1
1754708400000,new_york,precipitation,0.0,0,0,1
1754712000000,new_york,precipitation,0.0,0,0,1
1754715600000,new_york,precipitation,0.0,0,0,1
1754719200000,new_york,precipitation,0.0,0,0,1
1754722800000,new_york,precipitation,0.0,1,0,0
1754726400000,new_york,precipitation,0.0,0,0,1
1754730000000,new_york,precipitation,0.0,0,0,1
1754733600000,new_york,precipitation,0.0,0,0,1
1754737200000,new_york,precipitation,0.0,0,0,1
1754740800000,new_york,precipitation,0.0,0,0,1
1754744400000,new_york,precipitation,0.0,0,0,1
1754748000000,new_york,precipitation,0.0,0,0,1
1754751600000,new_york,precipitation,0.0,0,0,1
1754755200000,new_york,precipitation,0.0,0,0,1
1754758800000,new_york,precipitation,0.0,0,0,1
1754762400000,new_york,precipitation,0.0,1,0,0
1754766000000,new_york,precipitation,0.0,1,0,0
1754769600000,new_york,precipitation,0.0,0,0,1
1754773200000,new_york,precipitation,0.0,0,0,1
1754776800000,new_york,precipitation,0.0,0,0,1
1754780400000,new_york,precipitation,0.0,0,0,1
1754784000000,new_york,precipitation,0.0,0,0,1
1754787600000,new_york,precipitation,0.0,0,0,1
1754791200000,new_york,precipitation,0.0,0,0,1
1754794800000,new_york,precipitation,0.0,0,0,1
1754798400000,new_york,precipitation,0.0,1,0,0
1754802000000,new_york,precipitation,0.0,0,0,1
1754805600000,new_york,precipitation,0.0,0,0,1
1754809200000,new_york,precipitation,0.0,0,0,1
1754812800000,new_york,precipitation,0.0,0,0,1
1754816400000,new_york,precipitation,0.0,0,0,1
1754820000000,new_york,precipitation,0.0,0,0,1
1754823600000,new_york,precipitation,0.0,0,0,1
1754827200000,new_york,precipitation,0.0,0,0,1
1754830800000,new_york,precipitation,0.0,0,0,1
1754834400000,new_york,precipitation,0.0,1,0,0
1754838000000,new_york,precipitation,0.0,1,0,0
1754841600000,new_york,precipitation,0.0,0,0,1
1754845200000,new_york,precipitation,0.0,0,0,1
1754848800000,new_york,precipitation,0.0,0,0,1
1754852400000,new_york,precipitation,0.0,1,0,0
1754856000000,new_york,precipitation,0.0,1,0,0
1754859600000,new_york,precipitation,0.0,0,0,1
1754863200000,new_york,precipitation,0.0,0,0,1
1754866800000,new_york,precipitation,0.0,0,0,1
1754870400000,new_york,precipitation,0.0,0,0,1
1754874000000,new_york,precipitation,0.0,0,0,1
1754877600000,new_york,precipitation,0.0,1,0,0
1754881200000,new_york,precipitation,0.0,0,0,1
1754884800000,new_york,precipitation,0.0,0,0,1
1754888400000,new_york,precipitation,0.0,0,0,1
1754892000000,new_york,precipitation,0.0,0,0,1
1754895600000,new_york,precipitation,0.0,0,0,1
1754899200000,new_york,precipitation,0.0,0,0,1
1754902800000,new_york,precipitation,0.0,0,0,1
1754906400000,new_york,precipitation,0.0,0,0,1
1754910000000,new_york,precipitation,0.0,0,0,1
1754913600000,new_york,precipitation,0.0,0,0,1
1754917200000,new_york,precipitation,0.0,0,0,1
1754920800000,new_york,precipitation,0.0,0,0,1
1754924400000,new_york,precipitation,0.0,1,0,0
1754928000000,new_york,precipitation,0.0,0,0,1
1754931600000,new_york,precipitation,0.0,0,0,1
1754935200000,new_york,precipitation,0.0,0,0,1
1754938800000,new_york,precipitation,0.0,0,0,1
1754942400000,new_york,precipitation,0.0,0,0,1
1754946000000,new_york,precipitation,0.0,0,0,1
1754949600000,new_york,precipitation,0.0,0,0,1
1754953200000,new_york,precipitation,0.0,1,0,0
1754956800000,new_york,precipitation,0.0,0,0,1
1754960400000,new_york,precipitation,0.0,1,0,0
1754964000000,new_york,precipitation,0.0,0,0,1
1754967600000,new_york,precipitation,0.0,0,0,1
1754971200000,new_york,precipitation,0.0,1,0,0
1754974800000,new_york,precipitation,0.0,0,0,1
1754978400000,new_york,precipitation,0.0,0,0,1
1754982000000,new_york,precipitation,0.0,0,0,1
1754985600000,new_york,precipitation,0.0,0,0,1
1754989200000,new_york,precipitation,0.0,0,0,1
1754992800000,new_york,precipitation,0.0,0,0,1
1754996400000,new_york,precipitation,0.0,0,0,1
1755000000000,new_york,precipitation,0.0,0,0,1
1755003600000,new_york,precipitation,0.0,0,0,1
1755007200000,new_york,precipitation,0.0,0,0,1
1755010800000,new_york,precipitation,0.0,0,0,1
1755014400000,new_york,precipitation,0.0,0,0,1
1755018000000,new_york,precipitation,0.0,0,0,1
1755021600000,new_york,precipitation,0.0,1,0,0
1755025200000,new_york,precipitation,0.0,1,0,0
1755028800000,new_york,precipitation,0.0,0,0,1
1755032400000,new_york,precipitation,0.0,0,0,1
1755036000000,new_york,precipitation,0.0,0,0,1
1755039600000,new_york,precipitation,0.0,0,0,1
1755043200000,new_york,precipitation,0.0,0,0,1
1755046800000,new_york,precipitation,0.0,0,0,1
1755050400000,new_york,precipitation,0.0,0,0,1
1755054000000,new_york,precipitation,0.0,0,0,1
1755057600000,new_york,precipitation,0.0,0,0,1
1755061200000,new_york,precipitation,0.0,0,0,1
1755064800000,new_york,precipitation,0.0,1,0,0
1755068400000,new_york,precipitation,0.0,1,0,0
1755072000000,new_york,precipitation,0.0,0,0,1
1755075600000,new_york,precipitation,0.0,0,0,1
1755079200000,new_york,precipitation,0.0,1,0,0
1755082800000,new_york,precipitation,0.0,0,0,1
1755086400000,new_york,precipitation,0.1,0,1,0
1755090000000,new_york,precipitation,3.4,0,1,0
1755093600000,new_york,precipitation,1.0,0,1,0
1755097200000,new_york,precipitation,1.4,0,1,0
1755100800000,new_york,precipitation,0.5,1,1,1
1755104400000,new_york,precipitation,0.0,0,0,1
1755108000000,new_york,precipitation,0.0,0,0,1
1755111600000,new_york,precipitation,1.9,0,1,0
1755115200000,new_york,precipitation,0.8,0,1,0
1755118800000,new_york,precipitation,0.1,0,1,0
1755122400000,new_york,precipitation,0.0,1,0,0
1755126000000,new_york,precipitation,0.0,0,0,1
1755129600000,new_york,precipitation,0.0,0,0,1
1755133200000,new_york,precipitation,0.0,0,0,1
1755136800000,new_york,precipitation,0.0,0,0,1
1755140400000,new_york,precipitation,0.0,0,0,1
1755144000000,new_york,precipitation,0.0,1,0,0
1755147600000,new_york,precipitation,0.0,0,0,1
1755151200000,new_york,precipitation,0.0,0,0,1
1755154800000,new_york,precipitation,0.0,0,0,1
1755158400000,new_york,precipitation,0.0,0,0,1
1755162000000,new_york,precipitation,0.7,1,1,1
1755165600000,new_york,precipitation,0.1,0,1,0
1755169200000,new_york,precipitation,0.1,0,1,0
1755172800000,new_york,precipitation,0.0,1,0,0
1755176400000,new_york,precipitation,0.11198340821212144,1,1,1
1755180000000,new_york,precipitation,0.0,0,0,1
1755183600000,new_york,precipitation,0.0,1,0,0
1755187200000,new_york,precipitation,0.0,0,0,1
1755190800000,new_york,precipitation,0.0,0,0,1
1755194400000,new_york,precipitation,0.0,0,0,1
1755198000000,new_york,precipitation,0.0,0,0,1
1755201600000,new_york,precipitation,0.0,1,0,0
1755205200000,new_york,precipitation,0.0,0,0,1
1755208800000,new_york,precipitation,0.0,0,0,1
1755212400000,new_york,precipitation,0.0,1,0,0
1755216000000,new_york,precipitation,0.0,0,0,1
1755219600000,new_york,precipitation,0.0,0,0,1
1755223200000,new_york,precipitation,0.0,0,0,1
1755226800000,new_york,precipitation,0.0,0,0,1
1755230400000,new_york,precipitation,0.0,1,0,0
1755234000000,new_york,precipitation,0.0,0,0,1
1755237600000,new_york,precipitation,0.0,0,0,1
1755241200000,new_york,precipitation,0.0,0,0,1
1755244800000,new_york,precipitation,0.0,1,0,0
1755248400000,new_york,precipitation,0.0,0,0,1
1755252000000,new_york,precipitation,0.0,0,0,1
1755255600000,new_york,precipitation,0.0,0,0,1
1755259200000,new_york,precipitation,0.0,0,0,1
1755262800000,new_york,precipitation,0.0,0,0,1
1755266400000,new_york,precipitation,0.0,0,0,1
1755270000000,new_york,precipitation,0.0,0,0,1
1755273600000,new_york,precipitation,0.0,0,0,1
1755277200000,new_york,precipitation,0.0,0,0,1
1755280800000,new_york,precipitation,0.0,1,0,0
1755284400000,new_york,precipitation,0.0,0,0,1
1755288000000,new_york,precipitation,0.0,0,0,1
1755291600000,new_york,precipitation,0.0,0,0,1
1755295200000,new_york,precipitation,0.0,0,0,1
1755298800000,new_york,precipitation,0.0,0,0,1
1755302400000,new_york,precipitation,0.0,0,0,1
1755306000000,new_york,precipitation,0.0,0,0,1
1755309600000,new_york,precipitation,0.0,0,0,1
1755313200000,new_york,precipitation,0.0,0,0,1
1755316800000,new_york,precipitation,0.0,1,0,0
1755320400000,new_york,precipitation,0.0,0,0,1
1755324000000,new_york,precipitation,0.0,0,0,1
1755327600000,new_york,precipitation,0.0,0,0,1
1755331200000,new_york,precipitation,0.0,0,0,1
1755334800000,new_york,precipitation,0.0,0,0,1
1755338400000,new_york,precipitation,0.0,1,0,0
1755342000000,new_york,precipitation,0.0,0,0,1
1755345600000,new_york,precipitation,0.0,0,0,1
1755349200000,new_york,precipitation,0.0,0,0,1
1755352800000,new_york,precipitation,0.0,1,0,0
1755356400000,new_york,precipitation,0.1,1,1,1
1755360000000,new_york,precipitation,0.5,0,1,0
1755363600000,new_york,precipitation,1.4,1,1,1
1755367200000,new_york,precipitation,2.9,0,1,0
1755370800000,new_york,precipitation,0.0,0,0,1
1755374400000,new_york,precipitation,0.0,0,0,1
1755378000000,new_york,precipitation,0.0,0,0,1
1755381600000,new_york,precipitation,0.0,0,0,1
1755385200000,new_york,precipitation,0.0,0,0,1
1755388800000,new_york,precipitation,0.0,1,0,0
1755392400000,new_york,precipitation,0.0,0,0,1
1755396000000,new_york,precipitation,0.0,0,0,1
1755399600000,new_york,precipitation,0.0,0,0,1
1755403200000,new_york,precipitation,0.0,0,0,1
1755406800000,new_york,precipitation,0.0,1,0,0
1755410400000,new_york,precipitation,0.0,0,0,1
1755414000000,new_york,precipitation,0.0,0,0,1
1755417600000,new_york,precipitation,0.0,0,0,1
1755421200000,new_york,precipitation,0.0,1,0,0
1755424800000,new_york,precipitation,0.0,0,0,1
1755428400000,new_york,precipitation,0.0,0,0,1
1755432000000,new_york,precipitation,0.1,0,1,0
1755435600000,new_york,precipitation,0.0,1,0,0
1755439200000,new_york,precipitation,0.0,1,0,0
1755442800000,new_york,precipitation,0.0,0,0,1
1755446400000,new_york,precipitation,0.0,0,0,1
1755450000000,new_york,precipitation,0.0,0,0,1
1755453600000,new_york,precipitation,0.0,0,0,1
1755457200000,new_york,precipitation,1.1,0,1,0
1755460800000,new_york,precipitation,1.6,0,1,0
1755464400000,new_york,precipitation,0.6,0,1,0
1755468000000,new_york,precipitation,0.0,0,0,1
1755471600000,new_york,precipitation,0.0,1,0,0
1755475200000,new_york,precipitation,0.2,0,1,0
1755478800000,new_york,precipitation,0.0,0,0,1
1755482400000,new_york,precipitation,0.0,0,0,1
1755486000000,new_york,precipitation,0.0,0,0,1
1755489600000,new_york,precipitation,0.0,0,0,1
1755493200000,new_york,precipitation,0.0,0,0,1
1755496800000,new_york,precipitation,0.0,0,0,1
1755500400000,new_york,precipitation,0.0,0,0,1
1755504000000,new_york,precipitation,0.0,0,0,1
1755507600000,new_york,precipitation,0.0,0,0,1
1755511200000,new_york,precipitation,0.0,0,0,1
1755514800000,new_york,precipitation,0.0,0,0,1
1755518400000,new_york,precipitation,0.0,0,0,1
1755522000000,new_york,precipitation,0.0,1,0,0
1755525600000,new_york,precipitation,0.0,0,0,1
1755529200000,new_york,precipitation,0.0,0,0,1
1755532800000,new_york,precipitation,0.0,0,0,1
1755536400000,new_york,precipitation,0.0,0,0,1
1755540000000,new_york,precipitation,0.0,0,0,1
1755543600000,new_york,precipitation,0.0,0,0,1
1755547200000,new_york,precipitation,0.0,0,0,1
1755550800000,new_york,precipitation,0.0,0,0,1
1755554400000,new_york,precipitation,0.0,0,0,1
1755558000000,new_york,precipitation,0.0,0,0,1
1755561600000,new_york,precipitation,0.0,0,0,1
1755565200000,new_york,precipitation,0.0,1,0,0
1755568800000,new_york,precipitation,0.0,0,0,1
1755572400000,new_york,precipitation,0.0,0,0,1
1755576000000,new_york,precipitation,0.0,1,0,0
1755579600000,new_york,precipitation,0.0,0,0,1
1755583200000,new_york,precipitation,0.0,0,0,1
1755586800000,new_york,precipitation,0.0,0,0,1
1755590400000,new_york,precipitation,0.0,0,0,1
1755594000000,new_york,precipitation,0.0,0,0,1
1755597600000,new_york,precipitation,0.0,0,0,1
1755601200000,new_york,precipitation,0.0,1,0,0
1755604800000,new_york,precipitation,0.0,0,0,1
1755608400000,new_york,precipitation,0.0,0,0,1
1755612000000,new_york,precipitation,0.0,0,0,1
1755615600000,new_york,precipitation,0.0,0,0,1
1755619200000,new_york,precipitation,0.0,0,0,1
1755622800000,new_york,precipitation,0.0,0,0,1
1755626400000,new_york,precipitation,0.0,0,0,1
1755630000000,new_york,precipitation,0.0,0,0,1
1755633600000,new_york,precipitation,0.0,0,0,1
1755637200000,new_york,precipitation,0.0,0,0,1
1755640800000,new_york,precipitation,0.0,1,0,0
1755644400000,new_york,precipitation,0.0,0,0,1
1755648000000,new_york,precipitation,0.0,0,0,1
1755651600000,new_york,precipitation,0.0,0,0,1
1755655200000,new_york,precipitation,0.0,0,0,1
1755658800000,new_york,precipitation,0.0,0,0,1
1755662400000,new_york,precipitation,0.0,0,0,1
1755666000000,new_york,precipitation,0.0,0,0,1
1755669600000,new_york,precipitation,0.0,0,0,1
1755673200000,new_york,precipitation,0.0,0,0,1
1755676800000,new_york,precipitation,0.0,1,0,0
1755680400000,new_york,precipitation,0.2,0,1,0
1755684000000,new_york,precipitation,0.1,0,1,0
1755687600000,new_york,precipitation,0.0,0,0,1
1755691200000,new_york,precipitation,0.1,0,1,0
1755694800000,new_york,precipitation,0.2,0,1,0
1755698400000,new_york,precipitation,0.3,0,1,0
1755702000000,new_york,precipitation,0.5,0,1,0
1755705600000,new_york,precipitation,0.3,0,1,0
1755709200000,new_york,precipitation,0.2,0,1,0
1755712800000,new_york,precipitation,0.3,0,1,0
1755716400000,new_york,precipitation,0.3,0,1,0
1755720000000,new_york,precipitation,0.0,0,0,1
1755723600000,new_york,precipitation,0.1,0,1,0
1755727200000,new_york,precipitation,0.0,0,0,1
1755730800000,new_york,precipitation,0.0,0,0,1
1755734400000,new_york,precipitation,0.0,0,0,1
1755738000000,new_york,precipitation,0.0,0,0,1
1755741600000,new_york,precipitation,0.0,0,0,1
1755745200000,new_york,precipitation,0.0,0,0,1
1755748800000,new_york,precipitation,0.0,0,0,1
1755752400000,new_york,precipitation,0.0,0,0,1
1755756000000,new_york,precipitation,0.0,0,0,1
1755759600000,new_york,precipitation,0.0,1,0,0
1755763200000,new_york,precipitation,0.0,0,0,1
1755766800000,new_york,precipitation,0.0,1,0,0
1755770400000,new_york,precipitation,0.0,1,0,0
1755774000000,new_york,precipitation,0.0,0,0,1
1755777600000,new_york,precipitation,0.0,0,0,1
1755781200000,new_york,precipitation,0.0,0,0,1
1755784800000,new_york,precipitation,0.0,0,0,1
1755788400000,new_york,precipitation,0.0,0,0,1
1755792000000,new_york,precipitation,0.0,1,0,0
1755795600000,new_york,precipitation,0.0,0,0,1
1755799200000,new_york,precipitation,0.0,0,0,1
1755802800000,new_york,precipitation,0.0,1,0,0
1755806400000,new_york,precipitation,0.0,0,0,1
1755810000000,new_york,precipitation,0.0,0,0,1
1755813600000,new_york,precipitation,0.0,0,0,1
1755817200000,new_york,precipitation,0.0,1,0,0
1755820800000,new_york,precipitation,0.0,0,0,1
1755824400000,new_york,precipitation,0.0,0,0,1
1755828000000,new_york,precipitation,0.0,1,0,0
1755831600000,new_york,precipitation,0.0,0,0,1
1755835200000,new_york,precipitation,0.0,0,0,1
1755838800000,new_york,precipitation,0.0,1,0,0
1755842400000,new_york,precipitation,0.0,0,0,1
1755846000000,new_york,precipitation,0.0,1,0,0
1755849600000,new_york,precipitation,0.0,0,0,1
1755853200000,new_york,precipitation,0.0,0,0,1
1755856800000,new_york,precipitation,0.0,1,0,0
1755860400000,new_york,precipitation,0.0,0,0,1
1755864000000,new_york,precipitation,0.0,0,0,1
1755867600000,new_york,precipitation,0.0,0,0,1
1755871200000,new_york,precipitation,0.0,0,0,1
1755874800000,new_york,precipitation,0.0,1,0,0
1755878400000,new_york,precipitation,0.0,0,0,1
1755882000000,new_york,precipitation,0.0,0,0,1
1755885600000,new_york,precipitation,0.0,0,0,1
1755889200000,new_york,precipitation,0.0,0,0,1
1755892800000,new_york,precipitation,0.0,0,0,1
1755896400000,new_york,precipitation,0.0,0,0,1
1755900000000,new_york,precipitation,0.0,0,0,1
1755903600000,new_york,precipitation,0.0,0,0,1
1755907200000,new_york,precipitation,0.0,0,0,1
1755910800000,new_york,precipitation,0.0,0,0,1
1755914400000,new_york,precipitation,0.0,0,0,1
1755918000000,new_york,precipitation,0.0,0,0,1
1755921600000,new_york,precipitation,0.0,0,0,1
1755925200000,new_york,precipitation,0.0,1,0,0
1755928800000,new_york,precipitation,0.0,0,0,1
1755932400000,new_york,precipitation,0.0,0,0,1
1755936000000,new_york,precipitation,0.0,0,0,1
1755939600000,new_york,precipitation,0.0,0,0,1
1755943200000,new_york,precipitation,0.0,0,0,1
1755946800000,new_york,precipitation,0.0,0,0,1
1755950400000,new_york,precipitation,0.0,0,0,1
1755954000000,new_york,precipitation,0.0,0,0,1
1755957600000,new_york,precipitation,0.0,0,0,1
1755961200000,new_york,precipitation,0.0,1,0,0
1755964800000,new_york,precipitation,0.0,0,0,1
1755968400000,new_york,precipitation,0.0,0,0,1
1755972000000,new_york,precipitation,0.0,0,0,1
1755975600000,new_york,precipitation,0.0,0,0,1
1755979200000,new_york,precipitation,0.0,0,0,1
1755982800000,new_york,precipitation,0.0,0,0,1
1755986400000,new_york,precipitation,0.0,0,0,1
1755990000000,new_york,precipitation,0.0,0,0,1
1755993600000,new_york,precipitation,0.0,0,0,1
1755997200000,new_york,precipitation,0.0,0,0,1
1756000800000,new_york,precipitation,0.0,0,0,1
1756004400000,new_york,precipitation,0.0,0,0,1
1756008000000,new_york,precipitation,0.0,0,0,1
1756011600000,new_york,precipitation,0.0,0,0,1
1756015200000,new_york,precipitation,0.0,0,0,1
1756018800000,new_york,precipitation,0.0,0,0,1
1756022400000,new_york,precipitation,0.0,0,0,1
1756026000000,new_york,precipitation,0.0,0,0,1
1756029600000,new_york,precipitation,0.1,0,1,0
1756033200000,new_york,precipitation,0.0,0,0,1
1756036800000,new_york,precipitation,0.0,0,0,1
1756040400000,new_york,precipitation,0.1,0,1,0
1756044000000,new_york,precipitation,0.0,0,0,1
1756047600000,new_york,precipitation,0.0,0,0,1
1756051200000,new_york,precipitation,0.0,0,0,1
1756054800000,new_york,precipitation,0.0,0,0,1
1756058400000,new_york,precipitation,0.0,0,0,1
1756062000000,new_york,precipitation,0.0,0,0,1
1756065600000,new_york,precipitation,0.0,0,0,1
1756069200000,new_york,precipitation,0.0,0,0,1
1756072800000,new_york,precipitation,0.0,1,0,0
1756076400000,new_york,precipitation,0.0,0,0,1
1756080000000,new_york,precipitation,0.0,0,0,1
1756083600000,new_york,precipitation,0.0,0,0,1
1756087200000,new_york,precipitation,0.0,0,0,1
1756090800000,new_york,precipitation,0.0,0,0,1
1756094400000,new_york,precipitation,0.0,0,0,1
1756098000000,new_york,precipitation,0.0,0,0,1
1756101600000,new_york,precipitation,0.0,0,0,1
1756105200000,new_york,precipitation,0.0,1,0,0
1756108800000,new_york,precipitation,0.0,1,0,0
1756112400000,new_york,precipitation,0.0,0,0,1
1756116000000,new_york,precipitation,0.0,0,0,1
1756119600000,new_york,precipitation,0.0,0,0,1
1756123200000,new_york,precipitation,0.0,0,0,1
1756126800000,new_york,precipitation,0.0,0,0,1
1756130400000,new_york,precipitation,0.0,0,0,1
1756134000000,new_york,precipitation,0.0,0,0,1
1756137600000,new_york,precipitation,0.0,0,0,1
1756141200000,new_york,precipitation,0.0,0,0,1
1756144800000,new_york,precipitation,0.0,0,0,1
1756148400000,new_york,precipitation,0.0,0,0,1
1756152000000,new_york,precipitation,0.0,0,0,1
1756155600000,new_york,precipitation,0.0,0,0,1
1756159200000,new_york,precipitation,0.0,0,0,1
1756162800000,new_york,precipitation,0.0,0,0,1
1756166400000,new_york,precipitation,0.0,0,0,1
1756170000000,new_york,precipitation,0.0,0,0,1
1756173600000,new_york,precipitation,0.0,0,0,1
1756177200000,new_york,precipitation,0.0,0,0,1
1756180800000,new_york,precipitation,0.0,0,0,1
1756184400000,new_york,precipitation,0.0,0,0,1
1756188000000,new_york,precipitation,0.0,0,0,1
1756191600000,new_york,precipitation,0.0,0,0,1
1756195200000,new_york,precipitation,0.0,0,0,1
1756198800000,new_york,precipitation,0.0,1,0,0
1756202400000,new_york,precipitation,0.0,1,0,0
1756206000000,new_york,precipitation,0.0,0,0,1
1756209600000,new_york,precipitation,0.0,0,0,1
1756213200000,new_york,precipitation,0.0,0,0,1
1756216800000,new_york,precipitation,0.0,1,0,0
1756220400000,new_york,precipitation,0.0,1,0,0
1756224000000,new_york,precipitation,0.0,0,0,1
1756227600000,new_york,precipitation,0.0,0,0,1
1756231200000,new_york,precipitation,0.0,1,0,0
1756234800000,new_york,precipitation,0.0,0,0,1
1756238400000,new_york,precipitation,0.0,0,0,1
1756242000000,new_york,precipitation,0.0,0,0,1
1756245600000,new_york,precipitation,0.0,0,0,1
1756249200000,new_york,precipitation,0.0,0,0,1
1756252800000,new_york,precipitation,0.0,0,0,1
1756256400000,new_york,precipitation,0.0,0,0,1
1756260000000,new_york,precipitation,0.0,1,0,0
1756263600000,new_york,precipitation,0.0,0,0,1
1756267200000,new_york,precipitation,0.0,0,0,1
1756270800000,new_york,precipitation,0.0,0,0,1
1756274400000,new_york,precipitation,0.0,0,0,1
1756278000000,new_york,precipitation,0.0,0,0,1
1756281600000,new_york,precipitation,0.0,0,0,1
1756285200000,new_york,precipitation,0.0,0,0,1
1756288800000,new_york,precipitation,0.0,0,0,1
1756292400000,new_york,precipitation,0.0,0,0,1
1756296000000,new_york,precipitation,0.0,0,0,1
1756299600000,new_york,precipitation,0.0,1,0,0
1756303200000,new_york,precipitation,0.0,0,0,1
1756306800000,new_york,precipitation,0.0,0,0,1
1756310400000,new_york,precipitation,0.0,0,0,1
1756314000000,new_york,precipitation,0.1,0,1,0
1756317600000,new_york,precipitation,0.0,1,0,0
1756321200000,new_york,precipitation,0.0,0,0,1
1756324800000,new_york,precipitation,0.0,0,0,1
1756328400000,new_york,precipitation,0.0,1,0,0
1756332000000,new_york,precipitation,0.0,0,0,1
1756335600000,new_york,precipitation,0.0,0,0,1
1756339200000,new_york,precipitation,0.0,0,0,1
1756342800000,new_york,precipitation,0.0,0,0,1
1756346400000,new_york,precipitation,0.0,0,0,1
1756350000000,new_york,precipitation,0.0,0,0,1
1756353600000,new_york,precipitation,0.0,0,0,1
1756357200000,new_york,precipitation,0.0,0,0,1
1756360800000,new_york,precipitation,0.0,0,0,1
1756364400000,new_york,precipitation,0.0,0,0,1
1756368000000,new_york,precipitation,0.0,0,0,1
1756371600000,new_york,precipitation,0.0,0,0,1
1756375200000,new_york,precipitation,0.0,0,0,1
1756378800000,new_york,precipitation,0.0,0,0,1
1756382400000,new_york,precipitation,0.0,0,0,1
1756386000000,new_york,precipitation,0.0,0,0,1
1756389600000,new_york,precipitation,0.0,1,0,0
1756393200000,new_york,precipitation,0.0,0,0,1
1756396800000,new_york,precipitation,0.0,0,0,1
1756400400000,new_york,precipitation,0.0,0,0,1
1756404000000,new_york,precipitation,0.0,0,0,1
1756407600000,new_york,precipitation,0.0,0,0,1
1756411200000,new_york,precipitation,0.0,0,0,1
1756414800000,new_york,precipitation,0.0,0,0,1
1756418400000,new_york,precipitation,0.0,0,0,1
1756422000000,new_york,precipitation,0.0,0,0,1
1756425600000,new_york,precipitation,0.0,0,0,1
1756429200000,new_york,precipitation,0.0,0,0,1
1756432800000,new_york,precipitation,0.0,0,0,1
1756436400000,new_york,precipitation,0.0,0,0,1
1756440000000,new_york,precipitation,0.0,0,0,1
1756443600000,new_york,precipitation,0.0,0,0,1
1756447200000,new_york,precipitation,0.0,0,0,1
1756450800000,new_york,precipitation,0.0,1,0,0
1756454400000,new_york,precipitation,0.0,0,0,1
1756458000000,new_york,precipitation,0.0,0,0,1
1756461600000,new_york,precipitation,0.0,0,0,1
1756465200000,new_york,precipitation,0.0,0,0,1
1756468800000,new_york,precipitation,0.0,0,0,1
1756472400000,new_york,precipitation,0.0,0,0,1
1756476000000,new_york,precipitation,0.0,0,0,1
1756479600000,new_york,precipitation,0.0,0,0,1
1756483200000,new_york,precipitation,0.0,0,0,1
1756486800000,new_york,precipitation,0.0,0,0,1
1756490400000,new_york,precipitation,0.0,1,0,0
1756494000000,new_york,precipitation,0.0,1,0,0
1756497600000,new_york,precipitation,0.0,0,0,1
1756501200000,new_york,precipitation,0.0,0,0,1
1756504800000,new_york,precipitation,0.0,0,0,1
1756508400000,new_york,precipitation,0.0,0,0,1
1756512000000,new_york,precipitation,0.0,0,0,1
1756515600000,new_york,precipitation,0.0,0,0,1
1756519200000,new_york,precipitation,0.0,0,0,1
1756522800000,new_york,precipitation,0.0,0,0,1
1756526400000,new_york,precipitation,0.0,0,0,1
1756530000000,new_york,precipitation,0.0,0,0,1
1756533600000,new_york,precipitation,0.0,0,0,1
1756537200000,new_york,precipitation,0.0,0,0,1
1756540800000,new_york,precipitation,0.0,1,0,0
1756544400000,new_york,precipitation,0.0,0,0,1
1756548000000,new_york,precipitation,0.0,0,0,1
1756551600000,new_york,precipitation,0.0,0,0,1
1756555200000,new_york,precipitation,0.0,0,0,1
1756558800000,new_york,precipitation,0.0,1,0,0
1756562400000,new_york,precipitation,0.0,0,0,1
1756566000000,new_york,precipitation,0.0,0,0,1
1756569600000,new_york,precipitation,0.0,0,0,1
1756573200000,new_york,precipitation,0.0,0,0,1
1756576800000,new_york,precipitation,0.0,0,0,1
1756580400000,new_york,precipitation,0.0,0,0,1
1756584000000,new_york,precipitation,0.0,0,0,1
1756587600000,new_york,precipitation,0.0,1,0,0
1756591200000,new_york,precipitation,0.0,0,0,1
1756594800000,new_york,precipitation,0.0,0,0,1
1756598400000,new_york,precipitation,0.0,0,0,1
1756602000000,new_york,precipitation,0.0,0,0,1
1756605600000,new_york,precipitation,0.0,0,0,1
1756609200000,new_york,precipitation,0.0,1,0,0
1756612800000,new_york,precipitation,0.0,0,0,1
1756616400000,new_york,precipitation,0.0,0,0,1
1756620000000,new_york,precipitation,0.0,0,0,1
1756623600000,new_york,precipitation,0.0,0,0,1
1756627200000,new_york,precipitation,0.0,1,0,0
1756630800000,new_york,precipitation,0.0,0,0,1
1756634400000,new_york,precipitation,0.0,0,0,1
1756638000000,new_york,precipitation,0.0,0,0,1
1756641600000,new_york,precipitation,0.0,0,0,1
1756645200000,new_york,precipitation,0.0,0,0,1
1756648800000,new_york,precipitation,0.0,1,0,0
1756652400000,new_york,precipitation,0.0,0,0,1
1756656000000,new_york,precipitation,0.0,1,0,0
1756659600000,new_york,precipitation,0.0,0,0,1
1756663200000,new_york,precipitation,0.0,0,0,1
1756666800000,new_york,precipitation,0.0,0,0,1
1756670400000,new_york,precipitation,0.0,1,0,0
1756674000000,new_york,precipitation,0.0,0,0,1
1756677600000,new_york,precipitation,0.0,0,0,1
1756681200000,new_york,precipitation,0.0,0,0,1
1756684800000,new_york,precipitation,0.0,0,0,1
1756688400000,new_york,precipitation,0.0,0,0,1
1756692000000,new_york,precipitation,0.0,0,0,1
1756695600000,new_york,precipitation,0.0,0,0,1
1756699200000,new_york,precipitation,0.0,0,0,1
1756702800000,new_york,precipitation,0.0,0,0,1
1756706400000,new_york,precipitation,0.0,0,0,1
1756710000000,new_york,precipitation,0.0,0,0,1
1756713600000,new_york,precipitation,0.0,1,0,0
1756717200000,new_york,precipitation,0.0,0,0,1
1756720800000,new_york,precipitation,0.0,0,0,1
1756724400000,new_york,precipitation,0.0,0,0,1
1756728000000,new_york,precipitation,0.0,1,0,0
1756731600000,new_york,precipitation,0.0,1,0,0
1756735200000,new_york,precipitation,0.0,0,0,1
1756738800000,new_york,precipitation,0.0,0,0,1
1756742400000,new_york,precipitation,0.0,0,0,1
1756746000000,new_york,precipitation,0.0,1,0,0
1756749600000,new_york,precipitation,0.0,1,0,0
1756753200000,new_york,precipitation,0.0,0,0,1
1756756800000,new_york,precipitation,0.0,0,0,1
1756760400000,new_york,precipitation,0.0,0,0,1
1756764000000,new_york,precipitation,0.0,0,0,1
1756767600000,new_york,precipitation,0.0,0,0,1
1756771200000,new_york,precipitation,0.0,0,0,1
1756774800000,new_york,precipitation,0.0,1,0,0
1756778400000,new_york,precipitation,0.0,0,0,1
1756782000000,new_york,precipitation,0.0,0,0,1
1756785600000,new_york,precipitation,0.0,0,0,1
1756789200000,new_york,precipitation,0.0,0,0,1
1756792800000,new_york,precipitation,0.0,0,0,1
1756796400000,new_york,precipitation,0.0,0,0,1
1756800000000,new_york,precipitation,0.0,0,0,1
1756803600000,new_york,precipitation,0.0,0,0,1
1756807200000,new_york,precipitation,0.0,0,0,1
1756810800000,new_york,precipitation,0.0,0,0,1
1756814400000,new_york,precipitation,0.0,0,0,1
1756818000000,new_york,precipitation,0.0,0,0,1
1756821600000,new_york,precipitation,0.0,1,0,0
1756825200000,new_york,precipitation,0.0,0,0,1
1756828800000,new_york,precipitation,0.0,0,0,1
1756832400000,new_york,precipitation,0.0,1,0,0
1756836000000,new_york,precipitation,0.0,1,0,0
1756839600000,new_york,precipitation,0.0,0,0,1
1756843200000,new_york,precipitation,0.0,0,0,1
1756846800000,new_york,precipitation,0.0,0,0,1
1756850400000,new_york,precipitation,0.0,0,0,1
1756854000000,new_york,precipitation,0.0,0,0,1
1756857600000,new_york,precipitation,0.0,0,0,1
1756861200000,new_york,precipitation,0.0,0,0,1
1756864800000,new_york,precipitation,0.0,0,0,1
1756868400000,new_york,precipitation,0.0,1,0,0
1756872000000,new_york,precipitation,0.0,0,0,1
1756875600000,new_york,precipitation,0.0,1,0,0
1756879200000,new_york,precipitation,0.0,0,0,1
1756882800000,new_york,precipitation,0.0,0,0,1
1756886400000,new_york,precipitation,0.0,0,0,1
1756890000000,new_york,precipitation,0.0,0,0,1
1756893600000,new_york,precipitation,0.0,0,0,1
1756897200000,new_york,precipitation,0.0,0,0,1
1756900800000,new_york,precipitation,0.0,0,0,1
1756904400000,new_york,precipitation,0.0,0,0,1
1756908000000,new_york,precipitation,0.0,0,0,1
1756911600000,new_york,precipitation,0.0,0,0,1
1756915200000,new_york,precipitation,0.0,1,0,0
1756918800000,new_york,precipitation,0.0,0,0,1
1756922400000,new_york,precipitation,0.0,0,0,1
1756926000000,new_york,precipitation,0.0,0,0,1
1756929600000,new_york,precipitation,0.0,0,0,1
1756933200000,new_york,precipitation,0.0,1,0,0
1756936800000,new_york,precipitation,0.0,0,0,1
1756940400000,new_york,precipitation,0.0,0,0,1
1756944000000,new_york,precipitation,0.0,0,0,1
1756947600000,new_york,precipitation,0.0,0,0,1
1756951200000,new_york,precipitation,0.0,1,0,0
1756954800000,new_york,precipitation,0.0,0,0,1
1756958400000,new_york,precipitation,0.0,0,0,1
1756962000000,new_york,precipitation,0.0,1,0,0
1756965600000,new_york,precipitation,0.0,0,0,1
1756969200000,new_york,precipitation,0.0,0,0,1
1756972800000,new_york,precipitation,0.0,1,0,0
1756976400000,new_york,precipitation,0.0,0,0,1
1756980000000,new_york,precipitation,0.0,0,0,1
1756983600000,new_york,precipitation,0.0,1,0,0
1756987200000,new_york,precipitation,0.6,0,1,0
1756990800000,new_york,precipitation,0.7,0,1,0
1756994400000,new_york,precipitation,1.1,0,1,0
1756998000000,new_york,precipitation,0.3,0,1,0
1757001600000,new_york,precipitation,0.1,0,1,0
1757005200000,new_york,precipitation,0.0,1,0,0
1757008800000,new_york,precipitation,0.0,1,0,0
1757012400000,new_york,precipitation,0.0,0,0,1
1757016000000,new_york,precipitation,0.0,1,0,0
1757019600000,new_york,precipitation,0.4,0,1,0
1757023200000,new_york,precipitation,0.6,0,1,0
1757026800000,new_york,precipitation,0.4,0,1,0
1757030400000,new_york,precipitation,1.9,0,1,0
1757034000000,new_york,precipitation,2.0,0,1,0
1757037600000,new_york,precipitation,1.0,0,1,0
1757041200000,new_york,precipitation,0.2,0,1,0
1757044800000,new_york,precipitation,0.0,0,0,1
1757048400000,new_york,precipitation,0.0,0,0,1
1757052000000,new_york,precipitation,0.0,0,0,1
1757055600000,new_york,precipitation,0.0,0,0,1
1757059200000,new_york,precipitation,0.0,0,0,1
1757062800000,new_york,precipitation,0.0,0,0,1
1757066400000,new_york,precipitation,0.0,0,0,1
1757070000000,new_york,precipitation,0.0,0,0,1
1757073600000,new_york,precipitation,0.0,0,0,1
1757077200000,new_york,precipitation,0.0,1,0,0
1757080800000,new_york,precipitation,0.0,0,0,1
1757084400000,new_york,precipitation,0.0,0,0,1
1757088000000,new_york,precipitation,0.0,0,0,1
1757091600000,new_york,precipitation,0.0,0,0,1
1757095200000,new_york,precipitation,0.0,0,0,1
1757098800000,new_york,precipitation,0.0,0,0,1
1757102400000,new_york,precipitation,0.0,0,0,1
1757106000000,new_york,precipitation,0.0,0,0,1
1757109600000,new_york,precipitation,0.0,1,0,0
1757113200000,new_york,precipitation,0.0,0,0,1
1757116800000,new_york,precipitation,0.0,0,0,1
1757120400000,new_york,precipitation,0.0,0,0,1
1757124000000,new_york,precipitation,0.0,0,0,1
1757127600000,new_york,precipitation,0.0,0,0,1
1757131200000,new_york,precipitation,0.0,0,0,1
1757134800000,new_york,precipitation,0.0,0,0,1
1757138400000,new_york,precipitation,0.0,0,0,1
1757142000000,new_york,precipitation,0.0,1,0,0
1757145600000,new_york,precipitation,0.0,0,0,1
1757149200000,new_york,precipitation,0.10522566665353013,1,1,1
1757152800000,new_york,precipitation,0.0,0,0,1
1757156400000,new_york,precipitation,0.0,0,0,1
1757160000000,new_york,precipitation,0.0,0,0,1
1757163600000,new_york,precipitation,0.0,0,0,1
1757167200000,new_york,precipitation,5.1,0,1,0
1757170800000,new_york,precipitation,0.3,0,1,0
1757174400000,new_york,precipitation,0.1,0,1,0
1757178000000,new_york,precipitation,1.7,0,1,0
1757181600000,new_york,precipitation,7.8,0,1,0
1757185200000,new_york,precipitation,0.7,0,1,0
1757188800000,new_york,precipitation,0.0,0,0,1
1757192400000,new_york,precipitation,1.2,0,1,0
1757196000000,new_york,precipitation,2.4,0,1,0
1757199600000,new_york,precipitation,1.0,0,1,0
1757203200000,new_york,precipitation,0.4,0,1,0
1757206800000,new_york,precipitation,0.6,0,1,0
1757210400000,new_york,precipitation,2.0,0,1,0
1757214000000,new_york,precipitation,0.5,0,1,0
1757217600000,new_york,precipitation,0.5,0,1,0
1757221200000,new_york,precipitation,0.2,1,1,1
1757224800000,new_york,precipitation,0.2,0,1,0
1757228400000,new_york,precipitation,2.0,0,1,0
1757232000000,new_york,precipitation,5.3,0,1,0
1757235600000,new_york,precipitation,3.4,0,1,0
1757239200000,new_york,precipitation,0.4,0,1,0
1757242800000,new_york,precipitation,0.5,0,1,0
1757246400000,new_york,precipitation,1.0,0,1,0
1757250000000,new_york,precipitation,0.6,0,1,0
1757253600000,new_york,precipitation,0.1,0,1,0
1757257200000,new_york,precipitation,0.0,0,0,1
1757260800000,new_york,precipitation,0.0,1,0,0
1757264400000,new_york,precipitation,0.0,0,0,1
1757268000000,new_york,precipitation,0.0,0,0,1
1757271600000,new_york,precipitation,0.0,0,0,1
1757275200000,new_york,precipitation,0.0,0,0,1
1757278800000,new_york,precipitation,0.0,1,0,0
1757282400000,new_york,precipitation,0.1,0,1,0
1757286000000,new_york,precipitation,0.0,0,0,1
1757289600000,new_york,precipitation,0.0,0,0,1
1757293200000,new_york,precipitation,0.0,0,0,1
1757296800000,new_york,precipitation,0.0,0,0,1
1757300400000,new_york,precipitation,0.0,0,0,1
1757304000000,new_york,precipitation,0.0,0,0,1
1757307600000,new_york,precipitation,0.0,0,0,1
1757311200000,new_york,precipitation,0.0,0,0,1
1757314800000,new_york,precipitation,0.0,1,0,0
1757318400000,new_york,precipitation,0.0,0,0,1
1757322000000,new_york,precipitation,0.0,1,0,0
1757325600000,new_york,precipitation,0.0,0,0,1
1757329200000,new_york,precipitation,0.0,0,0,1
1757332800000,new_york,precipitation,0.0,0,0,1
1757336400000,new_york,precipitation,0.0,0,0,1
1757340000000,new_york,precipitation,0.0,0,0,1
1757343600000,new_york,precipitation,0.0,0,0,1
1757347200000,new_york,precipitation,0.0,0,0,1
1757350800000,new_york,precipitation,0.0,0,0,1
1757354400000,new_york,precipitation,0.0,0,0,1
1757358000000,new_york,precipitation,0.0,0,0,1
1757361600000,new_york,precipitation,0.0,1,0,0
1757365200000,new_york,precipitation,0.0,0,0,1
1757368800000,new_york,precipitation,0.0,0,0,1
1757372400000,new_york,precipitation,0.0,0,0,1
1757376000000,new_york,precipitation,0.0,0,0,1
1757379600000,new_york,precipitation,0.0,0,0,1
1757383200000,new_york,precipitation,0.0,1,0,0
1757386800000,new_york,precipitation,0.0,0,0,1
1757390400000,new_york,precipitation,0.0,0,0,1
1757394000000,new_york,precipitation,0.0,1,0,0
1757397600000,new_york,precipitation,0.0,0,0,1
1757401200000,new_york,precipitation,0.0,0,0,1
1757404800000,new_york,precipitation,0.0,0,0,1
1757408400000,new_york,precipitation,0.0,0,0,1
1757412000000,new_york,precipitation,0.0,0,0,1
1757415600000,new_york,precipitation,0.0,0,0,1
1757419200000,new_york,precipitation,0.0,0,0,1
1757422800000,new_york,precipitation,0.0,0,0,1
1757426400000,new_york,precipitation,0.0,0,0,1
1757430000000,new_york,precipitation,0.0,0,0,1
1757433600000,new_york,precipitation,0.0,0,0,1
1757437200000,new_york,precipitation,0.0,0,0,1
1757440800000,new_york,precipitation,0.0,0,0,1
1757444400000,new_york,precipitation,0.0,0,0,1
1757448000000,new_york,precipitation,0.0,0,0,1
1757451600000,new_york,precipitation,0.0,1,0,0
1757455200000,new_york,precipitation,0.0,0,0,1
1757458800000,new_york,precipitation,0.0,0,0,1
1757462400000,new_york,precipitation,0.0,1,0,0
1757466000000,new_york,precipitation,0.0,0,0,1
1757469600000,new_york,precipitation,0.0,1,0,0
1757473200000,new_york,precipitation,0.0,0,0,1
1757476800000,new_york,precipitation,0.0,0,0,1
1757480400000,new_york,precipitation,0.0,0,0,1
1757484000000,new_york,precipitation,0.0,0,0,1
1757487600000,new_york,precipitation,0.0,0,0,1
1757491200000,new_york,precipitation,0.0,0,0,1
1757494800000,new_york,precipitation,1.4,0,1,0
1757498400000,new_york,precipitation,1.5,0,1,0
1757502000000,new_york,precipitation,1.0,0,1,0
1757505600000,new_york,precipitation,0.8,0,1,0
1757509200000,new_york,precipitation,0.3,0,1,0
1757512800000,new_york,precipitation,0.0,0,0,1
1757516400000,new_york,precipitation,0.0,0,0,1
1757520000000,new_york,precipitation,0.0,0,0,1
1757523600000,new_york,precipitation,0.0,0,0,1
1757527200000,new_york,precipitation,0.0,0,0,1
1757530800000,new_york,precipitation,0.0,0,0,1
1757534400000,new_york,precipitation,0.0,0,0,1
1757538000000,new_york,precipitation,0.0,0,0,1
1757541600000,new_york,precipitation,0.0,0,0,1
1757545200000,new_york,precipitation,0.0,1,0,0
1757548800000,new_york,precipitation,0.0,0,0,1
1757552400000,new_york,precipitation,0.0,0,0,1
1757556000000,new_york,precipitation,0.0,0,0,1
1757559600000,new_york,precipitation,0.0,0,0,1
1757563200000,new_york,precipitation,0.0,0,0,1
1757566800000,new_york,precipitation,0.0,0,0,1
1757570400000,new_york,precipitation,0.0,0,0,1
1757574000000,new_york,precipitation,0.0,0,0,1
1757577600000,new_york,precipitation,0.0,0,0,1
1757581200000,new_york,precipitation,0.0,0,0,1
1757584800000,new_york,precipitation,0.0,0,0,1
1757588400000,new_york,precipitation,0.0,1,0,0
1757592000000,new_york,precipitation,0.0,0,0,1
1757595600000,new_york,precipitation,0.0,0,0,1
1757599200000,new_york,precipitation,0.0,0,0,1
1757602800000,new_york,precipitation,0.0,0,0,1
1757606400000,new_york,precipitation,0.0,0,0,1
1757610000000,new_york,precipitation,0.0,0,0,1
1757613600000,new_york,precipitation,0.0,0,0,1
1757617200000,new_york,precipitation,0.0,0,0,1
1757620800000,new_york,precipitation,0.0,0,0,1
1757624400000,new_york,precipitation,0.0,0,0,1
1757628000000,new_york,precipitation,0.0,1,0,0
1757631600000,new_york,precipitation,0.0,0,0,1
1757635200000,new_york,precipitation,0.0,0,0,1
1757638800000,new_york,precipitation,0.0,1,0,0
1757642400000,new_york,precipitation,0.0,0,0,1
1757646000000,new_york,precipitation,0.0,0,0,1
1757649600000,new_york,precipitation,0.0,0,0,1
1757653200000,new_york,precipitation,0.0,0,0,1
1757656800000,new_york,precipitation,0.0,0,0,1
1757660400000,new_york,precipitation,0.0,0,0,1
1757664000000,new_york,precipitation,0.0,0,0,1
1757667600000,new_york,precipitation,0.0,1,0,0
1757671200000,new_york,precipitation,0.0,0,0,1
1757674800000,new_york,precipitation,0.0,0,0,1
1757678400000,new_york,precipitation,0.0,0,0,1
1757682000000,new_york,precipitation,0.0,1,0,0
1757685600000,new_york,precipitation,0.0,0,0,1
1757689200000,new_york,precipitation,0.0,0,0,1
1757692800000,new_york,precipitation,0.0,0,0,1
1757696400000,new_york,precipitation,0.0,0,0,1
1757700000000,new_york,precipitation,0.0,0,0,1
1757703600000,new_york,precipitation,0.0,0,0,1
1757707200000,new_york,precipitation,0.0,1,0,0
1757710800000,new_york,precipitation,0.0,0,0,1
1757714400000,new_york,precipitation,0.0,0,0,1
1757718000000,new_york,precipitation,0.0,1,0,0
1757721600000,new_york,precipitation,0.0,0,0,1
1757725200000,new_york,precipitation,0.0,1,0,0
1757728800000,new_york,precipitation,0.0,0,0,1
1757732400000,new_york,precipitation,0.0,0,0,1
1757736000000,new_york,precipitation,0.0,0,0,1
1757739600000,new_york,precipitation,0.0,0,0,1
1757743200000,new_york,precipitation,0.0,0,0,1
1757746800000,new_york,precipitation,0.0,0,0,1
1757750400000,new_york,precipitation,0.0,0,0,1
1757754000000,new_york,precipitation,0.0,0,0,1
1757757600000,new_york,precipitation,0.0,0,0,1
1757761200000,new_york,precipitation,0.0,0,0,1
1757764800000,new_york,precipitation,0.0,0,0,1
1757768400000,new_york,precipitation,0.1,0,1,0
1757772000000,new_york,precipitation,0.0,1,0,0
1757775600000,new_york,precipitation,0.1,0,1,0
1757779200000,new_york,precipitation,0.5,0,1,0
1757782800000,new_york,precipitation,0.0,0,0,1
1757786400000,new_york,precipitation,0.0,0,0,1
1757790000000,new_york,precipitation,0.0,0,0,1
1757793600000,new_york,precipitation,0.0,1,0,0
1757797200000,new_york,precipitation,0.0,0,0,1
1757800800000,new_york,precipitation,0.0,0,0,1
1757804400000,new_york,precipitation,0.0,1,0,0
1757808000000,new_york,precipitation,0.0,1,0,0
1757811600000,new_york,precipitation,0.0,0,0,1
1757815200000,new_york,precipitation,0.0,0,0,1
1757818800000,new_york,precipitation,0.0,0,0,1
1757822400000,new_york,precipitation,0.0,0,0,1
1757826000000,new_york,precipitation,0.0,0,0,1
1757829600000,new_york,precipitation,0.0,1,0,0
1757833200000,new_york,precipitation,0.0,0,0,1
1757836800000,new_york,precipitation,0.0,0,0,1
1757840400000,new_york,precipitation,0.0,1,0,0
1757844000000,new_york,precipitation,0.0,0,0,1
1757847600000,new_york,precipitation,0.0,0,0,1
1757851200000,new_york,precipitation,0.0,0,0,1
1757854800000,new_york,precipitation,0.1,1,1,1
1757858400000,new_york,precipitation,0.1,0,1,0
1757862000000,new_york,precipitation,0.0,0,0,1
1757865600000,new_york,precipitation,0.2,0,1,0
1757869200000,new_york,precipitation,0.1,0,1,0
1757872800000,new_york,precipitation,0.0,0,0,1
1757876400000,new_york,precipitation,0.0,0,0,1
1757880000000,new_york,precipitation,0.0,0,0,1
1757883600000,new_york,precipitation,0.0,0,0,1
1757887200000,new_york,precipitation,0.0,0,0,1
1757890800000,new_york,precipitation,0.0,0,0,1
1757894400000,new_york,precipitation,0.0,0,0,1
1757898000000,new_york,precipitation,0.0,0,0,1
1757901600000,new_york,precipitation,0.0,0,0,1
1757905200000,new_york,precipitation,0.0,1,0,0
1757908800000,new_york,precipitation,0.0,0,0,1
1757912400000,new_york,precipitation,0.0,1,0,0
1757916000000,new_york,precipitation,0.0,0,0,1
1757919600000,new_york,precipitation,0.0,0,0,1
1757923200000,new_york,precipitation,0.0,0,0,1
1757926800000,new_york,precipitation,0.0,0,0,1
1757930400000,new_york,precipitation,0.0,0,0,1
1757934000000,new_york,precipitation,0.0,0,0,1
1757937600000,new_york,precipitation,0.0,0,0,1
1757941200000,new_york,precipitation,0.0,0,0,1
1757944800000,new_york,precipitation,0.0,0,0,1
1757948400000,new_york,precipitation,0.0,1,0,0
1757952000000,new_york,precipitation,0.0,0,0,1
1757955600000,new_york,precipitation,0.0,0,0,1
1757959200000,new_york,precipitation,0.0,1,0,0
1757962800000,new_york,precipitation,0.0,0,0,1
1757966400000,new_york,precipitation,0.0,0,0,1
1757970000000,new_york,precipitation,0.0,0,0,1
1757973600000,new_york,precipitation,0.0,1,0,0
1757977200000,new_york,precipitation,0.0,0,0,1
1757980800000,new_york,precipitation,0.0,0,0,1
1757984400000,new_york,precipitation,0.0,1,0,0
1757988000000,new_york,precipitation,0.0,0,0,1
1757991600000,new_york,precipitation,0.0,0,0,1
1757995200000,new_york,precipitation,0.0,0,0,1
1757998800000,new_york,precipitation,0.0,0,0,1
1758002400000,new_york,precipitation,0.0,0,0,1
1758006000000,new_york,precipitation,0.0,0,0,1
1758009600000,new_york,precipitation,0.0,1,0,0
1758013200000,new_york,precipitation,0.0,0,0,1
1758016800000,new_york,precipitation,0.0,0,0,1
1758020400000,new_york,precipitation,0.0,0,0,1
1758024000000,new_york,precipitation,0.0,0,0,1
1758027600000,new_york,precipitation,0.0,0,0,1
1758031200000,new_york,precipitation,0.0,0,0,1
1758034800000,new_york,precipitation,0.0,0,0,1
1758038400000,new_york,precipitation,0.0,0,0,1
1758042000000,new_york,precipitation,0.0,0,0,1
1758045600000,new_york,precipitation,0.0,0,0,1
1758049200000,new_york,precipitation,0.0,0,0,1
1758052800000,new_york,precipitation,0.0,0,0,1
1758056400000,new_york,precipitation,0.0,0,0,1
1758060000000,new_york,precipitation,0.0,0,0,1
1758063600000,new_york,precipitation,0.0,0,0,1
1758067200000,new_york,precipitation,0.0,0,0,1
1758070800000,new_york,precipitation,0.0,0,0,1
1758074400000,new_york,precipitation,0.0,1,0,0
1758078000000,new_york,precipitation,0.0,0,0,1
1758081600000,new_york,precipitation,0.0,1,0,0
1758085200000,new_york,precipitation,0.2,0,1,0
1758088800000,new_york,precipitation,0.0,0,0,1
1758092400000,new_york,precipitation,0.0,0,0,1
1758096000000,new_york,precipitation,0.0,0,0,1
1758099600000,new_york,precipitation,0.0,0,0,1
1758103200000,new_york,precipitation,0.0,0,0,1
1758106800000,new_york,precipitation,0.0,1,0,0
1758110400000,new_york,precipitation,5.4,1,1,1
1758114000000,new_york,precipitation,0.2,0,1,0
1758117600000,new_york,precipitation,0.3,0,1,0
1758121200000,new_york,precipitation,0.4,1,1,1
1758124800000,new_york,precipitation,0.1,1,1,1
1758128400000,new_york,precipitation,0.0,0,0,1
1758132000000,new_york,precipitation,0.1,0,1,0
1758135600000,new_york,precipitation,0.1,1,1,1
1758139200000,new_york,precipitation,0.0,0,0,1
1758142800000,new_york,precipitation,0.0,1,0,0
1758146400000,new_york,precipitation,0.0,0,0,1
1758150000000,new_york,precipitation,0.0,0,0,1
1758153600000,new_york,precipitation,0.0,0,0,1
1758157200000,new_york,precipitation,0.0,0,0,1
1758160800000,new_york,precipitation,0.0,0,0,1
1758164400000,new_york,precipitation,0.0,0,0,1
1758168000000,new_york,precipitation,0.1,0,1,0
1758171600000,new_york,precipitation,0.0,0,0,1
1758175200000,new_york,precipitation,0.0,0,0,1
1758178800000,new_york,precipitation,0.0,0,0,1
1758182400000,new_york,precipitation,0.0,0,0,1
1758186000000,new_york,precipitation,0.0,0,0,1
1758189600000,new_york,precipitation,0.0,0,0,1
1758193200000,new_york,precipitation,0.0,1,0,0
1758196800000,new_york,precipitation,0.0,1,0,0
1758200400000,new_york,precipitation,0.0,0,0,1
1758204000000,new_york,precipitation,0.0,0,0,1
1758207600000,new_york,precipitation,0.0,0,0,1
1758211200000,new_york,precipitation,0.0,0,0,1
1758214800000,new_york,precipitation,0.0,0,0,1
1758218400000,new_york,precipitation,0.0,0,0,1
1758222000000,new_york,precipitation,0.0,0,0,1
1758225600000,new_york,precipitation,0.0,0,0,1
1758229200000,new_york,precipitation,0.0,0,0,1
1758232800000,new_york,precipitation,0.0,0,0,1
1758236400000,new_york,precipitation,0.0,1,0,0
1758240000000,new_york,precipitation,0.0,0,0,1
1758243600000,new_york,precipitation,0.0,0,0,1
1758247200000,new_york,precipitation,0.0,0,0,1
1758250800000,new_york,precipitation,0.0,0,0,1
1758254400000,new_york,precipitation,0.0,0,0,1
1758258000000,new_york,precipitation,0.0,0,0,1
1758261600000,new_york,precipitation,0.0,0,0,1
1758265200000,new_york,precipitation,0.0,0,0,1
1758268800000,new_york,precipitation,0.0,0,0,1
1758272400000,new_york,precipitation,0.0,0,0,1
1758276000000,new_york,precipitation,0.0,0,0,1
1758279600000,new_york,precipitation,0.0,0,0,1
1758283200000,new_york,precipitation,0.0,0,0,1
1758286800000,new_york,precipitation,0.0,1,0,0
1758290400000,new_york,precipitation,0.0,1,0,0
1758294000000,new_york,precipitation,0.0,0,0,1
1758297600000,new_york,precipitation,0.0,0,0,1
1758301200000,new_york,precipitation,0.0,0,0,1
1758304800000,new_york,precipitation,0.0,0,0,1
1758308400000,new_york,precipitation,0.0,0,0,1
1758312000000,new_york,precipitation,0.0,1,0,0
1758315600000,new_york,precipitation,0.0,0,0,1
1758319200000,new_york,precipitation,0.0,0,0,1
1758322800000,new_york,precipitation,0.0,0,0,1
1758326400000,new_york,precipitation,0.0,0,0,1
1758330000000,new_york,precipitation,0.0,0,0,1
1758333600000,new_york,precipitation,0.0,0,0,1
1758337200000,new_york,precipitation,0.0,0,0,1
1758340800000,new_york,precipitation,0.0,0,0,1
1758344400000,new_york,precipitation,0.0,0,0,1
1758348000000,new_york,precipitation,0.0,0,0,1
1758351600000,new_york,precipitation,0.0,1,0,0
1758355200000,new_york,precipitation,0.0,0,0,1
1758358800000,new_york,precipitation,0.0,0,0,1
1758362400000,new_york,precipitation,0.0,0,0,1
1758366000000,new_york,precipitation,0.0,0,0,1
1758369600000,new_york,precipitation,0.0,0,0,1
1758373200000,new_york,precipitation,0.0,0,0,1
1758376800000,new_york,precipitation,0.0,1,0,0
1758380400000,new_york,precipitation,0.0,0,0,1
1758384000000,new_york,precipitation,0.0,0,0,1
1758387600000,new_york,precipitation,0.0,0,0,1
1758391200000,new_york,precipitation,0.0,0,0,1
1758394800000,new_york,precipitation,0.0,0,0,1
1758398400000,new_york,precipitation,0.0,0,0,1
1758402000000,new_york,precipitation,0.0,0,0,1
1758405600000,new_york,precipitation,0.0,0,0,1
1758409200000,new_york,precipitation,0.0,0,0,1
1758412800000,new_york,precipitation,0.0,0,0,1
1758416400000,new_york,precipitation,0.0,0,0,1
1758420000000,new_york,precipitation,0.0,0,0,1
1758423600000,new_york,precipitation,0.0,0,0,1
1758427200000,new_york,precipitation,0.0,0,0,1
1758430800000,new_york,precipitation,0.0,0,0,1
1758434400000,new_york,precipitation,0.0,0,0,1
1758438000000,new_york,precipitation,0.0,0,0,1
1758441600000,new_york,precipitation,0.0,0,0,1
1758445200000,new_york,precipitation,0.0,0,0,1
1758448800000,new_york,precipitation,0.0,0,0,1
1758452400000,new_york,precipitation,0.0,0,0,1
1758456000000,new_york,precipitation,0.0,1,0,0
1758459600000,new_york,precipitation,0.0,0,0,1
1758463200000,new_york,precipitation,0.0,0,0,1
1758466800000,new_york,precipitation,0.0,0,0,1
1758470400000,new_york,precipitation,0.0,0,0,1
1758474000000,new_york,precipitation,0.0,0,0,1
1758477600000,new_york,precipitation,0.0,0,0,1
1758481200000,new_york,precipitation,0.0,0,0,1
1758484800000,new_york,precipitation,0.0,1,0,0
1758488400000,new_york,precipitation,0.0,0,0,1
1758492000000,new_york,precipitation,0.0,0,0,1
1758495600000,new_york,precipitation,0.0,0,0,1
1758499200000,new_york,precipitation,0.0,0,0,1
1758502800000,new_york,precipitation,0.0,0,0,1
1758506400000,new_york,precipitation,0.0,0,0,1
1758510000000,new_york,precipitation,0.0,1,0,0
1758513600000,new_york,precipitation,0.0,1,0,0
1758517200000,new_york,precipitation,0.0,1,0,0
1758520800000,new_york,precipitation,0.0,0,0,1
1758524400000,new_york,precipitation,0.0,0,0,1
1758528000000,new_york,precipitation,0.0,0,0,1
1758531600000,new_york,precipitation,0.0,0,0,1
1758535200000,new_york,precipitation,0.0,1,0,0
1758538800000,new_york,precipitation,0.0,0,0,1
1758542400000,new_york,precipitation,0.0,0,0,1
1758546000000,new_york,precipitation,0.0,1,0,0
1758549600000,new_york,precipitation,0.0,0,0,1
1758553200000,new_york,precipitation,0.0,0,0,1
1758556800000,new_york,precipitation,0.0,1,0,0
1758560400000,new_york,precipitation,0.0,0,0,1
1758564000000,new_york,precipitation,0.0,0,0,1
1758567600000,new_york,precipitation,0.0,0,0,1
1758571200000,new_york,precipitation,0.0,1,0,0
1758574800000,new_york,precipitation,0.0,1,0,0
1758578400000,new_york,precipitation,0.0,0,0,1
1758582000000,new_york,precipitation,0.0,1,0,0
1758585600000,new_york,precipitation,0.0,0,0,1
1758589200000,new_york,precipitation,0.0,0,0,1
1758592800000,new_york,precipitation,0.0,0,0,1
1758596400000,new_york,precipitation,0.0,0,0,1
1758600000000,new_york,precipitation,0.0,0,0,1
1758603600000,new_york,precipitation,0.0,1,0,0
1758607200000,new_york,precipitation,0.0,0,0,1
1758610800000,new_york,precipitation,0.0,0,0,1
1758614400000,new_york,precipitation,0.0,0,0,1
1758618000000,new_york,precipitation,0.0,0,0,1
1758621600000,new_york,precipitation,0.0,0,0,1
1758625200000,new_york,precipitation,0.0,0,0,1
1758628800000,new_york,precipitation,0.0,0,0,1
1758632400000,new_york,precipitation,0.0,1,0,0
1758636000000,new_york,precipitation,0.0,1,0,0
1758639600000,new_york,precipitation,0.0,0,0,1
1758643200000,new_york,precipitation,0.0,0,0,1
1758646800000,new_york,precipitation,0.0,0,0,1
1758650400000,new_york,precipitation,0.0,0,0,1
1758654000000,new_york,precipitation,0.0,0,0,1
1758657600000,new_york,precipitation,0.0,0,0,1
1758661200000,new_york,precipitation,3.9,0,1,0
1758664800000,new_york,precipitation,2.2,0,1,0
1758668400000,new_york,precipitation,0.5,0,1,0
1758672000000,new_york,precipitation,0.0,0,0,1
1758675600000,new_york,precipitation,0.0,0,0,1
1758679200000,new_york,precipitation,0.0,0,0,1
1758682800000,new_york,precipitation,0.0,0,0,1
1758686400000,new_york,precipitation,0.0,0,0,1
1758690000000,new_york,precipitation,0.0,0,0,1
1758693600000,new_york,precipitation,0.0,0,0,1
1758697200000,new_york,precipitation,0.0,0,0,1
1758700800000,new_york,precipitation,0.0,1,0,0
1758704400000,new_york,precipitation,0.0,0,0,1
1758708000000,new_york,precipitation,0.0,0,0,1
1758711600000,new_york,precipitation,0.0,0,0,1
1758715200000,new_york,precipitation,0.0,0,0,1
1758718800000,new_york,precipitation,0.0,0,0,1
1758722400000,new_york,precipitation,0.0,0,0,1
1758726000000,new_york,precipitation,0.1,1,1,1
1758729600000,new_york,precipitation,0.1,0,1,0
1758733200000,new_york,precipitation,0.0,0,0,1
1758736800000,new_york,precipitation,0.4,0,1,0
1758740400000,new_york,precipitation,0.1,0,1,0
1758744000000,new_york,precipitation,0.7,0,1,0
1758747600000,new_york,precipitation,0.0,0,0,1
1758751200000,new_york,precipitation,0.7,0,1,0
1758754800000,new_york,precipitation,0.9,0,1,0
1758758400000,new_york,precipitation,1.7,0,1,0
1758762000000,new_york,precipitation,0.6,0,1,0
1758765600000,new_york,precipitation,0.6,0,1,0
1758769200000,new_york,precipitation,5.3,0,1,0
1758772800000,new_york,precipitation,9.1,0,1,0
1758776400000,new_york,precipitation,17.1,0,1,0
1758780000000,new_york,precipitation,0.7,0,1,0
1758783600000,new_york,precipitation,0.0,0,0,1
1758787200000,new_york,precipitation,0.1,0,1,0
1758790800000,new_york,precipitation,4.4,0,1,0
1758794400000,new_york,precipitation,1.7,0,1,0
1758798000000,new_york,precipitation,0.1,0,1,0
1758801600000,new_york,precipitation,2.5,0,1,0
1758805200000,new_york,precipitation,1.2,0,1,0
1758808800000,new_york,precipitation,0.3,0,1,0
1758812400000,new_york,precipitation,1.5,0,1,0
1758816000000,new_york,precipitation,0.4,1,1,1
1758819600000,new_york,precipitation,0.8,0,1,0
1758823200000,new_york,precipitation,0.2,1,1,1
1758826800000,new_york,precipitation,0.1,0,1,0
1758830400000,new_york,precipitation,0.0,0,0,1
1758834000000,new_york,precipitation,0.2,0,1,0
1758837600000,new_york,precipitation,0.0,0,0,1
1758841200000,new_york,precipitation,0.0,0,0,1
1758844800000,new_york,precipitation,0.0,0,0,1
1758848400000,new_york,precipitation,0.0,0,0,1
1758852000000,new_york,precipitation,0.0,0,0,1
1758855600000,new_york,precipitation,0.0,0,0,1
1758859200000,new_york,precipitation,0.0,0,0,1
1758862800000,new_york,precipitation,0.0,0,0,1
1758866400000,new_york,precipitation,0.0,1,0,0
1758870000000,new_york,precipitation,0.0,0,0,1
1758873600000,new_york,precipitation,0.0,0,0,1
1758877200000,new_york,precipitation,0.0,0,0,1
1758880800000,new_york,precipitation,0.0,0,0,1
1758884400000,new_york,precipitation,0.0,0,0,1
1758888000000,new_york,precipitation,0.0,0,0,1
1758891600000,new_york,precipitation,0.0,1,0,0
1758895200000,new_york,precipitation,0.0,0,0,1
1758898800000,new_york,precipitation,0.0,0,0,1
1758902400000,new_york,precipitation,0.0,0,0,1
1758906000000,new_york,precipitation,0.0,1,0,0
1758909600000,new_york,precipitation,0.0,0,0,1
1758913200000,new_york,precipitation,0.0,0,0,1
1758916800000,new_york,precipitation,0.0,0,0,1
1758920400000,new_york,precipitation,0.0,0,0,1
1758924000000,new_york,precipitation,0.0,0,0,1
1758927600000,new_york,precipitation,0.0,0,0,1
1758931200000,new_york,precipitation,0.0,0,0,1
1758934800000,new_york,precipitation,0.0,1,0,0
1758938400000,new_york,precipitation,0.0,0,0,1
1758942000000,new_york,precipitation,0.0,0,0,1
1758945600000,new_york,precipitation,0.0,1,0,0
1758949200000,new_york,precipitation,0.0,0,0,1
1758952800000,new_york,precipitation,0.0,0,0,1
1758956400000,new_york,precipitation,0.0,0,0,1
1758960000000,new_york,precipitation,0.0,0,0,1
1758963600000,new_york,precipitation,0.0,0,0,1
1758967200000,new_york,precipitation,0.0,0,0,1
1758970800000,new_york,precipitation,0.0,0,0,1
1758974400000,new_york,precipitation,0.0,1,0,0
1758978000000,new_york,precipitation,0.0,0,0,1
1758981600000,new_york,precipitation,0.0,0,0,1
1758985200000,new_york,precipitation,0.0,0,0,1
1758988800000,new_york,precipitation,0.0,0,0,1
1758992400000,new_york,precipitation,0.0,0,0,1
1758996000000,new_york,precipitation,0.0,0,0,1
1758999600000,new_york,precipitation,0.0,0,0,1
1759003200000,new_york,precipitation,0.0,0,0,1
1759006800000,new_york,precipitation,0.1,1,1,1
1759010400000,new_york,precipitation,0.0,0,0,1
1759014000000,new_york,precipitation,0.0,0,0,1
1759017600000,new_york,precipitation,0.0,1,0,0
1759021200000,new_york,precipitation,0.5,0,1,0
1759024800000,new_york,precipitation,0.0,0,0,1
1759028400000,new_york,precipitation,0.1,0,1,0
1759032000000,new_york,precipitation,0.0,0,0,1
1759035600000,new_york,precipitation,0.0,0,0,1
1759039200000,new_york,precipitation,0.0,0,0,1
1759042800000,new_york,precipitation,0.0,0,0,1
1759046400000,new_york,precipitation,0.0,0,0,1
1759050000000,new_york,precipitation,0.0,0,0,1
1759053600000,new_york,precipitation,0.0,0,0,1
1759057200000,new_york,precipitation,0.0,0,0,1
1759060800000,new_york,precipitation,0.0,0,0,1
1759064400000,new_york,precipitation,0.0,0,0,1
1759068000000,new_york,precipitation,0.0,0,0,1
1759071600000,new_york,precipitation,0.0,0,0,1
1759075200000,new_york,precipitation,0.0,0,0,1
1759078800000,new_york,precipitation,0.0,0,0,1
1759082400000,new_york,precipitation,0.0,0,0,1
1759086000000,new_york,precipitation,0.0,0,0,1
1759089600000,new_york,precipitation,0.0,1,0,0
1759093200000,new_york,precipitation,0.0,1,0,0
1759096800000,new_york,precipitation,0.0,0,0,1
1759100400000,new_york,precipitation,0.0,1,0,0
1759104000000,new_york,precipitation,0.0,1,0,0
1759107600000,new_york,precipitation,0.0,0,0,1
1759111200000,new_york,precipitation,0.0,0,0,1
1759114800000,new_york,precipitation,0.0,0,0,1
1759118400000,new_york,precipitation,0.0,1,0,0
1759122000000,new_york,precipitation,0.0,0,0,1
1759125600000,new_york,precipitation,0.0,0,0,1
1759129200000,new_york,precipitation,0.0,0,0,1
1759132800000,new_york,precipitation,0.0,0,0,1
1759136400000,new_york,precipitation,0.0,0,0,1
1759140000000,new_york,precipitation,0.0,0,0,1
1759143600000,new_york,precipitation,0.0,0,0,1
1759147200000,new_york,precipitation,0.0,1,0,0
1759150800000,new_york,precipitation,0.0,0,0,1
1759154400000,new_york,precipitation,0.0,0,0,1
1759158000000,new_york,precipitation,0.0,0,0,1
1759161600000,new_york,precipitation,0.0,0,0,1
1759165200000,new_york,precipitation,0.0,0,0,1
1759168800000,new_york,precipitation,0.0,0,0,1
1759172400000,new_york,precipitation,0.0,0,0,1
1759176000000,new_york,precipitation,0.0,0,0,1
1759179600000,new_york,precipitation,0.0,0,0,1
1759183200000,new_york,precipitation,0.0,1,0,0
1759186800000,new_york,precipitation,0.0,0,0,1
1759190400000,new_york,precipitation,0.0,1,0,0
1759194000000,new_york,precipitation,0.0,0,0,1
1759197600000,new_york,precipitation,0.0,0,0,1
1759201200000,new_york,precipitation,0.0,0,0,1
1759204800000,new_york,precipitation,0.0,0,0,1
1759208400000,new_york,precipitation,0.0,0,0,1
1759212000000,new_york,precipitation,0.0,0,0,1
1759215600000,new_york,precipitation,0.0,1,0,0
1759219200000,new_york,precipitation,0.0,0,0,1
1759222800000,new_york,precipitation,0.0,0,0,1
1759226400000,new_york,precipitation,0.0,1,0,0
1759230000000,new_york,precipitation,0.0,0,0,1
1759233600000,new_york,precipitation,0.0,0,0,1
1759237200000,new_york,precipitation,0.0,0,0,1
1759240800000,new_york,precipitation,0.0,0,0,1
1759244400000,new_york,precipitation,0.0,0,0,1
1759248000000,new_york,precipitation,0.0,0,0,1
1759251600000,new_york,precipitation,0.0,0,0,1
1759255200000,new_york,precipitation,0.0,1,0,0
1759258800000,new_york,precipitation,0.0,0,0,1
1759262400000,new_york,precipitation,0.0,0,0,1
1759266000000,new_york,precipitation,0.0,0,0,1
1759269600000,new_york,precipitation,0.0,0,0,1
1759273200000,new_york,precipitation,0.0,0,0,1
1759276800000,new_york,precipitation,0.0,0,0,1
1759280400000,new_york,precipitation,0.0,0,0,1
1759284000000,new_york,precipitation,0.0,0,0,1
1759287600000,new_york,precipitation,0.0,0,0,1
1759291200000,new_york,precipitation,0.0,0,0,1
1759294800000,new_york,precipitation,0.0,0,0,1
1759298400000,new_york,precipitation,0.0,0,0,1
1759302000000,new_york,precipitation,0.0,0,0,1
1759305600000,new_york,precipitation,0.0,1,0,0
1759309200000,new_york,precipitation,0.0,0,0,1
1759312800000,new_york,precipitation,0.0,1,0,0
1759316400000,new_york,precipitation,0.0,0,0,1
1759320000000,new_york,precipitation,0.0,0,0,1
1759323600000,new_york,precipitation,0.0,0,0,1
1759327200000,new_york,precipitation,0.0,0,0,1
1759330800000,new_york,precipitation,0.0,0,0,1
1759334400000,new_york,precipitation,0.0,0,0,1
1759338000000,new_york,precipitation,0.0,0,0,1
1759341600000,new_york,precipitation,0.0,0,0,1
1759345200000,new_york,precipitation,0.0,0,0,1
1759348800000,new_york,precipitation,0.0,0,0,1
1759352400000,new_york,precipitation,0.0,1,0,0
1759356000000,new_york,precipitation,0.0,0,0,1
1759359600000,new_york,precipitation,0.0,0,0,1
1759363200000,new_york,precipitation,0.0,0,0,1
1759366800000,new_york,precipitation,0.0,0,0,1
1759370400000,new_york,precipitation,0.0,0,0,1
1759374000000,new_york,precipitation,0.0,1,0,0
1759377600000,new_york,precipitation,0.0,0,0,1
1759381200000,new_york,precipitation,0.0,0,0,1
1759384800000,new_york,precipitation,0.0,1,0,0
1759388400000,new_york,precipitation,0.0,0,0,1
1759392000000,new_york,precipitation,0.0,0,0,1
1759395600000,new_york,precipitation,0.0,0,0,1
1759399200000,new_york,precipitation,0.0,0,0,1
1759402800000,new_york,precipitation,0.0,0,0,1
1759406400000,new_york,precipitation,0.0,0,0,1
1759410000000,new_york,precipitation,0.0,0,0,1
1759413600000,new_york,precipitation,0.0,0,0,1
1759417200000,new_york,precipitation,0.0,0,0,1
1759420800000,new_york,precipitation,0.0,0,0,1
1759424400000,new_york,precipitation,0.0,0,0,1
1759428000000,new_york,precipitation,0.0,0,0,1
1759431600000,new_york,precipitation,0.0,0,0,1
1759435200000,new_york,precipitation,0.0,0,0,1
1759438800000,new_york,precipitation,0.0,0,0,1
1759442400000,new_york,precipitation,0.0,0,0,1
1759446000000,new_york,precipitation,0.0,0,0,1
1759449600000,new_york,precipitation,0.0,0,0,1
1759453200000,new_york,precipitation,0.0,0,0,1
1759456800000,new_york,precipitation,0.0,0,0,1
1759460400000,new_york,precipitation,0.0,0,0,1
1759464000000,new_york,precipitation,0.0,0,0,1
1759467600000,new_york,precipitation,0.0,0,0,1
1759471200000,new_york,precipitation,0.0,0,0,1
1759474800000,new_york,precipitation,0.0,0,0,1
1759478400000,new_york,precipitation,0.0,0,0,1
1759482000000,new_york,precipitation,0.0,1,0,0
1759485600000,new_york,precipitation,0.0,1,0,0
1759489200000,new_york,precipitation,0.0,0,0,1
1759492800000,new_york,precipitation,0.0,0,0,1
1759496400000,new_york,precipitation,0.0,0,0,1
1759500000000,new_york,precipitation,0.0,0,0,1
1759503600000,new_york,precipitation,0.0,0,0,1
1759507200000,new_york,precipitation,0.0,0,0,1
1759510800000,new_york,precipitation,0.0,0,0,1
1759514400000,new_york,precipitation,0.0,0,0,1
1759518000000,new_york,precipitation,0.0,0,0,1
1759521600000,new_york,precipitation,0.0,1,0,0
1759525200000,new_york,precipitation,0.0,0,0,1
1759528800000,new_york,precipitation,0.0,0,0,1
1759532400000,new_york,precipitation,0.0,0,0,1
1759536000000,new_york,precipitation,0.0,0,0,1
1759539600000,new_york,precipitation,0.0,0,0,1
1759543200000,new_york,precipitation,0.0,0,0,1
1759546800000,new_york,precipitation,0.0,0,0,1
1759550400000,new_york,precipitation,0.0,0,0,1
1759554000000,new_york,precipitation,0.0,0,0,1
1759557600000,new_york,precipitation,0.0,1,0,0
1759561200000,new_york,precipitation,0.0,0,0,1
1759564800000,new_york,precipitation,0.0,0,0,1
1759568400000,new_york,precipitation,0.0,1,0,0
1759572000000,new_york,precipitation,0.0,0,0,1
1759575600000,new_york,precipitation,0.0,0,0,1
1759579200000,new_york,precipitation,0.0,0,0,1
1759582800000,new_york,precipitation,0.0,0,0,1
1759586400000,new_york,precipitation,0.0,0,0,1
1759590000000,new_york,precipitation,0.0,0,0,1
1759593600000,new_york,precipitation,0.0,0,0,1
1759597200000,new_york,precipitation,0.0,0,0,1
1759600800000,new_york,precipitation,0.0,0,0,1
1759604400000,new_york,precipitation,0.0,0,0,1
1759608000000,new_york,precipitation,0.0,0,0,1
1759611600000,new_york,precipitation,0.0,0,0,1
1759615200000,new_york,precipitation,0.0,0,0,1
1759618800000,new_york,precipitation,0.0,1,0,0
1759622400000,new_york,precipitation,0.0,1,0,0
1759626000000,new_york,precipitation,0.0,0,0,1
1759629600000,new_york,precipitation,0.0,0,0,1
1759633200000,new_york,precipitation,0.0,0,0,1
1759636800000,new_york,precipitation,0.0,0,0,1
1759640400000,new_york,precipitation,0.0,0,0,1
1759644000000,new_york,precipitation,0.0,1,0,0
1759647600000,new_york,precipitation,0.0,1,0,0
1759651200000,new_york,precipitation,0.0,0,0,1
1759654800000,new_york,precipitation,0.0,1,0,0
1759658400000,new_york,precipitation,0.0,0,0,1
1759662000000,new_york,precipitation,0.0,0,0,1
1759665600000,new_york,precipitation,0.0,0,0,1
1759669200000,new_york,precipitation,0.0,1,0,0
1759672800000,new_york,precipitation,0.0,1,0,0
1759676400000,new_york,precipitation,0.0,1,0,0
1759680000000,new_york,precipitation,0.0,0,0,1
1759683600000,new_york,precipitation,0.0,0,0,1
1759687200000,new_york,precipitation,0.0,1,0,0
1759690800000,new_york,precipitation,0.0,0,0,1
1759694400000,new_york,precipitation,0.0,0,0,1
1759698000000,new_york,precipitation,0.0,0,0,1
1759701600000,new_york,precipitation,0.0,0,0,1
1759705200000,new_york,precipitation,0.0,0,0,1
1759708800000,new_york,precipitation,0.0,0,0,1
1759712400000,new_york,precipitation,0.0,0,0,1
1759716000000,new_york,precipitation,0.0,0,0,1
1759719600000,new_york,precipitation,0.0,0,0,1
1759723200000,new_york,precipitation,0.0,0,0,1
1759726800000,new_york,precipitation,0.0,0,0,1
1759730400000,new_york,precipitation,0.0,0,0,1
1759734000000,new_york,precipitation,0.0,1,0,0
1759737600000,new_york,precipitation,0.0,0,0,1
1759741200000,new_york,precipitation,0.0,0,0,1
1759744800000,new_york,precipitation,0.0,1,0,0
1759748400000,new_york,precipitation,0.0,0,0,1
1759752000000,new_york,precipitation,0.0,0,0,1
1759755600000,new_york,precipitation,0.0,0,0,1
1759759200000,new_york,precipitation,0.0,0,0,1
1759762800000,new_york,precipitation,0.0,0,0,1
1759766400000,new_york,precipitation,0.0,0,0,1
1759770000000,new_york,precipitation,0.0,0,0,1
1759773600000,new_york,precipitation,0.0,1,0,0
1759777200000,new_york,precipitation,0.0,0,0,1
1759780800000,new_york,precipitation,0.0,0,0,1
1759784400000,new_york,precipitation,0.0,0,0,1
1759788000000,new_york,precipitation,0.0,0,0,1
1759791600000,new_york,precipitation,0.0,0,0,1
1759795200000,new_york,precipitation,0.0,0,0,1
1759798800000,new_york,precipitation,0.0,1,0,0
1759802400000,new_york,precipitation,0.0,0,0,1
1759806000000,new_york,precipitation,0.0,0,0,1
1759809600000,new_york,precipitation,0.0,0,0,1
1759813200000,new_york,precipitation,0.0,0,0,1
1759816800000,new_york,precipitation,0.0,0,0,1
1759820400000,new_york,precipitation,0.0,0,0,1
1759824000000,new_york,precipitation,0.0,1,0,0
1759827600000,new_york,precipitation,0.0,0,0,1
1759831200000,new_york,precipitation,0.0,0,0,1
1759834800000,new_york,precipitation,0.0,0,0,1
1759838400000,new_york,precipitation,0.0,1,0,0
1759842000000,new_york,precipitation,0.0,1,0,0
1759845600000,new_york,precipitation,0.0,0,0,1
1759849200000,new_york,precipitation,0.0,1,0,0
1759852800000,new_york,precipitation,0.0,0,0,1
1759856400000,new_york,precipitation,0.0,0,0,1
1759860000000,new_york,precipitation,0.0,0,0,1
1759863600000,new_york,precipitation,0.0,1,0,0
1759867200000,new_york,precipitation,0.0,0,0,1
1759870800000,new_york,precipitation,0.0,0,0,1
1759874400000,new_york,precipitation,0.0,0,0,1
1759878000000,new_york,precipitation,0.0,1,0,0
1759881600000,new_york,precipitation,0.0,0,0,1
1759885200000,new_york,precipitation,0.2,1,1,1
1759888800000,new_york,precipitation,0.2,0,1,0
1759892400000,new_york,precipitation,0.1,0,1,0
1759896000000,new_york,precipitation,0.1,0,1,0
1759899600000,new_york,precipitation,0.6,0,1,0
1759903200000,new_york,precipitation,0.1,0,1,0
1759906800000,new_york,precipitation,0.2,0,1,0
1759910400000,new_york,precipitation,0.2,0,1,0
1759914000000,new_york,precipitation,1.1,0,1,0
1759917600000,new_york,precipitation,2.2,0,1,0
1759921200000,new_york,precipitation,0.4,0,1,0
1759924800000,new_york,precipitation,0.0,0,0,1
1759928400000,new_york,precipitation,0.0,0,0,1
1759932000000,new_york,precipitation,0.0,0,0,1
1759935600000,new_york,precipitation,0.0,0,0,1
1759939200000,new_york,precipitation,0.0,0,0,1
1759942800000,new_york,precipitation,0.0,0,0,1
1759946400000,new_york,precipitation,0.0,1,0,0
1759950000000,new_york,precipitation,0.0,0,0,1
1759953600000,new_york,precipitation,0.0,0,0,1
1759957200000,new_york,precipitation,0.0,0,0,1
1759960800000,new_york,precipitation,0.0,1,0,0
1759964400000,new_york,precipitation,0.0,0,0,1
1759968000000,new_york,precipitation,0.0,0,0,1
1759971600000,new_york,precipitation,0.0,0,0,1
1759975200000,new_york,precipitation,0.0,1,0,0
1759978800000,new_york,precipitation,0.0,0,0,1
1759982400000,new_york,precipitation,0.0,0,0,1
1759986000000,new_york,precipitation,0.0,0,0,1
1759989600000,new_york,precipitation,0.0,0,0,1
1759993200000,new_york,precipitation,0.0,0,0,1
1759996800000,new_york,precipitation,0.0,0,0,1
1760000400000,new_york,precipitation,0.0,0,0,1
1760004000000,new_york,precipitation,0.0,0,0,1
1760007600000,new_york,precipitation,0.0,0,0,1
1760011200000,new_york,precipitation,0.0,0,0,1
1760014800000,new_york,precipitation,0.0,0,0,1
1760018400000,new_york,precipitation,0.0,0,0,1
1760022000000,new_york,precipitation,0.0,0,0,1
1760025600000,new_york,precipitation,0.0,0,0,1
1760029200000,new_york,precipitation,0.0,0,0,1
1760032800000,new_york,precipitation,0.0,0,0,1
1760036400000,new_york,precipitation,0.0,0,0,1
1760040000000,new_york,precipitation,0.0,0,0,1
1760043600000,new_york,precipitation,0.0,0,0,1
1760047200000,new_york,precipitation,0.0,1,0,0
1760050800000,new_york,precipitation,0.0,0,0,1
1760054400000,new_york,precipitation,0.0,1,0,0
1760058000000,new_york,precipitation,0.0,0,0,1
1760061600000,new_york,precipitation,0.0,0,0,1
1760065200000,new_york,precipitation,0.0,0,0,1
1760068800000,new_york,precipitation,0.0,1,0,0
1760072400000,new_york,precipitation,0.0,1,0,0
1760076000000,new_york,precipitation,0.0,0,0,1
1760079600000,new_york,precipitation,0.0,0,0,1
1760083200000,new_york,precipitation,0.0,0,0,1
1760086800000,new_york,precipitation,0.0,0,0,1
1760090400000,new_york,precipitation,0.0,0,0,1
1760094000000,new_york,precipitation,0.0,0,0,1
1760097600000,new_york,precipitation,0.0,0,0,1
1760101200000,new_york,precipitation,0.0,0,0,1
1760104800000,new_york,precipitation,0.0,0,0,1
1760108400000,new_york,precipitation,0.0,0,0,1
1760112000000,new_york,precipitation,0.0,0,0,1
1760115600000,new_york,precipitation,0.0,0,0,1
1760119200000,new_york,precipitation,0.0,0,0,1
1760122800000,new_york,precipitation,0.0,0,0,1
1760126400000,new_york,precipitation,0.0,0,0,1
1760130000000,new_york,precipitation,0.0,0,0,1
1760133600000,new_york,precipitation,0.0,0,0,1
1760137200000,new_york,precipitation,0.0,0,0,1
1760140800000,new_york,precipitation,0.0,0,0,1
1760144400000,new_york,precipitation,0.0,0,0,1
1760148000000,new_york,precipitation,0.0,0,0,1
1760151600000,new_york,precipitation,0.0,0,0,1
1760155200000,new_york,precipitation,0.0,0,0,1
1760158800000,new_york,precipitation,0.0,0,0,1
1760162400000,new_york,precipitation,0.0,0,0,1
1760166000000,new_york,precipitation,0.0,0,0,1
1760169600000,new_york,precipitation,0.0,0,0,1
1760173200000,new_york,precipitation,0.2,0,1,0
1760176800000,new_york,precipitation,0.6,0,1,0
1760180400000,new_york,precipitation,0.5,0,1,0
1760184000000,new_york,precipitation,0.0,1,0,0
1760187600000,new_york,precipitation,0.0,0,0,1
1760191200000,new_york,precipitation,0.1,0,1,0
1760194800000,new_york,precipitation,0.0,0,0,1
1760198400000,new_york,precipitation,0.0,0,0,1
1760202000000,new_york,precipitation,0.0,0,0,1
1760205600000,new_york,precipitation,0.0,0,0,1
1760209200000,new_york,precipitation,0.0,0,0,1
1760212800000,new_york,precipitation,0.0,1,0,0
1760216400000,new_york,precipitation,0.0,0,0,1
1760220000000,new_york,precipitation,0.0,0,0,1
1760223600000,new_york,precipitation,0.0,1,0,0
1760227200000,new_york,precipitation,0.0,0,0,1
1760230800000,new_york,precipitation,0.0,0,0,1
1760234400000,new_york,precipitation,0.0,0,0,1
1760238000000,new_york,precipitation,0.4,1,1,1
1760241600000,new_york,precipitation,0.1,0,1,0
1760245200000,new_york,precipitation,0.0,0,0,1
1760248800000,new_york,precipitation,0.0,0,0,1
1760252400000,new_york,precipitation,0.0,0,0,1
1760256000000,new_york,precipitation,0.0,0,0,1
1760259600000,new_york,precipitation,0.0,1,0,0
1760263200000,new_york,precipitation,0.0,0,0,1
1760266800000,new_york,precipitation,0.0,0,0,1
1760270400000,new_york,precipitation,0.0,1,0,0
1760274000000,new_york,precipitation,0.1,0,1,0
1760277600000,new_york,precipitation,0.3,0,1,0
1760281200000,new_york,precipitation,0.8,0,1,0
1760284800000,new_york,precipitation,2.1,0,1,0
1760288400000,new_york,precipitation,2.1,0,1,0
1760292000000,new_york,precipitation,1.6845417215512706,1,1,1
1760295600000,new_york,precipitation,1.2,0,1,0
1760299200000,new_york,precipitation,0.7,0,1,0
1760302800000,new_york,precipitation,1.8,0,1,0
1760306400000,new_york,precipitation,1.4,0,1,0
1760310000000,new_york,precipitation,1.4,1,1,1
1760313600000,new_york,precipitation,1.6,0,1,0
1760317200000,new_york,precipitation,2.8,0,1,0
1760320800000,new_york,precipitation,3.9,0,1,0
1760324400000,new_york,precipitation,2.7,0,1,0
1760328000000,new_york,precipitation,3.5,0,1,0
1760331600000,new_york,precipitation,5.0,0,1,0
1760335200000,new_york,precipitation,3.4,0,1,0
1760338800000,new_york,precipitation,1.4,0,1,0
1760342400000,new_york,precipitation,1.4,0,1,0
1760346000000,new_york,precipitation,0.2,0,1,0
1760349600000,new_york,precipitation,0.3,1,1,1
1760353200000,new_york,precipitation,0.5,0,1,0
1760356800000,new_york,precipitation,0.5,0,1,0
1760360400000,new_york,precipitation,0.2,1,1,1
1760364000000,new_york,precipitation,0.3,0,1,0
1760367600000,new_york,precipitation,0.3,0,1,0
1760371200000,new_york,precipitation,0.3,0,1,0
1760374800000,new_york,precipitation,0.0,0,0,1
1760378400000,new_york,precipitation,0.0,0,0,1
1760382000000,new_york,precipitation,0.1,0,1,0
1760385600000,new_york,precipitation,1.1,0,1,0
1760389200000,new_york,precipitation,1.6,0,1,0
1760392800000,new_york,precipitation,2.1,0,1,0
1760396400000,new_york,precipitation,0.0,0,0,1
1760400000000,new_york,precipitation,0.0,0,0,1
1760403600000,new_york,precipitation,0.0,0,0,1
1760407200000,new_york,precipitation,0.1,0,1,0
1760410800000,new_york,precipitation,0.0,0,0,1
1760414400000,new_york,precipitation,0.0,0,0,1
1760418000000,new_york,precipitation,0.0,0,0,1
1760421600000,new_york,precipitation,0.0,0,0,1
1760425200000,new_york,precipitation,0.0,0,0,1
1760428800000,new_york,precipitation,0.0,0,0,1
1760432400000,new_york,precipitation,0.0,0,0,1
1760436000000,new_york,precipitation,0.0,0,0,1
1760439600000,new_york,precipitation,0.0,0,0,1
1760443200000,new_york,precipitation,0.0,0,0,1
1760446800000,new_york,precipitation,0.0,0,0,1
1760450400000,new_york,precipitation,0.0,0,0,1
1760454000000,new_york,precipitation,0.0,0,0,1
1760457600000,new_york,precipitation,0.0,0,0,1
1760461200000,new_york,precipitation,0.0,0,0,1
1760464800000,new_york,precipitation,0.0,0,0,1
1760468400000,new_york,precipitation,0.0,0,0,1
1760472000000,new_york,precipitation,0.0,1,0,0
1760475600000,new_york,precipitation,0.0,0,0,1
1760479200000,new_york,precipitation,0.0,0,0,1
1760482800000,new_york,precipitation,0.0,0,0,1
1760486400000,new_york,precipitation,0.0,0,0,1
1760490000000,new_york,precipitation,0.0,0,0,1
1760493600000,new_york,precipitation,0.0,0,0,1
1760497200000,new_york,precipitation,0.0,1,0,0
1760500800000,new_york,precipitation,0.0,0,0,1
1760504400000,new_york,precipitation,0.0,0,0,1
1760508000000,new_york,precipitation,0.0,0,0,1
1760511600000,new_york,precipitation,0.0,0,0,1
1760515200000,new_york,precipitation,0.0,0,0,1
1760518800000,new_york,precipitation,0.0,0,0,1
1760522400000,new_york,precipitation,0.0,1,0,0
1760526000000,new_york,precipitation,0.0,0,0,1
1760529600000,new_york,precipitation,0.0,0,0,1
1760533200000,new_york,precipitation,0.0,0,0,1
1760536800000,new_york,precipitation,0.0,0,0,1
1760540400000,new_york,precipitation,0.0,0,0,1
1760544000000,new_york,precipitation,0.0,0,0,1
1760547600000,new_york,precipitation,0.0,0,0,1
1760551200000,new_york,precipitation,0.0,0,0,1
1760554800000,new_york,precipitation,0.0,0,0,1
1760558400000,new_york,precipitation,0.0,0,0,1
1760562000000,new_york,precipitation,0.0,0,0,1
1760565600000,new_york,precipitation,0.0,0,0,1
1760569200000,new_york,precipitation,0.0,0,0,1
1760572800000,new_york,precipitation,0.0,0,0,1
1760576400000,new_york,precipitation,0.0,0,0,1
1760580000000,new_york,precipitation,0.0,0,0,1
1760583600000,new_york,precipitation,0.0,0,0,1
1760587200000,new_york,precipitation,0.0,1,0,0
1760590800000,new_york,precipitation,0.0,0,0,1
1760594400000,new_york,precipitation,0.0,0,0,1
1760598000000,new_york,precipitation,0.0,0,0,1
1760601600000,new_york,precipitation,0.0,0,0,1
1760605200000,new_york,precipitation,0.0,0,0,1
1760608800000,new_york,precipitation,0.0,1,0,0
1760612400000,new_york,precipitation,0.0,1,0,0
1760616000000,new_york,precipitation,0.0,0,0,1
1760619600000,new_york,precipitation,0.0,0,0,1
1760623200000,new_york,precipitation,0.0,0,0,1
1760626800000,new_york,precipitation,0.0,1,0,0
1760630400000,new_york,precipitation,0.0,0,0,1
1760634000000,new_york,precipitation,0.0,0,0,1
1760637600000,new_york,precipitation,0.0,0,0,1
1760641200000,new_york,precipitation,0.0,0,0,1
1760644800000,new_york,precipitation,0.0,0,0,1
1760648400000,new_york,precipitation,0.0,0,0,1
1760652000000,new_york,precipitation,0.0,1,0,0
1760655600000,new_york,precipitation,0.0,1,0,0
1760659200000,new_york,precipitation,0.0,0,0,1
1760662800000,new_york,precipitation,0.0,0,0,1
1760666400000,new_york,precipitation,0.0,0,0,1
1760670000000,new_york,precipitation,0.0,0,0,1
1760673600000,new_york,precipitation,0.0,0,0,1
1760677200000,new_york,precipitation,0.0,0,0,1
1760680800000,new_york,precipitation,0.0,0,0,1
1760684400000,new_york,precipitation,0.0,0,0,1
1760688000000,new_york,precipitation,0.0,1,0,0
1760691600000,new_york,precipitation,0.0,0,0,1
1760695200000,new_york,precipitation,0.0,0,0,1
1760698800000,new_york,precipitation,0.0,1,0,0
1760702400000,new_york,precipitation,0.0,0,0,1
1760706000000,new_york,precipitation,0.0,0,0,1
1760709600000,new_york,precipitation,0.0,0,0,1
1760713200000,new_york,precipitation,0.0,0,0,1
1760716800000,new_york,precipitation,0.0,0,0,1
1760720400000,new_york,precipitation,0.0,0,0,1
1760724000000,new_york,precipitation,0.0,0,0,1
1760727600000,new_york,precipitation,0.0,1,0,0
1760731200000,new_york,precipitation,0.0,0,0,1
1760734800000,new_york,precipitation,0.0,0,0,1
1760738400000,new_york,precipitation,0.0,1,0,0
1760742000000,new_york,precipitation,0.0,1,0,0
1760745600000,new_york,precipitation,0.0,0,0,1
1760749200000,new_york,precipitation,0.0,0,0,1
1760752800000,new_york,precipitation,0.0,1,0,0
1760756400000,new_york,precipitation,0.0,0,0,1
1760760000000,new_york,precipitation,0.0,0,0,1
1760763600000,new_york,precipitation,0.0,0,0,1
1760767200000,new_york,precipitation,0.0,0,0,1
1760770800000,new_york,precipitation,0.0,0,0,1
1760774400000,new_york,precipitation,0.0,0,0,1
1760778000000,new_york,precipitation,0.0,0,0,1
1760781600000,new_york,precipitation,0.0,0,0,1
1760785200000,new_york,precipitation,0.0,1,0,0
1760788800000,new_york,precipitation,0.0,1,0,0
1760792400000,new_york,precipitation,0.0,0,0,1
1760796000000,new_york,precipitation,0.0,0,0,1
1760799600000,new_york,precipitation,0.0,0,0,1
1760803200000,new_york,precipitation,0.0,0,0,1
1760806800000,new_york,precipitation,0.0,0,0,1
1760810400000,new_york,precipitation,0.0,0,0,1
1760814000000,new_york,precipitation,0.0,0,0,1
1760817600000,new_york,precipitation,0.0,0,0,1
1760821200000,new_york,precipitation,0.0,0,0,1
1760824800000,new_york,precipitation,0.0,0,0,1
1760828400000,new_york,precipitation,0.0,1,0,0
1760832000000,new_york,precipitation,0.0,0,0,1
1760835600000,new_york,precipitation,0.0,0,0,1
1760839200000,new_york,precipitation,0.0,1,0,0
1760842800000,new_york,precipitation,0.0,0,0,1
1760846400000,new_york,precipitation,0.0,0,0,1
1760850000000,new_york,precipitation,0.0,0,0,1
1760853600000,new_york,precipitation,0.0,0,0,1
1760857200000,new_york,precipitation,0.0,0,0,1
1760860800000,new_york,precipitation,0.0,0,0,1
1760864400000,new_york,precipitation,0.0,0,0,1
1760868000000,new_york,precipitation,0.0,0,0,1
1760871600000,new_york,precipitation,0.0,0,0,1
1760875200000,new_york,precipitation,0.0,1,0,0
1760878800000,new_york,precipitation,0.0,0,0,1
1760882400000,new_york,precipitation,0.0,0,0,1
1760886000000,new_york,precipitation,0.0,0,0,1
1760889600000,new_york,precipitation,0.0,0,0,1
1760893200000,new_york,precipitation,0.0,0,0,1
1760896800000,new_york,precipitation,0.0,0,0,1
1760900400000,new_york,precipitation,0.0,0,0,1
1760904000000,new_york,precipitation,0.0,0,0,1
1760907600000,new_york,precipitation,0.0,0,0,1
1760911200000,new_york,precipitation,0.0,0,0,1
1760914800000,new_york,precipitation,0.0,0,0,1
1760918400000,new_york,precipitation,0.0,0,0,1
1760922000000,new_york,precipitation,0.2,1,1,1
1760925600000,new_york,precipitation,0.0,0,0,1
1760929200000,new_york,precipitation,2.6,0,1,0
1760932800000,new_york,precipitation,6.4,0,1,0
1760936400000,new_york,precipitation,0.1,0,1,0
1760940000000,new_york,precipitation,0.4,1,1,1
1760943600000,new_york,precipitation,0.0,1,0,0
1760947200000,new_york,precipitation,0.1,0,1,0
1760950800000,new_york,precipitation,0.1,0,1,0
1760954400000,new_york,precipitation,0.0,0,0,1
1760958000000,new_york,precipitation,0.2,0,1,0
1760961600000,new_york,precipitation,0.1,0,1,0
1760965200000,new_york,precipitation,0.0,0,0,1
1760968800000,new_york,precipitation,0.0,0,0,1
1760972400000,new_york,precipitation,0.0,0,0,1
1760976000000,new_york,precipitation,0.0,0,0,1
1760979600000,new_york,precipitation,0.0,0,0,1
1760983200000,new_york,precipitation,0.0,0,0,1
1760986800000,new_york,precipitation,0.0,0,0,1
1760990400000,new_york,precipitation,0.0,0,0,1
1760994000000,new_york,precipitation,0.0,0,0,1
1760997600000,new_york,precipitation,0.0,0,0,1
1761001200000,new_york,precipitation,0.0,1,0,0
1761004800000,new_york,precipitation,0.0,0,0,1
1761008400000,new_york,precipitation,0.0,0,0,1
1761012000000,new_york,precipitation,0.0,0,0,1
1761015600000,new_york,precipitation,0.0,0,0,1
1761019200000,new_york,precipitation,0.0,0,0,1
1761022800000,new_york,precipitation,0.0,1,0,0
1761026400000,new_york,precipitation,0.0,1,0,0
1761030000000,new_york,precipitation,0.0,0,0,1
1761033600000,new_york,precipitation,0.0,0,0,1
1761037200000,new_york,precipitation,0.0,0,0,1
1761040800000,new_york,precipitation,0.0,0,0,1
1761044400000,new_york,precipitation,0.0,0,0,1
1761048000000,new_york,precipitation,0.0,0,0,1
1761051600000,new_york,precipitation,0.0,0,0,1
1761055200000,new_york,precipitation,0.0,1,0,0
1761058800000,new_york,precipitation,0.0,0,0,1
1761062400000,new_york,precipitation,0.0,0,0,1
1761066000000,new_york,precipitation,0.0,1,0,0
1761069600000,new_york,precipitation,0.0,0,0,1
1761073200000,new_york,precipitation,0.0,0,0,1
1761076800000,new_york,precipitation,0.0,0,0,1
1761080400000,new_york,precipitation,0.0,1,0,0
1761084000000,new_york,precipitation,0.0,0,0,1
1761087600000,new_york,precipitation,0.1,0,1,0
1761091200000,new_york,precipitation,0.0,0,0,1
1761094800000,new_york,precipitation,0.1,0,1,0
1761098400000,new_york,precipitation,0.2,0,1,0
1761102000000,new_york,precipitation,0.6,0,1,0
1761105600000,new_york,precipitation,0.2,0,1,0
1761109200000,new_york,precipitation,0.1,0,1,0
1761112800000,new_york,precipitation,0.1,0,1,0
1761116400000,new_york,precipitation,0.1,0,1,0
1761120000000,new_york,precipitation,0.0,1,0,0
1761123600000,new_york,precipitation,0.0,1,0,0
1761127200000,new_york,precipitation,0.0,0,0,1
1761130800000,new_york,precipitation,0.1,1,1,1
1761134400000,new_york,precipitation,0.0,1,0,0
1761138000000,new_york,precipitation,0.0,0,0,1
1761141600000,new_york,precipitation,0.0,0,0,1
1761145200000,new_york,precipitation,0.0,0,0,1
1761148800000,new_york,precipitation,0.0,0,0,1
1761152400000,new_york,precipitation,0.0,1,0,0
1761156000000,new_york,precipitation,0.0,1,0,0
1761159600000,new_york,precipitation,0.0,0,0,1
1761163200000,new_york,precipitation,0.0,1,0,0
1761166800000,new_york,precipitation,0.0,0,0,1
1761170400000,new_york,precipitation,0.0,0,0,1
1761174000000,new_york,precipitation,0.0,1,0,0
1761177600000,new_york,precipitation,0.0,0,0,1
1761181200000,new_york,precipitation,0.0,0,0,1
1761184800000,new_york,precipitation,0.0,1,0,0
1761188400000,new_york,precipitation,0.0,0,0,1
1761192000000,new_york,precipitation,0.0,0,0,1
1761195600000,new_york,precipitation,0.0,0,0,1
1761199200000,new_york,precipitation,0.0,0,0,1
1761202800000,new_york,precipitation,0.0,0,0,1
1761206400000,new_york,precipitation,0.0,0,0,1
1761210000000,new_york,precipitation,0.0,0,0,1
1761213600000,new_york,precipitation,0.0,0,0,1
1761217200000,new_york,precipitation,0.0,0,0,1
1761220800000,new_york,precipitation,0.0,0,0,1
1761224400000,new_york,precipitation,0.0,0,0,1
1761228000000,new_york,precipitation,0.1,0,1,0
1761231600000,new_york,precipitation,0.0,1,0,0
1761235200000,new_york,precipitation,0.0,0,0,1
1761238800000,new_york,precipitation,0.0,0,0,1
1761242400000,new_york,precipitation,0.0,0,0,1
1761246000000,new_york,precipitation,0.0,0,0,1
1761249600000,new_york,precipitation,0.0,0,0,1
1761253200000,new_york,precipitation,0.0,0,0,1
1761256800000,new_york,precipitation,0.0,0,0,1
1761260400000,new_york,precipitation,0.0,0,0,1
1761264000000,new_york,precipitation,0.0,0,0,1
1761267600000,new_york,precipitation,0.0,0,0,1
1761271200000,new_york,precipitation,0.0,0,0,1
1761274800000,new_york,precipitation,0.0,0,0,1
1761278400000,new_york,precipitation,0.0,0,0,1
1761282000000,new_york,precipitation,0.0,0,0,1
1761285600000,new_york,precipitation,0.0,0,0,1
1761289200000,new_york,precipitation,0.0,0,0,1
1761292800000,new_york,precipitation,0.0,0,0,1
1761296400000,new_york,precipitation,0.0,0,0,1
1761300000000,new_york,precipitation,0.0,0,0,1
1761303600000,new_york,precipitation,0.0,0,0,1
1761307200000,new_york,precipitation,0.0,0,0,1
1761310800000,new_york,precipitation,0.0,1,0,0
1761314400000,new_york,precipitation,0.0,0,0,1
1761318000000,new_york,precipitation,0.0,0,0,1
1761321600000,new_york,precipitation,0.0,0,0,1
1761325200000,new_york,precipitation,0.0,0,0,1
1761328800000,new_york,precipitation,0.0,0,0,1
1761332400000,new_york,precipitation,0.0,0,0,1
1761336000000,new_york,precipitation,0.0,1,0,0
1761339600000,new_york,precipitation,0.0,0,0,1
1761343200000,new_york,precipitation,0.0,0,0,1
1761346800000,new_york,precipitation,0.0,0,0,1
1761350400000,new_york,precipitation,0.0,0,0,1
1761354000000,new_york,precipitation,0.0,0,0,1
1761357600000,new_york,precipitation,0.0,0,0,1
1761361200000,new_york,precipitation,0.0,0,0,1
1761364800000,new_york,precipitation,0.0,0,0,1
1761368400000,new_york,precipitation,0.0,0,0,1
1761372000000,new_york,precipitation,0.0,1,0,0
1761375600000,new_york,precipitation,0.0,0,0,1
1761379200000,new_york,precipitation,0.0,1,0,0
1761382800000,new_york,precipitation,0.0,0,0,1
1761386400000,new_york,precipitation,0.0,1,0,0
1761390000000,new_york,precipitation,0.0,0,0,1
1761393600000,new_york,precipitation,0.0,1,0,0
1761397200000,new_york,precipitation,0.0,0,0,1
1761400800000,new_york,precipitation,0.0,1,0,0
1761404400000,new_york,precipitation,0.0,0,0,1
1761408000000,new_york,precipitation,0.0,0,0,1
1761411600000,new_york,precipitation,0.0,1,0,0
1761415200000,new_york,precipitation,0.0,1,0,0
1761418800000,new_york,precipitation,0.0,0,0,1
1761422400000,new_york,precipitation,0.0,1,0,0
1761426000000,new_york,precipitation,0.0,0,0,1
1761429600000,new_york,precipitation,0.0,0,0,1
1761433200000,new_york,precipitation,0.0,1,0,0
1761436800000,new_york,precipitation,0.0,0,0,1
1761440400000,new_york,precipitation,0.0,0,0,1
1761444000000,new_york,precipitation,0.0,0,0,1
1761447600000,new_york,precipitation,0.0,0,0,1
1761451200000,new_york,precipitation,0.0,0,0,1
1761454800000,new_york,precipitation,0.0,0,0,1
1761458400000,new_york,precipitation,0.0,0,0,1
1761462000000,new_york,precipitation,0.0,0,0,1
1761465600000,new_york,precipitation,0.0,0,0,1
1761469200000,new_york,precipitation,0.0,0,0,1
1761472800000,new_york,precipitation,0.0,0,0,1
1761476400000,new_york,precipitation,0.0,0,0,1
1761480000000,new_york,precipitation,0.0,0,0,1
1761483600000,new_york,precipitation,0.1,1,1,1
1761487200000,new_york,precipitation,0.0,0,0,1
1761490800000,new_york,precipitation,0.0,0,0,1
1761494400000,new_york,precipitation,0.0,0,0,1
1761498000000,new_york,precipitation,0.0,0,0,1
1761501600000,new_york,precipitation,0.0,0,0,1
1761505200000,new_york,precipitation,0.0,0,0,1
1761508800000,new_york,precipitation,0.0,0,0,1
1761512400000,new_york,precipitation,0.0,0,0,1
1761516000000,new_york,precipitation,0.0,1,0,0
1761519600000,new_york,precipitation,0.0,0,0,1
1761523200000,new_york,precipitation,0.0,0,0,1
1761526800000,new_york,precipitation,0.0,0,0,1
1761530400000,new_york,precipitation,0.0,0,0,1
1761534000000,new_york,precipitation,0.0,0,0,1
1761537600000,new_york,precipitation,0.0,0,0,1
1761541200000,new_york,precipitation,0.0,0,0,1
1761544800000,new_york,precipitation,0.0,0,0,1
1761548400000,new_york,precipitation,0.0,0,0,1
1761552000000,new_york,precipitation,0.0,0,0,1
1761555600000,new_york,precipitation,0.0,0,0,1
1761559200000,new_york,precipitation,0.0,0,0,1
1761562800000,new_york,precipitation,0.0,0,0,1
1761566400000,new_york,precipitation,0.0,0,0,1
1761570000000,new_york,precipitation,0.0,0,0,1
1761573600000,new_york,precipitation,0.0,0,0,1
1761577200000,new_york,precipitation,0.0,0,0,1
1761580800000,new_york,precipitation,0.0,0,0,1
1761584400000,new_york,precipitation,0.0,0,0,1
1761588000000,new_york,precipitation,0.0,1,0,0
1761591600000,new_york,precipitation,0.0,0,0,1
1761595200000,new_york,precipitation,0.0,0,0,1
1761598800000,new_york,precipitation,0.0,0,0,1
1761602400000,new_york,precipitation,0.0,0,0,1
1761606000000,new_york,precipitation,0.0,0,0,1
1761609600000,new_york,precipitation,0.0,0,0,1
1761613200000,new_york,precipitation,0.0,0,0,1
1761616800000,new_york,precipitation,0.0,0,0,1
1761620400000,new_york,precipitation,0.0,0,0,1
1761624000000,new_york,precipitation,0.0,0,0,1
1761627600000,new_york,precipitation,0.0,1,0,0
1761631200000,new_york,precipitation,0.0,0,0,1
1761634800000,new_york,precipitation,0.0,0,0,1
1761638400000,new_york,precipitation,0.0,0,0,1
1761642000000,new_york,precipitation,0.0,0,0,1
1761645600000,new_york,precipitation,0.0,1,0,0
1761649200000,new_york,precipitation,0.0,0,0,1
1761652800000,new_york,precipitation,0.0,0,0,1
1761656400000,new_york,precipitation,0.0,0,0,1
1761660000000,new_york,precipitation,0.0,0,0,1
1761663600000,new_york,precipitation,0.0,0,0,1
1761667200000,new_york,precipitation,0.0,0,0,1
1761670800000,new_york,precipitation,0.0,0,0,1
1761674400000,new_york,precipitation,0.0,0,0,1
1761678000000,new_york,precipitation,0.0,0,0,1
1761681600000,new_york,precipitation,0.0,0,0,1
1761685200000,new_york,precipitation,0.0,0,0,1
1761688800000,new_york,precipitation,0.0,0,0,1
1761692400000,new_york,precipitation,0.0,1,0,0
1761696000000,new_york,precipitation,0.0,0,0,1
1761699600000,new_york,precipitation,0.0,0,0,1
1761703200000,new_york,precipitation,0.0,0,0,1
1761706800000,new_york,precipitation,0.0,0,0,1
1761710400000,new_york,precipitation,0.0,0,0,1
1761714000000,new_york,precipitation,0.0,0,0,1
1761717600000,new_york,precipitation,0.0,0,0,1
1761721200000,new_york,precipitation,0.0,0,0,1
1761724800000,new_york,precipitation,0.0,1,0,0
1761728400000,new_york,precipitation,0.0,0,0,1
1761732000000,new_york,precipitation,0.0,0,0,1
1761735600000,new_york,precipitation,0.0,0,0,1
1761739200000,new_york,precipitation,0.0,0,0,1
1761742800000,new_york,precipitation,0.0,0,0,1
1761746400000,new_york,precipitation,0.0,0,0,1
1761750000000,new_york,precipitation,0.0,0,0,1
1761753600000,new_york,precipitation,0.0,0,0,1
1761757200000,new_york,precipitation,0.0,0,0,1
1761760800000,new_york,precipitation,0.0,0,0,1
1761764400000,new_york,precipitation,0.0,0,0,1
1761768000000,new_york,precipitation,0.0,1,0,0
1761771600000,new_york,precipitation,0.0,1,0,0
1761775200000,new_york,precipitation,0.0,1,0,0
1761778800000,new_york,precipitation,0.1,0,1,0
1761782400000,new_york,precipitation,0.0,0,0,1
1761786000000,new_york,precipitation,0.1,0,1,0
1761789600000,new_york,precipitation,0.2,0,1,0
1761793200000,new_york,precipitation,0.0,0,0,1
1761796800000,new_york,precipitation,0.0,0,0,1
1761800400000,new_york,precipitation,0.4,1,1,1
1761804000000,new_york,precipitation,2.7,0,1,0
1761807600000,new_york,precipitation,0.9,0,1,0
1761811200000,new_york,precipitation,0.4,0,1,0
1761814800000,new_york,precipitation,0.4,0,1,0
1761818400000,new_york,precipitation,4.0,0,1,0
1761822000000,new_york,precipitation,0.8664644136639654,1,1,1
1761825600000,new_york,precipitation,4.7,0,1,0
1761829200000,new_york,precipitation,5.6,0,1,0
1761832800000,new_york,precipitation,9.3,0,1,0
1761836400000,new_york,precipitation,4.3,0,1,0
1761840000000,new_york,precipitation,4.2,0,1,0
1761843600000,new_york,precipitation,1.7,1,1,1
1761847200000,new_york,precipitation,1.1,0,1,0
1761850800000,new_york,precipitation,0.8,1,1,1
1761854400000,new_york,precipitation,0.4,0,1,0
1761858000000,new_york,precipitation,0.6,0,1,0
1761861600000,new_york,precipitation,0.1,0,1,0
1761865200000,new_york,precipitation,1.7,0,1,0
1761868800000,new_york,precipitation,0.0,0,0,1
1761872400000,new_york,precipitation,0.0,0,0,1
1761876000000,new_york,precipitation,0.0,0,0,1
1761879600000,new_york,precipitation,0.0,1,0,0
1761883200000,new_york,precipitation,0.0,0,0,1
1761886800000,new_york,precipitation,0.0,1,0,0
1761890400000,new_york,precipitation,0.0,0,0,1
1761894000000,new_york,precipitation,0.0,0,0,1
1761897600000,new_york,precipitation,0.0,0,0,1
1761901200000,new_york,precipitation,0.0,0,0,1
1761904800000,new_york,precipitation,0.0,0,0,1
1761908400000,new_york,precipitation,0.0,0,0,1
1761912000000,new_york,precipitation,0.0,0,0,1
1761915600000,new_york,precipitation,0.0,0,0,1
1761919200000,new_york,precipitation,0.0,0,0,1
1761922800000,new_york,precipitation,0.0,0,0,1
1761926400000,new_york,precipitation,0.0,0,0,1
1761930000000,new_york,precipitation,0.0,0,0,1
1761933600000,new_york,precipitation,0.0,0,0,1
1761937200000,new_york,precipitation,0.0,0,0,1
1761940800000,new_york,precipitation,0.0,0,0,1
1761944400000,new_york,precipitation,0.0,0,0,1
1761948000000,new_york,precipitation,0.0,0,0,1
1761951600000,new_york,precipitation,0.0,0,0,1
1761955200000,new_york,precipitation,0.0,0,0,1
1761958800000,new_york,precipitation,0.0,0,0,1
1761962400000,new_york,precipitation,0.0,0,0,1
1761966000000,new_york,precipitation,0.0,0,0,1
1761969600000,new_york,precipitation,0.0,0,0,1
1761973200000,new_york,precipitation,0.0,0,0,1
1761976800000,new_york,precipitation,0.0,0,0,1
1761980400000,new_york,precipitation,0.0,0,0,1
1761984000000,new_york,precipitation,0.0,0,0,1
1761987600000,new_york,precipitation,0.0,0,0,1
1761991200000,new_york,precipitation,0.0,0,0,1
1761994800000,new_york,precipitation,0.0,0,0,1
1761998400000,new_york,precipitation,0.0,0,0,1
1762002000000,new_york,precipitation,0.0,0,0,1
1762005600000,new_york,precipitation,0.0,0,0,1
1762009200000,new_york,precipitation,0.0,0,0,1
1762012800000,new_york,precipitation,0.0,0,0,1
1762016400000,new_york,precipitation,0.0,0,0,1
1762020000000,new_york,precipitation,0.0,0,0,1
1762023600000,new_york,precipitation,0.0,0,0,1
1762027200000,new_york,precipitation,0.0,0,0,1
1762030800000,new_york,precipitation,0.0,0,0,1
1762034400000,new_york,precipitation,0.0,0,0,1
1762038000000,new_york,precipitation,0.0,0,0,1
1762041600000,new_york,precipitation,0.0,0,0,1
1762045200000,new_york,precipitation,0.0,0,0,1
1762048800000,new_york,precipitation,0.0,0,0,1
1762052400000,new_york,precipitation,0.0,0,0,1
1762056000000,new_york,precipitation,0.0,0,0,1
1762059600000,new_york,precipitation,0.0,0,0,1
1762063200000,new_york,precipitation,0.0,1,0,0
1762066800000,new_york,precipitation,0.0,0,0,1
1762070400000,new_york,precipitation,0.0,0,0,1
1762074000000,new_york,precipitation,0.0,0,0,1
1762077600000,new_york,precipitation,0.0,0,0,1
1762081200000,new_york,precipitation,0.0,0,0,1
1762084800000,new_york,precipitation,0.0,0,0,1
1762088400000,new_york,precipitation,0.0,0,0,1
1762092000000,new_york,precipitation,0.0,0,0,1
1762095600000,new_york,precipitation,0.0,0,0,1
1762099200000,new_york,precipitation,0.0,0,0,1
1762102800000,new_york,precipitation,0.0,0,0,1
1762106400000,new_york,precipitation,0.0,0,0,1
1762110000000,new_york,precipitation,0.0,0,0,1
1762113600000,new_york,precipitation,0.0,0,0,1
1762117200000,new_york,precipitation,0.0,0,0,1
1762120800000,new_york,precipitation,0.0,0,0,1
1762124400000,new_york,precipitation,0.0,0,0,1
1762128000000,new_york,precipitation,0.0,0,0,1
1762131600000,new_york,precipitation,0.0,0,0,1
1762135200000,new_york,precipitation,0.0,0,0,1
1762138800000,new_york,precipitation,0.0,0,0,1
1762142400000,new_york,precipitation,0.0,0,0,1
1762146000000,new_york,precipitation,0.0,0,0,1
1762149600000,new_york,precipitation,0.0,0,0,1
1762153200000,new_york,precipitation,0.0,0,0,1
1762156800000,new_york,precipitation,0.0,0,0,1
1762160400000,new_york,precipitation,0.0,0,0,1
1762164000000,new_york,precipitation,0.0,1,0,0
1762167600000,new_york,precipitation,0.0,0,0,1
1762171200000,new_york,precipitation,0.0,0,0,1
1762174800000,new_york,precipitation,0.0,0,0,1
1762178400000,new_york,precipitation,0.0,0,0,1
1762182000000,new_york,precipitation,0.0,0,0,1
1762185600000,new_york,precipitation,0.0,0,0,1
1762189200000,new_york,precipitation,0.0,1,0,0
1762192800000,new_york,precipitation,0.0,1,0,0
1762196400000,new_york,precipitation,0.0,0,0,1
1762200000000,new_york,precipitation,0.0,0,0,1
1762203600000,new_york,precipitation,0.1,0,1,0
1762207200000,new_york,precipitation,0.0,0,0,1
1762210800000,new_york,precipitation,0.0,0,0,1
1762214400000,new_york,precipitation,0.0,0,0,1
1762218000000,new_york,precipitation,0.0,0,0,1
1762221600000,new_york,precipitation,0.0,0,0,1
1762225200000,new_york,precipitation,0.0,0,0,1
1762228800000,new_york,precipitation,0.0,1,0,0
1762232400000,new_york,precipitation,0.0,0,0,1
1762236000000,new_york,precipitation,0.0,0,0,1
1762239600000,new_york,precipitation,0.0,0,0,1
1762243200000,new_york,precipitation,0.0,0,0,1
1762246800000,new_york,precipitation,0.0,0,0,1
1762250400000,new_york,precipitation,0.0,0,0,1
1762254000000,new_york,precipitation,0.0,0,0,1
1762257600000,new_york,precipitation,0.0,0,0,1
1762261200000,new_york,precipitation,0.0,1,0,0
1762264800000,new_york,precipitation,0.0,0,0,1
1762268400000,new_york,precipitation,0.0,0,0,1
1762272000000,new_york,precipitation,0.0,0,0,1
1762275600000,new_york,precipitation,0.0,1,0,0
1762279200000,new_york,precipitation,0.0,1,0,0
1762282800000,new_york,precipitation,0.0,0,0,1
1762286400000,new_york,precipitation,0.0,1,0,0
1762290000000,new_york,precipitation,0.0,0,0,1
1762293600000,new_york,precipitation,0.0,0,0,1
1762297200000,new_york,precipitation,0.0,0,0,1
1762300800000,new_york,precipitation,0.0,0,0,1
1762304400000,new_york,precipitation,0.0,0,0,1
1762308000000,new_york,precipitation,0.0,1,0,0
1762311600000,new_york,precipitation,0.0,1,0,0
1762315200000,new_york,precipitation,0.0,0,0,1
1762318800000,new_york,precipitation,0.0,0,0,1
1762322400000,new_york,precipitation,0.0,0,0,1
1762326000000,new_york,precipitation,0.0,0,0,1
1762329600000,new_york,precipitation,0.0,1,0,0
1762333200000,new_york,precipitation,0.0,0,0,1
1762336800000,new_york,precipitation,0.0,1,0,0
1762340400000,new_york,precipitation,0.0,0,0,1
1762344000000,new_york,precipitation,0.0,0,0,1
1762347600000,new_york,precipitation,0.0,0,0,1
1762351200000,new_york,precipitation,0.0,0,0,1
1762354800000,new_york,precipitation,0.0,1,0,0
1762358400000,new_york,precipitation,0.0,0,0,1
1762362000000,new_york,precipitation,0.0,0,0,1
1762365600000,new_york,precipitation,0.0,0,0,1
1762369200000,new_york,precipitation,0.0,0,0,1
1762372800000,new_york,precipitation,0.0,0,0,1
1762376400000,new_york,precipitation,0.0,0,0,1
1762380000000,new_york,precipitation,0.0,0,0,1
1762383600000,new_york,precipitation,0.0,0,0,1
1762387200000,new_york,precipitation,1.6,0,1,0
1762390800000,new_york,precipitation,0.0,0,0,1
1762394400000,new_york,precipitation,0.0,0,0,1
1762398000000,new_york,precipitation,0.0,0,0,1
1762401600000,new_york,precipitation,0.0,0,0,1
1762405200000,new_york,precipitation,0.0,0,0,1
1762408800000,new_york,precipitation,0.0,0,0,1
1762412400000,new_york,precipitation,0.0,0,0,1
1762416000000,new_york,precipitation,0.0,0,0,1
1762419600000,new_york,precipitation,0.0,0,0,1
1762423200000,new_york,precipitation,0.0,1,0,0
1762426800000,new_york,precipitation,0.0,1,0,0
1762430400000,new_york,precipitation,0.0,0,0,1
1762434000000,new_york,precipitation,0.0,0,0,1
1762437600000,new_york,precipitation,0.0,1,0,0
1762441200000,new_york,precipitation,0.0,0,0,1
1762444800000,new_york,precipitation,0.0,0,0,1
1762448400000,new_york,precipitation,0.0,0,0,1
1762452000000,new_york,precipitation,0.0,0,0,1
1762455600000,new_york,precipitation,0.0,0,0,1
1762459200000,new_york,precipitation,0.0,0,0,1
1762462800000,new_york,precipitation,0.0,0,0,1
1762466400000,new_york,precipitation,0.0,0,0,1
1762470000000,new_york,precipitation,0.0,0,0,1
1762473600000,new_york,precipitation,0.0,0,0,1
1762477200000,new_york,precipitation,0.0,0,0,1
1762480800000,new_york,precipitation,0.0,0,0,1
1762484400000,new_york,precipitation,0.0,0,0,1
1762488000000,new_york,precipitation,0.0,0,0,1
1762491600000,new_york,precipitation,0.0,1,0,0
1762495200000,new_york,precipitation,0.0,1,0,0
1762498800000,new_york,precipitation,0.0,0,0,1
1762502400000,new_york,precipitation,0.0,0,0,1
1762506000000,new_york,precipitation,0.0,0,0,1
1762509600000,new_york,precipitation,0.0,1,0,0
1762513200000,new_york,precipitation,0.0,0,0,1
1762516800000,new_york,precipitation,0.0,0,0,1
1762520400000,new_york,precipitation,0.0,0,0,1
1762524000000,new_york,precipitation,0.0,0,0,1
1762527600000,new_york,precipitation,0.0,0,0,1
1762531200000,new_york,precipitation,0.0,0,0,1
1762534800000,new_york,precipitation,0.0,0,0,1
1762538400000,new_york,precipitation,0.0,0,0,1
1762542000000,new_york,precipitation,0.0,0,0,1
1762545600000,new_york,precipitation,0.0,0,0,1
1762549200000,new_york,precipitation,0.0,0,0,1
1762552800000,new_york,precipitation,0.0,1,0,0
1762556400000,new_york,precipitation,0.0,1,0,0
1762560000000,new_york,precipitation,0.0,0,0,1
1762563600000,new_york,precipitation,0.1,0,1,0
1762567200000,new_york,precipitation,0.4,0,1,0
1762570800000,new_york,precipitation,1.2,0,1,0
1762574400000,new_york,precipitation,1.0,0,1,0
1762578000000,new_york,precipitation,1.1,0,1,0
1762581600000,new_york,precipitation,0.4,0,1,0
1762585200000,new_york,precipitation,0.4,0,1,0
1762588800000,new_york,precipitation,0.2,0,1,0
1762592400000,new_york,precipitation,0.0,0,0,1
1762596000000,new_york,precipitation,0.0,0,0,1
1762599600000,new_york,precipitation,0.0,1,0,0
1762603200000,new_york,precipitation,0.0,0,0,1
1762606800000,new_york,precipitation,0.0,0,0,1
1762610400000,new_york,precipitation,0.0,0,0,1
1762614000000,new_york,precipitation,0.0,0,0,1
1762617600000,new_york,precipitation,0.0,0,0,1
1762621200000,new_york,precipitation,0.0,0,0,1
1762624800000,new_york,precipitation,0.0,0,0,1
1762628400000,new_york,precipitation,0.0,0,0,1
1762632000000,new_york,precipitation,0.0,0,0,1
1762635600000,new_york,precipitation,0.0,1,0,0
1762639200000,new_york,precipitation,0.0,0,0,1
1762642800000,new_york,precipitation,0.0,0,0,1
1762646400000,new_york,precipitation,0.0,0,0,1
1762650000000,new_york,precipitation,0.0,1,0,0
1762653600000,new_york,precipitation,0.0,0,0,1
1762657200000,new_york,precipitation,0.0,0,0,1
1762660800000,new_york,precipitation,0.0,1,0,0
1762664400000,new_york,precipitation,0.0,0,0,1
1762668000000,new_york,precipitation,0.0,1,0,0
1762671600000,new_york,precipitation,0.0,0,0,1
1762675200000,new_york,precipitation,0.0,1,0,0
1762678800000,new_york,precipitation,0.0,0,0,1
1762682400000,new_york,precipitation,0.0,0,0,1
1762686000000,new_york,precipitation,0.0,0,0,1
1762689600000,new_york,precipitation,0.0,0,0,1
1762693200000,new_york,precipitation,0.0,0,0,1
1762696800000,new_york,precipitation,0.0,0,0,1
1762700400000,new_york,precipitation,0.0,0,0,1
1762704000000,new_york,precipitation,0.0,0,0,1
1762707600000,new_york,precipitation,0.1,0,1,0
1762711200000,new_york,precipitation,0.0,0,0,1
1762714800000,new_york,precipitation,0.1,0,1,0
1762718400000,new_york,precipitation,0.0,1,0,0
1762722000000,new_york,precipitation,0.0,0,0,1
1762725600000,new_york,precipitation,0.0,0,0,1
1762729200000,new_york,precipitation,0.0,0,0,1
1762732800000,new_york,precipitation,0.1,0,1,0
1762736400000,new_york,precipitation,1.0,0,1,0
1762740000000,new_york,precipitation,1.4,0,1,0
1762743600000,new_york,precipitation,2.0,0,1,0
1762747200000,new_york,precipitation,1.8,1,1,1
1762750800000,new_york,precipitation,0.1,0,1,0
1762754400000,new_york,precipitation,0.0,0,0,1
1762758000000,new_york,precipitation,0.5,1,1,1
1762761600000,new_york,precipitation,0.3,0,1,0
1762765200000,new_york,precipitation,0.0,1,0,0
1762768800000,new_york,precipitation,0.1,0,1,0
1762772400000,new_york,precipitation,0.2,0,1,0
1762776000000,new_york,precipitation,0.5,0,1,0
1762779600000,new_york,precipitation,3.1,0,1,0
1762783200000,new_york,precipitation,0.3,0,1,0
1762786800000,new_york,precipitation,0.5,0,1,0
1762790400000,new_york,precipitation,0.0,0,0,1
1762794000000,new_york,precipitation,0.0,0,0,1
1762797600000,new_york,precipitation,0.0,0,0,1
1762801200000,new_york,precipitation,0.0,0,0,1
1762804800000,new_york,precipitation,0.0,0,0,1
1762808400000,new_york,precipitation,0.0,0,0,1
1762812000000,new_york,precipitation,0.0,0,0,1
1762815600000,new_york,precipitation,0.0,0,0,1
1762819200000,new_york,precipitation,0.0,0,0,1
1762822800000,new_york,precipitation,0.0,0,0,1
1762826400000,new_york,precipitation,0.0,0,0,1
1762830000000,new_york,precipitation,0.0,0,0,1
1762833600000,new_york,precipitation,0.0,1,0,0
1762837200000,new_york,precipitation,0.0,0,0,1
1762840800000,new_york,precipitation,0.0,1,0,0
1762844400000,new_york,precipitation,0.0,0,0,1
1762848000000,new_york,precipitation,0.0,0,0,1
1762851600000,new_york,precipitation,0.0,0,0,1
1762855200000,new_york,precipitation,0.0,0,0,1
1762858800000,new_york,precipitation,0.1,0,1,0
1762862400000,new_york,precipitation,0.1079704807587177,1,1,1
1762866000000,new_york,precipitation,0.1,0,1,0
1762869600000,new_york,precipitation,0.0,1,0,0
1762873200000,new_york,precipitation,0.2,0,1,0
1762876800000,new_york,precipitation,0.0,0,0,1
1762880400000,new_york,precipitation,0.0,0,0,1
1762884000000,new_york,precipitation,0.0,0,0,1
1762887600000,new_york,precipitation,0.0,0,0,1
1762891200000,new_york,precipitation,0.0,0,0,1
1762894800000,new_york,precipitation,0.0,0,0,1
1762898400000,new_york,precipitation,0.0,0,0,1
1762902000000,new_york,precipitation,0.0,0,0,1
1762905600000,new_york,precipitation,0.0,0,0,1
1762909200000,new_york,precipitation,0.0,0,0,1
1762912800000,new_york,precipitation,0.0,0,0,1
1762916400000,new_york,precipitation,0.0,0,0,1
1762920000000,new_york,precipitation,0.0,1,0,0
1762923600000,new_york,precipitation,0.0,0,0,1
1762927200000,new_york,precipitation,0.0,0,0,1
1762930800000,new_york,precipitation,0.0,1,0,0
1762934400000,new_york,precipitation,0.0,0,0,1
1762938000000,new_york,precipitation,0.0,0,0,1
1762941600000,new_york,precipitation,0.0,0,0,1
1762945200000,new_york,precipitation,0.0,0,0,1
1762948800000,new_york,precipitation,0.0,0,0,1
1762952400000,new_york,precipitation,0.0,0,0,1
1762956000000,new_york,precipitation,0.0,0,0,1
1762959600000,new_york,precipitation,0.0,1,0,0
1762963200000,new_york,precipitation,0.0,1,0,0
1762966800000,new_york,precipitation,0.0,0,0,1
1762970400000,new_york,precipitation,0.0,0,0,1
1762974000000,new_york,precipitation,0.0,0,0,1
1762977600000,new_york,precipitation,0.0,0,0,1
1762981200000,new_york,precipitation,0.0,0,0,1
1762984800000,new_york,precipitation,0.0,1,0,0
1762988400000,new_york,precipitation,0.0,1,0,0
1762992000000,new_york,precipitation,0.0,1,0,0
1762995600000,new_york,precipitation,0.0,0,0,1
1762999200000,new_york,precipitation,0.0,0,0,1
1763002800000,new_york,precipitation,0.0,0,0,1
1763006400000,new_york,precipitation,0.0,1,0,0
1763010000000,new_york,precipitation,0.0,0,0,1
1763013600000,new_york,precipitation,0.0,0,0,1
1763017200000,new_york,precipitation,0.0,1,0,0
1763020800000,new_york,precipitation,0.0,0,0,1
1763024400000,new_york,precipitation,0.0,0,0,1
1763028000000,new_york,precipitation,0.0,1,0,0
1763031600000,new_york,precipitation,0.1,0,1,0
1763035200000,new_york,precipitation,1.2,0,1,0
1763038800000,new_york,precipitation,0.5,0,1,0
1763042400000,new_york,precipitation,0.0,0,0,1
1763046000000,new_york,precipitation,0.0,0,0,1
1763049600000,new_york,precipitation,0.0,0,0,1
1763053200000,new_york,precipitation,0.0,0,0,1
1763056800000,new_york,precipitation,0.0,0,0,1
1763060400000,new_york,precipitation,0.0,0,0,1
1763064000000,new_york,precipitation,0.0,0,0,1
1763067600000,new_york,precipitation,0.0,0,0,1
1763071200000,new_york,precipitation,0.0,1,0,0
1763074800000,new_york,precipitation,0.0,0,0,1
1763078400000,new_york,precipitation,0.0,0,0,1
1763082000000,new_york,precipitation,0.0,0,0,1
1763085600000,new_york,precipitation,0.0,0,0,1
1763089200000,new_york,precipitation,0.0,0,0,1
1763092800000,new_york,precipitation,0.0,0,0,1
1763096400000,new_york,precipitation,0.0,0,0,1
1763100000000,new_york,precipitation,0.0,0,0,1
1763103600000,new_york,precipitation,0.0,0,0,1
1763107200000,new_york,precipitation,0.0,0,0,1
1763110800000,new_york,precipitation,0.0,0,0,1
1763114400000,new_york,precipitation,0.0,0,0,1
1763118000000,new_york,precipitation,0.0,1,0,0
1763121600000,new_york,precipitation,0.0,0,0,1
1763125200000,new_york,precipitation,0.0,1,0,0
1763128800000,new_york,precipitation,0.0,0,0,1
1763132400000,new_york,precipitation,0.0,0,0,1
1763136000000,new_york,precipitation,0.0,0,0,1
1763139600000,new_york,precipitation,0.0,0,0,1
1763143200000,new_york,precipitation,0.0,0,0,1
1763146800000,new_york,precipitation,0.0,0,0,1
1763150400000,new_york,precipitation,0.0,0,0,1
1763154000000,new_york,precipitation,0.0,0,0,1
1763157600000,new_york,precipitation,0.0,0,0,1
1763161200000,new_york,precipitation,0.0,0,0,1
1763164800000,new_york,precipitation,0.0,0,0,1
1763168400000,new_york,precipitation,0.0,0,0,1
1763172000000,new_york,precipitation,0.0,0,0,1
1763175600000,new_york,precipitation,0.0,0,0,1
1763179200000,new_york,precipitation,0.0,0,0,1
1763182800000,new_york,precipitation,0.0,1,0,0
1763186400000,new_york,precipitation,0.0,0,0,1
1763190000000,new_york,precipitation,0.0,1,0,0
1763193600000,new_york,precipitation,0.0,1,0,0
1763197200000,new_york,precipitation,0.0,0,0,1
1763200800000,new_york,precipitation,0.0,0,0,1
1763204400000,new_york,precipitation,0.0,0,0,1
1763208000000,new_york,precipitation,0.0,1,0,0
1763211600000,new_york,precipitation,0.0,1,0,0
1763215200000,new_york,precipitation,0.0,0,0,1
1763218800000,new_york,precipitation,0.0,0,0,1
1763222400000,new_york,precipitation,0.0,0,0,1
1763226000000,new_york,precipitation,0.0,0,0,1
1763229600000,new_york,precipitation,0.0,0,0,1
1763233200000,new_york,precipitation,0.0,0,0,1
1763236800000,new_york,precipitation,0.0,0,0,1
1763240400000,new_york,precipitation,0.6,0,1,0
1763244000000,new_york,precipitation,0.2,1,1,1
1763247600000,new_york,precipitation,0.0,1,0,0
1763251200000,new_york,precipitation,0.0,0,0,1
1763254800000,new_york,precipitation,0.0,1,0,0
1763258400000,new_york,precipitation,0.1,0,1,0
1763262000000,new_york,precipitation,0.0,0,0,1
1763265600000,new_york,precipitation,0.0,1,0,0
1763269200000,new_york,precipitation,0.0,0,0,1
1763272800000,new_york,precipitation,0.0,0,0,1
1763276400000,new_york,precipitation,0.0,0,0,1
1763280000000,new_york,precipitation,0.0,0,0,1
1763283600000,new_york,precipitation,0.0,0,0,1
1763287200000,new_york,precipitation,0.0,0,0,1
1763290800000,new_york,precipitation,0.0,0,0,1
1763294400000,new_york,precipitation,0.0,0,0,1
1763298000000,new_york,precipitation,0.0,0,0,1
1763301600000,new_york,precipitation,0.0,0,0,1
1763305200000,new_york,precipitation,0.1,0,1,0
1763308800000,new_york,precipitation,0.0,1,0,0
1763312400000,new_york,precipitation,0.0,1,0,0
1763316000000,new_york,precipitation,0.0,0,0,1
1763319600000,new_york,precipitation,0.0,0,0,1
1763323200000,new_york,precipitation,0.0,0,0,1
1763326800000,new_york,precipitation,0.0,0,0,1
1763330400000,new_york,precipitation,0.0,0,0,1
1763334000000,new_york,precipitation,0.0,0,0,1
1763337600000,new_york,precipitation,0.0,0,0,1
1763341200000,new_york,precipitation,0.0,0,0,1
1763344800000,new_york,precipitation,0.0,0,0,1
1763348400000,new_york,precipitation,0.0,0,0,1
1763352000000,new_york,precipitation,0.0,0,0,1
1763355600000,new_york,precipitation,0.0,0,0,1
1763359200000,new_york,precipitation,0.0,0,0,1
1763362800000,new_york,precipitation,0.0,1,0,0
1763366400000,new_york,precipitation,0.0,0,0,1
1763370000000,new_york,precipitation,0.0,0,0,1
1763373600000,new_york,precipitation,0.0,0,0,1
1763377200000,new_york,precipitation,0.0,0,0,1
1763380800000,new_york,precipitation,0.0,0,0,1
1763384400000,new_york,precipitation,0.0,0,0,1
1763388000000,new_york,precipitation,0.0,0,0,1
1763391600000,new_york,precipitation,0.0,0,0,1
1763395200000,new_york,precipitation,0.0,0,0,1
1763398800000,new_york,precipitation,0.0,0,0,1
1763402400000,new_york,precipitation,0.0,0,0,1
1763406000000,new_york,precipitation,0.0,0,0,1
1763409600000,new_york,precipitation,0.0,0,0,1
1763413200000,new_york,precipitation,0.0,1,0,0
1763416800000,new_york,precipitation,0.0,0,0,1
1763420400000,new_york,precipitation,0.0,0,0,1
1763424000000,new_york,precipitation,0.0,0,0,1
1763427600000,new_york,precipitation,0.0,0,0,1
1763431200000,new_york,precipitation,0.0,0,0,1
1763434800000,new_york,precipitation,0.0,0,0,1
1763438400000,new_york,precipitation,0.0,0,0,1
1763442000000,new_york,precipitation,0.0,0,0,1
1763445600000,new_york,precipitation,0.0,0,0,1
1763449200000,new_york,precipitation,0.0,1,0,0
1763452800000,new_york,precipitation,0.0,0,0,1
1763456400000,new_york,precipitation,0.0,0,0,1
1763460000000,new_york,precipitation,0.0,0,0,1
1763463600000,new_york,precipitation,0.0,0,0,1
1763467200000,new_york,precipitation,0.0,1,0,0
1763470800000,new_york,precipitation,0.0,0,0,1
1763474400000,new_york,precipitation,0.0,0,0,1
1763478000000,new_york,precipitation,0.0,0,0,1
1763481600000,new_york,precipitation,0.0,0,0,1
1763485200000,new_york,precipitation,0.0,0,0,1
1763488800000,new_york,precipitation,0.0,0,0,1
1763492400000,new_york,precipitation,0.0,0,0,1
1763496000000,new_york,precipitation,0.0,0,0,1
1763499600000,new_york,precipitation,0.0,0,0,1
1763503200000,new_york,precipitation,0.0,0,0,1
1763506800000,new_york,precipitation,0.0,0,0,1
1763510400000,new_york,precipitation,0.0,0,0,1
1763514000000,new_york,precipitation,0.0,0,0,1
1763517600000,new_york,precipitation,0.0,0,0,1
1763521200000,new_york,precipitation,0.0,0,0,1
1763524800000,new_york,precipitation,0.1,0,1,0
1763528400000,new_york,precipitation,0.2,0,1,0
1763532000000,new_york,precipitation,0.4,0,1,0
1763535600000,new_york,precipitation,1.0,0,1,0
1763539200000,new_york,precipitation,1.8,0,1,0
1763542800000,new_york,precipitation,0.5,0,1,0
1763546400000,new_york,precipitation,0.5,0,1,0
1763550000000,new_york,precipitation,0.1,1,1,1
1763553600000,new_york,precipitation,0.0,1,0,0
1763557200000,new_york,precipitation,0.0,0,0,1
1763560800000,new_york,precipitation,0.0,1,0,0
1763564400000,new_york,precipitation,0.0,0,0,1
1763568000000,new_york,precipitation,0.0,1,0,0
1763571600000,new_york,precipitation,0.0,1,0,0
1763575200000,new_york,precipitation,0.0,0,0,1
1763578800000,new_york,precipitation,0.0,0,0,1
1763582400000,new_york,precipitation,0.0,0,0,1
1763586000000,new_york,precipitation,0.0,0,0,1
1763589600000,new_york,precipitation,0.0,0,0,1
1763593200000,new_york,precipitation,0.0,1,0,0
1763596800000,new_york,precipitation,0.0,1,0,0
1763600400000,new_york,precipitation,0.0,0,0,1
1763604000000,new_york,precipitation,0.0,0,0,1
1763607600000,new_york,precipitation,0.0,0,0,1
1763611200000,new_york,precipitation,0.0,0,0,1
1763614800000,new_york,precipitation,0.0,0,0,1
1763618400000,new_york,precipitation,0.0,0,0,1
1763622000000,new_york,precipitation,0.0,0,0,1
1763625600000,new_york,precipitation,0.0,0,0,1
1763629200000,new_york,precipitation,0.0,0,0,1
1763632800000,new_york,precipitation,0.0,0,0,1
1763636400000,new_york,precipitation,0.0,0,0,1
1763640000000,new_york,precipitation,0.0,0,0,1
1763643600000,new_york,precipitation,0.0,0,0,1
1763647200000,new_york,precipitation,0.0,0,0,1
1763650800000,new_york,precipitation,0.0,0,0,1
1763654400000,new_york,precipitation,0.0,0,0,1
1763658000000,new_york,precipitation,0.0,0,0,1
1763661600000,new_york,precipitation,0.0,1,0,0
1763665200000,new_york,precipitation,0.0,1,0,0
1763668800000,new_york,precipitation,0.0,1,0,0
1763672400000,new_york,precipitation,0.0,0,0,1
1763676000000,new_york,precipitation,0.0,0,0,1
1763679600000,new_york,precipitation,0.0,0,0,1
1763683200000,new_york,precipitation,0.0,0,0,1
1763686800000,new_york,precipitation,0.0,0,0,1
1763690400000,new_york,precipitation,0.0,0,0,1
1763694000000,new_york,precipitation,0.0,0,0,1
1763697600000,new_york,precipitation,0.0,0,0,1
1763701200000,new_york,precipitation,0.0,1,0,0
1763704800000,new_york,precipitation,0.0,0,0,1
1763708400000,new_york,precipitation,0.0,1,0,0
1763712000000,new_york,precipitation,0.0,0,0,1
1763715600000,new_york,precipitation,0.0,1,0,0
1763719200000,new_york,precipitation,0.0,0,0,1
1763722800000,new_york,precipitation,0.0,1,0,0
1763726400000,new_york,precipitation,0.0,0,0,1
1763730000000,new_york,precipitation,0.0,0,0,1
1763733600000,new_york,precipitation,0.0,0,0,1
1763737200000,new_york,precipitation,0.0,0,0,1
1763740800000,new_york,precipitation,0.0,0,0,1
1763744400000,new_york,precipitation,0.0,0,0,1
1763748000000,new_york,precipitation,0.0,0,0,1
1763751600000,new_york,precipitation,0.0,0,0,1
1763755200000,new_york,precipitation,0.0,0,0,1
1763758800000,new_york,precipitation,0.0,0,0,1
1763762400000,new_york,precipitation,0.0,0,0,1
1763766000000,new_york,precipitation,0.0,0,0,1
1763769600000,new_york,precipitation,0.0,0,0,1
1763773200000,new_york,precipitation,0.0,0,0,1
1763776800000,new_york,precipitation,0.0,0,0,1
1763780400000,new_york,precipitation,0.2,1,1,1
1763784000000,new_york,precipitation,0.3,0,1,0
1763787600000,new_york,precipitation,0.5,0,1,0
1763791200000,new_york,precipitation,0.5,0,1,0
1763794800000,new_york,precipitation,1.7,0,1,0
1763798400000,new_york,precipitation,0.8,0,1,0
1763802000000,new_york,precipitation,0.6,0,1,0
1763805600000,new_york,precipitation,0.3,0,1,0
1763809200000,new_york,precipitation,0.0,0,0,1
1763812800000,new_york,precipitation,0.2,0,1,0
1763816400000,new_york,precipitation,0.0,0,0,1
1763820000000,new_york,precipitation,0.0,0,0,1
1763823600000,new_york,precipitation,0.0,0,0,1
1763827200000,new_york,precipitation,0.0,0,0,1
1763830800000,new_york,precipitation,0.0,0,0,1
1763834400000,new_york,precipitation,0.0,0,0,1
1763838000000,new_york,precipitation,0.0,0,0,1
1763841600000,new_york,precipitation,0.0,0,0,1
1763845200000,new_york,precipitation,0.0,0,0,1
1763848800000,new_york,precipitation,0.0,1,0,0
1763852400000,new_york,precipitation,0.0,0,0,1
1763856000000,new_york,precipitation,0.0,0,0,1
1763859600000,new_york,precipitation,0.0,0,0,1
1763863200000,new_york,precipitation,0.0,0,0,1
1763866800000,new_york,precipitation,0.0,1,0,0
1763870400000,new_york,precipitation,0.0,1,0,0
1763874000000,new_york,precipitation,0.0,0,0,1
1763877600000,new_york,precipitation,0.0,0,0,1
1763881200000,new_york,precipitation,0.0,0,0,1
1763884800000,new_york,precipitation,0.0,0,0,1
1763888400000,new_york,precipitation,0.0,0,0,1
1763892000000,new_york,precipitation,0.0,0,0,1
1763895600000,new_york,precipitation,0.0,1,0,0
1763899200000,new_york,precipitation,0.0,0,0,1
1763902800000,new_york,precipitation,0.0,0,0,1
1763906400000,new_york,precipitation,0.0,0,0,1
1763910000000,new_york,precipitation,0.0,0,0,1
1763913600000,new_york,precipitation,0.0,0,0,1
1763917200000,new_york,precipitation,0.0,0,0,1
1763920800000,new_york,precipitation,0.0,1,0,0
1763924400000,new_york,precipitation,0.0,0,0,1
1763928000000,new_york,precipitation,0.0,0,0,1
1763931600000,new_york,precipitation,0.0,1,0,0
1763935200000,new_york,precipitation,0.0,1,0,0
1763938800000,new_york,precipitation,0.0,0,0,1
1763942400000,new_york,precipitation,0.0,0,0,1
1763946000000,new_york,precipitation,0.0,0,0,1
1763949600000,new_york,precipitation,0.0,0,0,1
1763953200000,new_york,precipitation,0.0,0,0,1
1763956800000,new_york,precipitation,0.0,0,0,1
1763960400000,new_york,precipitation,0.0,0,0,1
1763964000000,new_york,precipitation,0.0,1,0,0
1763967600000,new_york,precipitation,0.0,0,0,1
1763971200000,new_york,precipitation,0.0,0,0,1
1763974800000,new_york,precipitation,0.0,0,0,1
1763978400000,new_york,precipitation,0.0,0,0,1
1763982000000,new_york,precipitation,0.0,0,0,1
1763985600000,new_york,precipitation,0.0,0,0,1
1763989200000,new_york,precipitation,0.0,0,0,1
1763992800000,new_york,precipitation,0.0,0,0,1
1763996400000,new_york,precipitation,0.0,0,0,1
1764000000000,new_york,precipitation,0.0,0,0,1
1764003600000,new_york,precipitation,0.0,0,0,1
1764007200000,new_york,precipitation,0.0,0,0,1
1764010800000,new_york,precipitation,0.0,0,0,1
1764014400000,new_york,precipitation,0.0,0,0,1
1764018000000,new_york,precipitation,0.0,0,0,1
1764021600000,new_york,precipitation,0.0,1,0,0
1764025200000,new_york,precipitation,0.0,0,0,1
1764028800000,new_york,precipitation,0.0,0,0,1
1764032400000,new_york,precipitation,0.0,0,0,1
1764036000000,new_york,precipitation,0.0,0,0,1
1764039600000,new_york,precipitation,0.0,0,0,1
1764043200000,new_york,precipitation,0.0,0,0,1
1764046800000,new_york,precipitation,0.0,0,0,1
1764050400000,new_york,precipitation,0.0,0,0,1
1764054000000,new_york,precipitation,0.0,0,0,1
1764057600000,new_york,precipitation,0.0,0,0,1
1764061200000,new_york,precipitation,0.0,0,0,1
1764064800000,new_york,precipitation,0.0,0,0,1
1764068400000,new_york,precipitation,0.0,0,0,1
1764072000000,new_york,precipitation,0.0,0,0,1
1764075600000,new_york,precipitation,0.0,1,0,0
1764079200000,new_york,precipitation,0.0,0,0,1
1764082800000,new_york,precipitation,0.0,0,0,1
1764086400000,new_york,precipitation,0.3,0,1,0
1764090000000,new_york,precipitation,0.5,0,1,0
1764093600000,new_york,precipitation,0.8,0,1,0
1764097200000,new_york,precipitation,1.2,0,1,0
1764100800000,new_york,precipitation,1.1,0,1,0
1764104400000,new_york,precipitation,1.6,1,1,1
1764108000000,new_york,precipitation,2.2,0,1,0
1764111600000,new_york,precipitation,2.5,0,1,0
1764115200000,new_york,precipitation,3.5,0,1,0
1764118800000,new_york,precipitation,0.2,0,1,0
1764122400000,new_york,precipitation,0.0,0,0,1
1764126000000,new_york,precipitation,0.0,0,0,1
1764129600000,new_york,precipitation,0.0,1,0,0
1764133200000,new_york,precipitation,0.0,0,0,1
1764136800000,new_york,precipitation,0.0,0,0,1
1764140400000,new_york,precipitation,0.0,0,0,1
1764144000000,new_york,precipitation,0.0,1,0,0
1764147600000,new_york,precipitation,0.0,1,0,0
1764151200000,new_york,precipitation,0.0,0,0,1
1764154800000,new_york,precipitation,0.0,1,0,0
1764158400000,new_york,precipitation,0.0,0,0,1
1764162000000,new_york,precipitation,0.0,0,0,1
1764165600000,new_york,precipitation,0.0,0,0,1
1764169200000,new_york,precipitation,0.0,1,0,0
1764172800000,new_york,precipitation,0.0,0,0,1
1764176400000,new_york,precipitation,0.1,0,1,0
1764180000000,new_york,precipitation,0.0,0,0,1
1764183600000,new_york,precipitation,0.0,0,0,1
1764187200000,new_york,precipitation,0.0,0,0,1
1764190800000,new_york,precipitation,0.8,1,1,1
1764194400000,new_york,precipitation,0.0,1,0,0
1764198000000,new_york,precipitation,0.0,1,0,0
1764201600000,new_york,precipitation,0.0,0,0,1
1764205200000,new_york,precipitation,0.0,0,0,1
1764208800000,new_york,precipitation,0.0,0,0,1
1764212400000,new_york,precipitation,0.0,0,0,1
1764216000000,new_york,precipitation,0.0,0,0,1
1764219600000,new_york,precipitation,0.0,0,0,1
1764223200000,new_york,precipitation,0.0,0,0,1
1764226800000,new_york,precipitation,0.0,1,0,0
1764230400000,new_york,precipitation,0.0,0,0,1
1764234000000,new_york,precipitation,0.0,0,0,1
1764237600000,new_york,precipitation,0.0,0,0,1
1764241200000,new_york,precipitation,0.0,0,0,1
1764244800000,new_york,precipitation,0.0,0,0,1
1764248400000,new_york,precipitation,0.0,0,0,1
1764252000000,new_york,precipitation,0.0,0,0,1
1764255600000,new_york,precipitation,0.0,0,0,1
1764259200000,new_york,precipitation,0.0,0,0,1
1764262800000,new_york,precipitation,0.0,0,0,1
1764266400000,new_york,precipitation,0.0,0,0,1
1764270000000,new_york,precipitation,0.0,0,0,1
1764273600000,new_york,precipitation,0.0,0,0,1
1764277200000,new_york,precipitation,0.0,0,0,1
1764280800000,new_york,precipitation,0.0,0,0,1
1764284400000,new_york,precipitation,0.0,0,0,1
1764288000000,new_york,precipitation,0.0,0,0,1
1764291600000,new_york,precipitation,0.0,0,0,1
1764295200000,new_york,precipitation,0.0,0,0,1
1764298800000,new_york,precipitation,0.0,0,0,1
1764302400000,new_york,precipitation,0.0,0,0,1
1764306000000,new_york,precipitation,0.0,0,0,1
1764309600000,new_york,precipitation,0.0,0,0,1
1764313200000,new_york,precipitation,0.0,0,0,1
1764316800000,new_york,precipitation,0.0,0,0,1
1764320400000,new_york,precipitation,0.0,0,0,1
1764324000000,new_york,precipitation,0.0,0,0,1
1764327600000,new_york,precipitation,0.0,0,0,1
1764331200000,new_york,precipitation,0.0,0,0,1
1764334800000,new_york,precipitation,0.0,0,0,1
1764338400000,new_york,precipitation,0.0,1,0,0
1764342000000,new_york,precipitation,0.0,0,0,1
1764345600000,new_york,precipitation,0.0,0,0,1
1764349200000,new_york,precipitation,0.0,1,0,0
1764352800000,new_york,precipitation,0.0,0,0,1
1764356400000,new_york,precipitation,0.0,0,0,1
1764360000000,new_york,precipitation,0.0,0,0,1
1764363600000,new_york,precipitation,0.0,0,0,1
1764367200000,new_york,precipitation,0.0,0,0,1
1764370800000,new_york,precipitation,0.0,0,0,1
1764374400000,new_york,precipitation,0.0,0,0,1
1764378000000,new_york,precipitation,0.0,0,0,1
1764381600000,new_york,precipitation,0.0,1,0,0
1764385200000,new_york,precipitation,0.0,0,0,1
1764388800000,new_york,precipitation,0.0,0,0,1
1764392400000,new_york,precipitation,0.0,0,0,1
1764396000000,new_york,precipitation,0.0,0,0,1
1764399600000,new_york,precipitation,0.0,0,0,1
1764403200000,new_york,precipitation,0.0,0,0,1
1764406800000,new_york,precipitation,0.0,0,0,1
1764410400000,new_york,precipitation,0.0,0,0,1
1764414000000,new_york,precipitation,0.0,0,0,1
1764417600000,new_york,precipitation,0.0,0,0,1
1764421200000,new_york,precipitation,0.0,1,0,0
1764424800000,new_york,precipitation,0.0,0,0,1
1764428400000,new_york,precipitation,0.0,0,0,1
1764432000000,new_york,precipitation,0.0,0,0,1
1764435600000,new_york,precipitation,0.0,0,0,1
1764439200000,new_york,precipitation,0.0,0,0,1
1764442800000,new_york,precipitation,0.0,0,0,1
1764446400000,new_york,precipitation,0.0,0,0,1
1764450000000,new_york,precipitation,0.0,0,0,1
1764453600000,new_york,precipitation,0.0,1,0,0
1764457200000,new_york,precipitation,0.0,1,0,0
1764460800000,new_york,precipitation,0.0,0,0,1
1764464400000,new_york,precipitation,0.0,0,0,1
1764468000000,new_york,precipitation,0.0,0,0,1
1764471600000,new_york,precipitation,0.0,0,0,1
1764475200000,new_york,precipitation,0.0,0,0,1
1764478800000,new_york,precipitation,0.0,1,0,0
1764482400000,new_york,precipitation,0.0,0,0,1
1764486000000,new_york,precipitation,0.0,1,0,0
1764489600000,new_york,precipitation,0.0,0,0,1
1764493200000,new_york,precipitation,0.0,0,0,1
1764496800000,new_york,precipitation,0.0,1,0,0
1764500400000,new_york,precipitation,0.0,0,0,1
1764504000000,new_york,precipitation,0.3,0,1,0
1764507600000,new_york,precipitation,0.8,0,1,0
1764511200000,new_york,precipitation,0.6,0,1,0
1764514800000,new_york,precipitation,0.3,1,1,1
1764518400000,new_york,precipitation,0.4,0,1,0
1764522000000,new_york,precipitation,0.4,0,1,0
1764525600000,new_york,precipitation,0.3,0,1,0
1764529200000,new_york,precipitation,0.2,1,1,1
1764532800000,new_york,precipitation,0.0,0,0,1
1764536400000,new_york,precipitation,0.0,0,0,1
1764540000000,new_york,precipitation,0.0,0,0,1
1764543600000,new_york,precipitation,0.0,0,0,1
1764547200000,new_york,precipitation,0.0,0,0,1
1764550800000,new_york,precipitation,0.0,0,0,1
1764554400000,new_york,precipitation,0.0,0,0,1
1764558000000,new_york,precipitation,0.0,0,0,1
1764561600000,new_york,precipitation,0.0,0,0,1
1764565200000,new_york,precipitation,0.0,0,0,1
1764568800000,new_york,precipitation,0.0,1,0,0
1764572400000,new_york,precipitation,0.0,0,0,1
1764576000000,new_york,precipitation,0.0,0,0,1
1764579600000,new_york,precipitation,0.0,0,0,1
1764583200000,new_york,precipitation,0.0,0,0,1
1764586800000,new_york,precipitation,0.0,0,0,1
1764590400000,new_york,precipitation,0.0,0,0,1
1764594000000,new_york,precipitation,0.0,0,0,1
1764597600000,new_york,precipitation,0.0,0,0,1
1764601200000,new_york,precipitation,0.0,0,0,1
1764604800000,new_york,precipitation,0.0,0,0,1
1764608400000,new_york,precipitation,0.0,0,0,1
1764612000000,new_york,precipitation,0.0,0,0,1
1764615600000,new_york,precipitation,0.0,0,0,1
1764619200000,new_york,precipitation,0.0,0,0,1
1764622800000,new_york,precipitation,0.0,1,0,0
1764626400000,new_york,precipitation,0.0,1,0,0
1764630000000,new_york,precipitation,0.0,0,0,1
1764633600000,new_york,precipitation,0.0,0,0,1
1764637200000,new_york,precipitation,0.0,0,0,1
1764640800000,new_york,precipitation,0.0,0,0,1
1764644400000,new_york,precipitation,0.0,0,0,1
1764648000000,new_york,precipitation,0.0,1,0,0
1764651600000,new_york,precipitation,0.0,0,0,1
1764655200000,new_york,precipitation,0.0,0,0,1
1764658800000,new_york,precipitation,0.0,0,0,1
1764662400000,new_york,precipitation,0.2,1,1,1
1764666000000,new_york,precipitation,0.1,0,1,0
1764669600000,new_york,precipitation,0.4,0,1,0
1764673200000,new_york,precipitation,1.6,0,1,0
1764676800000,new_york,precipitation,2.6,0,1,0
1764680400000,new_york,precipitation,2.2,0,1,0
1764684000000,new_york,precipitation,2.2,0,1,0
1764687600000,new_york,precipitation,2.5,0,1,0
1764691200000,new_york,precipitation,3.0,0,1,0
1764694800000,new_york,precipitation,1.8,0,1,0
1764698400000,new_york,precipitation,0.6,0,1,0
1764702000000,new_york,precipitation,0.0,0,0,1
1764705600000,new_york,precipitation,0.0,0,0,1
1764709200000,new_york,precipitation,0.0,0,0,1
1764712800000,new_york,precipitation,0.0,0,0,1
1764716400000,new_york,precipitation,0.0,1,0,0
1764720000000,new_york,precipitation,0.0,0,0,1
1764723600000,new_york,precipitation,0.0,1,0,0
1764727200000,new_york,precipitation,0.0,0,0,1
1764730800000,new_york,precipitation,0.0,0,0,1
1764734400000,new_york,precipitation,0.0,0,0,1
1764738000000,new_york,precipitation,0.0,0,0,1
1764741600000,new_york,precipitation,0.0,0,0,1
1764745200000,new_york,precipitation,0.0,0,0,1
1764748800000,new_york,precipitation,0.0,0,0,1
1764752400000,new_york,precipitation,0.0,0,0,1
1764756000000,new_york,precipitation,0.0,0,0,1
1764759600000,new_york,precipitation,0.0,0,0,1
1764763200000,new_york,precipitation,0.0,0,0,1
1764766800000,new_york,precipitation,0.0,1,0,0
1764770400000,new_york,precipitation,0.0,0,0,1
1764774000000,new_york,precipitation,0.0,0,0,1
1764777600000,new_york,precipitation,0.0,0,0,1
1764781200000,new_york,precipitation,0.0,1,0,0
1764784800000,new_york,precipitation,0.0,0,0,1
1764788400000,new_york,precipitation,0.0,0,0,1
1764792000000,new_york,precipitation,0.0,1,0,0
1764795600000,new_york,precipitation,0.0,0,0,1
1764799200000,new_york,precipitation,0.0,1,0,0
1764802800000,new_york,precipitation,0.0,0,0,1
1764806400000,new_york,precipitation,0.0,0,0,1
1764810000000,new_york,precipitation,0.0,0,0,1
1764813600000,new_york,precipitation,0.0,1,0,0
1764817200000,new_york,precipitation,0.0,0,0,1
1764820800000,new_york,precipitation,0.0,0,0,1
1764824400000,new_york,precipitation,0.0,0,0,1
1764828000000,new_york,precipitation,0.0,0,0,1
1764831600000,new_york,precipitation,0.0,1,0,0
1764835200000,new_york,precipitation,0.0,0,0,1
1764838800000,new_york,precipitation,0.0,0,0,1
1764842400000,new_york,precipitation,0.0,0,0,1
1764846000000,new_york,precipitation,0.0,1,0,0
1764849600000,new_york,precipitation,0.1,0,1,0
1764853200000,new_york,precipitation,0.0,0,0,1
1764856800000,new_york,precipitation,0.0,0,0,1
1764860400000,new_york,precipitation,0.0,0,0,1
1764864000000,new_york,precipitation,0.0,0,0,1
1764867600000,new_york,precipitation,0.0,0,0,1
1764871200000,new_york,precipitation,0.0,0,0,1
1764874800000,new_york,precipitation,0.0,0,0,1
1764878400000,new_york,precipitation,0.0,0,0,1
1764882000000,new_york,precipitation,0.0,0,0,1
1764885600000,new_york,precipitation,0.0,0,0,1
1764889200000,new_york,precipitation,0.0,1,0,0
1764892800000,new_york,precipitation,0.0,1,0,0
1764896400000,new_york,precipitation,0.0,0,0,1
1764900000000,new_york,precipitation,0.0,0,0,1
1764903600000,new_york,precipitation,0.0,0,0,1
1764907200000,new_york,precipitation,0.0,1,0,0
1764910800000,new_york,precipitation,0.0,0,0,1
1764914400000,new_york,precipitation,0.0,0,0,1
1764918000000,new_york,precipitation,0.0,0,0,1
1764921600000,new_york,precipitation,0.0,0,0,1
1764925200000,new_york,precipitation,0.0,0,0,1
1764928800000,new_york,precipitation,0.0,1,0,0
1764932400000,new_york,precipitation,0.0,1,0,0
1764936000000,new_york,precipitation,0.0,1,0,0
1764939600000,new_york,precipitation,0.0,0,0,1
1764943200000,new_york,precipitation,0.0,0,0,1
1764946800000,new_york,precipitation,0.0,0,0,1
1764950400000,new_york,precipitation,0.0,0,0,1
1764954000000,new_york,precipitation,0.0,1,0,0
1764957600000,new_york,precipitation,0.0,0,0,1
1764961200000,new_york,precipitation,0.0,0,0,1
1764964800000,new_york,precipitation,0.0,0,0,1
1764968400000,new_york,precipitation,0.0,1,0,0
1764972000000,new_york,precipitation,0.0,0,0,1
1764975600000,new_york,precipitation,0.0,0,0,1
1764979200000,new_york,precipitation,0.0,0,0,1
1764982800000,new_york,precipitation,0.0,0,0,1
1764986400000,new_york,precipitation,0.0,0,0,1
1764990000000,new_york,precipitation,0.0,0,0,1
1764993600000,new_york,precipitation,0.0,0,0,1
1764997200000,new_york,precipitation,0.0,0,0,1
1765000800000,new_york,precipitation,0.1,0,1,0
1765004400000,new_york,precipitation,0.2264925389963592,1,1,1
1765008000000,new_york,precipitation,0.1,0,1,0
1765011600000,new_york,precipitation,0.0,0,0,1
1765015200000,new_york,precipitation,0.0,1,0,0
1765018800000,new_york,precipitation,0.0,0,0,1
1765022400000,new_york,precipitation,0.0,0,0,1
1765026000000,new_york,precipitation,0.0,0,0,1
1765029600000,new_york,precipitation,0.0,0,0,1
1765033200000,new_york,precipitation,0.0,0,0,1
1765036800000,new_york,precipitation,0.0,0,0,1
1765040400000,new_york,precipitation,0.0,0,0,1
1765044000000,new_york,precipitation,0.0,0,0,1
1765047600000,new_york,precipitation,0.0,0,0,1
1765051200000,new_york,precipitation,0.0,0,0,1
1765054800000,new_york,precipitation,0.0,0,0,1
1765058400000,new_york,precipitation,0.0,0,0,1
1765062000000,new_york,precipitation,0.0,1,0,0
1765065600000,new_york,precipitation,0.0,0,0,1
1765069200000,new_york,precipitation,0.0,1,0,0
1765072800000,new_york,precipitation,0.0,1,0,0
1765076400000,new_york,precipitation,0.0,0,0,1
1765080000000,new_york,precipitation,0.0,0,0,1
1765083600000,new_york,precipitation,0.0,0,0,1
1765087200000,new_york,precipitation,0.0,0,0,1
1765090800000,new_york,precipitation,0.0,0,0,1
1765094400000,new_york,precipitation,0.0,0,0,1
1765098000000,new_york,precipitation,0.0,1,0,0
1765101600000,new_york,precipitation,0.0,0,0,1
1765105200000,new_york,precipitation,0.0,0,0,1
1765108800000,new_york,precipitation,0.0,0,0,1
1765112400000,new_york,precipitation,0.0,0,0,1
1765116000000,new_york,precipitation,0.0,0,0,1
1765119600000,new_york,precipitation,0.0,1,0,0
1765123200000,new_york,precipitation,0.0,0,0,1
1765126800000,new_york,precipitation,0.0,0,0,1
1765130400000,new_york,precipitation,0.0,0,0,1
1765134000000,new_york,precipitation,0.0,0,0,1
1765137600000,new_york,precipitation,0.0,0,0,1
1765141200000,new_york,precipitation,0.0,0,0,1
1765144800000,new_york,precipitation,0.0,0,0,1
1765148400000,new_york,precipitation,0.0,0,0,1
1765152000000,new_york,precipitation,0.0,0,0,1
1765155600000,new_york,precipitation,0.0,0,0,1
1765159200000,new_york,precipitation,0.0,0,0,1
1765162800000,new_york,precipitation,0.0,0,0,1
1765166400000,new_york,precipitation,0.0,0,0,1
1765170000000,new_york,precipitation,0.0,0,0,1
1765173600000,new_york,precipitation,0.0,0,0,1
1765177200000,new_york,precipitation,0.0,0,0,1
1765180800000,new_york,precipitation,0.0,0,0,1
1765184400000,new_york,precipitation,0.0,0,0,1
1765188000000,new_york,precipitation,0.0,0,0,1
1765191600000,new_york,precipitation,0.0,1,0,0
1765195200000,new_york,precipitation,0.0,1,0,0
1765198800000,new_york,precipitation,0.0,0,0,1
1765202400000,new_york,precipitation,0.0,0,0,1
1765206000000,new_york,precipitation,0.0,0,0,1
1765209600000,new_york,precipitation,0.0,0,0,1
1765213200000,new_york,precipitation,0.0,0,0,1
1765216800000,new_york,precipitation,0.0,1,0,0
1765220400000,new_york,precipitation,0.0,1,0,0
1765224000000,new_york,precipitation,0.0,0,0,1
1765227600000,new_york,precipitation,0.0,0,0,1
1765231200000,new_york,precipitation,0.0,0,0,1
1765234800000,new_york,precipitation,0.0,0,0,1
1765238400000,new_york,precipitation,0.0,0,0,1
1765242000000,new_york,precipitation,0.0,1,0,0
1765245600000,new_york,precipitation,0.0,0,0,1
1765249200000,new_york,precipitation,0.0,0,0,1
1765252800000,new_york,precipitation,0.0,0,0,1
1765256400000,new_york,precipitation,0.0,0,0,1
1765260000000,new_york,precipitation,0.0,0,0,1
1765263600000,new_york,precipitation,0.0,0,0,1
1765267200000,new_york,precipitation,0.0,0,0,1
1765270800000,new_york,precipitation,0.0,0,0,1
1765274400000,new_york,precipitation,0.0,0,0,1
1765278000000,new_york,precipitation,0.0,0,0,1
1765281600000,new_york,precipitation,0.0,0,0,1
1765285200000,new_york,precipitation,0.0,0,0,1
1765288800000,new_york,precipitation,0.0,0,0,1
1765292400000,new_york,precipitation,0.0,0,0,1
1765296000000,new_york,precipitation,0.0,0,0,1
1765299600000,new_york,precipitation,0.0,1,0,0
1765303200000,new_york,precipitation,0.0,1,0,0
1765306800000,new_york,precipitation,0.0,0,0,1
1765310400000,new_york,precipitation,0.0,0,0,1
1765314000000,new_york,precipitation,0.0,0,0,1
1765317600000,new_york,precipitation,0.0,0,0,1
1765321200000,new_york,precipitation,0.0,0,0,1
1765324800000,new_york,precipitation,0.0,0,0,1
1765328400000,new_york,precipitation,0.0,0,0,1
1765332000000,new_york,precipitation,0.0,1,0,0
1765335600000,new_york,precipitation,0.0,0,0,1
1765339200000,new_york,precipitation,0.0,0,0,1
1765342800000,new_york,precipitation,0.0,0,0,1
1765346400000,new_york,precipitation,0.0,0,0,1
1765350000000,new_york,precipitation,0.0,1,0,0
1765353600000,new_york,precipitation,0.0,0,0,1
1765357200000,new_york,precipitation,0.0,0,0,1
1765360800000,new_york,precipitation,0.0,0,0,1
1765364400000,new_york,precipitation,0.0,1,0,0
1765368000000,new_york,precipitation,0.0,0,0,1
1765371600000,new_york,precipitation,0.0,0,0,1
1765375200000,new_york,precipitation,0.0,1,0,0
1765378800000,new_york,precipitation,0.0,0,0,1
1765382400000,new_york,precipitation,0.0,0,0,1
1765386000000,new_york,precipitation,0.3,0,1,0
1765389600000,new_york,precipitation,0.3,0,1,0
1765393200000,new_york,precipitation,1.0,0,1,0
1765396800000,new_york,precipitation,0.8593787547498449,1,1,1
1765400400000,new_york,precipitation,0.6,0,1,0
1765404000000,new_york,precipitation,0.1,0,1,0
1765407600000,new_york,precipitation,0.0,0,0,1
1765411200000,new_york,precipitation,0.0,0,0,1
1765414800000,new_york,precipitation,0.0,0,0,1
1765418400000,new_york,precipitation,0.0,0,0,1
1765422000000,new_york,precipitation,0.0,0,0,1
1765425600000,new_york,precipitation,0.0,0,0,1
1765429200000,new_york,precipitation,0.0,0,0,1
1765432800000,new_york,precipitation,0.0,1,0,0
1765436400000,new_york,precipitation,0.0,0,0,1
1765440000000,new_york,precipitation,0.0,0,0,1
1765443600000,new_york,precipitation,0.0,0,0,1
1765447200000,new_york,precipitation,0.0,0,0,1
1765450800000,new_york,precipitation,0.0,0,0,1
1765454400000,new_york,precipitation,0.0,0,0,1
1765458000000,new_york,precipitation,0.0,1,0,0
1765461600000,new_york,precipitation,0.0,0,0,1
1765465200000,new_york,precipitation,0.0,0,0,1
1765468800000,new_york,precipitation,0.0,0,0,1
1765472400000,new_york,precipitation,0.0,0,0,1
1765476000000,new_york,precipitation,0.0,1,0,0
1765479600000,new_york,precipitation,0.0,0,0,1
1765483200000,new_york,precipitation,0.0,0,0,1
1765486800000,new_york,precipitation,0.0,0,0,1
1765490400000,new_york,precipitation,0.0,0,0,1
1765494000000,new_york,precipitation,0.0,0,0,1
1765497600000,new_york,precipitation,0.0,0,0,1
1765501200000,new_york,precipitation,0.0,1,0,0
1765504800000,new_york,precipitation,0.0,0,0,1
1765508400000,new_york,precipitation,0.0,0,0,1
1765512000000,new_york,precipitation,0.0,0,0,1
1765515600000,new_york,precipitation,0.0,0,0,1
1765519200000,new_york,precipitation,0.0,0,0,1
1765522800000,new_york,precipitation,0.0,0,0,1
1765526400000,new_york,precipitation,0.0,0,0,1
1765530000000,new_york,precipitation,0.0,0,0,1
1765533600000,new_york,precipitation,0.0,0,0,1
1765537200000,new_york,precipitation,0.0,0,0,1
1765540800000,new_york,precipitation,0.0,0,0,1
1765544400000,new_york,precipitation,0.0,0,0,1
1765548000000,new_york,precipitation,0.0,1,0,0
1765551600000,new_york,precipitation,0.0,1,0,0
1765555200000,new_york,precipitation,0.0,0,0,1
1765558800000,new_york,precipitation,0.0,0,0,1
1765562400000,new_york,precipitation,0.0,0,0,1
1765566000000,new_york,precipitation,0.0,0,0,1
1765569600000,new_york,precipitation,0.0,1,0,0
1765573200000,new_york,precipitation,0.0,1,0,0
1765576800000,new_york,precipitation,0.0,0,0,1
1765580400000,new_york,precipitation,0.0,0,0,1
1765584000000,new_york,precipitation,0.0,0,0,1
1765587600000,new_york,precipitation,0.0,0,0,1
1765591200000,new_york,precipitation,0.0,0,0,1
1765594800000,new_york,precipitation,0.0,0,0,1
1765598400000,new_york,precipitation,0.0,0,0,1
1765602000000,new_york,precipitation,0.0,0,0,1
1765605600000,new_york,precipitation,0.0,1,0,0
1765609200000,new_york,precipitation,0.0,0,0,1
1765612800000,new_york,precipitation,0.0,0,0,1
1765616400000,new_york,precipitation,0.0,0,0,1
1765620000000,new_york,precipitation,0.0,0,0,1
1765623600000,new_york,precipitation,0.0,0,0,1
1765627200000,new_york,precipitation,0.0,0,0,1
1765630800000,new_york,precipitation,0.0,0,0,1
1765634400000,new_york,precipitation,0.0,0,0,1
1765638000000,new_york,precipitation,0.0,0,0,1
1765641600000,new_york,precipitation,0.0,0,0,1
1765645200000,new_york,precipitation,0.0,0,0,1
1765648800000,new_york,precipitation,0.0,0,0,1
1765652400000,new_york,precipitation,0.0,0,0,1
1765656000000,new_york,precipitation,0.3,0,1,0
1765659600000,new_york,precipitation,0.3,0,1,0
1765663200000,new_york,precipitation,0.1,1,1,1
1765666800000,new_york,precipitation,0.1,0,1,0
1765670400000,new_york,precipitation,0.3,0,1,0
1765674000000,new_york,precipitation,0.5,0,1,0
1765677600000,new_york,precipitation,0.5,0,1,0
1765681200000,new_york,precipitation,0.8,1,1,1
1765684800000,new_york,precipitation,0.8,0,1,0
1765688400000,new_york,precipitation,0.7,1,1,1
1765692000000,new_york,precipitation,0.9,0,1,0
1765695600000,new_york,precipitation,0.9,0,1,0
1765699200000,new_york,precipitation,1.0,0,1,0
1765702800000,new_york,precipitation,1.8,0,1,0
1765706400000,new_york,precipitation,1.3,0,1,0
1765710000000,new_york,precipitation,1.3,0,1,0
1765713600000,new_york,precipitation,0.7,0,1,0
1765717200000,new_york,precipitation,0.2,0,1,0
1765720800000,new_york,precipitation,0.0,0,0,1
1765724400000,new_york,precipitation,0.0,0,0,1
1765728000000,new_york,precipitation,0.0,0,0,1
1765731600000,new_york,precipitation,0.0,0,0,1
1765735200000,new_york,precipitation,0.0,0,0,1
1765738800000,new_york,precipitation,0.0,0,0,1
1765742400000,new_york,precipitation,0.0,0,0,1
1765746000000,new_york,precipitation,0.0,0,0,1
1765749600000,new_york,precipitation,0.0,0,0,1
1765753200000,new_york,precipitation,0.0,0,0,1
1765756800000,new_york,precipitation,0.0,1,0,0
1765760400000,new_york,precipitation,0.0,0,0,1
1765764000000,new_york,precipitation,0.0,0,0,1
1765767600000,new_york,precipitation,0.0,0,0,1
1765771200000,new_york,precipitation,0.0,0,0,1
1765774800000,new_york,precipitation,0.0,0,0,1
1765778400000,new_york,precipitation,0.0,1,0,0
1765782000000,new_york,precipitation,0.0,0,0,1
1765785600000,new_york,precipitation,0.0,0,0,1
1765789200000,new_york,precipitation,0.0,0,0,1
1765792800000,new_york,precipitation,0.0,0,0,1
1765796400000,new_york,precipitation,0.0,0,0,1
1765800000000,new_york,precipitation,0.0,1,0,0
1765803600000,new_york,precipitation,0.0,0,0,1
1765807200000,new_york,precipitation,0.0,0,0,1
1765810800000,new_york,precipitation,0.0,0,0,1
1765814400000,new_york,precipitation,0.0,0,0,1
1765818000000,new_york,precipitation,0.0,0,0,1
1765821600000,new_york,precipitation,0.0,0,0,1
1765825200000,new_york,precipitation,0.0,0,0,1
1765828800000,new_york,precipitation,0.0,0,0,1
1765832400000,new_york,precipitation,0.0,1,0,0
1765836000000,new_york,precipitation,0.0,0,0,1
1765839600000,new_york,precipitation,0.0,0,0,1
1765843200000,new_york,precipitation,0.0,0,0,1
1765846800000,new_york,precipitation,0.0,0,0,1
1765850400000,new_york,precipitation,0.0,0,0,1
1765854000000,new_york,precipitation,0.0,1,0,0
1765857600000,new_york,precipitation,0.0,0,0,1
1765861200000,new_york,precipitation,0.0,0,0,1
1765864800000,new_york,precipitation,0.0,0,0,1
1765868400000,new_york,precipitation,0.0,1,0,0
1765872000000,new_york,precipitation,0.0,0,0,1
1765875600000,new_york,precipitation,0.0,0,0,1
1765879200000,new_york,precipitation,0.0,0,0,1
1765882800000,new_york,precipitation,0.0,0,0,1
1765886400000,new_york,precipitation,0.0,0,0,1
1765890000000,new_york,precipitation,0.0,0,0,1
1765893600000,new_york,precipitation,0.0,0,0,1
1765897200000,new_york,precipitation,0.0,0,0,1
1765900800000,new_york,precipitation,0.0,0,0,1
1765904400000,new_york,precipitation,0.0,0,0,1
1765908000000,new_york,precipitation,0.0,0,0,1
1765911600000,new_york,precipitation,0.0,0,0,1
1765915200000,new_york,precipitation,0.0,0,0,1
1765918800000,new_york,precipitation,0.0,0,0,1
1765922400000,new_york,precipitation,0.0,0,0,1
1765926000000,new_york,precipitation,0.0,0,0,1
1765929600000,new_york,precipitation,0.0,0,0,1
1765933200000,new_york,precipitation,0.0,0,0,1
1765936800000,new_york,precipitation,0.0,0,0,1
1765940400000,new_york,precipitation,0.0,0,0,1
1765944000000,new_york,precipitation,0.0,0,0,1
1765947600000,new_york,precipitation,0.0,0,0,1
1765951200000,new_york,precipitation,0.0,0,0,1
1765954800000,new_york,precipitation,0.0,0,0,1
1765958400000,new_york,precipitation,0.0,0,0,1
1765962000000,new_york,precipitation,0.0,0,0,1
1765965600000,new_york,precipitation,0.0,0,0,1
1765969200000,new_york,precipitation,0.0,0,0,1
1765972800000,new_york,precipitation,0.0,0,0,1
1765976400000,new_york,precipitation,0.0,0,0,1
1765980000000,new_york,precipitation,0.0,0,0,1
1765983600000,new_york,precipitation,0.0,1,0,0
1765987200000,new_york,precipitation,0.0,1,0,0
1765990800000,new_york,precipitation,0.0,0,0,1
1765994400000,new_york,precipitation,0.0,0,0,1
1765998000000,new_york,precipitation,0.0,0,0,1
1766001600000,new_york,precipitation,0.0,0,0,1
1766005200000,new_york,precipitation,0.0,0,0,1
1766008800000,new_york,precipitation,0.0,1,0,0
1766012400000,new_york,precipitation,0.0,0,0,1
1766016000000,new_york,precipitation,0.0,1,0,0
1766019600000,new_york,precipitation,0.0,0,0,1
1766023200000,new_york,precipitation,0.0,0,0,1
1766026800000,new_york,precipitation,0.0,0,0,1
1766030400000,new_york,precipitation,0.0,1,0,0
1766034000000,new_york,precipitation,0.0,0,0,1
1766037600000,new_york,precipitation,0.0,0,0,1
1766041200000,new_york,precipitation,0.0,0,0,1
1766044800000,new_york,precipitation,0.0,0,0,1
1766048400000,new_york,precipitation,0.0,1,0,0
1766052000000,new_york,precipitation,0.0,0,0,1
1766055600000,new_york,precipitation,0.0,1,0,0
1766059200000,new_york,precipitation,0.0,0,0,1
1766062800000,new_york,precipitation,0.0,0,0,1
1766066400000,new_york,precipitation,0.0,0,0,1
1766070000000,new_york,precipitation,0.0,0,0,1
1766073600000,new_york,precipitation,0.0,0,0,1
1766077200000,new_york,precipitation,0.0,0,0,1
1766080800000,new_york,precipitation,0.0,0,0,1
1766084400000,new_york,precipitation,0.0,0,0,1
1766088000000,new_york,precipitation,0.0,0,0,1
1766091600000,new_york,precipitation,0.0,0,0,1
1766095200000,new_york,precipitation,0.0,0,0,1
1766098800000,new_york,precipitation,0.0,0,0,1
1766102400000,new_york,precipitation,0.0,0,0,1
1766106000000,new_york,precipitation,2.0,0,1,0
1766109600000,new_york,precipitation,2.5,0,1,0
1766113200000,new_york,precipitation,0.1,1,1,1
1766116800000,new_york,precipitation,3.0,0,1,0
1766120400000,new_york,precipitation,1.1,0,1,0
1766124000000,new_york,precipitation,1.4,1,1,1
1766127600000,new_york,precipitation,1.2,0,1,0
1766131200000,new_york,precipitation,2.5,0,1,0
1766134800000,new_york,precipitation,4.5,0,1,0
1766138400000,new_york,precipitation,4.2,0,1,0
1766142000000,new_york,precipitation,2.4,0,1,0
1766145600000,new_york,precipitation,0.2113593777742192,1,1,1
1766149200000,new_york,precipitation,0.5,0,1,0
1766152800000,new_york,precipitation,0.6,0,1,0
1766156400000,new_york,precipitation,0.0,0,0,1
1766160000000,new_york,precipitation,0.0,0,0,1
1766163600000,new_york,precipitation,0.0,1,0,0
1766167200000,new_york,precipitation,0.0,0,0,1
1766170800000,new_york,precipitation,0.0,1,0,0
1766174400000,new_york,precipitation,0.0,0,0,1
1766178000000,new_york,precipitation,0.0,0,0,1
1766181600000,new_york,precipitation,0.0,0,0,1
1766185200000,new_york,precipitation,0.0,0,0,1
1766188800000,new_york,precipitation,0.0,0,0,1
1766192400000,new_york,precipitation,0.0,0,0,1
1766196000000,new_york,precipitation,0.0,0,0,1
1766199600000,new_york,precipitation,0.0,1,0,0
1766203200000,new_york,precipitation,0.0,0,0,1
1766206800000,new_york,precipitation,0.0,1,0,0
1766210400000,new_york,precipitation,0.0,0,0,1
1766214000000,new_york,precipitation,0.0,0,0,1
1766217600000,new_york,precipitation,0.0,0,0,1
1766221200000,new_york,precipitation,0.0,0,0,1
1766224800000,new_york,precipitation,0.0,0,0,1
1766228400000,new_york,precipitation,0.0,0,0,1
1766232000000,new_york,precipitation,0.0,0,0,1
1766235600000,new_york,precipitation,0.0,0,0,1
1766239200000,new_york,precipitation,0.0,0,0,1
1766242800000,new_york,precipitation,0.0,0,0,1
1766246400000,new_york,precipitation,0.0,0,0,1
1766250000000,new_york,precipitation,0.0,0,0,1
1766253600000,new_york,precipitation,0.0,0,0,1
1766257200000,new_york,precipitation,0.0,1,0,0
1766260800000,new_york,precipitation,0.0,1,0,0
1766264400000,new_york,precipitation,0.0,0,0,1
1766268000000,new_york,precipitation,0.0,0,0,1
1766271600000,new_york,precipitation,0.0,0,0,1
1766275200000,new_york,precipitation,0.0,0,0,1
1766278800000,new_york,precipitation,0.0,0,0,1
1766282400000,new_york,precipitation,0.0,0,0,1
1766286000000,new_york,precipitation,0.0,0,0,1
1766289600000,new_york,precipitation,0.0,0,0,1
1766293200000,new_york,precipitation,0.0,0,0,1
1766296800000,new_york,precipitation,0.0,0,0,1
1766300400000,new_york,precipitation,0.0,0,0,1
1766304000000,new_york,precipitation,0.0,1,0,0
1766307600000,new_york,precipitation,0.0,0,0,1
1766311200000,new_york,precipitation,0.0,0,0,1
1766314800000,new_york,precipitation,0.0,0,0,1
1766318400000,new_york,precipitation,0.0,0,0,1
1766322000000,new_york,precipitation,0.0,0,0,1
1766325600000,new_york,precipitation,0.0,0,0,1
1766329200000,new_york,precipitation,0.0,0,0,1
1766332800000,new_york,precipitation,0.0,0,0,1
1766336400000,new_york,precipitation,0.0,1,0,0
1766340000000,new_york,precipitation,0.0,0,0,1
1766343600000,new_york,precipitation,0.0,0,0,1
1766347200000,new_york,precipitation,0.0,0,0,1
1766350800000,new_york,precipitation,0.0,0,0,1
1766354400000,new_york,precipitation,0.0,1,0,0
1766358000000,new_york,precipitation,0.0,0,0,1
1766361600000,new_york,precipitation,0.0,0,0,1
1766365200000,new_york,precipitation,0.0,0,0,1
1766368800000,new_york,precipitation,0.0,1,0,0
1766372400000,new_york,precipitation,0.0,0,0,1
1766376000000,new_york,precipitation,0.0,0,0,1
1766379600000,new_york,precipitation,0.0,0,0,1
1766383200000,new_york,precipitation,0.0,0,0,1
1766386800000,new_york,precipitation,0.0,1,0,0
1766390400000,new_york,precipitation,0.0,0,0,1
1766394000000,new_york,precipitation,0.0,1,0,0
1766397600000,new_york,precipitation,0.0,0,0,1
1766401200000,new_york,precipitation,0.0,0,0,1
1766404800000,new_york,precipitation,0.0,0,0,1
1766408400000,new_york,precipitation,0.0,0,0,1
1766412000000,new_york,precipitation,0.0,0,0,1
1766415600000,new_york,precipitation,0.0,0,0,1
1766419200000,new_york,precipitation,0.0,0,0,1
1766422800000,new_york,precipitation,0.0,0,0,1
1766426400000,new_york,precipitation,0.0,0,0,1
1766430000000,new_york,precipitation,0.0,0,0,1
1766433600000,new_york,precipitation,0.0,1,0,0
1766437200000,new_york,precipitation,0.0,1,0,0
1766440800000,new_york,precipitation,0.0,0,0,1
1766444400000,new_york,precipitation,0.0,1,0,0
1766448000000,new_york,precipitation,0.0,0,0,1
1766451600000,new_york,precipitation,0.0,1,0,0
1766455200000,new_york,precipitation,0.0,1,0,0
1766458800000,new_york,precipitation,0.0,0,0,1
1766462400000,new_york,precipitation,0.0,0,0,1
1766466000000,new_york,precipitation,0.0,0,0,1
1766469600000,new_york,precipitation,0.1,0,1,0
1766473200000,new_york,precipitation,0.2,0,1,0
1766476800000,new_york,precipitation,0.3,0,1,0
1766480400000,new_york,precipitation,0.5726280358333455,1,1,1
1766484000000,new_york,precipitation,0.4,0,1,0
1766487600000,new_york,precipitation,0.6,1,1,1
1766491200000,new_york,precipitation,0.2,0,1,0
1766494800000,new_york,precipitation,0.3,0,1,0
1766498400000,new_york,precipitation,0.1,0,1,0
1766502000000,new_york,precipitation,0.1,0,1,0
1766505600000,new_york,precipitation,0.1,0,1,0
1766509200000,new_york,precipitation,0.0,0,0,1
1766512800000,new_york,precipitation,0.0,0,0,1
1766516400000,new_york,precipitation,0.0,1,0,0
1766520000000,new_york,precipitation,0.0,0,0,1
1766523600000,new_york,precipitation,0.0,1,0,0
1766527200000,new_york,precipitation,0.0,0,0,1
1766530800000,new_york,precipitation,0.0,0,0,1
1766534400000,new_york,precipitation,0.0,0,0,1
1766538000000,new_york,precipitation,0.0,1,0,0
1766541600000,new_york,precipitation,0.0,0,0,1
1766545200000,new_york,precipitation,0.0,0,0,1
1766548800000,new_york,precipitation,0.0,0,0,1
1766552400000,new_york,precipitation,0.0,0,0,1
1766556000000,new_york,precipitation,0.0,0,0,1
1766559600000,new_york,precipitation,0.0,0,0,1
1766563200000,new_york,precipitation,0.0,0,0,1
1766566800000,new_york,precipitation,0.0,0,0,1
1766570400000,new_york,precipitation,0.0,0,0,1
1766574000000,new_york,precipitation,0.0,0,0,1
1766577600000,new_york,precipitation,0.0,0,0,1
1766581200000,new_york,precipitation,0.0,0,0,1
1766584800000,new_york,precipitation,0.0,0,0,1
1766588400000,new_york,precipitation,0.0,0,0,1
1766592000000,new_york,precipitation,0.0,0,0,1
1766595600000,new_york,precipitation,0.0,0,0,1
1766599200000,new_york,precipitation,0.0,0,0,1
1766602800000,new_york,precipitation,0.0,0,0,1
1766606400000,new_york,precipitation,0.0,0,0,1
1766610000000,new_york,precipitation,0.0,0,0,1
1766613600000,new_york,precipitation,0.0,1,0,0
1766617200000,new_york,precipitation,0.0,0,0,1
1766620800000,new_york,precipitation,0.0,0,0,1
1766624400000,new_york,precipitation,0.0,0,0,1
1766628000000,new_york,precipitation,0.0,0,0,1
1766631600000,new_york,precipitation,0.0,0,0,1
1766635200000,new_york,precipitation,0.0,1,0,0
1766638800000,new_york,precipitation,0.0,0,0,1
1766642400000,new_york,precipitation,0.0,0,0,1
1766646000000,new_york,precipitation,0.0,0,0,1
1766649600000,new_york,precipitation,0.0,0,0,1
1766653200000,new_york,precipitation,0.0,0,0,1
1766656800000,new_york,precipitation,0.0,1,0,0
1766660400000,new_york,precipitation,0.0,0,0,1
1766664000000,new_york,precipitation,0.0,0,0,1
1766667600000,new_york,precipitation,0.0,0,0,1
1766671200000,new_york,precipitation,0.0,0,0,1
1766674800000,new_york,precipitation,0.0,0,0,1
1766678400000,new_york,precipitation,0.0,0,0,1
1766682000000,new_york,precipitation,0.0,1,0,0
1766685600000,new_york,precipitation,0.0,0,0,1
1766689200000,new_york,precipitation,0.0,0,0,1
1766692800000,new_york,precipitation,0.0,0,0,1
1766696400000,new_york,precipitation,0.0,0,0,1
1766700000000,new_york,precipitation,0.0,0,0,1
1766703600000,new_york,precipitation,0.0,0,0,1
1766707200000,new_york,precipitation,0.0,0,0,1
1766710800000,new_york,precipitation,0.0,0,0,1
1766714400000,new_york,precipitation,0.0,0,0,1
1766718000000,new_york,precipitation,0.0,1,0,0
1766721600000,new_york,precipitation,0.0,0,0,1
1766725200000,new_york,precipitation,0.0,0,0,1
1766728800000,new_york,precipitation,0.0,0,0,1
1766732400000,new_york,precipitation,0.0,0,0,1
1766736000000,new_york,precipitation,0.0,0,0,1
1766739600000,new_york,precipitation,0.0,0,0,1
1766743200000,new_york,precipitation,0.0,0,0,1
1766746800000,new_york,precipitation,0.0,0,0,1
1766750400000,new_york,precipitation,0.0,0,0,1
1766754000000,new_york,precipitation,0.0,0,0,1
1766757600000,new_york,precipitation,0.0,0,0,1
1766761200000,new_york,precipitation,0.0,0,0,1
1766764800000,new_york,precipitation,0.0,0,0,1
1766768400000,new_york,precipitation,0.0,0,0,1
1766772000000,new_york,precipitation,0.1,0,1,0
1766775600000,new_york,precipitation,0.5,0,1,0
1766779200000,new_york,precipitation,2.412450492654916,1,1,1
1766782800000,new_york,precipitation,2.5,0,1,0
1766786400000,new_york,precipitation,1.5,0,1,0
1766790000000,new_york,precipitation,0.6,0,1,0
1766793600000,new_york,precipitation,0.7,1,1,1
1766797200000,new_york,precipitation,0.7,0,1,0
1766800800000,new_york,precipitation,1.0,0,1,0
1766804400000,new_york,precipitation,1.3,0,1,0
1766808000000,new_york,precipitation,0.5,0,1,0
1766811600000,new_york,precipitation,0.3,0,1,0
1766815200000,new_york,precipitation,0.3,0,1,0
1766818800000,new_york,precipitation,0.1,0,1,0
1766822400000,new_york,precipitation,0.1,0,1,0
1766826000000,new_york,precipitation,0.1,0,1,0
1766829600000,new_york,precipitation,0.1,1,1,1
1766833200000,new_york,precipitation,0.1,0,1,0
1766836800000,new_york,precipitation,0.0,0,0,1
1766840400000,new_york,precipitation,0.0,0,0,1
1766844000000,new_york,precipitation,0.0,0,0,1
1766847600000,new_york,precipitation,0.0,0,0,1
1766851200000,new_york,precipitation,0.0,0,0,1
1766854800000,new_york,precipitation,0.0,0,0,1
1766858400000,new_york,precipitation,0.0,0,0,1
1766862000000,new_york,precipitation,0.0,0,0,1
1766865600000,new_york,precipitation,0.0,0,0,1
1766869200000,new_york,precipitation,0.0,0,0,1
1766872800000,new_york,precipitation,0.0,1,0,0
1766876400000,new_york,precipitation,0.0,0,0,1
1766880000000,new_york,precipitation,0.0,0,0,1
1766883600000,new_york,precipitation,0.0,0,0,1
1766887200000,new_york,precipitation,0.0,0,0,1
1766890800000,new_york,precipitation,0.0,1,0,0
1766894400000,new_york,precipitation,0.0,0,0,1
1766898000000,new_york,precipitation,0.0,0,0,1
1766901600000,new_york,precipitation,0.0,0,0,1
1766905200000,new_york,precipitation,0.0,0,0,1
1766908800000,new_york,precipitation,0.0,1,0,0
1766912400000,new_york,precipitation,0.0,0,0,1
1766916000000,new_york,precipitation,0.0,0,0,1
1766919600000,new_york,precipitation,0.0,0,0,1
1766923200000,new_york,precipitation,0.0,0,0,1
1766926800000,new_york,precipitation,0.0,0,0,1
1766930400000,new_york,precipitation,0.0,0,0,1
1766934000000,new_york,precipitation,0.0,0,0,1
1766937600000,new_york,precipitation,0.0,0,0,1
1766941200000,new_york,precipitation,0.0,0,0,1
1766944800000,new_york,precipitation,0.0,0,0,1
1766948400000,new_york,precipitation,0.0,0,0,1
1766952000000,new_york,precipitation,0.4,0,1,0
1766955600000,new_york,precipitation,0.3,0,1,0
1766959200000,new_york,precipitation,0.2,0,1,0
1766962800000,new_york,precipitation,0.0,1,0,0
1766966400000,new_york,precipitation,0.0,0,0,1
1766970000000,new_york,precipitation,1.0,0,1,0
1766973600000,new_york,precipitation,0.0,0,0,1
1766977200000,new_york,precipitation,0.0,0,0,1
1766980800000,new_york,precipitation,0.0,0,0,1
1766984400000,new_york,precipitation,0.0,0,0,1
1766988000000,new_york,precipitation,0.0,0,0,1
1766991600000,new_york,precipitation,0.1,0,1,0
1766995200000,new_york,precipitation,0.0,0,0,1
1766998800000,new_york,precipitation,0.0,0,0,1
1767002400000,new_york,precipitation,0.5,0,1,0
1767006000000,new_york,precipitation,0.6,0,1,0
1767009600000,new_york,precipitation,0.6,0,1,0
1767013200000,new_york,precipitation,0.7,0,1,0
1767016800000,new_york,precipitation,0.4,0,1,0
1767020400000,new_york,precipitation,0.0,0,0,1
1767024000000,new_york,precipitation,0.0,1,0,0
1767027600000,new_york,precipitation,0.0,0,0,1
1767031200000,new_york,precipitation,0.0,0,0,1
1767034800000,new_york,precipitation,0.0,0,0,1
1767038400000,new_york,precipitation,0.0,1,0,0
1767042000000,new_york,precipitation,0.0,0,0,1
1767045600000,new_york,precipitation,0.0,0,0,1
1767049200000,new_york,precipitation,0.0,0,0,1
1767052800000,new_york,precipitation,0.0,0,0,1
1767056400000,new_york,precipitation,0.0,0,0,1
1767060000000,new_york,precipitation,0.0,1,0,0
1767063600000,new_york,precipitation,0.0,1,0,0
1767067200000,new_york,precipitation,0.0,0,0,1
1767070800000,new_york,precipitation,0.0,0,0,1
1767074400000,new_york,precipitation,0.0,0,0,1
1767078000000,new_york,precipitation,0.0,0,0,1
1767081600000,new_york,precipitation,0.0,0,0,1
1767085200000,new_york,precipitation,0.0,0,0,1
1767088800000,new_york,precipitation,0.0,1,0,0
1767092400000,new_york,precipitation,0.0,0,0,1
1767096000000,new_york,precipitation,0.0,0,0,1
1767099600000,new_york,precipitation,0.0,0,0,1
1767103200000,new_york,precipitation,0.0,0,0,1
1767106800000,new_york,precipitation,0.0,0,0,1
1767110400000,new_york,precipitation,0.0,1,0,0
1767114000000,new_york,precipitation,0.0,1,0,0
1767117600000,new_york,precipitation,0.0,0,0,1
1767121200000,new_york,precipitation,0.0,0,0,1
1767124800000,new_york,precipitation,0.0,0,0,1
1767128400000,new_york,precipitation,0.0,0,0,1
1767132000000,new_york,precipitation,0.0,0,0,1
1767135600000,new_york,precipitation,0.0,0,0,1
1767139200000,new_york,precipitation,0.0,0,0,1
1767142800000,new_york,precipitation,0.0,1,0,0
1767146400000,new_york,precipitation,0.0,0,0,1
1767150000000,new_york,precipitation,0.0,0,0,1
1767153600000,new_york,precipitation,0.0,0,0,1
1767157200000,new_york,precipitation,0.0,0,0,1
1767160800000,new_york,precipitation,0.0,1,0,0
1767164400000,new_york,precipitation,0.0,0,0,1
1767168000000,new_york,precipitation,0.0,1,0,0
1767171600000,new_york,precipitation,0.0,0,0,1
1767175200000,new_york,precipitation,0.0,0,0,1
1767178800000,new_york,precipitation,0.0,1,0,0
1767182400000,new_york,precipitation,0.0,0,0,1
1767186000000,new_york,precipitation,0.0,0,0,1
1767189600000,new_york,precipitation,0.0,0,0,1
1767193200000,new_york,precipitation,0.0,0,0,1
1767196800000,new_york,precipitation,0.0,1,0,0
1767200400000,new_york,precipitation,0.0,0,0,1
1767204000000,new_york,precipitation,0.0,0,0,1
1767207600000,new_york,precipitation,0.0,0,0,1
1767211200000,new_york,precipitation,0.0,0,0,1
1767214800000,new_york,precipitation,0.0,0,0,1
1767218400000,new_york,precipitation,0.0,0,0,1
1767222000000,new_york,precipitation,0.0,0,0,1
1767225600000,new_york,precipitation,0.0,0,0,1
1767229200000,new_york,precipitation,0.1,0,1,0
1767232800000,new_york,precipitation,0.1,0,1,0
1767236400000,new_york,precipitation,0.0,0,0,1
1767240000000,new_york,precipitation,0.0,0,0,1
1767243600000,new_york,precipitation,0.0,0,0,1
1767247200000,new_york,precipitation,0.0,0,0,1
1767250800000,new_york,precipitation,0.2,1,1,1
1767254400000,new_york,precipitation,0.7,0,1,0
1767258000000,new_york,precipitation,0.0,1,0,0
1767261600000,new_york,precipitation,0.0,0,0,1
1767265200000,new_york,precipitation,0.0,0,0,1
1767268800000,new_york,precipitation,0.0,0,0,1
1767272400000,new_york,precipitation,0.0,0,0,1
1767276000000,new_york,precipitation,0.0,0,0,1
1767279600000,new_york,precipitation,0.0,0,0,1
1767283200000,new_york,precipitation,0.0,0,0,1
1767286800000,new_york,precipitation,0.0,0,0,1
1767290400000,new_york,precipitation,0.0,0,0,1
1767294000000,new_york,precipitation,0.0,0,0,1
1767297600000,new_york,precipitation,0.0,0,0,1
1767301200000,new_york,precipitation,0.0,0,0,1
1767304800000,new_york,precipitation,0.0,0,0,1
1767308400000,new_york,precipitation,0.0,0,0,1
1767312000000,new_york,precipitation,0.0,0,0,1
1767315600000,new_york,precipitation,0.0,0,0,1
1767319200000,new_york,precipitation,0.1,0,1,0
1767322800000,new_york,precipitation,0.1,1,1,1
1767326400000,new_york,precipitation,0.1,0,1,0
1767330000000,new_york,precipitation,0.0,0,0,1
1767333600000,new_york,precipitation,0.0,0,0,1
1767337200000,new_york,precipitation,0.0,0,0,1
1767340800000,new_york,precipitation,0.0,0,0,1
1767344400000,new_york,precipitation,0.0,0,0,1
1767348000000,new_york,precipitation,0.0,1,0,0
1767351600000,new_york,precipitation,0.0,0,0,1
1767355200000,new_york,precipitation,0.0,1,0,0
1767358800000,new_york,precipitation,0.0,0,0,1
1767362400000,new_york,precipitation,0.0,1,0,0
1767366000000,new_york,precipitation,0.0,0,0,1
1767369600000,new_york,precipitation,0.0,0,0,1
1767373200000,new_york,precipitation,0.0,0,0,1
1767376800000,new_york,precipitation,0.0,1,0,0
1767380400000,new_york,precipitation,0.0,0,0,1
1767384000000,new_york,precipitation,0.0,0,0,1
1767387600000,new_york,precipitation,0.0,1,0,0
1767391200000,new_york,precipitation,0.0,0,0,1
1767394800000,new_york,precipitation,0.0,0,0,1
1767398400000,new_york,precipitation,0.0,0,0,1
1767402000000,new_york,precipitation,0.0,0,0,1
1767405600000,new_york,precipitation,0.0,0,0,1
1767409200000,new_york,precipitation,0.0,1,0,0
1767412800000,new_york,precipitation,0.0,0,0,1
1767416400000,new_york,precipitation,0.0,0,0,1
1767420000000,new_york,precipitation,0.0,0,0,1
1767423600000,new_york,precipitation,0.0,0,0,1
1767427200000,new_york,precipitation,0.0,0,0,1
1767430800000,new_york,precipitation,0.0,0,0,1
1767434400000,new_york,precipitation,0.0,0,0,1
1767438000000,new_york,precipitation,0.0,0,0,1
1767441600000,new_york,precipitation,0.0,0,0,1
1767445200000,new_york,precipitation,0.0,0,0,1
1767448800000,new_york,precipitation,0.0,0,0,1
1767452400000,new_york,precipitation,0.0,1,0,0
1767456000000,new_york,precipitation,0.0,0,0,1
1767459600000,new_york,precipitation,0.0,0,0,1
1767463200000,new_york,precipitation,0.0,1,0,0
1767466800000,new_york,precipitation,0.0,0,0,1
1767470400000,new_york,precipitation,0.0,1,0,0
1767474000000,new_york,precipitation,0.0,1,0,0
1767477600000,new_york,precipitation,0.0,0,0,1
1767481200000,new_york,precipitation,0.0,0,0,1
1767484800000,new_york,precipitation,0.0,0,0,1
1767488400000,new_york,precipitation,0.0,0,0,1
1767492000000,new_york,precipitation,0.0,0,0,1
1767495600000,new_york,precipitation,0.0,0,0,1
1767499200000,new_york,precipitation,0.0,0,0,1
1767502800000,new_york,precipitation,0.0,0,0,1
1767506400000,new_york,precipitation,0.1,0,1,0
1767510000000,new_york,precipitation,0.1,1,1,1
1767513600000,new_york,precipitation,0.0,0,0,1
1767517200000,new_york,precipitation,0.1,0,1,0
1767520800000,new_york,precipitation,0.0,0,0,1
1767524400000,new_york,precipitation,0.0,0,0,1
1767528000000,new_york,precipitation,0.0,0,0,1
1767531600000,new_york,precipitation,0.0,0,0,1
1767535200000,new_york,precipitation,0.0,0,0,1
1767538800000,new_york,precipitation,0.0,0,0,1
1767542400000,new_york,precipitation,0.0,0,0,1
1767546000000,new_york,precipitation,0.0,0,0,1
1767549600000,new_york,precipitation,0.0,0,0,1
1767553200000,new_york,precipitation,0.0,0,0,1
1767556800000,new_york,precipitation,0.0,0,0,1
1767560400000,new_york,precipitation,0.0,1,0,0
1767564000000,new_york,precipitation,0.0,0,0,1
1767567600000,new_york,precipitation,0.0,0,0,1
1767571200000,new_york,precipitation,0.0,0,0,1
1767574800000,new_york,precipitation,0.0,0,0,1
1767578400000,new_york,precipitation,0.0,0,0,1
1767582000000,new_york,precipitation,0.0,0,0,1
1767585600000,new_york,precipitation,0.0,1,0,0
1767589200000,new_york,precipitation,0.0,0,0,1
1767592800000,new_york,precipitation,0.0,0,0,1
1767596400000,new_york,precipitation,0.0,0,0,1
1767600000000,new_york,precipitation,0.0,0,0,1
1767603600000,new_york,precipitation,0.0,0,0,1
1767607200000,new_york,precipitation,0.6,1,1,1
1767610800000,new_york,precipitation,0.1,0,1,0
1767614400000,new_york,precipitation,0.1,0,1,0
1767618000000,new_york,precipitation,0.0,0,0,1
1767621600000,new_york,precipitation,0.0,0,0,1
1767625200000,new_york,precipitation,0.0,1,0,0
1767628800000,new_york,precipitation,0.0,0,0,1
1767632400000,new_york,precipitation,0.0,0,0,1
1767636000000,new_york,precipitation,0.0,0,0,1
1767639600000,new_york,precipitation,0.0,0,0,1
1767643200000,new_york,precipitation,0.0,1,0,0
1767646800000,new_york,precipitation,0.0,0,0,1
1767650400000,new_york,precipitation,0.0,0,0,1
1767654000000,new_york,precipitation,0.0,0,0,1
1767657600000,new_york,precipitation,0.0,0,0,1
1767661200000,new_york,precipitation,0.0,0,0,1
1767664800000,new_york,precipitation,0.0,0,0,1
1767668400000,new_york,precipitation,0.0,0,0,1
1767672000000,new_york,precipitation,0.0,0,0,1
1767675600000,new_york,precipitation,0.0,0,0,1
1767679200000,new_york,precipitation,0.0,0,0,1
1767682800000,new_york,precipitation,0.0,0,0,1
1767686400000,new_york,precipitation,0.0,0,0,1
1767690000000,new_york,precipitation,0.0,0,0,1
1767693600000,new_york,precipitation,0.0,0,0,1
1767697200000,new_york,precipitation,0.0,0,0,1
1767700800000,new_york,precipitation,0.0,0,0,1
1767704400000,new_york,precipitation,0.0,0,0,1
1767708000000,new_york,precipitation,0.0,0,0,1
1767711600000,new_york,precipitation,0.0,0,0,1
1767715200000,new_york,precipitation,0.6,0,1,0
1767718800000,new_york,precipitation,0.0,0,0,1
1767722400000,new_york,precipitation,0.0,0,0,1
1767726000000,new_york,precipitation,0.0,0,0,1
1767729600000,new_york,precipitation,0.0,0,0,1
1767733200000,new_york,precipitation,0.0,0,0,1
1767736800000,new_york,precipitation,0.0,0,0,1
1767740400000,new_york,precipitation,0.0,0,0,1
1767744000000,new_york,precipitation,0.0,0,0,1
1767747600000,new_york,precipitation,0.0,0,0,1
1767751200000,new_york,precipitation,0.1,0,1,0
1767754800000,new_york,precipitation,0.2,0,1,0
1767758400000,new_york,precipitation,0.0,0,0,1
1767762000000,new_york,precipitation,0.0,0,0,1
1767765600000,new_york,precipitation,0.0,1,0,0
1767769200000,new_york,precipitation,0.0,0,0,1
1767772800000,new_york,precipitation,0.0,0,0,1
1767776400000,new_york,precipitation,0.0,0,0,1
1767780000000,new_york,precipitation,0.0,0,0,1
1767783600000,new_york,precipitation,0.0,0,0,1
1767787200000,new_york,precipitation,0.0,0,0,1
1767790800000,new_york,precipitation,0.0,0,0,1
1767794400000,new_york,precipitation,0.0,0,0,1
1767798000000,new_york,precipitation,0.0,0,0,1
1767801600000,new_york,precipitation,0.0,0,0,1
1767805200000,new_york,precipitation,0.0,0,0,1
1767808800000,new_york,precipitation,0.0,0,0,1
1767812400000,new_york,precipitation,0.0,0,0,1
1767816000000,new_york,precipitation,0.0,0,0,1
1767819600000,new_york,precipitation,0.0,0,0,1
1767823200000,new_york,precipitation,0.0,0,0,1
1767826800000,new_york,precipitation,0.0,0,0,1
1767830400000,new_york,precipitation,0.0,0,0,1
1767834000000,new_york,precipitation,0.0,0,0,1
1767837600000,new_york,precipitation,0.0,1,0,0
1767841200000,new_york,precipitation,0.0,0,0,1
1767844800000,new_york,precipitation,0.0,1,0,0
1767848400000,new_york,precipitation,0.0,1,0,0
1767852000000,new_york,precipitation,0.0,1,0,0
1767855600000,new_york,precipitation,0.0,0,0,1
1767859200000,new_york,precipitation,0.0,0,0,1
1767862800000,new_york,precipitation,0.0,1,0,0
1767866400000,new_york,precipitation,0.0,0,0,1
1767870000000,new_york,precipitation,0.0,0,0,1
1767873600000,new_york,precipitation,0.0,0,0,1
1767877200000,new_york,precipitation,0.0,0,0,1
1767880800000,new_york,precipitation,0.0,0,0,1
1767884400000,new_york,precipitation,0.0,0,0,1
1767888000000,new_york,precipitation,0.0,0,0,1
1767891600000,new_york,precipitation,0.0,0,0,1
1767895200000,new_york,precipitation,0.0,0,0,1
1767898800000,new_york,precipitation,0.0,0,0,1
1767902400000,new_york,precipitation,0.0,0,0,1
1767906000000,new_york,precipitation,0.0,0,0,1
1767909600000,new_york,precipitation,0.0,0,0,1
1767913200000,new_york,precipitation,0.0,0,0,1
1767916800000,new_york,precipitation,0.0,0,0,1
1767920400000,new_york,precipitation,0.0,0,0,1
1767924000000,new_york,precipitation,0.0,0,0,1
1767927600000,new_york,precipitation,0.0,0,0,1
1767931200000,new_york,precipitation,0.0,0,0,1
1767934800000,new_york,precipitation,0.0,0,0,1
1767938400000,new_york,precipitation,0.0,0,0,1
1767942000000,new_york,precipitation,0.0,0,0,1
1767945600000,new_york,precipitation,0.0,0,0,1
1767949200000,new_york,precipitation,0.0,0,0,1
1767952800000,new_york,precipitation,0.0,0,0,1
1767956400000,new_york,precipitation,0.0,0,0,1
1767960000000,new_york,precipitation,0.0,0,0,1
1767963600000,new_york,precipitation,0.0,0,0,1
1767967200000,new_york,precipitation,0.0,1,0,0
1767970800000,new_york,precipitation,0.0,0,0,1
1767974400000,new_york,precipitation,0.0,0,0,1
1767978000000,new_york,precipitation,0.0,0,0,1
1767981600000,new_york,precipitation,0.2,1,1,1
1767985200000,new_york,precipitation,1.7,0,1,0
1767988800000,new_york,precipitation,0.2,0,1,0
1767992400000,new_york,precipitation,1.5,0,1,0
1767996000000,new_york,precipitation,0.0,0,0,1
1767999600000,new_york,precipitation,0.0,0,0,1
1768003200000,new_york,precipitation,0.0,0,0,1
1768006800000,new_york,precipitation,0.0,0,0,1
1768010400000,new_york,precipitation,0.0,0,0,1
1768014000000,new_york,precipitation,0.0,0,0,1
1768017600000,new_york,precipitation,0.0,0,0,1
1768021200000,new_york,precipitation,0.0,0,0,1
1768024800000,new_york,precipitation,0.0,1,0,0
1768028400000,new_york,precipitation,0.0,0,0,1
1768032000000,new_york,precipitation,0.0,0,0,1
1768035600000,new_york,precipitation,0.0,0,0,1
1768039200000,new_york,precipitation,0.0,0,0,1
1768042800000,new_york,precipitation,0.0,0,0,1
1768046400000,new_york,precipitation,0.0,1,0,0
1768050000000,new_york,precipitation,0.0,0,0,1
1768053600000,new_york,precipitation,0.4,0,1,0
1768057200000,new_york,precipitation,0.9,0,1,0
1768060800000,new_york,precipitation,1.3,0,1,0
1768064400000,new_york,precipitation,2.2,0,1,0
1768068000000,new_york,precipitation,2.0,1,1,1
1768071600000,new_york,precipitation,1.8,1,1,1
1768075200000,new_york,precipitation,1.4,0,1,0
1768078800000,new_york,precipitation,2.4,0,1,0
1768082400000,new_york,precipitation,1.0,0,1,0
1768086000000,new_york,precipitation,0.1,0,1,0
1768089600000,new_york,precipitation,0.1,0,1,0
1768093200000,new_york,precipitation,0.0,0,0,1
1768096800000,new_york,precipitation,0.0,0,0,1
1768100400000,new_york,precipitation,0.2,0,1,0
1768104000000,new_york,precipitation,0.0,0,0,1
1768107600000,new_york,precipitation,0.0,0,0,1
1768111200000,new_york,precipitation,0.0,0,0,1
1768114800000,new_york,precipitation,0.0,1,0,0
1768118400000,new_york,precipitation,0.0,0,0,1
1768122000000,new_york,precipitation,0.0,0,0,1
1768125600000,new_york,precipitation,0.0,0,0,1
1768129200000,new_york,precipitation,0.0,0,0,1
1768132800000,new_york,precipitation,0.0,0,0,1
1768136400000,new_york,precipitation,0.0,0,0,1
1768140000000,new_york,precipitation,0.0,0,0,1
1768143600000,new_york,precipitation,0.0,1,0,0
1768147200000,new_york,precipitation,0.0,0,0,1
1768150800000,new_york,precipitation,0.0,0,0,1
1768154400000,new_york,precipitation,0.0,1,0,0
1768158000000,new_york,precipitation,0.0,0,0,1
1768161600000,new_york,precipitation,0.0,0,0,1
1768165200000,new_york,precipitation,0.0,0,0,1
1768168800000,new_york,precipitation,0.0,0,0,1
1768172400000,new_york,precipitation,0.0,0,0,1
1768176000000,new_york,precipitation,0.0,0,0,1
1768179600000,new_york,precipitation,0.0,1,0,0
1768183200000,new_york,precipitation,0.0,0,0,1
1768186800000,new_york,precipitation,0.0,0,0,1
1768190400000,new_york,precipitation,0.0,0,0,1
1768194000000,new_york,precipitation,0.0,0,0,1
1768197600000,new_york,precipitation,0.0,0,0,1
1768201200000,new_york,precipitation,0.0,0,0,1
1768204800000,new_york,precipitation,0.0,0,0,1
1768208400000,new_york,precipitation,0.0,0,0,1
1768212000000,new_york,precipitation,0.0,0,0,1
1768215600000,new_york,precipitation,0.0,0,0,1
1768219200000,new_york,precipitation,0.0,0,0,1
1768222800000,new_york,precipitation,0.0,0,0,1
1768226400000,new_york,precipitation,0.0,0,0,1
1768230000000,new_york,precipitation,0.0,0,0,1
1768233600000,new_york,precipitation,0.0,1,0,0
1768237200000,new_york,precipitation,0.0,0,0,1
1768240800000,new_york,precipitation,0.0,0,0,1
1768244400000,new_york,precipitation,0.0,0,0,1
1768248000000,new_york,precipitation,0.0,0,0,1
1768251600000,new_york,precipitation,0.0,0,0,1
1768255200000,new_york,precipitation,0.0,0,0,1
1768258800000,new_york,precipitation,0.0,0,0,1
1768262400000,new_york,precipitation,0.0,0,0,1
1768266000000,new_york,precipitation,0.0,0,0,1
1768269600000,new_york,precipitation,0.0,0,0,1
1768273200000,new_york,precipitation,0.0,0,0,1
1768276800000,new_york,precipitation,0.0,0,0,1
1768280400000,new_york,precipitation,0.0,0,0,1
1768284000000,new_york,precipitation,0.0,0,0,1
1768287600000,new_york,precipitation,0.0,0,0,1
1768291200000,new_york,precipitation,0.0,0,0,1
1768294800000,new_york,precipitation,0.0,0,0,1
1768298400000,new_york,precipitation,0.0,0,0,1
1768302000000,new_york,precipitation,0.0,0,0,1
1768305600000,new_york,precipitation,0.0,0,0,1
1768309200000,new_york,precipitation,0.0,0,0,1
1768312800000,new_york,precipitation,0.0,0,0,1
1768316400000,new_york,precipitation,0.0,0,0,1
1768320000000,new_york,precipitation,0.0,1,0,0
1768323600000,new_york,precipitation,0.0,1,0,0
1768327200000,new_york,precipitation,0.0,0,0,1
1768330800000,new_york,precipitation,0.0,0,0,1
1768334400000,new_york,precipitation,0.0,0,0,1
1768338000000,new_york,precipitation,0.0,0,0,1
1768341600000,new_york,precipitation,0.0,1,0,0
1768345200000,new_york,precipitation,0.0,1,0,0
1768348800000,new_york,precipitation,0.0,0,0,1
1768352400000,new_york,precipitation,0.0,0,0,1
1768356000000,new_york,precipitation,0.0,0,0,1
1768359600000,new_york,precipitation,0.0,0,0,1
1768363200000,new_york,precipitation,0.0,0,0,1
1768366800000,new_york,precipitation,0.0,1,0,0
1768370400000,new_york,precipitation,0.0,1,0,0
1768374000000,new_york,precipitation,0.0,0,0,1
1768377600000,new_york,precipitation,0.0,0,0,1
1768381200000,new_york,precipitation,0.0,0,0,1
1768384800000,new_york,precipitation,0.0,0,0,1
1768388400000,new_york,precipitation,0.0,0,0,1
1768392000000,new_york,precipitation,0.0,1,0,0
1768395600000,new_york,precipitation,0.0,1,0,0
1768399200000,new_york,precipitation,0.0,0,0,1
1768402800000,new_york,precipitation,0.0,0,0,1
1768406400000,new_york,precipitation,0.0,0,0,1
1768410000000,new_york,precipitation,0.0,0,0,1
1768413600000,new_york,precipitation,0.0,0,0,1
1768417200000,new_york,precipitation,0.1,0,1,0
1768420800000,new_york,precipitation,0.0,0,0,1
1768424400000,new_york,precipitation,0.0,0,0,1
1768428000000,new_york,precipitation,0.0,0,0,1
1768431600000,new_york,precipitation,0.0,0,0,1
1768435200000,new_york,precipitation,0.0,0,0,1
1768438800000,new_york,precipitation,0.0,0,0,1
1768442400000,new_york,precipitation,0.0,0,0,1
1768446000000,new_york,precipitation,0.0,0,0,1
1768449600000,new_york,precipitation,0.0,0,0,1
1768453200000,new_york,precipitation,0.0,0,0,1
1768456800000,new_york,precipitation,0.0,0,0,1
1768460400000,new_york,precipitation,0.0,1,0,0
1768464000000,new_york,precipitation,0.1,0,1,0
1768467600000,new_york,precipitation,0.0,0,0,1
1768471200000,new_york,precipitation,0.0,1,0,0
1768474800000,new_york,precipitation,0.0,1,0,0
1768478400000,new_york,precipitation,0.0,0,0,1
1768482000000,new_york,precipitation,0.0,0,0,1
1768485600000,new_york,precipitation,0.0,0,0,1
1768489200000,new_york,precipitation,0.0,0,0,1
1768492800000,new_york,precipitation,0.0,0,0,1
1768496400000,new_york,precipitation,0.0,0,0,1
1768500000000,new_york,precipitation,0.0,0,0,1
1768503600000,new_york,precipitation,0.0,0,0,1
1768507200000,new_york,precipitation,0.0,1,0,0
1768510800000,new_york,precipitation,0.0,0,0,1
1768514400000,new_york,precipitation,0.0,0,0,1
1768518000000,new_york,precipitation,0.0,0,0,1
1768521600000,new_york,precipitation,0.0,0,0,1
1768525200000,new_york,precipitation,0.0,1,0,0
1768528800000,new_york,precipitation,0.0,0,0,1
1768532400000,new_york,precipitation,0.0,0,0,1
1768536000000,new_york,precipitation,0.0,0,0,1
1768539600000,new_york,precipitation,0.0,0,0,1
1768543200000,new_york,precipitation,0.0,0,0,1
1768546800000,new_york,precipitation,0.0,0,0,1
1768550400000,new_york,precipitation,0.0,0,0,1
1768554000000,new_york,precipitation,0.0,0,0,1
1768557600000,new_york,precipitation,0.0,0,0,1
1768561200000,new_york,precipitation,0.0,0,0,1
1768564800000,new_york,precipitation,0.0,0,0,1
1768568400000,new_york,precipitation,0.0,0,0,1
1768572000000,new_york,precipitation,0.0,0,0,1
1768575600000,new_york,precipitation,0.0,0,0,1
1768579200000,new_york,precipitation,0.0,1,0,0
1768582800000,new_york,precipitation,0.0,0,0,1
1768586400000,new_york,precipitation,0.0,0,0,1
1768590000000,new_york,precipitation,0.0,0,0,1
1768593600000,new_york,precipitation,0.0,0,0,1
1768597200000,new_york,precipitation,0.0,0,0,1
1768600800000,new_york,precipitation,0.0,0,0,1
1768604400000,new_york,precipitation,0.0,1,0,0
1768608000000,new_york,precipitation,0.0,0,0,1
1768611600000,new_york,precipitation,0.0,1,0,0
1768615200000,new_york,precipitation,0.0,0,0,1
1768618800000,new_york,precipitation,0.0,0,0,1
1768622400000,new_york,precipitation,0.1,0,1,0
1768626000000,new_york,precipitation,0.6,0,1,0
1768629600000,new_york,precipitation,0.0,0,0,1
1768633200000,new_york,precipitation,0.0,0,0,1
1768636800000,new_york,precipitation,0.0,0,0,1
1768640400000,new_york,precipitation,0.0,0,0,1
1768644000000,new_york,precipitation,0.0,0,0,1
1768647600000,new_york,precipitation,0.2,0,1,0
1768651200000,new_york,precipitation,0.2,0,1,0
1768654800000,new_york,precipitation,0.3,0,1,0
1768658400000,new_york,precipitation,1.5,0,1,0
1768662000000,new_york,precipitation,1.6,1,1,1
1768665600000,new_york,precipitation,0.2,1,1,1
1768669200000,new_york,precipitation,0.0,0,0,1
1768672800000,new_york,precipitation,0.0,0,0,1
1768676400000,new_york,precipitation,0.0,0,0,1
1768680000000,new_york,precipitation,0.0,0,0,1
1768683600000,new_york,precipitation,0.0,1,0,0
1768687200000,new_york,precipitation,0.0,0,0,1
1768690800000,new_york,precipitation,0.0,1,0,0
1768694400000,new_york,precipitation,0.0,0,0,1
1768698000000,new_york,precipitation,0.0,0,0,1
1768701600000,new_york,precipitation,0.0,0,0,1
1768705200000,new_york,precipitation,0.0,0,0,1
1768708800000,new_york,precipitation,0.0,0,0,1
1768712400000,new_york,precipitation,0.0,0,0,1
1768716000000,new_york,precipitation,0.0,0,0,1
1768719600000,new_york,precipitation,0.1,0,1,0
1768723200000,new_york,precipitation,0.3,0,1,0
1768726800000,new_york,precipitation,0.9,0,1,0
1768730400000,new_york,precipitation,0.9,0,1,0
1768734000000,new_york,precipitation,0.5,0,1,0
1768737600000,new_york,precipitation,0.3,0,1,0
1768741200000,new_york,precipitation,0.5,0,1,0
1768744800000,new_york,precipitation,0.6,0,1,0
1768748400000,new_york,precipitation,0.5,1,1,1
1768752000000,new_york,precipitation,0.4,1,1,1
1768755600000,new_york,precipitation,0.4,0,1,0
1768759200000,new_york,precipitation,0.3,0,1,0
1768762800000,new_york,precipitation,0.5,0,1,0
1768766400000,new_york,precipitation,0.7,0,1,0
1768770000000,new_york,precipitation,1.3,0,1,0
1768773600000,new_york,precipitation,0.8,1,1,1
1768777200000,new_york,precipitation,0.2,0,1,0
1768780800000,new_york,precipitation,0.0,1,0,0
1768784400000,new_york,precipitation,0.0,0,0,1
1768788000000,new_york,precipitation,0.0,0,0,1
1768791600000,new_york,precipitation,0.0,0,0,1
1768795200000,new_york,precipitation,0.0,0,0,1
1768798800000,new_york,precipitation,0.0,0,0,1
1768802400000,new_york,precipitation,0.0,0,0,1
1768806000000,new_york,precipitation,0.0,0,0,1
1768809600000,new_york,precipitation,0.0,0,0,1
1768813200000,new_york,precipitation,0.0,0,0,1
1768816800000,new_york,precipitation,0.0,0,0,1
1768820400000,new_york,precipitation,0.0,0,0,1
1768824000000,new_york,precipitation,0.0,0,0,1
1768827600000,new_york,precipitation,0.0,0,0,1
1768831200000,new_york,precipitation,0.0,0,0,1
1768834800000,new_york,precipitation,0.0,0,0,1
1768838400000,new_york,precipitation,0.0,0,0,1
1768842000000,new_york,precipitation,0.0,0,0,1
1768845600000,new_york,precipitation,0.0,0,0,1
1768849200000,new_york,precipitation,0.0,0,0,1
1768852800000,new_york,precipitation,0.0,1,0,0
1768856400000,new_york,precipitation,0.0,1,0,0
1768860000000,new_york,precipitation,0.0,0,0,1
1768863600000,new_york,precipitation,0.0,0,0,1
1768867200000,new_york,precipitation,0.0,0,0,1
1768870800000,new_york,precipitation,0.0,0,0,1
1768874400000,new_york,precipitation,0.0,0,0,1
1768878000000,new_york,precipitation,0.0,0,0,1
1768881600000,new_york,precipitation,0.0,1,0,0
1768885200000,new_york,precipitation,0.0,1,0,0
1768888800000,new_york,precipitation,0.0,0,0,1
1768892400000,new_york,precipitation,0.0,0,0,1
1768896000000,new_york,precipitation,0.0,0,0,1
1768899600000,new_york,precipitation,0.0,0,0,1
1768903200000,new_york,precipitation,0.0,0,0,1
1768906800000,new_york,precipitation,0.0,1,0,0
1768910400000,new_york,precipitation,0.0,0,0,1
1768914000000,new_york,precipitation,0.0,0,0,1
1768917600000,new_york,precipitation,0.0,0,0,1
1768921200000,new_york,precipitation,0.0,1,0,0
1768924800000,new_york,precipitation,0.0,0,0,1
1768928400000,new_york,precipitation,0.0,0,0,1
1768932000000,new_york,precipitation,0.0,1,0,0
1768935600000,new_york,precipitation,0.0,0,0,1
1768939200000,new_york,precipitation,0.0,0,0,1
1768942800000,new_york,precipitation,0.0,1,0,0
1768946400000,new_york,precipitation,0.0,0,0,1
1768950000000,new_york,precipitation,0.0,0,0,1
1768953600000,new_york,precipitation,0.0,0,0,1
1768957200000,new_york,precipitation,0.0,0,0,1
1768960800000,new_york,precipitation,0.0,0,0,1
1768964400000,new_york,precipitation,0.0,0,0,1
1768968000000,new_york,precipitation,0.0,0,0,1
1768971600000,new_york,precipitation,0.0,0,0,1
1768975200000,new_york,precipitation,0.0,1,0,0
1768978800000,new_york,precipitation,0.0,0,0,1
1768982400000,new_york,precipitation,0.0,1,0,0
1768986000000,new_york,precipitation,0.0,0,0,1
1768989600000,new_york,precipitation,0.0,0,0,1
1768993200000,new_york,precipitation,0.0,0,0,1
1768996800000,new_york,precipitation,0.0,0,0,1
1769000400000,new_york,precipitation,0.0,0,0,1
1769004000000,new_york,precipitation,0.0,0,0,1
1769007600000,new_york,precipitation,0.0,0,0,1
1769011200000,new_york,precipitation,0.0,0,0,1
1769014800000,new_york,precipitation,0.0,0,0,1
1769018400000,new_york,precipitation,0.0,0,0,1
1769022000000,new_york,precipitation,0.0,1,0,0
1769025600000,new_york,precipitation,0.0,0,0,1
1769029200000,new_york,precipitation,0.0,0,0,1
1769032800000,new_york,precipitation,0.0,1,0,0
1769036400000,new_york,precipitation,0.0,0,0,1
1769040000000,new_york,precipitation,0.1,1,1,1
1769043600000,new_york,precipitation,0.1,0,1,0
1769047200000,new_york,precipitation,0.0,0,0,1
1769050800000,new_york,precipitation,0.0,0,0,1
1769054400000,new_york,precipitation,0.0,0,0,1
1769058000000,new_york,precipitation,0.0,0,0,1
1769061600000,new_york,precipitation,0.0,1,0,0
1769065200000,new_york,precipitation,0.0,1,0,0
1769068800000,new_york,precipitation,0.0,0,0,1
1769072400000,new_york,precipitation,0.0,0,0,1
1769076000000,new_york,precipitation,0.0,0,0,1
1769079600000,new_york,precipitation,0.0,0,0,1
1769083200000,new_york,precipitation,0.0,0,0,1
1769086800000,new_york,precipitation,0.0,0,0,1
1769090400000,new_york,precipitation,0.0,0,0,1
1769094000000,new_york,precipitation,0.0,0,0,1
1769097600000,new_york,precipitation,0.0,1,0,0
1769101200000,new_york,precipitation,0.0,0,0,1
1769104800000,new_york,precipitation,0.0,0,0,1
1769108400000,new_york,precipitation,0.0,0,0,1
1769112000000,new_york,precipitation,0.0,0,0,1
1769115600000,new_york,precipitation,0.0,0,0,1
1769119200000,new_york,precipitation,0.0,1,0,0
1769122800000,new_york,precipitation,0.0,0,0,1
1769126400000,new_york,precipitation,0.0,0,0,1
1769130000000,new_york,precipitation,0.0,1,0,0
1769133600000,new_york,precipitation,0.0,1,0,0
1769137200000,new_york,precipitation,0.0,0,0,1
1769140800000,new_york,precipitation,0.0,0,0,1
1769144400000,new_york,precipitation,0.0,1,0,0
1769148000000,new_york,precipitation,0.0,1,0,0
1769151600000,new_york,precipitation,0.0,0,0,1
1769155200000,new_york,precipitation,0.0,0,0,1
1769158800000,new_york,precipitation,0.0,0,0,1
1769162400000,new_york,precipitation,0.0,0,0,1
1769166000000,new_york,precipitation,0.0,0,0,1
1769169600000,new_york,precipitation,0.0,0,0,1
1769173200000,new_york,precipitation,0.0,0,0,1
1769176800000,new_york,precipitation,0.0,0,0,1
1769180400000,new_york,precipitation,0.0,0,0,1
1769184000000,new_york,precipitation,0.0,0,0,1
1769187600000,new_york,precipitation,0.0,0,0,1
1769191200000,new_york,precipitation,0.0,1,0,0
1769194800000,new_york,precipitation,0.0,0,0,1
1769198400000,new_york,precipitation,0.0,0,0,1
1769202000000,new_york,precipitation,0.0,0,0,1
1769205600000,new_york,precipitation,0.0,0,0,1
1769209200000,new_york,precipitation,0.0,1,0,0
1769212800000,new_york,precipitation,0.0,0,0,1
1769216400000,new_york,precipitation,0.0,0,0,1
1769220000000,new_york,precipitation,0.0,0,0,1
1769223600000,new_york,precipitation,0.0,0,0,1
1769227200000,new_york,precipitation,0.0,0,0,1
1769230800000,new_york,precipitation,0.0,0,0,1
1769234400000,new_york,precipitation,0.0,0,0,1
1769238000000,new_york,precipitation,0.0,0,0,1
1769241600000,new_york,precipitation,0.0,0,0,1
1769245200000,new_york,precipitation,0.0,0,0,1
1769248800000,new_york,precipitation,0.0,0,0,1
1769252400000,new_york,precipitation,0.0,1,0,0
1769256000000,new_york,precipitation,0.0,0,0,1
1769259600000,new_york,precipitation,0.0,0,0,1
1769263200000,new_york,precipitation,0.0,0,0,1
1769266800000,new_york,precipitation,0.0,0,0,1
1769270400000,new_york,precipitation,0.0,0,0,1
1769274000000,new_york,precipitation,0.0,1,0,0
1769277600000,new_york,precipitation,0.0,0,0,1
1769281200000,new_york,precipitation,0.0,1,0,0
1769284800000,new_york,precipitation,0.0,0,0,1
1769288400000,new_york,precipitation,0.0,0,0,1
1769292000000,new_york,precipitation,0.0,0,0,1
1769295600000,new_york,precipitation,0.0,0,0,1
1769299200000,new_york,precipitation,0.0,0,0,1
1769302800000,new_york,precipitation,0.0,1,0,0
1769306400000,new_york,precipitation,0.0,0,0,1
1769310000000,new_york,precipitation,0.0,0,0,1
1769313600000,new_york,precipitation,0.0,0,0,1
1769317200000,new_york,precipitation,0.0,0,0,1
1769320800000,new_york,precipitation,0.1,0,1,0
1769324400000,new_york,precipitation,0.2,0,1,0
1769328000000,new_york,precipitation,0.2,0,1,0
1769331600000,new_york,precipitation,1.1,0,1,0
1769335200000,new_york,precipitation,1.7,0,1,0
1769338800000,new_york,precipitation,2.2,0,1,0
1769342400000,new_york,precipitation,2.9,0,1,0
1769346000000,new_york,precipitation,3.1,0,1,0
1769349600000,new_york,precipitation,3.5,0,1,0
1769353200000,new_york,precipitation,2.9,0,1,0
1769356800000,new_york,precipitation,2.9,0,1,0
1769360400000,new_york,precipitation,3.5,0,1,0
1769364000000,new_york,precipitation,1.9,0,1,0
1769367600000,new_york,precipitation,2.0,1,1,1
1769371200000,new_york,precipitation,1.8,0,1,0
1769374800000,new_york,precipitation,1.5,0,1,0
1769378400000,new_york,precipitation,1.2,0,1,0
1769382000000,new_york,precipitation,0.4,0,1,0
1769385600000,new_york,precipitation,0.2,0,1,0
1769389200000,new_york,precipitation,0.1,1,1,1
1769392800000,new_york,precipitation,0.0,0,0,1
1769396400000,new_york,precipitation,0.0,0,0,1
1769400000000,new_york,precipitation,0.0,0,0,1
1769403600000,new_york,precipitation,0.0,1,0,0
1769407200000,new_york,precipitation,0.0,0,0,1
1769410800000,new_york,precipitation,0.0,0,0,1
1769414400000,new_york,precipitation,0.0,0,0,1
1769418000000,new_york,precipitation,0.0,0,0,1
1769421600000,new_york,precipitation,0.0,0,0,1
1769425200000,new_york,precipitation,0.1,0,1,0
1769428800000,new_york,precipitation,0.0,1,0,0
1769432400000,new_york,precipitation,0.0,0,0,1
1769436000000,new_york,precipitation,0.0,1,0,0
1769439600000,new_york,precipitation,0.0,0,0,1
1769443200000,new_york,precipitation,0.0,1,0,0
1769446800000,new_york,precipitation,0.0,0,0,1
1769450400000,new_york,precipitation,0.0,0,0,1
1769454000000,new_york,precipitation,0.0,0,0,1
1769457600000,new_york,precipitation,0.0,0,0,1
1769461200000,new_york,precipitation,0.0,0,0,1
1769464800000,new_york,precipitation,0.0,0,0,1
1769468400000,new_york,precipitation,0.0,0,0,1
1769472000000,new_york,precipitation,0.0,1,0,0
1769475600000,new_york,precipitation,0.0,0,0,1
1769479200000,new_york,precipitation,0.0,0,0,1
1769482800000,new_york,precipitation,0.0,0,0,1
1769486400000,new_york,precipitation,0.0,1,0,0
1769490000000,new_york,precipitation,0.0,1,0,0
1769493600000,new_york,precipitation,0.0,0,0,1
1769497200000,new_york,precipitation,0.0,0,0,1
1769500800000,new_york,precipitation,0.0,0,0,1
1769504400000,new_york,precipitation,0.0,1,0,0
1769508000000,new_york,precipitation,0.0,0,0,1
1769511600000,new_york,precipitation,0.0,1,0,0
1769515200000,new_york,precipitation,0.0,0,0,1
1769518800000,new_york,precipitation,0.0,1,0,0
1769522400000,new_york,precipitation,0.0,0,0,1
1769526000000,new_york,precipitation,0.0,0,0,1
1769529600000,new_york,precipitation,0.0,1,0,0
1769533200000,new_york,precipitation,0.1,0,1,0
1769536800000,new_york,precipitation,0.0,0,0,1
1769540400000,new_york,precipitation,0.0,0,0,1
1769544000000,new_york,precipitation,0.0,0,0,1
1769547600000,new_york,precipitation,0.0,0,0,1
1769551200000,new_york,precipitation,0.0,0,0,1
1769554800000,new_york,precipitation,0.0,0,0,1
1769558400000,new_york,precipitation,0.0,0,0,1
1769562000000,new_york,precipitation,0.0,1,0,0
1769565600000,new_york,precipitation,0.0,0,0,1
1769569200000,new_york,precipitation,0.0,1,0,0
1769572800000,new_york,precipitation,0.0,0,0,1
1769576400000,new_york,precipitation,0.0,1,0,0
1769580000000,new_york,precipitation,0.0,0,0,1
1769583600000,new_york,precipitation,0.0,0,0,1
1769587200000,new_york,precipitation,0.0,0,0,1
1769590800000,new_york,precipitation,0.0,0,0,1
1769594400000,new_york,precipitation,0.0,0,0,1
1769598000000,new_york,precipitation,0.0,1,0,0
1769601600000,new_york,precipitation,0.0,0,0,1
1769605200000,new_york,precipitation,0.0,1,0,0
1769608800000,new_york,precipitation,0.0,0,0,1
1769612400000,new_york,precipitation,0.0,0,0,1
1769616000000,new_york,precipitation,0.0,0,0,1
1769619600000,new_york,precipitation,0.0,0,0,1
1769623200000,new_york,precipitation,0.0,0,0,1
1769626800000,new_york,precipitation,0.0,0,0,1
1769630400000,new_york,precipitation,0.0,0,0,1
1769634000000,new_york,precipitation,0.0,0,0,1
1769637600000,new_york,precipitation,0.0,1,0,0
1769641200000,new_york,precipitation,0.0,0,0,1
1769644800000,new_york,precipitation,0.0,1,0,0
1769648400000,new_york,precipitation,0.0,0,0,1
1769652000000,new_york,precipitation,0.0,1,0,0
1769655600000,new_york,precipitation,0.0,0,0,1
1769659200000,new_york,precipitation,0.0,0,0,1
1769662800000,new_york,precipitation,0.0,0,0,1
1769666400000,new_york,precipitation,0.0,0,0,1
1769670000000,new_york,precipitation,0.0,0,0,1
1769673600000,new_york,precipitation,0.0,0,0,1
1769677200000,new_york,precipitation,0.0,0,0,1
1769680800000,new_york,precipitation,0.0,0,0,1
1769684400000,new_york,precipitation,0.0,0,0,1
1769688000000,new_york,precipitation,0.0,0,0,1
1769691600000,new_york,precipitation,0.0,1,0,0
1769695200000,new_york,precipitation,0.0,0,0,1
1769698800000,new_york,precipitation,0.0,0,0,1
1769702400000,new_york,precipitation,0.0,1,0,0
1769706000000,new_york,precipitation,0.0,0,0,1
1769709600000,new_york,precipitation,0.0,0,0,1
1769713200000,new_york,precipitation,0.0,1,0,0
1769716800000,new_york,precipitation,0.0,0,0,1
1769720400000,new_york,precipitation,0.0,0,0,1
1769724000000,new_york,precipitation,0.0,1,0,0
1769727600000,new_york,precipitation,0.0,0,0,1
1769731200000,new_york,precipitation,0.0,0,0,1
1769734800000,new_york,precipitation,0.0,0,0,1
1769738400000,new_york,precipitation,0.0,0,0,1
1769742000000,new_york,precipitation,0.0,0,0,1
1769745600000,new_york,precipitation,0.0,1,0,0
1769749200000,new_york,precipitation,0.0,0,0,1
1769752800000,new_york,precipitation,0.0,0,0,1
1769756400000,new_york,precipitation,0.0,0,0,1
1769760000000,new_york,precipitation,0.0,0,0,1
1769763600000,new_york,precipitation,0.0,0,0,1
1769767200000,new_york,precipitation,0.0,0,0,1
1769770800000,new_york,precipitation,0.0,1,0,0
1769774400000,new_york,precipitation,0.0,1,0,0
1769778000000,new_york,precipitation,0.0,0,0,1
1769781600000,new_york,precipitation,0.0,0,0,1
1769785200000,new_york,precipitation,0.0,0,0,1
1769788800000,new_york,precipitation,0.0,0,0,1
1769792400000,new_york,precipitation,0.0,0,0,1
1769796000000,new_york,precipitation,0.0,0,0,1
1769799600000,new_york,precipitation,0.0,0,0,1
1769803200000,new_york,precipitation,0.0,0,0,1
1769806800000,new_york,precipitation,0.0,0,0,1
1769810400000,new_york,precipitation,0.0,0,0,1
1769814000000,new_york,precipitation,0.0,1,0,0
1769817600000,new_york,precipitation,0.0,0,0,1
1769821200000,new_york,precipitation,0.0,0,0,1
1769824800000,new_york,precipitation,0.0,0,0,1
1769828400000,new_york,precipitation,0.0,0,0,1
1769832000000,new_york,precipitation,0.0,0,0,1
1769835600000,new_york,precipitation,0.0,0,0,1
1769839200000,new_york,precipitation,0.0,0,0,1
1769842800000,new_york,precipitation,0.0,0,0,1
1769846400000,new_york,precipitation,0.0,1,0,0
1769850000000,new_york,precipitation,0.0,1,0,0
1769853600000,new_york,precipitation,0.0,0,0,1
1769857200000,new_york,precipitation,0.0,0,0,1
1769860800000,new_york,precipitation,0.0,0,0,1
1769864400000,new_york,precipitation,0.0,1,0,0
1769868000000,new_york,precipitation,0.0,0,0,1
1769871600000,new_york,precipitation,0.0,0,0,1
1769875200000,new_york,precipitation,0.0,1,0,0
1769878800000,new_york,precipitation,0.0,0,0,1
1769882400000,new_york,precipitation,0.0,1,0,0
1769886000000,new_york,precipitation,0.0,1,0,0
1769889600000,new_york,precipitation,0.0,0,0,1
1769893200000,new_york,precipitation,0.0,0,0,1
1769896800000,new_york,precipitation,0.0,0,0,1
1769900400000,new_york,precipitation,0.0,0,0,1
1769904000000,new_york,precipitation,0.0,1,0,0
1769907600000,new_york,precipitation,0.0,0,0,1
1769911200000,new_york,precipitation,0.0,0,0,1
1769914800000,new_york,precipitation,0.0,1,0,0
1769918400000,new_york,precipitation,0.0,0,0,1
1769922000000,new_york,precipitation,0.0,0,0,1
1769925600000,new_york,precipitation,0.0,0,0,1
1769929200000,new_york,precipitation,0.0,0,0,1
1769932800000,new_york,precipitation,0.0,0,0,1
1769936400000,new_york,precipitation,0.0,0,0,1
1769940000000,new_york,precipitation,0.0,0,0,1
1769943600000,new_york,precipitation,0.0,1,0,0
1769947200000,new_york,precipitation,0.0,1,0,0
1769950800000,new_york,precipitation,0.0,0,0,1
1769954400000,new_york,precipitation,0.0,0,0,1
1769958000000,new_york,precipitation,0.0,1,0,0
1769961600000,new_york,precipitation,0.0,0,0,1
1769965200000,new_york,precipitation,0.0,0,0,1
1769968800000,new_york,precipitation,0.0,0,0,1
1769972400000,new_york,precipitation,0.0,0,0,1
1769976000000,new_york,precipitation,0.0,1,0,0
1769979600000,new_york,precipitation,0.0,0,0,1
1769983200000,new_york,precipitation,0.0,0,0,1
1769986800000,new_york,precipitation,0.0,0,0,1
1769990400000,new_york,precipitation,0.0,0,0,1
1769994000000,new_york,precipitation,0.0,0,0,1
1769997600000,new_york,precipitation,0.0,0,0,1
1770001200000,new_york,precipitation,0.0,0,0,1
1770004800000,new_york,precipitation,0.0,0,0,1
1770008400000,new_york,precipitation,0.0,0,0,1
1770012000000,new_york,precipitation,0.0,0,0,1
1770015600000,new_york,precipitation,0.0,0,0,1
1770019200000,new_york,precipitation,0.0,0,0,1
1770022800000,new_york,precipitation,0.0,0,0,1
1770026400000,new_york,precipitation,0.0,0,0,1
1770030000000,new_york,precipitation,0.0,0,0,1
1770033600000,new_york,precipitation,0.0,0,0,1
1770037200000,new_york,precipitation,0.0,0,0,1
1770040800000,new_york,precipitation,0.0,0,0,1
1770044400000,new_york,precipitation,0.0,0,0,1
1770048000000,new_york,precipitation,0.0,0,0,1
1770051600000,new_york,precipitation,0.0,0,0,1
1770055200000,new_york,precipitation,0.0,0,0,1
1770058800000,new_york,precipitation,0.0,1,0,0
1770062400000,new_york,precipitation,0.0,0,0,1
1770066000000,new_york,precipitation,0.0,0,0,1
1770069600000,new_york,precipitation,0.0,0,0,1
1770073200000,new_york,precipitation,0.0,0,0,1
1770076800000,new_york,precipitation,0.0,0,0,1
1770080400000,new_york,precipitation,0.0,0,0,1
1770084000000,new_york,precipitation,0.0,0,0,1
1770087600000,new_york,precipitation,0.0,0,0,1
1770091200000,new_york,precipitation,0.0,0,0,1
1770094800000,new_york,precipitation,0.0,0,0,1
1770098400000,new_york,precipitation,0.0,1,0,0
1770102000000,new_york,precipitation,0.0,0,0,1
1770105600000,new_york,precipitation,0.0,0,0,1
1770109200000,new_york,precipitation,0.0,1,0,0
1770112800000,new_york,precipitation,0.0,0,0,1
1770116400000,new_york,precipitation,0.0,0,0,1
1770120000000,new_york,precipitation,0.0,1,0,0
1770123600000,new_york,precipitation,0.0,0,0,1
1770127200000,new_york,precipitation,0.0,1,0,0
1770130800000,new_york,precipitation,0.0,1,0,0
1770134400000,new_york,precipitation,0.0,0,0,1
1770138000000,new_york,precipitation,0.0,1,0,0
1770141600000,new_york,precipitation,0.0,0,0,1
1770145200000,new_york,precipitation,0.0,0,0,1
1770148800000,new_york,precipitation,0.0,1,0,0
1770152400000,new_york,precipitation,0.0,1,0,0
1770156000000,new_york,precipitation,0.0,0,0,1
1770159600000,new_york,precipitation,0.0,1,0,0
1770163200000,new_york,precipitation,0.0,0,0,1
1770166800000,new_york,precipitation,0.0,0,0,1
1770170400000,new_york,precipitation,0.0,0,0,1
1770174000000,new_york,precipitation,0.0,0,0,1
1770177600000,new_york,precipitation,0.0,0,0,1
1770181200000,new_york,precipitation,0.0,0,0,1
1770184800000,new_york,precipitation,0.0,0,0,1
1770188400000,new_york,precipitation,0.0,0,0,1
1770192000000,new_york,precipitation,0.0,0,0,1
1770195600000,new_york,precipitation,0.0,0,0,1
1770199200000,new_york,precipitation,0.0,0,0,1
1770202800000,new_york,precipitation,0.0,0,0,1
1770206400000,new_york,precipitation,0.0,0,0,1
1770210000000,new_york,precipitation,0.0,0,0,1
1770213600000,new_york,precipitation,0.0,0,0,1
1770217200000,new_york,precipitation,0.0,0,0,1
1770220800000,new_york,precipitation,0.0,0,0,1
1770224400000,new_york,precipitation,0.0,0,0,1
1770228000000,new_york,precipitation,0.0,1,0,0
1770231600000,new_york,precipitation,0.0,1,0,0
1770235200000,new_york,precipitation,0.0,0,0,1
1770238800000,new_york,precipitation,0.0,0,0,1
1770242400000,new_york,precipitation,0.0,0,0,1
1770246000000,new_york,precipitation,0.0,0,0,1
1770249600000,new_york,precipitation,0.0,0,0,1
1770253200000,new_york,precipitation,0.0,0,0,1
1770256800000,new_york,precipitation,0.0,0,0,1
1770260400000,new_york,precipitation,0.0,0,0,1
1770264000000,new_york,precipitation,0.0,0,0,1
1770267600000,new_york,precipitation,0.0,0,0,1
1770271200000,new_york,precipitation,0.0,0,0,1
1770274800000,new_york,precipitation,0.0,0,0,1
1770278400000,new_york,precipitation,0.0,1,0,0
1770282000000,new_york,precipitation,0.0,0,0,1
1770285600000,new_york,precipitation,0.0,0,0,1
1770289200000,new_york,precipitation,0.0,1,0,0
1770292800000,new_york,precipitation,0.0,0,0,1
1770296400000,new_york,precipitation,0.0,0,0,1
1770300000000,new_york,precipitation,0.0,1,0,0
1770303600000,new_york,precipitation,0.0,1,0,0
1770307200000,new_york,precipitation,0.0,0,0,1
1770310800000,new_york,precipitation,0.0,0,0,1
1770314400000,new_york,precipitation,0.0,0,0,1
1770318000000,new_york,precipitation,0.0,0,0,1
1770321600000,new_york,precipitation,0.0,0,0,1
1770325200000,new_york,precipitation,0.0,0,0,1
1770328800000,new_york,precipitation,0.0,0,0,1
1770332400000,new_york,precipitation,0.0,0,0,1
1770336000000,new_york,precipitation,0.0,0,0,1
1770339600000,new_york,precipitation,0.0,0,0,1
1770343200000,new_york,precipitation,0.0,0,0,1
1770346800000,new_york,precipitation,0.0,0,0,1
1770350400000,new_york,precipitation,0.0,0,0,1
1770354000000,new_york,precipitation,0.0,0,0,1
1770357600000,new_york,precipitation,0.0,0,0,1
1770361200000,new_york,precipitation,0.0,0,0,1
1770364800000,new_york,precipitation,0.0,0,0,1
1770368400000,new_york,precipitation,0.0,0,0,1
1770372000000,new_york,precipitation,0.0,0,0,1
1770375600000,new_york,precipitation,0.0,0,0,1
1770379200000,new_york,precipitation,0.0,0,0,1
1770382800000,new_york,precipitation,0.0,1,0,0
1770386400000,new_york,precipitation,0.0,0,0,1
1770390000000,new_york,precipitation,0.0,1,0,0
1770393600000,new_york,precipitation,0.0,0,0,1
1770397200000,new_york,precipitation,0.0,0,0,1
1770400800000,new_york,precipitation,0.0,0,0,1
1770404400000,new_york,precipitation,0.0,0,0,1
1770408000000,new_york,precipitation,0.0,0,0,1
1770411600000,new_york,precipitation,0.0,0,0,1
1770415200000,new_york,precipitation,0.1,0,1,0
1770418800000,new_york,precipitation,0.1,0,1,0
1770422400000,new_york,precipitation,0.1,0,1,0
1770426000000,new_york,precipitation,0.1,0,1,0
1770429600000,new_york,precipitation,0.1,0,1,0
1770433200000,new_york,precipitation,0.1,0,1,0
1770436800000,new_york,precipitation,0.0,0,0,1
1770440400000,new_york,precipitation,0.4,0,1,0
1770444000000,new_york,precipitation,0.1078323847594988,1,1,1
1770447600000,new_york,precipitation,0.0,0,0,1
1770451200000,new_york,precipitation,0.0,0,0,1
1770454800000,new_york,precipitation,0.0,1,0,0
1770458400000,new_york,precipitation,0.0,0,0,1
1770462000000,new_york,precipitation,0.0,0,0,1
1770465600000,new_york,precipitation,0.0,0,0,1
1770469200000,new_york,precipitation,0.0,0,0,1
1770472800000,new_york,precipitation,0.0,0,0,1
1770476400000,new_york,precipitation,0.0,0,0,1
1770480000000,new_york,precipitation,0.0,0,0,1
1770483600000,new_york,precipitation,0.0,0,0,1
1770487200000,new_york,precipitation,0.0,1,0,0
1770490800000,new_york,precipitation,0.0,0,0,1
1770494400000,new_york,precipitation,0.0,0,0,1
1770498000000,new_york,precipitation,0.0,0,0,1
1770501600000,new_york,precipitation,0.0,0,0,1
1770505200000,new_york,precipitation,0.0,1,0,0
1770508800000,new_york,precipitation,0.0,0,0,1
1770512400000,new_york,precipitation,0.0,0,0,1
1770516000000,new_york,precipitation,0.0,0,0,1
1770519600000,new_york,precipitation,0.0,0,0,1
1770523200000,new_york,precipitation,0.0,0,0,1
1770526800000,new_york,precipitation,0.0,0,0,1
1770530400000,new_york,precipitation,0.0,0,0,1
1770534000000,new_york,precipitation,0.0,0,0,1
1770537600000,new_york,precipitation,0.0,0,0,1
1770541200000,new_york,precipitation,0.0,0,0,1
1770544800000,new_york,precipitation,0.0,0,0,1
1770548400000,new_york,precipitation,0.0,0,0,1
1770552000000,new_york,precipitation,0.0,0,0,1
1770555600000,new_york,precipitation,0.0,0,0,1
1770559200000,new_york,precipitation,0.0,0,0,1
1770562800000,new_york,precipitation,0.0,0,0,1
1770566400000,new_york,precipitation,0.0,1,0,0
1770570000000,new_york,precipitation,0.0,0,0,1
1770573600000,new_york,precipitation,0.0,0,0,1
1770577200000,new_york,precipitation,0.0,0,0,1
1770580800000,new_york,precipitation,0.0,0,0,1
1770584400000,new_york,precipitation,0.0,0,0,1
1770588000000,new_york,precipitation,0.0,1,0,0
1770591600000,new_york,precipitation,0.0,0,0,1
1770595200000,new_york,precipitation,0.0,0,0,1
1770598800000,new_york,precipitation,0.0,0,0,1
1770602400000,new_york,precipitation,0.0,0,0,1
1770606000000,new_york,precipitation,0.0,0,0,1
1770609600000,new_york,precipitation,0.0,0,0,1
1770613200000,new_york,precipitation,0.0,0,0,1
1770616800000,new_york,precipitation,0.0,0,0,1
1770620400000,new_york,precipitation,0.0,0,0,1
1770624000000,new_york,precipitation,0.0,0,0,1
1770627600000,new_york,precipitation,0.0,1,0,0
1770631200000,new_york,precipitation,0.0,1,0,0
1770634800000,new_york,precipitation,0.0,0,0,1
1770638400000,new_york,precipitation,0.0,0,0,1
1770642000000,new_york,precipitation,0.0,0,0,1
1770645600000,new_york,precipitation,0.0,0,0,1
1770649200000,new_york,precipitation,0.0,0,0,1
1770652800000,new_york,precipitation,0.0,0,0,1
1770656400000,new_york,precipitation,0.0,0,0,1
1770660000000,new_york,precipitation,0.0,0,0,1
1770663600000,new_york,precipitation,0.0,0,0,1
1770667200000,new_york,precipitation,0.0,0,0,1
1770670800000,new_york,precipitation,0.0,0,0,1
1770674400000,new_york,precipitation,0.0,0,0,1
1770678000000,new_york,precipitation,0.0,0,0,1
1770681600000,new_york,precipitation,0.0,0,0,1
1770685200000,new_york,precipitation,0.0,0,0,1
1770688800000,new_york,precipitation,0.0,0,0,1
1770692400000,new_york,precipitation,0.0,1,0,0
1770696000000,new_york,precipitation,0.0,0,0,1
1770699600000,new_york,precipitation,0.0,0,0,1
1770703200000,new_york,precipitation,0.0,0,0,1
1770706800000,new_york,precipitation,0.0,0,0,1
1770710400000,new_york,precipitation,0.0,1,0,0
1770714000000,new_york,precipitation,0.0,0,0,1
1770717600000,new_york,precipitation,0.0,0,0,1
1770721200000,new_york,precipitation,0.0,0,0,1
1770724800000,new_york,precipitation,0.0,0,0,1
1770728400000,new_york,precipitation,0.0,0,0,1
1770732000000,new_york,precipitation,0.0,0,0,1
1770735600000,new_york,precipitation,0.0,0,0,1
1770739200000,new_york,precipitation,0.0,0,0,1
1770742800000,new_york,precipitation,0.0,0,0,1
1770746400000,new_york,precipitation,0.0,0,0,1
1770750000000,new_york,precipitation,0.0,1,0,0
1770753600000,new_york,precipitation,0.0,1,0,0
1770757200000,new_york,precipitation,0.0,0,0,1
1770760800000,new_york,precipitation,0.0,1,0,0
1770764400000,new_york,precipitation,0.0,0,0,1
1770768000000,new_york,precipitation,0.0,0,0,1
1770771600000,new_york,precipitation,0.0,0,0,1
1770775200000,new_york,precipitation,0.3,0,1,0
1770778800000,new_york,precipitation,0.0,0,0,1
1770782400000,new_york,precipitation,0.0,0,0,1
1770786000000,new_york,precipitation,0.0,0,0,1
1770789600000,new_york,precipitation,0.0,0,0,1
1770793200000,new_york,precipitation,0.0,0,0,1
1770796800000,new_york,precipitation,0.0,0,0,1
1770800400000,new_york,precipitation,0.0,0,0,1
1770804000000,new_york,precipitation,0.0,0,0,1
1770807600000,new_york,precipitation,0.0,1,0,0
1770811200000,new_york,precipitation,0.0,0,0,1
1770814800000,new_york,precipitation,0.0,1,0,0
1770818400000,new_york,precipitation,0.0,0,0,1
1770822000000,new_york,precipitation,0.0,0,0,1
1770825600000,new_york,precipitation,0.0,0,0,1
1770829200000,new_york,precipitation,0.0,0,0,1
1770832800000,new_york,precipitation,0.0,0,0,1
1770836400000,new_york,precipitation,0.0,0,0,1
1770840000000,new_york,precipitation,0.0,0,0,1
1770843600000,new_york,precipitation,0.0,0,0,1
1770847200000,new_york,precipitation,0.0,0,0,1
1770850800000,new_york,precipitation,0.0,0,0,1
1770854400000,new_york,precipitation,0.0,0,0,1
1770858000000,new_york,precipitation,0.0,0,0,1
1770861600000,new_york,precipitation,0.0,0,0,1
1770865200000,new_york,precipitation,0.0,1,0,0
1770868800000,new_york,precipitation,0.0,0,0,1
1770872400000,new_york,precipitation,0.0,0,0,1
1770876000000,new_york,precipitation,0.0,0,0,1
1770879600000,new_york,precipitation,0.0,0,0,1
1770883200000,new_york,precipitation,0.0,0,0,1
1770886800000,new_york,precipitation,0.0,0,0,1
1770890400000,new_york,precipitation,0.0,0,0,1
1770894000000,new_york,precipitation,0.0,0,0,1
1770897600000,new_york,precipitation,0.0,0,0,1
1770901200000,new_york,precipitation,0.0,0,0,1
1770904800000,new_york,precipitation,0.0,0,0,1
1770908400000,new_york,precipitation,0.0,0,0,1
1770912000000,new_york,precipitation,0.0,0,0,1
1770915600000,new_york,precipitation,0.0,1,0,0
1770919200000,new_york,precipitation,0.0,0,0,1
1770922800000,new_york,precipitation,0.0,0,0,1
1770926400000,new_york,precipitation,0.0,0,0,1
1770930000000,new_york,precipitation,0.0,0,0,1
1770933600000,new_york,precipitation,0.0,1,0,0
1770937200000,new_york,precipitation,0.0,0,0,1
1770940800000,new_york,precipitation,0.0,0,0,1
1770944400000,new_york,precipitation,0.0,0,0,1
1770948000000,new_york,precipitation,0.0,0,0,1
1770951600000,new_york,precipitation,0.0,0,0,1
1770955200000,new_york,precipitation,0.0,0,0,1
1770958800000,new_york,precipitation,0.0,0,0,1
1770962400000,new_york,precipitation,0.0,0,0,1
1770966000000,new_york,precipitation,0.0,0,0,1
1770969600000,new_york,precipitation,0.0,0,0,1
1770973200000,new_york,precipitation,0.0,0,0,1
1770976800000,new_york,precipitation,0.0,0,0,1
1770980400000,new_york,precipitation,0.0,0,0,1
1770984000000,new_york,precipitation,0.0,0,0,1
1770987600000,new_york,precipitation,0.0,0,0,1
1770991200000,new_york,precipitation,0.0,0,0,1
1770994800000,new_york,precipitation,0.0,0,0,1
1770998400000,new_york,precipitation,0.0,1,0,0
1771002000000,new_york,precipitation,0.0,0,0,1
1771005600000,new_york,precipitation,0.0,0,0,1
1771009200000,new_york,precipitation,0.0,0,0,1
1771012800000,new_york,precipitation,0.0,0,0,1
1771016400000,new_york,precipitation,0.0,0,0,1
1771020000000,new_york,precipitation,0.0,0,0,1
1771023600000,new_york,precipitation,0.0,0,0,1
1771027200000,new_york,precipitation,0.0,0,0,1
1771030800000,new_york,precipitation,0.0,1,0,0
1771034400000,new_york,precipitation,0.0,0,0,1
1771038000000,new_york,precipitation,0.0,0,0,1
1771041600000,new_york,precipitation,0.0,0,0,1
1771045200000,new_york,precipitation,0.0,0,0,1
1771048800000,new_york,precipitation,0.0,0,0,1
1771052400000,new_york,precipitation,0.0,0,0,1
1771056000000,new_york,precipitation,0.0,0,0,1
1771059600000,new_york,precipitation,0.0,1,0,0
1771063200000,new_york,precipitation,0.0,0,0,1
1771066800000,new_york,precipitation,0.0,0,0,1
1771070400000,new_york,precipitation,0.0,1,0,0
1771074000000,new_york,precipitation,0.0,0,0,1
1771077600000,new_york,precipitation,0.0,0,0,1
1771081200000,new_york,precipitation,0.0,0,0,1
1771084800000,new_york,precipitation,0.0,0,0,1
1771088400000,new_york,precipitation,0.0,0,0,1
1771092000000,new_york,precipitation,0.0,0,0,1
1771095600000,new_york,precipitation,0.0,0,0,1
1771099200000,new_york,precipitation,0.0,0,0,1
1771102800000,new_york,precipitation,0.0,0,0,1
1771106400000,new_york,precipitation,0.0,0,0,1
1771110000000,new_york,precipitation,0.0,1,0,0
1771113600000,new_york,precipitation,0.0,0,0,1
1771117200000,new_york,precipitation,0.0,0,0,1
1771120800000,new_york,precipitation,0.0,0,0,1
1771124400000,new_york,precipitation,0.0,1,0,0
1771128000000,new_york,precipitation,0.0,0,0,1
1771131600000,new_york,precipitation,0.0,0,0,1
1771135200000,new_york,precipitation,0.0,0,0,1
1771138800000,new_york,precipitation,0.0,0,0,1
1771142400000,new_york,precipitation,0.0,0,0,1
1771146000000,new_york,precipitation,0.0,1,0,0
1771149600000,new_york,precipitation,0.0,0,0,1
1771153200000,new_york,precipitation,0.0,0,0,1
1771156800000,new_york,precipitation,0.0,1,0,0
1771160400000,new_york,precipitation,0.0,0,0,1
1771164000000,new_york,precipitation,0.0,0,0,1
1771167600000,new_york,precipitation,0.0,0,0,1
1771171200000,new_york,precipitation,0.0,0,0,1
1771174800000,new_york,precipitation,0.0,0,0,1
1771178400000,new_york,precipitation,0.0,0,0,1
1771182000000,new_york,precipitation,0.0,0,0,1
1771185600000,new_york,precipitation,0.0,0,0,1
1771189200000,new_york,precipitation,0.1,0,1,0
1771192800000,new_york,precipitation,0.2,1,1,1
1771196400000,new_york,precipitation,0.3,0,1,0
1771200000000,new_york,precipitation,0.3,1,1,1
1771203600000,new_york,precipitation,0.3,0,1,0
1771207200000,new_york,precipitation,0.3,0,1,0
1771210800000,new_york,precipitation,0.4,0,1,0
1771214400000,new_york,precipitation,0.3283103756818616,1,1,1
1771218000000,new_york,precipitation,0.1,0,1,0
1771221600000,new_york,precipitation,0.1,1,1,1
1771225200000,new_york,precipitation,0.0,0,0,1
1771228800000,new_york,precipitation,0.0,0,0,1
1771232400000,new_york,precipitation,0.0,0,0,1
1771236000000,new_york,precipitation,0.0,0,0,1
1771239600000,new_york,precipitation,0.0,1,0,0
1771243200000,new_york,precipitation,0.0,0,0,1
1771246800000,new_york,precipitation,0.0,1,0,0
1771250400000,new_york,precipitation,0.0,0,0,1
1771254000000,new_york,precipitation,0.0,0,0,1
1771257600000,new_york,precipitation,0.0,0,0,1
1771261200000,new_york,precipitation,0.0,0,0,1
1771264800000,new_york,precipitation,0.0,0,0,1
1771268400000,new_york,precipitation,0.0,0,0,1
1771272000000,new_york,precipitation,0.0,0,0,1
1771275600000,new_york,precipitation,0.0,1,0,0
1771279200000,new_york,precipitation,0.0,0,0,1
1771282800000,new_york,precipitation,0.0,0,0,1
1771286400000,new_york,precipitation,0.0,0,0,1
1771290000000,new_york,precipitation,0.0,0,0,1
1771293600000,new_york,precipitation,0.0,0,0,1
1771297200000,new_york,precipitation,0.0,0,0,1
1771300800000,new_york,precipitation,0.0,0,0,1
1771304400000,new_york,precipitation,0.0,0,0,1
1771308000000,new_york,precipitation,0.0,0,0,1
1771311600000,new_york,precipitation,0.0,1,0,0
1771315200000,new_york,precipitation,0.0,1,0,0
1771318800000,new_york,precipitation,0.0,0,0,1
1771322400000,new_york,precipitation,0.0,0,0,1
1771326000000,new_york,precipitation,0.0,0,0,1
1771329600000,new_york,precipitation,0.0,0,0,1
1771333200000,new_york,precipitation,0.0,1,0,0
1771336800000,new_york,precipitation,0.0,0,0,1
1771340400000,new_york,precipitation,0.0,1,0,0
1771344000000,new_york,precipitation,0.0,0,0,1
1771347600000,new_york,precipitation,0.0,0,0,1
1771351200000,new_york,precipitation,0.0,0,0,1
1771354800000,new_york,precipitation,0.0,1,0,0
1771358400000,new_york,precipitation,0.0,0,0,1
1771362000000,new_york,precipitation,0.0,0,0,1
1771365600000,new_york,precipitation,0.0,0,0,1
1771369200000,new_york,precipitation,0.0,0,0,1
1771372800000,new_york,precipitation,0.0,0,0,1
1771376400000,new_york,precipitation,0.0,0,0,1
1771380000000,new_york,precipitation,0.0,0,0,1
1771383600000,new_york,precipitation,0.0,0,0,1
1771387200000,new_york,precipitation,0.0,1,0,0
1771390800000,new_york,precipitation,0.0,0,0,1
1771394400000,new_york,precipitation,0.0,0,0,1
1771398000000,new_york,precipitation,0.0,0,0,1
1771401600000,new_york,precipitation,0.0,0,0,1
1771405200000,new_york,precipitation,0.0,0,0,1
1771408800000,new_york,precipitation,0.4,0,1,0
1771412400000,new_york,precipitation,0.8,1,1,1
1771416000000,new_york,precipitation,0.4,0,1,0
1771419600000,new_york,precipitation,0.1,0,1,0
1771423200000,new_york,precipitation,0.0,0,0,1
1771426800000,new_york,precipitation,0.0,0,0,1
1771430400000,new_york,precipitation,0.0,1,0,0
1771434000000,new_york,precipitation,0.0,0,0,1
1771437600000,new_york,precipitation,0.0,0,0,1
1771441200000,new_york,precipitation,0.0,0,0,1
1771444800000,new_york,precipitation,0.2,0,1,0
1771448400000,new_york,precipitation,0.1,0,1,0
1771452000000,new_york,precipitation,0.4,0,1,0
1771455600000,new_york,precipitation,0.2,0,1,0
1771459200000,new_york,precipitation,0.0,1,0,0
1771462800000,new_york,precipitation,0.0,1,0,0
1771466400000,new_york,precipitation,0.0,0,0,1
1771470000000,new_york,precipitation,0.0,0,0,1
1771473600000,new_york,precipitation,0.0,0,0,1
1771477200000,new_york,precipitation,0.0,0,0,1
1771480800000,new_york,precipitation,0.0,0,0,1
1771484400000,new_york,precipitation,0.0,1,0,0
1771488000000,new_york,precipitation,0.0,0,0,1
1771491600000,new_york,precipitation,0.0,1,0,0
1771495200000,new_york,precipitation,0.0,0,0,1
1771498800000,new_york,precipitation,0.0,0,0,1
1771502400000,new_york,precipitation,0.0,0,0,1
1771506000000,new_york,precipitation,0.0,0,0,1
1771509600000,new_york,precipitation,0.0,0,0,1
1771513200000,new_york,precipitation,0.0,1,0,0
1771516800000,new_york,precipitation,0.0,0,0,1
1771520400000,new_york,precipitation,0.0,1,0,0
1771524000000,new_york,precipitation,0.0,0,0,1
1771527600000,new_york,precipitation,0.0,1,0,0
1771531200000,new_york,precipitation,0.0,0,0,1
1771534800000,new_york,precipitation,0.0,0,0,1
1771538400000,new_york,precipitation,0.0,1,0,0
1771542000000,new_york,precipitation,0.0,0,0,1
1771545600000,new_york,precipitation,0.0,0,0,1
1771549200000,new_york,precipitation,0.0,0,0,1
1771552800000,new_york,precipitation,0.0,1,0,0
1771556400000,new_york,precipitation,0.0,0,0,1
1771560000000,new_york,precipitation,0.0,0,0,1
1771563600000,new_york,precipitation,0.0,0,0,1
1771567200000,new_york,precipitation,0.0,0,0,1
1771570800000,new_york,precipitation,0.1,0,1,0
1771574400000,new_york,precipitation,0.4,0,1,0
1771578000000,new_york,precipitation,1.4,0,1,0
1771581600000,new_york,precipitation,1.7,0,1,0
1771585200000,new_york,precipitation,1.1,0,1,0
1771588800000,new_york,precipitation,0.9,0,1,0
1771592400000,new_york,precipitation,1.3,0,1,0
1771596000000,new_york,precipitation,0.5,0,1,0
1771599600000,new_york,precipitation,0.4,0,1,0
1771603200000,new_york,precipitation,0.3,0,1,0
1771606800000,new_york,precipitation,0.1,0,1,0
1771610400000,new_york,precipitation,0.1,0,1,0
1771614000000,new_york,precipitation,0.0,0,0,1
1771617600000,new_york,precipitation,0.0,0,0,1
1771621200000,new_york,precipitation,1.3,0,1,0
1771624800000,new_york,precipitation,0.0,0,0,1
1771628400000,new_york,precipitation,0.0,0,0,1
1771632000000,new_york,precipitation,0.0,0,0,1
1771635600000,new_york,precipitation,0.0,0,0,1
1771639200000,new_york,precipitation,0.0,1,0,0
1771642800000,new_york,precipitation,0.0,0,0,1
1771646400000,new_york,precipitation,0.0,0,0,1
1771650000000,new_york,precipitation,0.0,0,0,1
1771653600000,new_york,precipitation,0.0,0,0,1
1771657200000,new_york,precipitation,0.0,0,0,1
1771660800000,new_york,precipitation,0.0,0,0,1
1771664400000,new_york,precipitation,0.0,0,0,1
1771668000000,new_york,precipitation,0.0,0,0,1
1771671600000,new_york,precipitation,0.0,0,0,1
1771675200000,new_york,precipitation,0.0,0,0,1
1771678800000,new_york,precipitation,0.0,0,0,1
1771682400000,new_york,precipitation,0.0,0,0,1
1771686000000,new_york,precipitation,0.0,0,0,1
1771689600000,new_york,precipitation,0.0,0,0,1
1771693200000,new_york,precipitation,0.0,0,0,1
1771696800000,new_york,precipitation,0.0,1,0,0
1771700400000,new_york,precipitation,0.0,0,0,1
1771704000000,new_york,precipitation,0.0,0,0,1
1771707600000,new_york,precipitation,0.0,1,0,0
1771711200000,new_york,precipitation,0.0,0,0,1
1771714800000,new_york,precipitation,0.0,0,0,1
1771718400000,new_york,precipitation,0.0,0,0,1
1771722000000,new_york,precipitation,0.0,0,0,1
1771725600000,new_york,precipitation,0.0,0,0,1
1771729200000,new_york,precipitation,0.0,0,0,1
1771732800000,new_york,precipitation,0.0,0,0,1
1771736400000,new_york,precipitation,0.0,0,0,1
1771740000000,new_york,precipitation,0.0,0,0,1
1771743600000,new_york,precipitation,0.1,0,1,0
1771747200000,new_york,precipitation,0.21940574768460946,1,1,1
1771750800000,new_york,precipitation,0.3,0,1,0
1771754400000,new_york,precipitation,0.3,0,1,0
1771758000000,new_york,precipitation,0.1,0,1,0
1771761600000,new_york,precipitation,0.2,1,1,1
1771765200000,new_york,precipitation,0.4,0,1,0
1771768800000,new_york,precipitation,0.3,0,1,0
1771772400000,new_york,precipitation,0.7,1,1,1
1771776000000,new_york,precipitation,0.7,0,1,0
1771779600000,new_york,precipitation,0.9,0,1,0
1771783200000,new_york,precipitation,1.2,0,1,0
1771786800000,new_york,precipitation,1.5,0,1,0
1771790400000,new_york,precipitation,1.7,0,1,0
1771794000000,new_york,precipitation,2.0,1,1,1
1771797600000,new_york,precipitation,2.0,1,1,1
1771801200000,new_york,precipitation,1.4,0,1,0
1771804800000,new_york,precipitation,1.2,0,1,0
1771808400000,new_york,precipitation,1.0,0,1,0
1771812000000,new_york,precipitation,0.7,0,1,0
1771815600000,new_york,precipitation,0.6,0,1,0
1771819200000,new_york,precipitation,1.8,0,1,0
1771822800000,new_york,precipitation,0.9,1,1,1
1771826400000,new_york,precipitation,1.6,0,1,0
1771830000000,new_york,precipitation,2.6,0,1,0
1771833600000,new_york,precipitation,2.4,1,1,1
1771837200000,new_york,precipitation,3.1,0,1,0
1771840800000,new_york,precipitation,1.7,0,1,0
1771844400000,new_york,precipitation,1.4,0,1,0
1771848000000,new_york,precipitation,0.8,0,1,0
1771851600000,new_york,precipitation,0.2,1,1,1
1771855200000,new_york,precipitation,0.4,0,1,0
1771858800000,new_york,precipitation,0.4,0,1,0
1771862400000,new_york,precipitation,0.2,1,1,1
1771866000000,new_york,precipitation,0.1,1,1,1
1771869600000,new_york,precipitation,0.0,0,0,1
1771873200000,new_york,precipitation,0.0,1,0,0
1771876800000,new_york,precipitation,0.0,0,0,1
1771880400000,new_york,precipitation,0.0,0,0,1
1771884000000,new_york,precipitation,0.0,0,0,1
1771887600000,new_york,precipitation,0.0,0,0,1
1771891200000,new_york,precipitation,0.0,0,0,1
1771894800000,new_york,precipitation,0.0,0,0,1
1771898400000,new_york,precipitation,0.0,0,0,1
1771902000000,new_york,precipitation,0.0,1,0,0
1771905600000,new_york,precipitation,0.0,0,0,1
1771909200000,new_york,precipitation,0.0,0,0,1
1771912800000,new_york,precipitation,0.0,0,0,1
1771916400000,new_york,precipitation,0.0,0,0,1
1771920000000,new_york,precipitation,0.0,0,0,1
1771923600000,new_york,precipitation,0.0,0,0,1
1771927200000,new_york,precipitation,0.0,0,0,1
1771930800000,new_york,precipitation,0.0,0,0,1
1771934400000,new_york,precipitation,0.0,1,0,0
1771938000000,new_york,precipitation,0.0,0,0,1
1771941600000,new_york,precipitation,0.0,0,0,1
1771945200000,new_york,precipitation,0.0,0,0,1
1771948800000,new_york,precipitation,0.0,0,0,1
1771952400000,new_york,precipitation,0.0,0,0,1
1771956000000,new_york,precipitation,0.0,1,0,0
1771959600000,new_york,precipitation,0.0,0,0,1
1771963200000,new_york,precipitation,0.0,0,0,1
1771966800000,new_york,precipitation,0.0,0,0,1
1771970400000,new_york,precipitation,0.0,0,0,1
1771974000000,new_york,precipitation,0.0,0,0,1
1771977600000,new_york,precipitation,0.0,0,0,1
1771981200000,new_york,precipitation,0.0,0,0,1
1771984800000,new_york,precipitation,0.0,0,0,1
1771988400000,new_york,precipitation,0.0,0,0,1
1771992000000,new_york,precipitation,0.0,0,0,1
1771995600000,new_york,precipitation,0.0,0,0,1
1771999200000,new_york,precipitation,0.0,0,0,1
1772002800000,new_york,precipitation,0.3,1,1,1
1772006400000,new_york,precipitation,0.6,1,1,1
1772010000000,new_york,precipitation,0.6,0,1,0
1772013600000,new_york,precipitation,0.0,0,0,1
1772017200000,new_york,precipitation,0.0,0,0,1
1772020800000,new_york,precipitation,0.0,1,0,0
1772024400000,new_york,precipitation,0.0,0,0,1
1772028000000,new_york,precipitation,0.0,0,0,1
1772031600000,new_york,precipitation,0.0,0,0,1
1772035200000,new_york,precipitation,0.0,0,0,1
1772038800000,new_york,precipitation,0.0,0,0,1
1772042400000,new_york,precipitation,0.0,0,0,1
1772046000000,new_york,precipitation,0.0,0,0,1
1772049600000,new_york,precipitation,0.0,0,0,1
1772053200000,new_york,precipitation,0.0,0,0,1
1772056800000,new_york,precipitation,0.1,0,1,0
1772060400000,new_york,precipitation,0.2,0,1,0
1772064000000,new_york,precipitation,0.3,0,1,0
1772067600000,new_york,precipitation,0.0,0,0,1
1772071200000,new_york,precipitation,0.0,0,0,1
1772074800000,new_york,precipitation,0.0,1,0,0
1772078400000,new_york,precipitation,0.0,0,0,1
1772082000000,new_york,precipitation,0.0,0,0,1
1772085600000,new_york,precipitation,0.0,0,0,1
1772089200000,new_york,precipitation,0.0,0,0,1
1772092800000,new_york,precipitation,0.0,0,0,1
1772096400000,new_york,precipitation,0.0,0,0,1
1772100000000,new_york,precipitation,0.0,0,0,1
1772103600000,new_york,precipitation,0.0,0,0,1
1772107200000,new_york,precipitation,0.0,0,0,1
1772110800000,new_york,precipitation,0.0,0,0,1
1772114400000,new_york,precipitation,0.0,0,0,1
1772118000000,new_york,precipitation,0.0,0,0,1
1772121600000,new_york,precipitation,0.0,0,0,1
1772125200000,new_york,precipitation,0.0,1,0,0
1772128800000,new_york,precipitation,0.0,0,0,1
1772132400000,new_york,precipitation,0.0,0,0,1
1772136000000,new_york,precipitation,0.0,0,0,1
1772139600000,new_york,precipitation,0.0,1,0,0
1772143200000,new_york,precipitation,0.0,0,0,1
1772146800000,new_york,precipitation,0.0,1,0,0
1772150400000,new_york,precipitation,0.0,0,0,1
1772154000000,new_york,precipitation,0.0,0,0,1
1772157600000,new_york,precipitation,0.0,0,0,1
1772161200000,new_york,precipitation,0.0,0,0,1
1772164800000,new_york,precipitation,0.0,0,0,1
1772168400000,new_york,precipitation,0.0,1,0,0
1772172000000,new_york,precipitation,0.0,0,0,1
1772175600000,new_york,precipitation,0.0,0,0,1
1772179200000,new_york,precipitation,0.0,0,0,1
1772182800000,new_york,precipitation,0.0,1,0,0
1772186400000,new_york,precipitation,0.0,0,0,1
1772190000000,new_york,precipitation,0.0,0,0,1
1772193600000,new_york,precipitation,0.0,0,0,1
1772197200000,new_york,precipitation,0.0,0,0,1
1772200800000,new_york,precipitation,0.0,0,0,1
1772204400000,new_york,precipitation,0.0,1,0,0
1772208000000,new_york,precipitation,0.0,0,0,1
1772211600000,new_york,precipitation,0.0,0,0,1
1772215200000,new_york,precipitation,0.0,0,0,1
1772218800000,new_york,precipitation,0.0,0,0,1
1772222400000,new_york,precipitation,0.0,0,0,1
1772226000000,new_york,precipitation,0.0,0,0,1
1772229600000,new_york,precipitation,0.0,0,0,1
1772233200000,new_york,precipitation,0.0,0,0,1
1772236800000,new_york,precipitation,0.0,1,0,0
1772240400000,new_york,precipitation,0.0,1,0,0
1772244000000,new_york,precipitation,0.0,0,0,1
1772247600000,new_york,precipitation,0.0,1,0,0
1772251200000,new_york,precipitation,0.0,0,0,1
1772254800000,new_york,precipitation,0.0,0,0,1
1772258400000,new_york,precipitation,0.0,0,0,1
1772262000000,new_york,precipitation,0.0,1,0,0
1772265600000,new_york,precipitation,0.0,0,0,1
1772269200000,new_york,precipitation,0.0,0,0,1
1772272800000,new_york,precipitation,0.0,0,0,1
1772276400000,new_york,precipitation,0.0,0,0,1
1772280000000,new_york,precipitation,0.0,1,0,0
1772283600000,new_york,precipitation,0.0,0,0,1
1772287200000,new_york,precipitation,0.0,0,0,1
1772290800000,new_york,precipitation,0.0,0,0,1
1772294400000,new_york,precipitation,0.0,0,0,1
1772298000000,new_york,precipitation,0.0,0,0,1
1772301600000,new_york,precipitation,0.0,0,0,1
1772305200000,new_york,precipitation,0.0,0,0,1
1772308800000,new_york,precipitation,0.0,0,0,1
1772312400000,new_york,precipitation,0.0,0,0,1
1772316000000,new_york,precipitation,0.0,1,0,0
1772319600000,new_york,precipitation,0.0,0,0,1
1772323200000,new_york,precipitation,0.0,0,0,1
1772326800000,new_york,precipitation,0.0,0,0,1
1772330400000,new_york,precipitation,0.0,0,0,1
1772334000000,new_york,precipitation,0.0,0,0,1
1772337600000,new_york,precipitation,0.0,0,0,1
1772341200000,new_york,precipitation,0.0,0,0,1
1772344800000,new_york,precipitation,0.0,0,0,1
1772348400000,new_york,precipitation,0.0,0,0,1
1772352000000,new_york,precipitation,0.0,1,0,0
1772355600000,new_york,precipitation,0.5,0,1,0
1772359200000,new_york,precipitation,0.2,0,1,0
1772362800000,new_york,precipitation,0.2,1,1,1
1772366400000,new_york,precipitation,0.0,0,0,1
1772370000000,new_york,precipitation,0.0,1,0,0
1772373600000,new_york,precipitation,0.0,0,0,1
1772377200000,new_york,precipitation,0.0,0,0,1
1772380800000,new_york,precipitation,0.0,0,0,1
1772384400000,new_york,precipitation,0.0,0,0,1
1772388000000,new_york,precipitation,0.0,0,0,1
1772391600000,new_york,precipitation,0.0,0,0,1
1772395200000,new_york,precipitation,0.0,0,0,1
1772398800000,new_york,precipitation,0.0,0,0,1
1772402400000,new_york,precipitation,0.0,0,0,1
1772406000000,new_york,precipitation,0.0,1,0,0
1772409600000,new_york,precipitation,0.0,0,0,1
1772413200000,new_york,precipitation,0.0,0,0,1
1772416800000,new_york,precipitation,0.0,0,0,1
1772420400000,new_york,precipitation,0.0,0,0,1
1772424000000,new_york,precipitation,0.0,1,0,0
1772427600000,new_york,precipitation,0.0,1,0,0
1772431200000,new_york,precipitation,0.0,0,0,1
1772434800000,new_york,precipitation,0.0,1,0,0
1772438400000,new_york,precipitation,0.0,0,0,1
1772442000000,new_york,precipitation,0.0,0,0,1
1772445600000,new_york,precipitation,0.0,0,0,1
1772449200000,new_york,precipitation,0.0,0,0,1
1772452800000,new_york,precipitation,0.0,0,0,1
1772456400000,new_york,precipitation,0.0,0,0,1
1772460000000,new_york,precipitation,0.0,0,0,1
1772463600000,new_york,precipitation,0.0,0,0,1
1772467200000,new_york,precipitation,0.0,0,0,1
1772470800000,new_york,precipitation,0.0,0,0,1
1772474400000,new_york,precipitation,0.0,0,0,1
1772478000000,new_york,precipitation,0.0,0,0,1
1772481600000,new_york,precipitation,0.0,0,0,1
1772485200000,new_york,precipitation,0.0,0,0,1
1772488800000,new_york,precipitation,0.0,1,0,0
1772492400000,new_york,precipitation,0.0,0,0,1
1772496000000,new_york,precipitation,0.0,0,0,1
1772499600000,new_york,precipitation,0.0,0,0,1
1772503200000,new_york,precipitation,0.0,0,0,1
1772506800000,new_york,precipitation,0.0,0,0,1
1772510400000,new_york,precipitation,0.0,0,0,1
1772514000000,new_york,precipitation,0.0,1,0,0
1772517600000,new_york,precipitation,0.0,0,0,1
1772521200000,new_york,precipitation,0.0,0,0,1
1772524800000,new_york,precipitation,0.0,1,0,0
1772528400000,new_york,precipitation,0.0,0,0,1
1772532000000,new_york,precipitation,0.1,0,1,0
1772535600000,new_york,precipitation,0.5,0,1,0
1772539200000,new_york,precipitation,0.9,0,1,0
1772542800000,new_york,precipitation,0.8,1,1,1
1772546400000,new_york,precipitation,0.4,0,1,0
1772550000000,new_york,precipitation,0.5,0,1,0
1772553600000,new_york,precipitation,0.6,0,1,0
1772557200000,new_york,precipitation,1.0,0,1,0
1772560800000,new_york,precipitation,0.7,0,1,0
1772564400000,new_york,precipitation,0.2,0,1,0
1772568000000,new_york,precipitation,0.5,0,1,0
1772571600000,new_york,precipitation,0.2,0,1,0
1772575200000,new_york,precipitation,1.2,0,1,0
1772578800000,new_york,precipitation,1.5,0,1,0
1772582400000,new_york,precipitation,0.4,0,1,0
1772586000000,new_york,precipitation,0.2,0,1,0
1772589600000,new_york,precipitation,0.5,0,1,0
1772593200000,new_york,precipitation,0.9,1,1,1
1772596800000,new_york,precipitation,0.1,0,1,0
1772600400000,new_york,precipitation,0.0,0,0,1
1772604000000,new_york,precipitation,0.0,0,0,1
1772607600000,new_york,precipitation,0.0,1,0,0
1772611200000,new_york,precipitation,0.0,0,0,1
1772614800000,new_york,precipitation,0.0,0,0,1
1772618400000,new_york,precipitation,0.0,0,0,1
1772622000000,new_york,precipitation,0.0,0,0,1
1772625600000,new_york,precipitation,0.0,0,0,1
1772629200000,new_york,precipitation,0.0,0,0,1
1772632800000,new_york,precipitation,0.0,0,0,1
1772636400000,new_york,precipitation,0.0,0,0,1
1772640000000,new_york,precipitation,0.0,0,0,1
1772643600000,new_york,precipitation,0.0,0,0,1
1772647200000,new_york,precipitation,0.0,0,0,1
1772650800000,new_york,precipitation,0.0,0,0,1
1772654400000,new_york,precipitation,0.0,1,0,0
1772658000000,new_york,precipitation,0.0,0,0,1
1772661600000,new_york,precipitation,0.0,0,0,1
1772665200000,new_york,precipitation,0.0,0,0,1
1772668800000,new_york,precipitation,0.0,0,0,1
1772672400000,new_york,precipitation,0.0,0,0,1
1772676000000,new_york,precipitation,0.0,0,0,1
1772679600000,new_york,precipitation,0.0,0,0,1
1772683200000,new_york,precipitation,0.0,1,0,0
1772686800000,new_york,precipitation,0.0,0,0,1
1772690400000,new_york,precipitation,0.0,0,0,1
1772694000000,new_york,precipitation,0.1,0,1,0
1772697600000,new_york,precipitation,0.878308320697967,1,1,1
1772701200000,new_york,precipitation,2.3,0,1,0
1772704800000,new_york,precipitation,3.3,0,1,0
1772708400000,new_york,precipitation,3.6,0,1,0
1772712000000,new_york,precipitation,1.7,0,1,0
1772715600000,new_york,precipitation,0.2,0,1,0
1772719200000,new_york,precipitation,0.1,0,1,0
1772722800000,new_york,precipitation,0.2,0,1,0
1772726400000,new_york,precipitation,0.7,0,1,0
1772730000000,new_york,precipitation,0.5,0,1,0
1772733600000,new_york,precipitation,0.0,0,0,1
1772737200000,new_york,precipitation,0.1,1,1,1
1772740800000,new_york,precipitation,0.0,0,0,1
1772744400000,new_york,precipitation,0.7,1,1,1
1772748000000,new_york,precipitation,0.1,0,1,0
1772751600000,new_york,precipitation,0.5,0,1,0
1772755200000,new_york,precipitation,3.5,0,1,0
1772758800000,new_york,precipitation,4.5,0,1,0
1772762400000,new_york,precipitation,4.5,1,1,1
1772766000000,new_york,precipitation,0.6,0,1,0
1772769600000,new_york,precipitation,0.1,0,1,0
1772773200000,new_york,precipitation,0.1,0,1,0
1772776800000,new_york,precipitation,0.0,0,0,1
1772780400000,new_york,precipitation,0.0,0,0,1
1772784000000,new_york,precipitation,0.0,0,0,1
1772787600000,new_york,precipitation,0.0,0,0,1
1772791200000,new_york,precipitation,0.0,0,0,1
1772794800000,new_york,precipitation,0.0,0,0,1
1772798400000,new_york,precipitation,0.0,0,0,1
1772802000000,new_york,precipitation,0.0,0,0,1
1772805600000,new_york,precipitation,0.0,0,0,1
1772809200000,new_york,precipitation,0.1,0,1,0
1772812800000,new_york,precipitation,0.0,0,0,1
1772816400000,new_york,precipitation,0.0,1,0,0
1772820000000,new_york,precipitation,0.0,0,0,1
1772823600000,new_york,precipitation,0.0,0,0,1
1772827200000,new_york,precipitation,0.0,0,0,1
1772830800000,new_york,precipitation,0.0,0,0,1
1772834400000,new_york,precipitation,0.1,0,1,0
1772838000000,new_york,precipitation,0.0,0,0,1
1772841600000,new_york,precipitation,0.0,0,0,1
1772845200000,new_york,precipitation,0.0,1,0,0
1772848800000,new_york,precipitation,0.0,0,0,1
1772852400000,new_york,precipitation,0.0,0,0,1
1772856000000,new_york,precipitation,0.0,1,0,0
1772859600000,new_york,precipitation,0.0,0,0,1
1772863200000,new_york,precipitation,0.0,0,0,1
1772866800000,new_york,precipitation,0.0,0,0,1
1772870400000,new_york,precipitation,0.0,0,0,1
1772874000000,new_york,precipitation,0.0,0,0,1
1772877600000,new_york,precipitation,0.0,0,0,1
1772881200000,new_york,precipitation,0.0,1,0,0
1772884800000,new_york,precipitation,0.0,0,0,1
1772888400000,new_york,precipitation,0.0,0,0,1
1772892000000,new_york,precipitation,0.0,0,0,1
1772895600000,new_york,precipitation,0.0,1,0,0
1772899200000,new_york,precipitation,0.0,0,0,1
1772902800000,new_york,precipitation,0.0,0,0,1
1772906400000,new_york,precipitation,0.0,0,0,1
1772910000000,new_york,precipitation,0.0,1,0,0
1772913600000,new_york,precipitation,0.0,0,0,1
1772917200000,new_york,precipitation,0.0,0,0,1
1772920800000,new_york,precipitation,0.0,0,0,1
1772924400000,new_york,precipitation,0.0,0,0,1
1772928000000,new_york,precipitation,0.0,0,0,1
1772931600000,new_york,precipitation,0.0,0,0,1
1772935200000,new_york,precipitation,0.0,0,0,1
1772938800000,new_york,precipitation,0.0,0,0,1
1772942400000,new_york,precipitation,0.0,0,0,1
1772946000000,new_york,precipitation,0.0,0,0,1
1772949600000,new_york,precipitation,0.0,0,0,1
1772953200000,new_york,precipitation,0.0,0,0,1
1772956800000,new_york,precipitation,0.0,0,0,1
1772960400000,new_york,precipitation,0.2,0,1,0
1772964000000,new_york,precipitation,0.0,0,0,1
1772967600000,new_york,precipitation,0.6,0,1,0
1772971200000,new_york,precipitation,0.0,0,0,1
1772974800000,new_york,precipitation,0.0,0,0,1
1772978400000,new_york,precipitation,0.0,0,0,1
1772982000000,new_york,precipitation,0.1,0,1,0
1772985600000,new_york,precipitation,0.0,0,0,1
1772989200000,new_york,precipitation,0.0,0,0,1
1772992800000,new_york,precipitation,0.0,0,0,1
1772996400000,new_york,precipitation,0.0,0,0,1
1773000000000,new_york,precipitation,0.0,0,0,1
1773003600000,new_york,precipitation,0.0,0,0,1
1773007200000,new_york,precipitation,0.0,0,0,1
1773010800000,new_york,precipitation,0.0,1,0,0
1773014400000,new_york,precipitation,0.0,1,0,0
1773018000000,new_york,precipitation,0.0,0,0,1
1773021600000,new_york,precipitation,0.0,0,0,1
1773025200000,new_york,precipitation,0.0,0,0,1
1773028800000,new_york,precipitation,0.0,0,0,1
1773032400000,new_york,precipitation,0.0,0,0,1
1773036000000,new_york,precipitation,0.0,0,0,1
1773039600000,new_york,precipitation,0.0,0,0,1
1773043200000,new_york,precipitation,0.0,0,0,1
1773046800000,new_york,precipitation,0.0,0,0,1
1773050400000,new_york,precipitation,0.0,0,0,1
1773054000000,new_york,precipitation,0.0,0,0,1
1773057600000,new_york,precipitation,0.0,0,0,1
1773061200000,new_york,precipitation,0.0,0,0,1
1773064800000,new_york,precipitation,0.0,0,0,1
1773068400000,new_york,precipitation,0.0,0,0,1
1773072000000,new_york,precipitation,0.0,0,0,1
1773075600000,new_york,precipitation,0.0,0,0,1
1773079200000,new_york,precipitation,0.0,1,0,0
1773082800000,new_york,precipitation,0.0,1,0,0
1773086400000,new_york,precipitation,0.0,0,0,1
1773090000000,new_york,precipitation,0.0,0,0,1
1773093600000,new_york,precipitation,0.0,0,0,1
1773097200000,new_york,precipitation,0.0,0,0,1
1773100800000,new_york,precipitation,0.0,0,0,1
1773104400000,new_york,precipitation,0.0,0,0,1
1773108000000,new_york,precipitation,0.0,0,0,1
1773111600000,new_york,precipitation,0.0,1,0,0
1773115200000,new_york,precipitation,0.0,1,0,0
1773118800000,new_york,precipitation,0.0,0,0,1
1773122400000,new_york,precipitation,0.0,0,0,1
1773126000000,new_york,precipitation,0.0,0,0,1
1773129600000,new_york,precipitation,0.0,0,0,1
1773133200000,new_york,precipitation,0.0,0,0,1
1773136800000,new_york,precipitation,0.0,0,0,1
1773140400000,new_york,precipitation,0.0,0,0,1
1773144000000,new_york,precipitation,0.0,0,0,1
1773147600000,new_york,precipitation,0.0,0,0,1
1773151200000,new_york,precipitation,0.0,0,0,1
1773154800000,new_york,precipitation,0.0,0,0,1
1773158400000,new_york,precipitation,0.0,0,0,1
1773162000000,new_york,precipitation,0.0,0,0,1
1773165600000,new_york,precipitation,0.0,1,0,0
1773169200000,new_york,precipitation,0.0,0,0,1
1773172800000,new_york,precipitation,0.0,0,0,1
1773176400000,new_york,precipitation,0.0,0,0,1
1773180000000,new_york,precipitation,0.0,0,0,1
1773183600000,new_york,precipitation,0.0,0,0,1
1773187200000,new_york,precipitation,0.0,0,0,1
1773190800000,new_york,precipitation,0.0,0,0,1
1773194400000,new_york,precipitation,0.0,0,0,1
1773198000000,new_york,precipitation,0.0,0,0,1
1773201600000,new_york,precipitation,0.0,0,0,1
1773205200000,new_york,precipitation,0.0,0,0,1
1773208800000,new_york,precipitation,0.0,0,0,1
1773212400000,new_york,precipitation,0.0,0,0,1
1773216000000,new_york,precipitation,0.0,0,0,1
1773219600000,new_york,precipitation,0.0,1,0,0
1773223200000,new_york,precipitation,0.0,0,0,1
1773226800000,new_york,precipitation,0.0,1,0,0
1773230400000,new_york,precipitation,0.0,0,0,1
1773234000000,new_york,precipitation,0.0,0,0,1
1773237600000,new_york,precipitation,0.0,0,0,1
1773241200000,new_york,precipitation,0.0,0,0,1
1773244800000,new_york,precipitation,0.0,0,0,1
1773248400000,new_york,precipitation,0.0,0,0,1
1773252000000,new_york,precipitation,0.0,0,0,1
1773255600000,new_york,precipitation,0.0,0,0,1
1773259200000,new_york,precipitation,0.0,0,0,1
1773262800000,new_york,precipitation,0.0,0,0,1
1773266400000,new_york,precipitation,0.3,0,1,0
1773270000000,new_york,precipitation,0.2,0,1,0
1773273600000,new_york,precipitation,3.4,0,1,0
1773277200000,new_york,precipitation,3.4,0,1,0
1773280800000,new_york,precipitation,0.7,0,1,0
1773284400000,new_york,precipitation,0.4,0,1,0
1773288000000,new_york,precipitation,0.0,0,0,1
1773291600000,new_york,precipitation,0.0,0,0,1
1773295200000,new_york,precipitation,0.0,0,0,1
1773298800000,new_york,precipitation,0.0,0,0,1
1773302400000,new_york,precipitation,0.3,0,1,0
1773306000000,new_york,precipitation,1.2,0,1,0
1773309600000,new_york,precipitation,1.0,0,1,0
1773313200000,new_york,precipitation,0.4,0,1,0
1773316800000,new_york,precipitation,0.2,0,1,0
1773320400000,new_york,precipitation,0.2,0,1,0
1773324000000,new_york,precipitation,0.1,1,1,1
1773327600000,new_york,precipitation,0.3,0,1,0
1773331200000,new_york,precipitation,0.6,0,1,0
1773334800000,new_york,precipitation,0.9,1,1,1
1773338400000,new_york,precipitation,0.9,0,1,0
1773342000000,new_york,precipitation,0.5,0,1,0
1773345600000,new_york,precipitation,0.1,0,1,0
1773349200000,new_york,precipitation,0.0,0,0,1
1773352800000,new_york,precipitation,0.0,0,0,1
1773356400000,new_york,precipitation,0.0,0,0,1
1773360000000,new_york,precipitation,0.0,0,0,1
1773363600000,new_york,precipitation,0.0,1,0,0
1773367200000,new_york,precipitation,0.0,0,0,1
1773370800000,new_york,precipitation,0.0,1,0,0
1773374400000,new_york,precipitation,0.0,0,0,1
1773378000000,new_york,precipitation,0.0,1,0,0
1773381600000,new_york,precipitation,0.0,1,0,0
1773385200000,new_york,precipitation,0.0,0,0,1
1773388800000,new_york,precipitation,0.0,0,0,1
1773392400000,new_york,precipitation,0.0,0,0,1
1773396000000,new_york,precipitation,0.0,0,0,1
1773399600000,new_york,precipitation,0.0,0,0,1
1773403200000,new_york,precipitation,0.0,0,0,1
1773406800000,new_york,precipitation,0.0,0,0,1
1773410400000,new_york,precipitation,0.0,1,0,0
1773414000000,new_york,precipitation,0.0,0,0,1
1773417600000,new_york,precipitation,0.0,0,0,1
1773421200000,new_york,precipitation,0.0,0,0,1
1773424800000,new_york,precipitation,0.0,1,0,0
1773428400000,new_york,precipitation,0.0,0,0,1
1773432000000,new_york,precipitation,0.0,0,0,1
1773435600000,new_york,precipitation,0.0,0,0,1
1773439200000,new_york,precipitation,0.0,0,0,1
1773442800000,new_york,precipitation,1.9,0,1,0
1773446400000,new_york,precipitation,0.0,0,0,1
1773450000000,new_york,precipitation,0.0,0,0,1
1773453600000,new_york,precipitation,0.0,0,0,1
1773457200000,new_york,precipitation,0.0,0,0,1
1773460800000,new_york,precipitation,0.0,0,0,1
1773464400000,new_york,precipitation,0.0,0,0,1
1773468000000,new_york,precipitation,0.0,1,0,0
1773471600000,new_york,precipitation,0.0,0,0,1
1773475200000,new_york,precipitation,0.0,0,0,1
1773478800000,new_york,precipitation,0.0,0,0,1
1773482400000,new_york,precipitation,0.0,0,0,1
1773486000000,new_york,precipitation,0.0,0,0,1
1773489600000,new_york,precipitation,0.0,0,0,1
1773493200000,new_york,precipitation,0.0,0,0,1
1773496800000,new_york,precipitation,0.0,0,0,1
1773500400000,new_york,precipitation,0.0,0,0,1
1773504000000,new_york,precipitation,0.0,0,0,1
1773507600000,new_york,precipitation,0.0,0,0,1
1773511200000,new_york,precipitation,0.0,0,0,1
1773514800000,new_york,precipitation,0.0,0,0,1
1773518400000,new_york,precipitation,0.0,0,0,1
1773522000000,new_york,precipitation,0.0,0,0,1
1773525600000,new_york,precipitation,0.0,0,0,1
1773529200000,new_york,precipitation,0.0,1,0,0
1773532800000,new_york,precipitation,0.0,0,0,1
1773536400000,new_york,precipitation,0.0,1,0,0
1773540000000,new_york,precipitation,0.0,0,0,1
1773543600000,new_york,precipitation,0.0,0,0,1
1773547200000,new_york,precipitation,0.0,0,0,1
1773550800000,new_york,precipitation,0.0,0,0,1
1773554400000,new_york,precipitation,0.0,0,0,1
1773558000000,new_york,precipitation,0.0,0,0,1
1773561600000,new_york,precipitation,0.0,0,0,1
1773565200000,new_york,precipitation,0.0,0,0,1
1773568800000,new_york,precipitation,0.0,0,0,1
1773572400000,new_york,precipitation,0.0,0,0,1
1773576000000,new_york,precipitation,0.0,0,0,1
1773579600000,new_york,precipitation,0.0,0,0,1
1773583200000,new_york,precipitation,0.0,0,0,1
1773586800000,new_york,precipitation,0.0,1,0,0
1773590400000,new_york,precipitation,0.0,0,0,1
1773594000000,new_york,precipitation,0.0,0,0,1
1773597600000,new_york,precipitation,0.0,1,0,0
1773601200000,new_york,precipitation,0.0,0,0,1
1773604800000,new_york,precipitation,0.0,0,0,1
1773608400000,new_york,precipitation,0.0,0,0,1
1773612000000,new_york,precipitation,0.0,0,0,1
1773615600000,new_york,precipitation,0.0,0,0,1
1773619200000,new_york,precipitation,0.0,0,0,1
1773622800000,new_york,precipitation,0.0,0,0,1
1773626400000,new_york,precipitation,0.0,0,0,1
1773630000000,new_york,precipitation,0.0,0,0,1
1773633600000,new_york,precipitation,0.2,0,1,0
1773637200000,new_york,precipitation,1.6,0,1,0
1773640800000,new_york,precipitation,1.3,0,1,0
1773644400000,new_york,precipitation,0.0,0,0,1
1773648000000,new_york,precipitation,0.0,0,0,1
1773651600000,new_york,precipitation,1.3,0,1,0
1773655200000,new_york,precipitation,0.0,0,0,1
1773658800000,new_york,precipitation,0.0,0,0,1
1773662400000,new_york,precipitation,0.0,0,0,1
1773666000000,new_york,precipitation,0.0,1,0,0
1773669600000,new_york,precipitation,0.0,0,0,1
1773673200000,new_york,precipitation,0.1,0,1,0
1773676800000,new_york,precipitation,1.2,0,1,0
1773680400000,new_york,precipitation,1.4,0,1,0
1773684000000,new_york,precipitation,2.7,0,1,0
1773687600000,new_york,precipitation,1.6,0,1,0
1773691200000,new_york,precipitation,2.8,0,1,0
1773694800000,new_york,precipitation,0.5,0,1,0
1773698400000,new_york,precipitation,0.0,0,0,1
1773702000000,new_york,precipitation,1.4,0,1,0
1773705600000,new_york,precipitation,0.7,0,1,0
1773709200000,new_york,precipitation,4.1,1,1,1
1773712800000,new_york,precipitation,0.0,0,0,1
1773716400000,new_york,precipitation,0.0,0,0,1
1773720000000,new_york,precipitation,0.0,0,0,1
1773723600000,new_york,precipitation,0.0,0,0,1
1773727200000,new_york,precipitation,0.0,0,0,1
1773730800000,new_york,precipitation,0.0,0,0,1
1773734400000,new_york,precipitation,0.0,1,0,0
1773738000000,new_york,precipitation,0.0,0,0,1
1773741600000,new_york,precipitation,0.0,1,0,0
1773745200000,new_york,precipitation,0.0,0,0,1
1773748800000,new_york,precipitation,0.0,0,0,1
1773752400000,new_york,precipitation,0.0,0,0,1
1773756000000,new_york,precipitation,0.0,0,0,1
1773759600000,new_york,precipitation,0.0,0,0,1
1773763200000,new_york,precipitation,0.0,0,0,1
1773766800000,new_york,precipitation,0.0,0,0,1
1773770400000,new_york,precipitation,0.0,1,0,0
1773774000000,new_york,precipitation,0.0,1,0,0
1773777600000,new_york,precipitation,0.0,0,0,1
1773781200000,new_york,precipitation,0.0,0,0,1
1773784800000,new_york,precipitation,0.0,1,0,0
1773788400000,new_york,precipitation,0.0,0,0,1
1773792000000,new_york,precipitation,0.0,0,0,1
1773795600000,new_york,precipitation,0.0,0,0,1
1773799200000,new_york,precipitation,0.0,0,0,1
1773802800000,new_york,precipitation,0.0,0,0,1
1773806400000,new_york,precipitation,0.0,0,0,1
1773810000000,new_york,precipitation,0.0,0,0,1
1773813600000,new_york,precipitation,0.0,0,0,1
1773817200000,new_york,precipitation,0.0,0,0,1
1773820800000,new_york,precipitation,0.0,0,0,1
1773824400000,new_york,precipitation,0.0,0,0,1
1773828000000,new_york,precipitation,0.0,0,0,1
1773831600000,new_york,precipitation,0.0,0,0,1
1773835200000,new_york,precipitation,0.0,0,0,1
1773838800000,new_york,precipitation,0.0,1,0,0
1773842400000,new_york,precipitation,0.0,0,0,1
1773846000000,new_york,precipitation,0.0,1,0,0
1773849600000,new_york,precipitation,0.0,1,0,0
1773853200000,new_york,precipitation,0.0,0,0,1
1773856800000,new_york,precipitation,0.0,0,0,1
1773860400000,new_york,precipitation,0.0,1,0,0
1773864000000,new_york,precipitation,0.0,0,0,1
1773867600000,new_york,precipitation,0.0,0,0,1
1773871200000,new_york,precipitation,0.0,1,0,0
1773874800000,new_york,precipitation,0.0,0,0,1
1773878400000,new_york,precipitation,0.0,0,0,1
1773882000000,new_york,precipitation,0.0,1,0,0
1773885600000,new_york,precipitation,0.0,0,0,1
1773889200000,new_york,precipitation,0.0,1,0,0
1773892800000,new_york,precipitation,0.0,0,0,1
1773896400000,new_york,precipitation,0.0,0,0,1
1773900000000,new_york,precipitation,0.0,0,0,1
1773903600000,new_york,precipitation,0.0,1,0,0
1773907200000,new_york,precipitation,0.0,0,0,1
1773910800000,new_york,precipitation,0.0,1,0,0
1773914400000,new_york,precipitation,0.0,0,0,1
1773918000000,new_york,precipitation,0.0,0,0,1
1773921600000,new_york,precipitation,0.0,0,0,1
1773925200000,new_york,precipitation,0.0,0,0,1
1773928800000,new_york,precipitation,0.0,0,0,1
1773932400000,new_york,precipitation,0.0,0,0,1
1773936000000,new_york,precipitation,0.0,0,0,1
1773939600000,new_york,precipitation,0.0,0,0,1
1773943200000,new_york,precipitation,0.0,1,0,0
1773946800000,new_york,precipitation,0.0,0,0,1
1773950400000,new_york,precipitation,0.0,0,0,1
1773954000000,new_york,precipitation,0.0,0,0,1
1773957600000,new_york,precipitation,0.0,0,0,1
1773961200000,new_york,precipitation,0.0,0,0,1
1773964800000,new_york,precipitation,0.0,0,0,1
1773968400000,new_york,precipitation,0.0,1,0,0
1773972000000,new_york,precipitation,0.0,0,0,1
1773975600000,new_york,precipitation,0.0,0,0,1
1773979200000,new_york,precipitation,0.0,0,0,1
1773982800000,new_york,precipitation,0.0,1,0,0
1773986400000,new_york,precipitation,0.0,0,0,1
1773990000000,new_york,precipitation,0.0,1,0,0
1773993600000,new_york,precipitation,0.0,0,0,1
1773997200000,new_york,precipitation,0.0,0,0,1
1774000800000,new_york,precipitation,0.0,1,0,0
1774004400000,new_york,precipitation,0.0,0,0,1
1774008000000,new_york,precipitation,0.0,0,0,1
1774011600000,new_york,precipitation,0.0,0,0,1
1774015200000,new_york,precipitation,0.0,0,0,1
1774018800000,new_york,precipitation,0.0,0,0,1
1774022400000,new_york,precipitation,0.0,0,0,1
1774026000000,new_york,precipitation,0.0,0,0,1
1774029600000,new_york,precipitation,0.0,0,0,1
1774033200000,new_york,precipitation,0.0,0,0,1
1774036800000,new_york,precipitation,0.4,0,1,0
1774040400000,new_york,precipitation,1.2,0,1,0
1774044000000,new_york,precipitation,1.3,0,1,0
1774047600000,new_york,precipitation,0.3,0,1,0
1774051200000,new_york,precipitation,0.6,1,1,1
1774054800000,new_york,precipitation,0.0,0,0,1
1774058400000,new_york,precipitation,0.0,0,0,1
1774062000000,new_york,precipitation,0.0,0,0,1
1774065600000,new_york,precipitation,0.0,0,0,1
1774069200000,new_york,precipitation,0.0,0,0,1
1774072800000,new_york,precipitation,0.0,0,0,1
1774076400000,new_york,precipitation,0.0,1,0,0
1774080000000,new_york,precipitation,0.0,0,0,1
1774083600000,new_york,precipitation,0.0,0,0,1
1774087200000,new_york,precipitation,0.0,0,0,1
1774090800000,new_york,precipitation,0.0,1,0,0
1774094400000,new_york,precipitation,0.0,0,0,1
1774098000000,new_york,precipitation,0.0,0,0,1
1774101600000,new_york,precipitation,0.0,0,0,1
1774105200000,new_york,precipitation,0.0,0,0,1
1774108800000,new_york,precipitation,0.0,0,0,1
1774112400000,new_york,precipitation,0.0,0,0,1
1774116000000,new_york,precipitation,0.0,0,0,1
1774119600000,new_york,precipitation,0.0,0,0,1
1774123200000,new_york,precipitation,0.0,0,0,1
1774126800000,new_york,precipitation,0.0,0,0,1
1774130400000,new_york,precipitation,0.0,0,0,1
1774134000000,new_york,precipitation,0.0,0,0,1
1774137600000,new_york,precipitation,0.0,1,0,0
1774141200000,new_york,precipitation,0.0,0,0,1
1774144800000,new_york,precipitation,0.0,0,0,1
1774148400000,new_york,precipitation,0.7,1,1,1
1774152000000,new_york,precipitation,2.0,0,1,0
1774155600000,new_york,precipitation,0.0,0,0,1
1774159200000,new_york,precipitation,0.0,1,0,0
1774162800000,new_york,precipitation,0.0,0,0,1
1774166400000,new_york,precipitation,0.0,0,0,1
1774170000000,new_york,precipitation,0.0,0,0,1
1774173600000,new_york,precipitation,0.0,0,0,1
1774177200000,new_york,precipitation,0.0,0,0,1
1774180800000,new_york,precipitation,0.0,0,0,1
1774184400000,new_york,precipitation,0.0,0,0,1
1774188000000,new_york,precipitation,0.0,0,0,1
1774191600000,new_york,precipitation,0.0,0,0,1
1774195200000,new_york,precipitation,0.0,0,0,1
1774198800000,new_york,precipitation,0.0,1,0,0
1774202400000,new_york,precipitation,0.0,0,0,1
1774206000000,new_york,precipitation,0.0,0,0,1
1774209600000,new_york,precipitation,0.0,0,0,1
1774213200000,new_york,precipitation,0.2,0,1,0
1774216800000,new_york,precipitation,1.8,0,1,0
1774220400000,new_york,precipitation,1.1,1,1,1
1774224000000,new_york,precipitation,1.0,1,1,1
1774227600000,new_york,precipitation,0.3,0,1,0
1774231200000,new_york,precipitation,0.0,0,0,1
1774234800000,new_york,precipitation,0.0,0,0,1
1774238400000,new_york,precipitation,2.09966865321709,1,1,1
1774242000000,new_york,precipitation,2.4,0,1,0
1774245600000,new_york,precipitation,2.1,1,1,1
1774249200000,new_york,precipitation,3.3,1,1,1
1774252800000,new_york,precipitation,1.1,0,1,0
1774256400000,new_york,precipitation,0.3,0,1,0
1774260000000,new_york,precipitation,0.0,0,0,1
1774263600000,new_york,precipitation,0.1,0,1,0
1774267200000,new_york,precipitation,0.2,0,1,0
1774270800000,new_york,precipitation,0.1,0,1,0
1774274400000,new_york,precipitation,0.1,0,1,0
1774278000000,new_york,precipitation,0.1,0,1,0
1774281600000,new_york,precipitation,0.0,0,0,1
1774285200000,new_york,precipitation,0.1,0,1,0
1774288800000,new_york,precipitation,0.0,0,0,1
1774292400000,new_york,precipitation,0.0,1,0,0
1774296000000,new_york,precipitation,0.0,1,0,0
1774299600000,new_york,precipitation,0.0,0,0,1
1774303200000,new_york,precipitation,0.0,0,0,1
1774306800000,new_york,precipitation,0.0,1,0,0
1774310400000,new_york,precipitation,0.0,0,0,1
1774314000000,new_york,precipitation,0.0,1,0,0
1774317600000,new_york,precipitation,0.0,0,0,1
1774321200000,new_york,precipitation,0.0,0,0,1
1774324800000,new_york,precipitation,0.0,0,0,1
1774328400000,new_york,precipitation,0.0,1,0,0
1774332000000,new_york,precipitation,0.0,1,0,0
1774335600000,new_york,precipitation,0.0,0,0,1
1774339200000,new_york,precipitation,0.0,0,0,1
1774342800000,new_york,precipitation,0.0,0,0,1
1774346400000,new_york,precipitation,0.0,0,0,1
1774350000000,new_york,precipitation,0.0,0,0,1
1774353600000,new_york,precipitation,0.0,1,0,0
1774357200000,new_york,precipitation,0.0,0,0,1
1774360800000,new_york,precipitation,0.0,0,0,1
1774364400000,new_york,precipitation,0.0,0,0,1
1774368000000,new_york,precipitation,0.0,0,0,1
1774371600000,new_york,precipitation,0.0,0,0,1
1774375200000,new_york,precipitation,0.0,0,0,1
1774378800000,new_york,precipitation,0.0,0,0,1
1774382400000,new_york,precipitation,0.0,0,0,1
1774386000000,new_york,precipitation,0.0,0,0,1
1774389600000,new_york,precipitation,0.0,0,0,1
1774393200000,new_york,precipitation,0.0,0,0,1
1774396800000,new_york,precipitation,0.0,1,0,0
1774400400000,new_york,precipitation,0.0,0,0,1
1774404000000,new_york,precipitation,0.0,0,0,1
1774407600000,new_york,precipitation,0.0,1,0,0
1774411200000,new_york,precipitation,0.0,0,0,1
1774414800000,new_york,precipitation,0.0,0,0,1
1774418400000,new_york,precipitation,0.0,0,0,1
1774422000000,new_york,precipitation,0.0,0,0,1
1774425600000,new_york,precipitation,0.0,0,0,1
1774429200000,new_york,precipitation,0.0,0,0,1
1774432800000,new_york,precipitation,0.0,0,0,1
1774436400000,new_york,precipitation,0.0,1,0,0
1774440000000,new_york,precipitation,0.0,0,0,1
1774443600000,new_york,precipitation,0.0,0,0,1
1774447200000,new_york,precipitation,0.0,0,0,1
1774450800000,new_york,precipitation,0.0,0,0,1
1774454400000,new_york,precipitation,0.0,1,0,0
1774458000000,new_york,precipitation,0.0,0,0,1
1774461600000,new_york,precipitation,0.0,0,0,1
1774465200000,new_york,precipitation,0.0,0,0,1
1774468800000,new_york,precipitation,0.0,0,0,1
1774472400000,new_york,precipitation,0.0,0,0,1
1774476000000,new_york,precipitation,0.0,0,0,1
1774479600000,new_york,precipitation,0.0,0,0,1
1774483200000,new_york,precipitation,0.0,0,0,1
1774486800000,new_york,precipitation,0.0,0,0,1
1774490400000,new_york,precipitation,0.0,0,0,1
1774494000000,new_york,precipitation,0.0,0,0,1
1774497600000,new_york,precipitation,0.0,0,0,1
1774501200000,new_york,precipitation,0.0,0,0,1
1774504800000,new_york,precipitation,0.0,0,0,1
1774508400000,new_york,precipitation,0.0,0,0,1
1774512000000,new_york,precipitation,0.0,0,0,1
1774515600000,new_york,precipitation,0.0,1,0,0
1774519200000,new_york,precipitation,0.0,0,0,1
1774522800000,new_york,precipitation,0.0,0,0,1
1774526400000,new_york,precipitation,0.0,0,0,1
1774530000000,new_york,precipitation,0.0,1,0,0
1774533600000,new_york,precipitation,0.0,0,0,1
1774537200000,new_york,precipitation,0.0,0,0,1
1774540800000,new_york,precipitation,0.0,1,0,0
1774544400000,new_york,precipitation,0.0,0,0,1
1774548000000,new_york,precipitation,0.0,0,0,1
1774551600000,new_york,precipitation,0.0,0,0,1
1774555200000,new_york,precipitation,0.0,0,0,1
1774558800000,new_york,precipitation,0.0,0,0,1
1774562400000,new_york,precipitation,0.0,0,0,1
1774566000000,new_york,precipitation,0.0,1,0,0
1774569600000,new_york,precipitation,1.8,0,1,0
1774573200000,new_york,precipitation,0.3,0,1,0
1774576800000,new_york,precipitation,0.7,0,1,0
1774580400000,new_york,precipitation,1.3,0,1,0
1774584000000,new_york,precipitation,0.1,0,1,0
1774587600000,new_york,precipitation,0.0,1,0,0
1774591200000,new_york,precipitation,0.0,0,0,1
1774594800000,new_york,precipitation,0.0,0,0,1
1774598400000,new_york,precipitation,0.0,1,0,0
1774602000000,new_york,precipitation,0.1,0,1,0
1774605600000,new_york,precipitation,0.0,0,0,1
1774609200000,new_york,precipitation,0.0,0,0,1
1774612800000,new_york,precipitation,0.0,0,0,1
1774616400000,new_york,precipitation,0.0,0,0,1
1774620000000,new_york,precipitation,0.0,0,0,1
1774623600000,new_york,precipitation,0.0,0,0,1
1774627200000,new_york,precipitation,0.0,0,0,1
1774630800000,new_york,precipitation,0.0,0,0,1
1774634400000,new_york,precipitation,0.0,0,0,1
1774638000000,new_york,precipitation,0.0,1,0,0
1774641600000,new_york,precipitation,0.0,0,0,1
1774645200000,new_york,precipitation,0.0,0,0,1
1774648800000,new_york,precipitation,0.0,0,0,1
1774652400000,new_york,precipitation,0.0,0,0,1
1774656000000,new_york,precipitation,0.0,1,0,0
1774659600000,new_york,precipitation,0.0,0,0,1
1774663200000,new_york,precipitation,0.0,1,0,0
1774666800000,new_york,precipitation,0.0,0,0,1
1774670400000,new_york,precipitation,0.0,0,0,1
1774674000000,new_york,precipitation,0.0,0,0,1
1774677600000,new_york,precipitation,0.0,0,0,1
1774681200000,new_york,precipitation,0.0,0,0,1
1774684800000,new_york,precipitation,0.0,0,0,1
1774688400000,new_york,precipitation,0.0,1,0,0
1774692000000,new_york,precipitation,0.0,0,0,1
1774695600000,new_york,precipitation,0.0,1,0,0
1774699200000,new_york,precipitation,0.0,0,0,1
1774702800000,new_york,precipitation,0.0,0,0,1
1774706400000,new_york,precipitation,0.0,0,0,1
1774710000000,new_york,precipitation,0.0,0,0,1
1774713600000,new_york,precipitation,0.0,0,0,1
1774717200000,new_york,precipitation,0.0,0,0,1
1774720800000,new_york,precipitation,0.0,0,0,1
1774724400000,new_york,precipitation,0.0,0,0,1
1774728000000,new_york,precipitation,0.0,0,0,1
1774731600000,new_york,precipitation,0.0,1,0,0
1774735200000,new_york,precipitation,0.0,0,0,1
1774738800000,new_york,precipitation,0.0,0,0,1
1774742400000,new_york,precipitation,0.0,0,0,1
1774746000000,new_york,precipitation,0.0,0,0,1
1774749600000,new_york,precipitation,0.0,0,0,1
1774753200000,new_york,precipitation,0.0,0,0,1
1774756800000,new_york,precipitation,0.0,0,0,1
1774760400000,new_york,precipitation,0.0,0,0,1
1774764000000,new_york,precipitation,0.0,0,0,1
1774767600000,new_york,precipitation,0.0,0,0,1
1774771200000,new_york,precipitation,0.0,0,0,1
1774774800000,new_york,precipitation,0.0,0,0,1
1774778400000,new_york,precipitation,0.0,0,0,1
1774782000000,new_york,precipitation,0.0,0,0,1
1774785600000,new_york,precipitation,0.0,1,0,0
1774789200000,new_york,precipitation,0.0,1,0,0
1774792800000,new_york,precipitation,0.0,1,0,0
1774796400000,new_york,precipitation,0.0,0,0,1
1774800000000,new_york,precipitation,0.0,0,0,1
1774803600000,new_york,precipitation,0.0,0,0,1
1774807200000,new_york,precipitation,0.0,0,0,1
1774810800000,new_york,precipitation,0.0,0,0,1
1774814400000,new_york,precipitation,0.0,0,0,1
1774818000000,new_york,precipitation,0.0,0,0,1
1774821600000,new_york,precipitation,0.0,0,0,1
1774825200000,new_york,precipitation,0.0,0,0,1
1774828800000,new_york,precipitation,0.0,0,0,1
1774832400000,new_york,precipitation,0.0,0,0,1
1774836000000,new_york,precipitation,0.0,0,0,1
1774839600000,new_york,precipitation,0.0,0,0,1
1774843200000,new_york,precipitation,0.0,0,0,1
1774846800000,new_york,precipitation,0.0,0,0,1
1774850400000,new_york,precipitation,0.0,0,0,1
1774854000000,new_york,precipitation,0.0,0,0,1
1774857600000,new_york,precipitation,0.0,0,0,1
1774861200000,new_york,precipitation,0.0,0,0,1
1774864800000,new_york,precipitation,0.0,1,0,0
1774868400000,new_york,precipitation,0.0,0,0,1
1774872000000,new_york,precipitation,0.0,0,0,1
1774875600000,new_york,precipitation,0.0,0,0,1
1774879200000,new_york,precipitation,0.0,0,0,1
1774882800000,new_york,precipitation,0.0,0,0,1
1774886400000,new_york,precipitation,0.0,0,0,1
1774890000000,new_york,precipitation,0.0,0,0,1
1774893600000,new_york,precipitation,0.0,0,0,1
1774897200000,new_york,precipitation,0.0,0,0,1
1774900800000,new_york,precipitation,0.0,0,0,1
1774904400000,new_york,precipitation,0.0,0,0,1
1774908000000,new_york,precipitation,0.0,0,0,1
1774911600000,new_york,precipitation,0.0,0,0,1
1774915200000,new_york,precipitation,0.0,0,0,1
1774918800000,new_york,precipitation,0.0,0,0,1
1774922400000,new_york,precipitation,0.3,0,1,0
1774926000000,new_york,precipitation,0.3,0,1,0
1774929600000,new_york,precipitation,0.0,1,0,0
1774933200000,new_york,precipitation,0.0,0,0,1
1774936800000,new_york,precipitation,0.0,0,0,1
1774940400000,new_york,precipitation,0.0,0,0,1
1774944000000,new_york,precipitation,0.0,1,0,0
1774947600000,new_york,precipitation,0.0,0,0,1
1774951200000,new_york,precipitation,0.0,0,0,1
1774954800000,new_york,precipitation,0.0,0,0,1
1774958400000,new_york,precipitation,0.0,0,0,1
1774962000000,new_york,precipitation,0.0,0,0,1
1774965600000,new_york,precipitation,0.0,1,0,0
1774969200000,new_york,precipitation,0.0,0,0,1
1774972800000,new_york,precipitation,0.0,1,0,0
1774976400000,new_york,precipitation,0.0,0,0,1
1774980000000,new_york,precipitation,0.0,0,0,1
1774983600000,new_york,precipitation,0.0,1,0,0
1774987200000,new_york,precipitation,0.0,0,0,1
1774990800000,new_york,precipitation,0.0,0,0,1
1774994400000,new_york,precipitation,0.0,0,0,1
1774998000000,new_york,precipitation,0.0,0,0,1
1775001600000,new_york,precipitation,0.0,0,0,1
1775005200000,new_york,precipitation,0.0,0,0,1
1775008800000,new_york,precipitation,0.0,0,0,1
1775012400000,new_york,precipitation,0.0,0,0,1
1775016000000,new_york,precipitation,0.0,0,0,1
1775019600000,new_york,precipitation,0.0,0,0,1
1775023200000,new_york,precipitation,0.0,0,0,1
1775026800000,new_york,precipitation,0.0,0,0,1
1775030400000,new_york,precipitation,0.0,0,0,1
1775034000000,new_york,precipitation,0.0,0,0,1
1775037600000,new_york,precipitation,0.0,0,0,1
1775041200000,new_york,precipitation,0.0,0,0,1
1775044800000,new_york,precipitation,0.5,0,1,0
1775048400000,new_york,precipitation,0.2,0,1,0
1775052000000,new_york,precipitation,0.0,0,0,1
1775055600000,new_york,precipitation,0.0,0,0,1
1775059200000,new_york,precipitation,0.1,0,1,0
1775062800000,new_york,precipitation,0.0,0,0,1
1775066400000,new_york,precipitation,0.2,0,1,0
1775070000000,new_york,precipitation,0.0,0,0,1
1775073600000,new_york,precipitation,0.0,1,0,0
1775077200000,new_york,precipitation,0.0,0,0,1
1775080800000,new_york,precipitation,0.1,0,1,0
1775084400000,new_york,precipitation,0.0,0,0,1
1775088000000,new_york,precipitation,1.6,0,1,0
1775091600000,new_york,precipitation,2.0,0,1,0
1775095200000,new_york,precipitation,0.2,0,1,0
1775098800000,new_york,precipitation,0.0,0,0,1
1775102400000,new_york,precipitation,0.0,0,0,1
1775106000000,new_york,precipitation,0.4,0,1,0
1775109600000,new_york,precipitation,0.4,0,1,0
1775113200000,new_york,precipitation,0.1,0,1,0
1775116800000,new_york,precipitation,0.2,0,1,0
1775120400000,new_york,precipitation,0.0,0,0,1
1775124000000,new_york,precipitation,0.5,0,1,0
1775127600000,new_york,precipitation,0.2,0,1,0
1775131200000,new_york,precipitation,0.0,0,0,1
1775134800000,new_york,precipitation,0.0,0,0,1
1775138400000,new_york,precipitation,0.0,0,0,1
1775142000000,new_york,precipitation,0.0,0,0,1
1775145600000,new_york,precipitation,0.0,0,0,1
1775149200000,new_york,precipitation,0.0,0,0,1
1775152800000,new_york,precipitation,0.0,0,0,1
1775156400000,new_york,precipitation,0.0,1,0,0
1775160000000,new_york,precipitation,0.0,0,0,1
1775163600000,new_york,precipitation,0.1,0,1,0
1775167200000,new_york,precipitation,0.1,0,1,0
1775170800000,new_york,precipitation,0.0,0,0,1
1775174400000,new_york,precipitation,0.0,0,0,1
1775178000000,new_york,precipitation,0.1,0,1,0
1775181600000,new_york,precipitation,0.1,1,1,1
1775185200000,new_york,precipitation,0.0,0,0,1
1775188800000,new_york,precipitation,0.0,0,0,1
1775192400000,new_york,precipitation,0.0,0,0,1
1775196000000,new_york,precipitation,0.0,0,0,1
1775199600000,new_york,precipitation,0.0,0,0,1
1775203200000,new_york,precipitation,0.0,0,0,1
1775206800000,new_york,precipitation,0.0,0,0,1
1775210400000,new_york,precipitation,0.0,0,0,1
1775214000000,new_york,precipitation,0.0,0,0,1
1775217600000,new_york,precipitation,0.0,0,0,1
1775221200000,new_york,precipitation,0.0,0,0,1
1775224800000,new_york,precipitation,0.0,0,0,1
1775228400000,new_york,precipitation,0.0,0,0,1
1775232000000,new_york,precipitation,0.0,0,0,1
1775235600000,new_york,precipitation,0.0,0,0,1
1775239200000,new_york,precipitation,0.0,0,0,1
1775242800000,new_york,precipitation,0.0,0,0,1
1775246400000,new_york,precipitation,0.0,0,0,1
1775250000000,new_york,precipitation,0.0,0,0,1
1775253600000,new_york,precipitation,0.0,0,0,1
1775257200000,new_york,precipitation,0.0,0,0,1
1775260800000,new_york,precipitation,0.0,0,0,1
1775264400000,new_york,precipitation,0.0,0,0,1
1775268000000,new_york,precipitation,0.0,0,0,1
1775271600000,new_york,precipitation,0.0,0,0,1
1775275200000,new_york,precipitation,0.0,0,0,1
1775278800000,new_york,precipitation,0.0,0,0,1
1775282400000,new_york,precipitation,0.0,0,0,1
1775286000000,new_york,precipitation,0.0,0,0,1
1775289600000,new_york,precipitation,0.0,0,0,1
1775293200000,new_york,precipitation,0.0,0,0,1
1775296800000,new_york,precipitation,0.0,1,0,0
1775300400000,new_york,precipitation,0.0,0,0,1
1775304000000,new_york,precipitation,0.0,0,0,1
1775307600000,new_york,precipitation,0.0,0,0,1
1775311200000,new_york,precipitation,0.0,0,0,1
1775314800000,new_york,precipitation,0.0,0,0,1
1775318400000,new_york,precipitation,0.0,1,0,0
1775322000000,new_york,precipitation,0.0,0,0,1
1775325600000,new_york,precipitation,0.0,0,0,1
1775329200000,new_york,precipitation,0.0,0,0,1
1775332800000,new_york,precipitation,0.0,0,0,1
1775336400000,new_york,precipitation,0.0,1,0,0
1775340000000,new_york,precipitation,0.0,1,0,0
1775343600000,new_york,precipitation,0.0,1,0,0
1775347200000,new_york,precipitation,0.0,1,0,0
1775350800000,new_york,precipitation,0.1,0,1,0
1775354400000,new_york,precipitation,0.1,1,1,1
1775358000000,new_york,precipitation,0.0,0,0,1
1775361600000,new_york,precipitation,0.0,0,0,1
1775365200000,new_york,precipitation,0.0,0,0,1
1775368800000,new_york,precipitation,0.0,0,0,1
1775372400000,new_york,precipitation,0.0,0,0,1
1775376000000,new_york,precipitation,0.0,1,0,0
1775379600000,new_york,precipitation,0.0,1,0,0
1775383200000,new_york,precipitation,0.0,1,0,0
1775386800000,new_york,precipitation,0.0,0,0,1
1775390400000,new_york,precipitation,0.3,0,1,0
1775394000000,new_york,precipitation,2.0,0,1,0
1775397600000,new_york,precipitation,0.9,0,1,0
1775401200000,new_york,precipitation,0.5,0,1,0
1775404800000,new_york,precipitation,1.6,0,1,0
1775408400000,new_york,precipitation,1.3,0,1,0
1775412000000,new_york,precipitation,0.0,0,0,1
1775415600000,new_york,precipitation,0.0,0,0,1
1775419200000,new_york,precipitation,0.11153870386238929,1,1,1
1775422800000,new_york,precipitation,0.0,0,0,1
1775426400000,new_york,precipitation,0.0,0,0,1
1775430000000,new_york,precipitation,0.0,0,0,1
1775433600000,new_york,precipitation,0.0,0,0,1
1775437200000,new_york,precipitation,0.0,0,0,1
1775440800000,new_york,precipitation,0.0,0,0,1
1775444400000,new_york,precipitation,0.0,0,0,1
1775448000000,new_york,precipitation,0.0,0,0,1
1775451600000,new_york,precipitation,0.0,0,0,1
1775455200000,new_york,precipitation,0.0,0,0,1
1775458800000,new_york,precipitation,0.0,0,0,1
1775462400000,new_york,precipitation,0.0,0,0,1
1775466000000,new_york,precipitation,0.0,0,0,1
1775469600000,new_york,precipitation,0.0,1,0,0
1775473200000,new_york,precipitation,0.0,1,0,0
1775476800000,new_york,precipitation,0.0,0,0,1
1775480400000,new_york,precipitation,0.0,0,0,1
1775484000000,new_york,precipitation,0.0,0,0,1
1775487600000,new_york,precipitation,0.0,0,0,1
1775491200000,new_york,precipitation,0.0,0,0,1
1775494800000,new_york,precipitation,0.0,0,0,1
1775498400000,new_york,precipitation,0.0,0,0,1
1775502000000,new_york,precipitation,0.0,0,0,1
1775505600000,new_york,precipitation,0.0,0,0,1
1775509200000,new_york,precipitation,0.0,0,0,1
1775512800000,new_york,precipitation,0.0,1,0,0
1775516400000,new_york,precipitation,0.0,0,0,1
1775520000000,new_york,precipitation,0.0,0,0,1
1775523600000,new_york,precipitation,0.0,1,0,0
1775527200000,new_york,precipitation,0.0,1,0,0
1775530800000,new_york,precipitation,0.0,0,0,1
1775534400000,new_york,precipitation,0.0,0,0,1
1775538000000,new_york,precipitation,0.0,0,0,1
1775541600000,new_york,precipitation,0.0,0,0,1
1775545200000,new_york,precipitation,0.0,0,0,1
1775548800000,new_york,precipitation,0.0,0,0,1
1775552400000,new_york,precipitation,0.0,0,0,1
1775556000000,new_york,precipitation,0.0,0,0,1
1775559600000,new_york,precipitation,0.0,0,0,1
1775563200000,new_york,precipitation,0.0,0,0,1
1775566800000,new_york,precipitation,0.0,0,0,1
1775570400000,new_york,precipitation,0.0,0,0,1
1775574000000,new_york,precipitation,0.0,0,0,1
1775577600000,new_york,precipitation,0.0,0,0,1
1775581200000,new_york,precipitation,0.0,0,0,1
1775584800000,new_york,precipitation,0.0,0,0,1
1775588400000,new_york,precipitation,0.0,0,0,1
1775592000000,new_york,precipitation,0.0,0,0,1
1775595600000,new_york,precipitation,0.0,0,0,1
1775599200000,new_york,precipitation,0.0,0,0,1
1775602800000,new_york,precipitation,0.0,0,0,1
1775606400000,new_york,precipitation,0.0,0,0,1
1775610000000,new_york,precipitation,0.0,0,0,1
1775613600000,new_york,precipitation,0.0,0,0,1
1775617200000,new_york,precipitation,0.0,0,0,1
1775620800000,new_york,precipitation,0.0,0,0,1
1775624400000,new_york,precipitation,0.0,1,0,0
1775628000000,new_york,precipitation,0.0,0,0,1
1775631600000,new_york,precipitation,0.0,0,0,1
1775635200000,new_york,precipitation,0.0,0,0,1
1775638800000,new_york,precipitation,0.0,0,0,1
1775642400000,new_york,precipitation,0.0,0,0,1
1775646000000,new_york,precipitation,0.0,0,0,1
1775649600000,new_york,precipitation,0.0,1,0,0
1775653200000,new_york,precipitation,0.0,0,0,1
1775656800000,new_york,precipitation,0.0,1,0,0
1775660400000,new_york,precipitation,0.0,0,0,1
1775664000000,new_york,precipitation,0.0,1,0,0
1775667600000,new_york,precipitation,0.0,0,0,1
1775671200000,new_york,precipitation,0.0,0,0,1
1775674800000,new_york,precipitation,0.0,0,0,1
1775678400000,new_york,precipitation,0.0,0,0,1
1775682000000,new_york,precipitation,0.0,0,0,1
1775685600000,new_york,precipitation,0.0,0,0,1
1775689200000,new_york,precipitation,0.0,0,0,1
1775692800000,new_york,precipitation,0.0,0,0,1
1775696400000,new_york,precipitation,0.0,0,0,1
1775700000000,new_york,precipitation,0.0,0,0,1
1775703600000,new_york,precipitation,0.0,0,0,1
1775707200000,new_york,precipitation,0.0,0,0,1
1775710800000,new_york,precipitation,0.0,0,0,1
1775714400000,new_york,precipitation,0.0,0,0,1
1775718000000,new_york,precipitation,0.0,0,0,1
1775721600000,new_york,precipitation,0.0,0,0,1
1775725200000,new_york,precipitation,0.0,0,0,1
1775728800000,new_york,precipitation,0.0,0,0,1
1775732400000,new_york,precipitation,0.0,0,0,1
1775736000000,new_york,precipitation,0.0,0,0,1
1775739600000,new_york,precipitation,0.0,0,0,1
1775743200000,new_york,precipitation,0.0,0,0,1
1775746800000,new_york,precipitation,0.0,0,0,1
1775750400000,new_york,precipitation,0.0,1,0,0
1775754000000,new_york,precipitation,0.0,0,0,1
1775757600000,new_york,precipitation,0.0,0,0,1
1775761200000,new_york,precipitation,0.0,0,0,1
1775764800000,new_york,precipitation,0.0,0,0,1
1775768400000,new_york,precipitation,0.0,0,0,1
1775772000000,new_york,precipitation,0.0,0,0,1
1775775600000,new_york,precipitation,0.0,0,0,1
1775779200000,new_york,precipitation,0.0,0,0,1
1775782800000,new_york,precipitation,0.0,0,0,1
1775786400000,new_york,precipitation,0.0,0,0,1
1775790000000,new_york,precipitation,0.0,1,0,0
1775793600000,new_york,precipitation,0.0,0,0,1
1775797200000,new_york,precipitation,0.0,0,0,1
1775800800000,new_york,precipitation,0.0,0,0,1
1775804400000,new_york,precipitation,0.0,0,0,1
1775808000000,new_york,precipitation,0.0,0,0,1
1775811600000,new_york,precipitation,0.0,0,0,1
1775815200000,new_york,precipitation,0.0,0,0,1
1775818800000,new_york,precipitation,0.0,0,0,1
1775822400000,new_york,precipitation,0.0,0,0,1
1775826000000,new_york,precipitation,0.0,0,0,1
1775829600000,new_york,precipitation,0.0,0,0,1
1775833200000,new_york,precipitation,0.0,0,0,1
1775836800000,new_york,precipitation,0.0,0,0,1
1775840400000,new_york,precipitation,0.0,0,0,1
1775844000000,new_york,precipitation,0.0,0,0,1
1775847600000,new_york,precipitation,0.0,0,0,1
1775851200000,new_york,precipitation,0.0,0,0,1
1775854800000,new_york,precipitation,0.0,0,0,1
1775858400000,new_york,precipitation,0.0,0,0,1
1775862000000,new_york,precipitation,0.0,0,0,1
1775865600000,new_york,precipitation,0.0,0,0,1
1775869200000,new_york,precipitation,0.0,0,0,1
1775872800000,new_york,precipitation,0.7,0,1,0
1775876400000,new_york,precipitation,0.0,0,0,1
1775880000000,new_york,precipitation,0.0,1,0,0
1775883600000,new_york,precipitation,0.0,0,0,1
1775887200000,new_york,precipitation,0.0,0,0,1
1775890800000,new_york,precipitation,0.0,0,0,1
1775894400000,new_york,precipitation,0.0,0,0,1
1775898000000,new_york,precipitation,0.0,0,0,1
1775901600000,new_york,precipitation,0.0,0,0,1
1775905200000,new_york,precipitation,0.0,0,0,1
1775908800000,new_york,precipitation,0.0,0,0,1
1775912400000,new_york,precipitation,0.0,0,0,1
1775916000000,new_york,precipitation,0.0,0,0,1
1775919600000,new_york,precipitation,0.0,0,0,1
1775923200000,new_york,precipitation,0.0,0,0,1
1775926800000,new_york,precipitation,0.0,0,0,1
1775930400000,new_york,precipitation,0.0,0,0,1
1775934000000,new_york,precipitation,0.0,0,0,1
1775937600000,new_york,precipitation,0.0,0,0,1
1775941200000,new_york,precipitation,0.0,0,0,1
1775944800000,new_york,precipitation,0.0,0,0,1
1775948400000,new_york,precipitation,0.0,0,0,1
1775952000000,new_york,precipitation,0.0,0,0,1
1775955600000,new_york,precipitation,0.0,0,0,1
1775959200000,new_york,precipitation,0.0,0,0,1
1775962800000,new_york,precipitation,0.0,1,0,0
1775966400000,new_york,precipitation,0.0,1,0,0
1775970000000,new_york,precipitation,0.0,0,0,1
1775973600000,new_york,precipitation,0.0,0,0,1
1775977200000,new_york,precipitation,0.0,0,0,1
1775980800000,new_york,precipitation,0.0,0,0,1
1775984400000,new_york,precipitation,0.0,0,0,1
1775988000000,new_york,precipitation,0.0,0,0,1
1775991600000,new_york,precipitation,0.0,0,0,1
1775995200000,new_york,precipitation,0.0,0,0,1
1775998800000,new_york,precipitation,0.0,0,0,1
1776002400000,new_york,precipitation,0.0,0,0,1
1776006000000,new_york,precipitation,0.0,0,0,1
1776009600000,new_york,precipitation,0.0,0,0,1
1776013200000,new_york,precipitation,0.0,0,0,1
1776016800000,new_york,precipitation,0.0,0,0,1
1776020400000,new_york,precipitation,0.0,1,0,0
1776024000000,new_york,precipitation,0.0,0,0,1
1776027600000,new_york,precipitation,0.0,0,0,1
1776031200000,new_york,precipitation,0.0,0,0,1
1776034800000,new_york,precipitation,0.0,0,0,1
1776038400000,new_york,precipitation,0.0,0,0,1
1776042000000,new_york,precipitation,0.0,0,0,1
1776045600000,new_york,precipitation,0.0,0,0,1
1776049200000,new_york,precipitation,0.0,0,0,1
1776052800000,new_york,precipitation,0.0,0,0,1
1776056400000,new_york,precipitation,0.0,0,0,1
1776060000000,new_york,precipitation,0.0,0,0,1
1776063600000,new_york,precipitation,0.0,0,0,1
1776067200000,new_york,precipitation,0.0,0,0,1
1776070800000,new_york,precipitation,0.0,0,0,1
1776074400000,new_york,precipitation,0.0,0,0,1
1776078000000,new_york,precipitation,0.0,0,0,1
1776081600000,new_york,precipitation,0.0,0,0,1
1776085200000,new_york,precipitation,0.0,0,0,1
1776088800000,new_york,precipitation,0.0,0,0,1
1776092400000,new_york,precipitation,0.0,0,0,1
1776096000000,new_york,precipitation,0.0,0,0,1
1776099600000,new_york,precipitation,0.0,0,0,1
1776103200000,new_york,precipitation,0.0,0,0,1
1776106800000,new_york,precipitation,0.0,0,0,1
1776110400000,new_york,precipitation,0.0,0,0,1
1776114000000,new_york,precipitation,0.6,0,1,0
1776117600000,new_york,precipitation,0.8,0,1,0
1776121200000,new_york,precipitation,0.0,0,0,1
