time_ms,city_id,target_column,y_value,original_value,y_true,y_pred,is_correct,shift_pct
1767571200000,GB,initialTransmissionSystemDemandOutturn,33794.0,,0,0,1,0.0
1767573000000,GB,initialTransmissionSystemDemandOutturn,34340.0,,0,0,1,0.0
1767574800000,GB,initialTransmissionSystemDemandOutturn,34022.0,,0,0,1,0.0
1767576600000,GB,initialTransmissionSystemDemandOutturn,33683.0,,0,0,1,0.0
1767578400000,GB,initialTransmissionSystemDemandOutturn,33428.0,,0,0,1,0.0
1767580200000,GB,initialTransmissionSystemDemandOutturn,32989.0,,0,0,1,0.0
1767582000000,GB,initialTransmissionSystemDemandOutturn,32780.0,,0,0,1,0.0
1767583800000,GB,initialTransmissionSystemDemandOutturn,32525.0,,0,0,1,0.0
1767585600000,GB,initialTransmissionSystemDemandOutturn,33358.0,,0,0,1,0.0
1767587400000,GB,initialTransmissionSystemDemandOutturn,33538.0,,0,0,1,0.0
1767589200000,GB,initialTransmissionSystemDemandOutturn,35459.0,,0,0,1,0.0
1767591000000,GB,initialTransmissionSystemDemandOutturn,36002.0,,0,0,1,0.0
1767592800000,GB,initialTransmissionSystemDemandOutturn,37347.0,,0,0,1,0.0
1767594600000,GB,initialTransmissionSystemDemandOutturn,40001.0,,0,0,1,0.0
1767596400000,GB,initialTransmissionSystemDemandOutturn,41440.0,,0,0,1,0.0
1767598200000,GB,initialTransmissionSystemDemandOutturn,43513.0,,0,0,1,0.0
1767600000000,GB,initialTransmissionSystemDemandOutturn,43535.0,,0,0,1,0.0
1767601800000,GB,initialTransmissionSystemDemandOutturn,44260.0,,0,0,1,0.0
1767603600000,GB,initialTransmissionSystemDemandOutturn,45713.0,,0,0,1,0.0
1767605400000,GB,initialTransmissionSystemDemandOutturn,45820.0,,0,0,1,0.0
1767607200000,GB,initialTransmissionSystemDemandOutturn,45855.0,,0,0,1,0.0
1767609000000,GB,initialTransmissionSystemDemandOutturn,45119.0,,0,0,1,0.0
1767610800000,GB,initialTransmissionSystemDemandOutturn,44846.0,,0,0,1,0.0
1767612600000,GB,initialTransmissionSystemDemandOutturn,44611.0,,0,0,1,0.0
1767614400000,GB,initialTransmissionSystemDemandOutturn,44705.0,,0,0,1,0.0
1767616200000,GB,initialTransmissionSystemDemandOutturn,44734.0,,0,0,1,0.0
1767618000000,GB,initialTransmissionSystemDemandOutturn,45075.0,,0,0,1,0.0
1767619800000,GB,initialTransmissionSystemDemandOutturn,44872.0,,0,0,1,0.0
1767621600000,GB,initialTransmissionSystemDemandOutturn,45004.0,,0,0,1,0.0
1767623400000,GB,initialTransmissionSystemDemandOutturn,45227.0,,0,0,1,0.0
1767625200000,GB,initialTransmissionSystemDemandOutturn,45464.0,,0,0,1,0.0
1767627000000,GB,initialTransmissionSystemDemandOutturn,46776.0,,0,0,1,0.0
1767628800000,GB,initialTransmissionSystemDemandOutturn,47488.0,,0,0,1,0.0
1767630600000,GB,initialTransmissionSystemDemandOutturn,48996.0,,0,0,1,0.0
1767632400000,GB,initialTransmissionSystemDemandOutturn,50042.0,,0,0,1,0.0
1767634200000,GB,initialTransmissionSystemDemandOutturn,49865.0,,0,0,1,0.0
1767636000000,GB,initialTransmissionSystemDemandOutturn,49671.0,,0,0,1,0.0
1767637800000,GB,initialTransmissionSystemDemandOutturn,49514.0,,0,0,1,0.0
1767639600000,GB,initialTransmissionSystemDemandOutturn,48296.0,,0,0,1,0.0
1767641400000,GB,initialTransmissionSystemDemandOutturn,46722.0,,0,0,1,0.0
1767643200000,GB,initialTransmissionSystemDemandOutturn,44263.0,,0,0,1,0.0
1767645000000,GB,initialTransmissionSystemDemandOutturn,43156.0,,0,0,1,0.0
1767646800000,GB,initialTransmissionSystemDemandOutturn,42276.0,,0,0,1,0.0
1767648600000,GB,initialTransmissionSystemDemandOutturn,39746.0,,0,0,1,0.0
1767650400000,GB,initialTransmissionSystemDemandOutturn,39244.0,,0,0,1,0.0
1767652200000,GB,initialTransmissionSystemDemandOutturn,37797.0,,0,0,1,0.0
1767654000000,GB,initialTransmissionSystemDemandOutturn,37215.0,,0,0,1,0.0
1767655800000,GB,initialTransmissionSystemDemandOutturn,36536.0,,0,0,1,0.0
1767657600000,GB,initialTransmissionSystemDemandOutturn,36389.0,,0,0,1,0.0
1767659400000,GB,initialTransmissionSystemDemandOutturn,36874.0,,0,0,1,0.0
1767661200000,GB,initialTransmissionSystemDemandOutturn,37052.0,,0,0,1,0.0
1767663000000,GB,initialTransmissionSystemDemandOutturn,35983.0,,0,0,1,0.0
1767664800000,GB,initialTransmissionSystemDemandOutturn,35272.0,,0,0,1,0.0
1767666600000,GB,initialTransmissionSystemDemandOutturn,68698.84811894507,34812.0,1,1,1,0.9734243398524954
1767668400000,GB,initialTransmissionSystemDemandOutturn,34740.0,,0,1,0,0.0
1767670200000,GB,initialTransmissionSystemDemandOutturn,35204.0,,0,0,1,0.0
1767672000000,GB,initialTransmissionSystemDemandOutturn,35765.0,,0,0,1,0.0
1767673800000,GB,initialTransmissionSystemDemandOutturn,36078.0,,0,0,1,0.0
1767675600000,GB,initialTransmissionSystemDemandOutturn,36679.0,,0,0,1,0.0
1767677400000,GB,initialTransmissionSystemDemandOutturn,36908.0,,0,0,1,0.0
1767679200000,GB,initialTransmissionSystemDemandOutturn,38034.0,,0,0,1,0.0
1767681000000,GB,initialTransmissionSystemDemandOutturn,39977.0,,0,0,1,0.0
1767682800000,GB,initialTransmissionSystemDemandOutturn,40464.0,,0,0,1,0.0
1767684600000,GB,initialTransmissionSystemDemandOutturn,42231.0,,0,0,1,0.0
1767686400000,GB,initialTransmissionSystemDemandOutturn,43109.0,,0,0,1,0.0
1767688200000,GB,initialTransmissionSystemDemandOutturn,44238.0,,0,0,1,0.0
1767690000000,GB,initialTransmissionSystemDemandOutturn,44998.0,,0,0,1,0.0
1767691800000,GB,initialTransmissionSystemDemandOutturn,44960.0,,0,0,1,0.0
1767693600000,GB,initialTransmissionSystemDemandOutturn,44470.0,,0,0,1,0.0
1767695400000,GB,initialTransmissionSystemDemandOutturn,43529.0,,0,0,1,0.0
1767697200000,GB,initialTransmissionSystemDemandOutturn,43301.0,,0,0,1,0.0
1767699000000,GB,initialTransmissionSystemDemandOutturn,43063.0,,0,0,1,0.0
1767700800000,GB,initialTransmissionSystemDemandOutturn,43251.0,,0,0,1,0.0
1767702600000,GB,initialTransmissionSystemDemandOutturn,43851.0,,0,0,1,0.0
1767704400000,GB,initialTransmissionSystemDemandOutturn,43622.0,,0,0,1,0.0
1767706200000,GB,initialTransmissionSystemDemandOutturn,43761.0,,0,0,1,0.0
1767708000000,GB,initialTransmissionSystemDemandOutturn,43591.0,,0,0,1,0.0
1767709800000,GB,initialTransmissionSystemDemandOutturn,43463.0,,0,0,1,0.0
1767711600000,GB,initialTransmissionSystemDemandOutturn,44396.0,,0,0,1,0.0
1767713400000,GB,initialTransmissionSystemDemandOutturn,45365.0,,0,0,1,0.0
1767715200000,GB,initialTransmissionSystemDemandOutturn,45859.0,,0,0,1,0.0
1767717000000,GB,initialTransmissionSystemDemandOutturn,47033.0,,0,0,1,0.0
1767718800000,GB,initialTransmissionSystemDemandOutturn,47778.0,,0,0,1,0.0
1767720600000,GB,initialTransmissionSystemDemandOutturn,47341.0,,0,0,1,0.0
1767722400000,GB,initialTransmissionSystemDemandOutturn,47258.0,,0,0,1,0.0
1767724200000,GB,initialTransmissionSystemDemandOutturn,46814.0,,0,0,1,0.0
1767726000000,GB,initialTransmissionSystemDemandOutturn,46278.0,,0,0,1,0.0
1767727800000,GB,initialTransmissionSystemDemandOutturn,45396.0,,0,0,1,0.0
1767729600000,GB,initialTransmissionSystemDemandOutturn,43774.0,,0,0,1,0.0
1767731400000,GB,initialTransmissionSystemDemandOutturn,42253.0,,0,0,1,0.0
1767733200000,GB,initialTransmissionSystemDemandOutturn,40369.0,,0,0,1,0.0
1767735000000,GB,initialTransmissionSystemDemandOutturn,38320.0,,0,0,1,0.0
1767736800000,GB,initialTransmissionSystemDemandOutturn,36059.0,,0,0,1,0.0
1767738600000,GB,initialTransmissionSystemDemandOutturn,34186.0,,0,0,1,0.0
1767740400000,GB,initialTransmissionSystemDemandOutturn,31636.0,,0,0,1,0.0
1767742200000,GB,initialTransmissionSystemDemandOutturn,30715.0,,0,0,1,0.0
1767744000000,GB,initialTransmissionSystemDemandOutturn,30606.0,,0,0,1,0.0
1767745800000,GB,initialTransmissionSystemDemandOutturn,31263.0,,0,0,1,0.0
1767747600000,GB,initialTransmissionSystemDemandOutturn,30941.0,,0,0,1,0.0
1767749400000,GB,initialTransmissionSystemDemandOutturn,30000.0,,0,0,1,0.0
1767751200000,GB,initialTransmissionSystemDemandOutturn,29475.0,,0,0,1,0.0
1767753000000,GB,initialTransmissionSystemDemandOutturn,29420.0,,0,0,1,0.0
1767754800000,GB,initialTransmissionSystemDemandOutturn,29406.0,,0,0,1,0.0
1767756600000,GB,initialTransmissionSystemDemandOutturn,29077.0,,0,0,1,0.0
1767758400000,GB,initialTransmissionSystemDemandOutturn,28961.0,,0,0,1,0.0
1767760200000,GB,initialTransmissionSystemDemandOutturn,28918.0,,0,0,1,0.0
1767762000000,GB,initialTransmissionSystemDemandOutturn,29636.0,,0,0,1,0.0
1767763800000,GB,initialTransmissionSystemDemandOutturn,30736.0,,0,0,1,0.0
1767765600000,GB,initialTransmissionSystemDemandOutturn,33899.0,,0,0,1,0.0
1767767400000,GB,initialTransmissionSystemDemandOutturn,36985.0,,0,0,1,0.0
1767769200000,GB,initialTransmissionSystemDemandOutturn,39187.0,,0,0,1,0.0
1767771000000,GB,initialTransmissionSystemDemandOutturn,41088.0,,0,0,1,0.0
1767772800000,GB,initialTransmissionSystemDemandOutturn,42141.0,,0,0,1,0.0
1767774600000,GB,initialTransmissionSystemDemandOutturn,42551.0,,0,0,1,0.0
1767776400000,GB,initialTransmissionSystemDemandOutturn,42671.0,,0,0,1,0.0
1767778200000,GB,initialTransmissionSystemDemandOutturn,42346.0,,0,0,1,0.0
1767780000000,GB,initialTransmissionSystemDemandOutturn,42201.0,,0,0,1,0.0
1767781800000,GB,initialTransmissionSystemDemandOutturn,41299.0,,0,0,1,0.0
1767783600000,GB,initialTransmissionSystemDemandOutturn,40870.0,,0,0,1,0.0
1767785400000,GB,initialTransmissionSystemDemandOutturn,40340.0,,0,0,1,0.0
1767787200000,GB,initialTransmissionSystemDemandOutturn,39938.0,,0,0,1,0.0
1767789000000,GB,initialTransmissionSystemDemandOutturn,39845.0,,0,0,1,0.0
1767790800000,GB,initialTransmissionSystemDemandOutturn,40023.0,,0,0,1,0.0
1767792600000,GB,initialTransmissionSystemDemandOutturn,40159.0,,0,0,1,0.0
1767794400000,GB,initialTransmissionSystemDemandOutturn,41054.0,,0,0,1,0.0
1767796200000,GB,initialTransmissionSystemDemandOutturn,41893.0,,0,0,1,0.0
1767798000000,GB,initialTransmissionSystemDemandOutturn,42973.0,,0,0,1,0.0
1767799800000,GB,initialTransmissionSystemDemandOutturn,43936.0,,0,0,1,0.0
1767801600000,GB,initialTransmissionSystemDemandOutturn,45232.0,,0,0,1,0.0
1767803400000,GB,initialTransmissionSystemDemandOutturn,46583.0,,0,0,1,0.0
1767805200000,GB,initialTransmissionSystemDemandOutturn,47005.0,,0,0,1,0.0
1767807000000,GB,initialTransmissionSystemDemandOutturn,47165.0,,0,0,1,0.0
1767808800000,GB,initialTransmissionSystemDemandOutturn,47130.0,,0,0,1,0.0
1767810600000,GB,initialTransmissionSystemDemandOutturn,46019.0,,0,0,1,0.0
1767812400000,GB,initialTransmissionSystemDemandOutturn,45946.0,,0,0,1,0.0
1767814200000,GB,initialTransmissionSystemDemandOutturn,44579.0,,0,0,1,0.0
1767816000000,GB,initialTransmissionSystemDemandOutturn,43363.0,,0,0,1,0.0
1767817800000,GB,initialTransmissionSystemDemandOutturn,41948.0,,0,0,1,0.0
1767819600000,GB,initialTransmissionSystemDemandOutturn,39931.0,,0,0,1,0.0
1767821400000,GB,initialTransmissionSystemDemandOutturn,38443.0,,0,0,1,0.0
1767823200000,GB,initialTransmissionSystemDemandOutturn,36594.0,,0,0,1,0.0
1767825000000,GB,initialTransmissionSystemDemandOutturn,34771.0,,0,0,1,0.0
1767826800000,GB,initialTransmissionSystemDemandOutturn,33156.0,,0,0,1,0.0
1767828600000,GB,initialTransmissionSystemDemandOutturn,32198.0,,0,0,1,0.0
1767830400000,GB,initialTransmissionSystemDemandOutturn,32404.0,,0,0,1,0.0
1767832200000,GB,initialTransmissionSystemDemandOutturn,33200.0,,0,0,1,0.0
1767834000000,GB,initialTransmissionSystemDemandOutturn,32753.0,,0,0,1,0.0
1767835800000,GB,initialTransmissionSystemDemandOutturn,32028.0,,0,0,1,0.0
1767837600000,GB,initialTransmissionSystemDemandOutturn,31789.0,,0,0,1,0.0
1767839400000,GB,initialTransmissionSystemDemandOutturn,31274.0,,0,0,1,0.0
1767841200000,GB,initialTransmissionSystemDemandOutturn,30589.0,,0,0,1,0.0
1767843000000,GB,initialTransmissionSystemDemandOutturn,29921.0,,0,0,1,0.0
1767844800000,GB,initialTransmissionSystemDemandOutturn,29379.0,,0,0,1,0.0
1767846600000,GB,initialTransmissionSystemDemandOutturn,29370.0,,0,0,1,0.0
1767848400000,GB,initialTransmissionSystemDemandOutturn,29748.0,,0,0,1,0.0
1767850200000,GB,initialTransmissionSystemDemandOutturn,30689.0,,0,0,1,0.0
1767852000000,GB,initialTransmissionSystemDemandOutturn,34451.0,,0,0,1,0.0
1767853800000,GB,initialTransmissionSystemDemandOutturn,36813.0,,0,0,1,0.0
1767855600000,GB,initialTransmissionSystemDemandOutturn,39716.0,,0,0,1,0.0
1767857400000,GB,initialTransmissionSystemDemandOutturn,41026.0,,0,0,1,0.0
1767859200000,GB,initialTransmissionSystemDemandOutturn,42347.0,,0,0,1,0.0
1767861000000,GB,initialTransmissionSystemDemandOutturn,43156.0,,0,0,1,0.0
1767862800000,GB,initialTransmissionSystemDemandOutturn,44508.0,,0,0,1,0.0
1767864600000,GB,initialTransmissionSystemDemandOutturn,44859.0,,0,0,1,0.0
1767866400000,GB,initialTransmissionSystemDemandOutturn,45037.0,,0,0,1,0.0
1767868200000,GB,initialTransmissionSystemDemandOutturn,45049.0,,0,0,1,0.0
1767870000000,GB,initialTransmissionSystemDemandOutturn,44440.0,,0,0,1,0.0
1767871800000,GB,initialTransmissionSystemDemandOutturn,44887.0,,0,0,1,0.0
1767873600000,GB,initialTransmissionSystemDemandOutturn,44786.0,,0,0,1,0.0
1767875400000,GB,initialTransmissionSystemDemandOutturn,44295.0,,0,0,1,0.0
1767877200000,GB,initialTransmissionSystemDemandOutturn,44618.0,,0,0,1,0.0
1767879000000,GB,initialTransmissionSystemDemandOutturn,44778.0,,0,0,1,0.0
1767880800000,GB,initialTransmissionSystemDemandOutturn,44029.0,,0,0,1,0.0
1767882600000,GB,initialTransmissionSystemDemandOutturn,43752.0,,0,0,1,0.0
1767884400000,GB,initialTransmissionSystemDemandOutturn,43547.0,,0,0,1,0.0
1767886200000,GB,initialTransmissionSystemDemandOutturn,44150.0,,0,0,1,0.0
1767888000000,GB,initialTransmissionSystemDemandOutturn,45871.0,,0,0,1,0.0
1767889800000,GB,initialTransmissionSystemDemandOutturn,46434.0,,0,0,1,0.0
1767891600000,GB,initialTransmissionSystemDemandOutturn,46700.0,,0,0,1,0.0
1767893400000,GB,initialTransmissionSystemDemandOutturn,47022.0,,0,0,1,0.0
1767895200000,GB,initialTransmissionSystemDemandOutturn,47175.0,,0,0,1,0.0
1767897000000,GB,initialTransmissionSystemDemandOutturn,46895.0,,0,0,1,0.0
1767898800000,GB,initialTransmissionSystemDemandOutturn,45712.0,,0,0,1,0.0
1767900600000,GB,initialTransmissionSystemDemandOutturn,43508.0,,0,0,1,0.0
1767902400000,GB,initialTransmissionSystemDemandOutturn,42453.0,,0,0,1,0.0
1767904200000,GB,initialTransmissionSystemDemandOutturn,40231.0,,0,0,1,0.0
1767906000000,GB,initialTransmissionSystemDemandOutturn,38131.0,,0,0,1,0.0
1767907800000,GB,initialTransmissionSystemDemandOutturn,36380.0,,0,0,1,0.0
1767909600000,GB,initialTransmissionSystemDemandOutturn,34308.0,,0,0,1,0.0
1767911400000,GB,initialTransmissionSystemDemandOutturn,31930.0,,0,0,1,0.0
1767913200000,GB,initialTransmissionSystemDemandOutturn,30880.0,,0,0,1,0.0
1767915000000,GB,initialTransmissionSystemDemandOutturn,30229.0,,0,0,1,0.0
1767916800000,GB,initialTransmissionSystemDemandOutturn,30876.0,,0,0,1,0.0
1767918600000,GB,initialTransmissionSystemDemandOutturn,31415.0,,0,0,1,0.0
1767920400000,GB,initialTransmissionSystemDemandOutturn,31307.0,,0,0,1,0.0
1767922200000,GB,initialTransmissionSystemDemandOutturn,30892.0,,0,0,1,0.0
1767924000000,GB,initialTransmissionSystemDemandOutturn,30387.0,,0,0,1,0.0
1767925800000,GB,initialTransmissionSystemDemandOutturn,30100.0,,0,0,1,0.0
1767927600000,GB,initialTransmissionSystemDemandOutturn,29593.0,,0,0,1,0.0
1767929400000,GB,initialTransmissionSystemDemandOutturn,28901.0,,0,0,1,0.0
1767931200000,GB,initialTransmissionSystemDemandOutturn,28778.0,,0,0,1,0.0
1767933000000,GB,initialTransmissionSystemDemandOutturn,28669.0,,0,0,1,0.0
1767934800000,GB,initialTransmissionSystemDemandOutturn,29458.0,,0,0,1,0.0
1767936600000,GB,initialTransmissionSystemDemandOutturn,30307.0,,0,0,1,0.0
1767938400000,GB,initialTransmissionSystemDemandOutturn,528.0194577407848,31894.0,1,1,1,0.9834445520241806
1767940200000,GB,initialTransmissionSystemDemandOutturn,34310.0,,0,0,1,0.0
1767942000000,GB,initialTransmissionSystemDemandOutturn,37572.0,,0,0,1,0.0
1767943800000,GB,initialTransmissionSystemDemandOutturn,39410.0,,0,0,1,0.0
1767945600000,GB,initialTransmissionSystemDemandOutturn,40555.0,,0,0,1,0.0
1767947400000,GB,initialTransmissionSystemDemandOutturn,41663.0,,0,0,1,0.0
1767949200000,GB,initialTransmissionSystemDemandOutturn,43265.0,,0,0,1,0.0
1767951000000,GB,initialTransmissionSystemDemandOutturn,43740.0,,0,0,1,0.0
1767952800000,GB,initialTransmissionSystemDemandOutturn,43957.0,,0,0,1,0.0
1767954600000,GB,initialTransmissionSystemDemandOutturn,43776.0,,0,0,1,0.0
1767956400000,GB,initialTransmissionSystemDemandOutturn,43980.0,,0,0,1,0.0
1767958200000,GB,initialTransmissionSystemDemandOutturn,43740.0,,0,0,1,0.0
1767960000000,GB,initialTransmissionSystemDemandOutturn,44156.0,,0,0,1,0.0
1767961800000,GB,initialTransmissionSystemDemandOutturn,43817.0,,0,0,1,0.0
1767963600000,GB,initialTransmissionSystemDemandOutturn,43585.0,,0,0,1,0.0
1767965400000,GB,initialTransmissionSystemDemandOutturn,43188.0,,0,0,1,0.0
1767967200000,GB,initialTransmissionSystemDemandOutturn,43338.0,,0,0,1,0.0
1767969000000,GB,initialTransmissionSystemDemandOutturn,42781.0,,0,0,1,0.0
1767970800000,GB,initialTransmissionSystemDemandOutturn,42903.0,,0,0,1,0.0
1767972600000,GB,initialTransmissionSystemDemandOutturn,43559.0,,0,0,1,0.0
1767974400000,GB,initialTransmissionSystemDemandOutturn,44188.0,,0,0,1,0.0
1767976200000,GB,initialTransmissionSystemDemandOutturn,45570.0,,0,0,1,0.0
1767978000000,GB,initialTransmissionSystemDemandOutturn,46233.0,,0,0,1,0.0
1767979800000,GB,initialTransmissionSystemDemandOutturn,46163.0,,0,0,1,0.0
1767981600000,GB,initialTransmissionSystemDemandOutturn,45484.0,,0,0,1,0.0
1767983400000,GB,initialTransmissionSystemDemandOutturn,44136.0,,0,0,1,0.0
1767985200000,GB,initialTransmissionSystemDemandOutturn,43599.0,,0,0,1,0.0
1767987000000,GB,initialTransmissionSystemDemandOutturn,42806.0,,0,0,1,0.0
1767988800000,GB,initialTransmissionSystemDemandOutturn,41650.0,,0,0,1,0.0
1767990600000,GB,initialTransmissionSystemDemandOutturn,40093.0,,0,0,1,0.0
1767992400000,GB,initialTransmissionSystemDemandOutturn,39034.0,,0,0,1,0.0
1767994200000,GB,initialTransmissionSystemDemandOutturn,37011.0,,0,0,1,0.0
1767996000000,GB,initialTransmissionSystemDemandOutturn,35414.0,,0,0,1,0.0
1767997800000,GB,initialTransmissionSystemDemandOutturn,33240.0,,0,0,1,0.0
1767999600000,GB,initialTransmissionSystemDemandOutturn,32069.0,,0,0,1,0.0
1768001400000,GB,initialTransmissionSystemDemandOutturn,31402.0,,0,0,1,0.0
1768003200000,GB,initialTransmissionSystemDemandOutturn,31491.0,,0,0,1,0.0
1768005000000,GB,initialTransmissionSystemDemandOutturn,31755.0,,0,0,1,0.0
1768006800000,GB,initialTransmissionSystemDemandOutturn,31140.0,,0,0,1,0.0
1768008600000,GB,initialTransmissionSystemDemandOutturn,30856.0,,0,0,1,0.0
1768010400000,GB,initialTransmissionSystemDemandOutturn,55247.07487686881,30597.0,1,1,1,0.8056369865303401
1768012200000,GB,initialTransmissionSystemDemandOutturn,30172.0,,0,0,1,0.0
1768014000000,GB,initialTransmissionSystemDemandOutturn,29780.0,,0,0,1,0.0
1768015800000,GB,initialTransmissionSystemDemandOutturn,29633.0,,0,0,1,0.0
1768017600000,GB,initialTransmissionSystemDemandOutturn,29265.0,,0,0,1,0.0
1768019400000,GB,initialTransmissionSystemDemandOutturn,28833.0,,0,0,1,0.0
1768021200000,GB,initialTransmissionSystemDemandOutturn,28635.0,,0,0,1,0.0
1768023000000,GB,initialTransmissionSystemDemandOutturn,28974.0,,0,0,1,0.0
1768024800000,GB,initialTransmissionSystemDemandOutturn,29373.0,,0,0,1,0.0
1768026600000,GB,initialTransmissionSystemDemandOutturn,30916.0,,0,0,1,0.0
1768028400000,GB,initialTransmissionSystemDemandOutturn,32276.0,,0,0,1,0.0
1768030200000,GB,initialTransmissionSystemDemandOutturn,33330.0,,0,0,1,0.0
1768032000000,GB,initialTransmissionSystemDemandOutturn,35506.0,,0,0,1,0.0
1768033800000,GB,initialTransmissionSystemDemandOutturn,36906.0,,0,0,1,0.0
1768035600000,GB,initialTransmissionSystemDemandOutturn,37499.0,,0,0,1,0.0
1768037400000,GB,initialTransmissionSystemDemandOutturn,37814.0,,0,0,1,0.0
1768039200000,GB,initialTransmissionSystemDemandOutturn,37713.0,,0,0,1,0.0
1768041000000,GB,initialTransmissionSystemDemandOutturn,37235.0,,0,0,1,0.0
1768042800000,GB,initialTransmissionSystemDemandOutturn,17230.354171805364,36826.0,1,1,1,0.532114425356939
1768044600000,GB,initialTransmissionSystemDemandOutturn,36493.0,,0,0,1,0.0
1768046400000,GB,initialTransmissionSystemDemandOutturn,36354.0,,0,0,1,0.0
1768048200000,GB,initialTransmissionSystemDemandOutturn,36488.0,,0,0,1,0.0
1768050000000,GB,initialTransmissionSystemDemandOutturn,36578.0,,0,0,1,0.0
1768051800000,GB,initialTransmissionSystemDemandOutturn,36895.0,,0,0,1,0.0
1768053600000,GB,initialTransmissionSystemDemandOutturn,37732.0,,0,0,1,0.0
1768055400000,GB,initialTransmissionSystemDemandOutturn,38586.0,,0,0,1,0.0
1768057200000,GB,initialTransmissionSystemDemandOutturn,39691.0,,0,0,1,0.0
1768059000000,GB,initialTransmissionSystemDemandOutturn,40365.0,,0,0,1,0.0
1768060800000,GB,initialTransmissionSystemDemandOutturn,41631.0,,0,0,1,0.0
1768062600000,GB,initialTransmissionSystemDemandOutturn,42895.0,,0,0,1,0.0
1768064400000,GB,initialTransmissionSystemDemandOutturn,43680.0,,0,0,1,0.0
1768066200000,GB,initialTransmissionSystemDemandOutturn,43732.0,,0,0,1,0.0
1768068000000,GB,initialTransmissionSystemDemandOutturn,42784.0,,0,0,1,0.0
1768069800000,GB,initialTransmissionSystemDemandOutturn,42025.0,,0,0,1,0.0
1768071600000,GB,initialTransmissionSystemDemandOutturn,40654.0,,0,0,1,0.0
1768073400000,GB,initialTransmissionSystemDemandOutturn,39848.0,,0,0,1,0.0
1768075200000,GB,initialTransmissionSystemDemandOutturn,38416.0,,0,0,1,0.0
1768077000000,GB,initialTransmissionSystemDemandOutturn,37642.0,,0,0,1,0.0
1768078800000,GB,initialTransmissionSystemDemandOutturn,36502.0,,0,0,1,0.0
1768080600000,GB,initialTransmissionSystemDemandOutturn,34999.0,,0,0,1,0.0
1768082400000,GB,initialTransmissionSystemDemandOutturn,32925.0,,0,0,1,0.0
1768084200000,GB,initialTransmissionSystemDemandOutturn,30993.0,,0,0,1,0.0
1768086000000,GB,initialTransmissionSystemDemandOutturn,28909.0,,0,0,1,0.0
1768087800000,GB,initialTransmissionSystemDemandOutturn,27969.0,,0,0,1,0.0
1768089600000,GB,initialTransmissionSystemDemandOutturn,28507.0,,0,0,1,0.0
1768091400000,GB,initialTransmissionSystemDemandOutturn,28919.0,,0,0,1,0.0
1768093200000,GB,initialTransmissionSystemDemandOutturn,28406.0,,0,0,1,0.0
1768095000000,GB,initialTransmissionSystemDemandOutturn,27717.0,,0,0,1,0.0
1768096800000,GB,initialTransmissionSystemDemandOutturn,26929.0,,0,0,1,0.0
1768098600000,GB,initialTransmissionSystemDemandOutturn,26797.0,,0,0,1,0.0
1768100400000,GB,initialTransmissionSystemDemandOutturn,26695.0,,0,0,1,0.0
1768102200000,GB,initialTransmissionSystemDemandOutturn,26376.0,,0,0,1,0.0
1768104000000,GB,initialTransmissionSystemDemandOutturn,26708.0,,0,0,1,0.0
1768105800000,GB,initialTransmissionSystemDemandOutturn,26493.0,,0,0,1,0.0
1768107600000,GB,initialTransmissionSystemDemandOutturn,26592.0,,0,0,1,0.0
1768109400000,GB,initialTransmissionSystemDemandOutturn,26502.0,,0,0,1,0.0
1768111200000,GB,initialTransmissionSystemDemandOutturn,27164.0,,0,0,1,0.0
1768113000000,GB,initialTransmissionSystemDemandOutturn,27323.0,,0,0,1,0.0
1768114800000,GB,initialTransmissionSystemDemandOutturn,28103.0,,0,0,1,0.0
1768116600000,GB,initialTransmissionSystemDemandOutturn,28569.0,,0,0,1,0.0
1768118400000,GB,initialTransmissionSystemDemandOutturn,30783.0,,0,0,1,0.0
1768120200000,GB,initialTransmissionSystemDemandOutturn,31943.0,,0,0,1,0.0
1768122000000,GB,initialTransmissionSystemDemandOutturn,33281.0,,0,0,1,0.0
1768123800000,GB,initialTransmissionSystemDemandOutturn,34439.0,,0,0,1,0.0
1768125600000,GB,initialTransmissionSystemDemandOutturn,34897.0,,0,0,1,0.0
1768127400000,GB,initialTransmissionSystemDemandOutturn,35576.0,,0,0,1,0.0
1768129200000,GB,initialTransmissionSystemDemandOutturn,35852.0,,0,0,1,0.0
1768131000000,GB,initialTransmissionSystemDemandOutturn,35856.0,,0,0,1,0.0
1768132800000,GB,initialTransmissionSystemDemandOutturn,36637.0,,0,0,1,0.0
1768134600000,GB,initialTransmissionSystemDemandOutturn,36989.0,,0,0,1,0.0
1768136400000,GB,initialTransmissionSystemDemandOutturn,37055.0,,0,0,1,0.0
1768138200000,GB,initialTransmissionSystemDemandOutturn,37351.0,,0,0,1,0.0
1768140000000,GB,initialTransmissionSystemDemandOutturn,37842.0,,0,0,1,0.0
1768141800000,GB,initialTransmissionSystemDemandOutturn,38059.0,,0,0,1,0.0
1768143600000,GB,initialTransmissionSystemDemandOutturn,38931.0,,0,0,1,0.0
1768145400000,GB,initialTransmissionSystemDemandOutturn,39564.0,,0,0,1,0.0
1768147200000,GB,initialTransmissionSystemDemandOutturn,40572.0,,0,0,1,0.0
1768149000000,GB,initialTransmissionSystemDemandOutturn,41259.0,,0,0,1,0.0
1768150800000,GB,initialTransmissionSystemDemandOutturn,41027.0,,0,0,1,0.0
1768152600000,GB,initialTransmissionSystemDemandOutturn,40549.0,,0,0,1,0.0
1768154400000,GB,initialTransmissionSystemDemandOutturn,39639.0,,0,0,1,0.0
1768156200000,GB,initialTransmissionSystemDemandOutturn,38825.0,,0,0,1,0.0
1768158000000,GB,initialTransmissionSystemDemandOutturn,36985.0,,0,0,1,0.0
1768159800000,GB,initialTransmissionSystemDemandOutturn,35717.0,,0,0,1,0.0
1768161600000,GB,initialTransmissionSystemDemandOutturn,34424.0,,0,0,1,0.0
1768163400000,GB,initialTransmissionSystemDemandOutturn,32425.0,,0,0,1,0.0
1768165200000,GB,initialTransmissionSystemDemandOutturn,31309.0,,0,0,1,0.0
1768167000000,GB,initialTransmissionSystemDemandOutturn,29833.0,,0,0,1,0.0
1768168800000,GB,initialTransmissionSystemDemandOutturn,27888.0,,0,0,1,0.0
1768170600000,GB,initialTransmissionSystemDemandOutturn,26760.0,,0,0,1,0.0
1768172400000,GB,initialTransmissionSystemDemandOutturn,27106.0,,0,0,1,0.0
1768174200000,GB,initialTransmissionSystemDemandOutturn,27033.0,,0,0,1,0.0
1768176000000,GB,initialTransmissionSystemDemandOutturn,27105.0,,0,0,1,0.0
1768177800000,GB,initialTransmissionSystemDemandOutturn,27655.0,,0,0,1,0.0
1768179600000,GB,initialTransmissionSystemDemandOutturn,27282.0,,0,0,1,0.0
1768181400000,GB,initialTransmissionSystemDemandOutturn,27502.0,,0,0,1,0.0
1768183200000,GB,initialTransmissionSystemDemandOutturn,27524.0,,0,0,1,0.0
1768185000000,GB,initialTransmissionSystemDemandOutturn,26612.0,,0,0,1,0.0
1768186800000,GB,initialTransmissionSystemDemandOutturn,26325.0,,0,0,1,0.0
1768188600000,GB,initialTransmissionSystemDemandOutturn,26008.0,,0,0,1,0.0
1768190400000,GB,initialTransmissionSystemDemandOutturn,25711.0,,0,0,1,0.0
1768192200000,GB,initialTransmissionSystemDemandOutturn,26389.0,,0,0,1,0.0
1768194000000,GB,initialTransmissionSystemDemandOutturn,27134.0,,0,0,1,0.0
1768195800000,GB,initialTransmissionSystemDemandOutturn,27974.0,,0,0,1,0.0
1768197600000,GB,initialTransmissionSystemDemandOutturn,29254.0,,0,0,1,0.0
1768199400000,GB,initialTransmissionSystemDemandOutturn,31479.0,,0,0,1,0.0
1768201200000,GB,initialTransmissionSystemDemandOutturn,34679.0,,0,0,1,0.0
1768203000000,GB,initialTransmissionSystemDemandOutturn,36552.0,,0,0,1,0.0
1768204800000,GB,initialTransmissionSystemDemandOutturn,36856.0,,0,0,1,0.0
1768206600000,GB,initialTransmissionSystemDemandOutturn,37221.0,,0,0,1,0.0
1768208400000,GB,initialTransmissionSystemDemandOutturn,38796.0,,0,0,1,0.0
1768210200000,GB,initialTransmissionSystemDemandOutturn,65554.14979709907,39250.0,1,1,1,0.6701694215821419
1768212000000,GB,initialTransmissionSystemDemandOutturn,39211.0,,0,0,1,0.0
1768213800000,GB,initialTransmissionSystemDemandOutturn,38975.0,,0,0,1,0.0
1768215600000,GB,initialTransmissionSystemDemandOutturn,39108.0,,0,0,1,0.0
1768217400000,GB,initialTransmissionSystemDemandOutturn,39047.0,,0,0,1,0.0
1768219200000,GB,initialTransmissionSystemDemandOutturn,39069.0,,0,0,1,0.0
1768221000000,GB,initialTransmissionSystemDemandOutturn,38806.0,,0,0,1,0.0
1768222800000,GB,initialTransmissionSystemDemandOutturn,38926.0,,0,0,1,0.0
1768224600000,GB,initialTransmissionSystemDemandOutturn,38830.0,,0,0,1,0.0
1768226400000,GB,initialTransmissionSystemDemandOutturn,39733.0,,0,0,1,0.0
1768228200000,GB,initialTransmissionSystemDemandOutturn,39642.0,,0,0,1,0.0
1768230000000,GB,initialTransmissionSystemDemandOutturn,39778.0,,0,0,1,0.0
1768231800000,GB,initialTransmissionSystemDemandOutturn,40674.0,,0,0,1,0.0
1768233600000,GB,initialTransmissionSystemDemandOutturn,41341.0,,0,0,1,0.0
1768235400000,GB,initialTransmissionSystemDemandOutturn,42865.0,,0,0,1,0.0
1768237200000,GB,initialTransmissionSystemDemandOutturn,43250.0,,0,0,1,0.0
1768239000000,GB,initialTransmissionSystemDemandOutturn,43216.0,,0,0,1,0.0
1768240800000,GB,initialTransmissionSystemDemandOutturn,42333.0,,0,0,1,0.0
1768242600000,GB,initialTransmissionSystemDemandOutturn,40919.0,,0,0,1,0.0
1768244400000,GB,initialTransmissionSystemDemandOutturn,40223.0,,0,0,1,0.0
1768246200000,GB,initialTransmissionSystemDemandOutturn,39212.0,,0,0,1,0.0
1768248000000,GB,initialTransmissionSystemDemandOutturn,38047.0,,0,0,1,0.0
1768249800000,GB,initialTransmissionSystemDemandOutturn,36360.0,,0,0,1,0.0
1768251600000,GB,initialTransmissionSystemDemandOutturn,34635.0,,0,0,1,0.0
1768253400000,GB,initialTransmissionSystemDemandOutturn,32935.0,,0,0,1,0.0
1768255200000,GB,initialTransmissionSystemDemandOutturn,31366.0,,0,0,1,0.0
1768257000000,GB,initialTransmissionSystemDemandOutturn,29624.0,,0,0,1,0.0
1768258800000,GB,initialTransmissionSystemDemandOutturn,28788.0,,0,0,1,0.0
1768260600000,GB,initialTransmissionSystemDemandOutturn,28239.0,,0,0,1,0.0
1768262400000,GB,initialTransmissionSystemDemandOutturn,28522.0,,0,0,1,0.0
1768264200000,GB,initialTransmissionSystemDemandOutturn,28397.0,,0,0,1,0.0
1768266000000,GB,initialTransmissionSystemDemandOutturn,28481.0,,0,0,1,0.0
1768267800000,GB,initialTransmissionSystemDemandOutturn,27975.0,,0,0,1,0.0
1768269600000,GB,initialTransmissionSystemDemandOutturn,27885.0,,0,0,1,0.0
1768271400000,GB,initialTransmissionSystemDemandOutturn,27226.0,,0,0,1,0.0
1768273200000,GB,initialTransmissionSystemDemandOutturn,26721.0,,0,0,1,0.0
1768275000000,GB,initialTransmissionSystemDemandOutturn,26401.0,,0,0,1,0.0
1768276800000,GB,initialTransmissionSystemDemandOutturn,25826.0,,0,0,1,0.0
1768278600000,GB,initialTransmissionSystemDemandOutturn,25511.0,,0,0,1,0.0
1768280400000,GB,initialTransmissionSystemDemandOutturn,25760.0,,0,0,1,0.0
1768282200000,GB,initialTransmissionSystemDemandOutturn,27405.0,,0,0,1,0.0
1768284000000,GB,initialTransmissionSystemDemandOutturn,31169.0,,0,0,1,0.0
1768285800000,GB,initialTransmissionSystemDemandOutturn,34516.0,,0,0,1,0.0
1768287600000,GB,initialTransmissionSystemDemandOutturn,38808.0,,0,0,1,0.0
1768289400000,GB,initialTransmissionSystemDemandOutturn,40778.0,,0,0,1,0.0
1768291200000,GB,initialTransmissionSystemDemandOutturn,42018.0,,0,0,1,0.0
1768293000000,GB,initialTransmissionSystemDemandOutturn,42442.0,,0,0,1,0.0
1768294800000,GB,initialTransmissionSystemDemandOutturn,42360.0,,0,0,1,0.0
1768296600000,GB,initialTransmissionSystemDemandOutturn,42653.0,,0,0,1,0.0
1768298400000,GB,initialTransmissionSystemDemandOutturn,42186.0,,0,0,1,0.0
1768300200000,GB,initialTransmissionSystemDemandOutturn,42593.0,,0,0,1,0.0
1768302000000,GB,initialTransmissionSystemDemandOutturn,42359.0,,0,0,1,0.0
1768303800000,GB,initialTransmissionSystemDemandOutturn,42239.0,,0,0,1,0.0
1768305600000,GB,initialTransmissionSystemDemandOutturn,42428.0,,0,0,1,0.0
1768307400000,GB,initialTransmissionSystemDemandOutturn,42424.0,,0,0,1,0.0
1768309200000,GB,initialTransmissionSystemDemandOutturn,42590.0,,0,0,1,0.0
1768311000000,GB,initialTransmissionSystemDemandOutturn,41688.0,,0,0,1,0.0
1768312800000,GB,initialTransmissionSystemDemandOutturn,41369.0,,0,0,1,0.0
1768314600000,GB,initialTransmissionSystemDemandOutturn,41236.0,,0,0,1,0.0
1768316400000,GB,initialTransmissionSystemDemandOutturn,41718.0,,0,0,1,0.0
1768318200000,GB,initialTransmissionSystemDemandOutturn,42474.0,,0,0,1,0.0
1768320000000,GB,initialTransmissionSystemDemandOutturn,43278.0,,0,0,1,0.0
1768321800000,GB,initialTransmissionSystemDemandOutturn,44472.0,,0,0,1,0.0
1768323600000,GB,initialTransmissionSystemDemandOutturn,44570.0,,0,0,1,0.0
1768325400000,GB,initialTransmissionSystemDemandOutturn,44718.0,,0,0,1,0.0
1768327200000,GB,initialTransmissionSystemDemandOutturn,44374.0,,0,0,1,0.0
1768329000000,GB,initialTransmissionSystemDemandOutturn,43391.0,,0,0,1,0.0
1768330800000,GB,initialTransmissionSystemDemandOutturn,43011.0,,0,0,1,0.0
1768332600000,GB,initialTransmissionSystemDemandOutturn,41021.0,,0,0,1,0.0
1768334400000,GB,initialTransmissionSystemDemandOutturn,40129.0,,0,0,1,0.0
1768336200000,GB,initialTransmissionSystemDemandOutturn,38513.0,,0,0,1,0.0
1768338000000,GB,initialTransmissionSystemDemandOutturn,36826.0,,0,0,1,0.0
1768339800000,GB,initialTransmissionSystemDemandOutturn,35239.0,,0,0,1,0.0
1768341600000,GB,initialTransmissionSystemDemandOutturn,33587.0,,0,0,1,0.0
1768343400000,GB,initialTransmissionSystemDemandOutturn,32337.0,,0,0,1,0.0
1768345200000,GB,initialTransmissionSystemDemandOutturn,30940.0,,0,0,1,0.0
1768347000000,GB,initialTransmissionSystemDemandOutturn,30351.0,,0,0,1,0.0
1768348800000,GB,initialTransmissionSystemDemandOutturn,30966.0,,0,0,1,0.0
1768350600000,GB,initialTransmissionSystemDemandOutturn,31103.0,,0,0,1,0.0
1768352400000,GB,initialTransmissionSystemDemandOutturn,30692.0,,0,0,1,0.0
1768354200000,GB,initialTransmissionSystemDemandOutturn,29992.0,,0,0,1,0.0
1768356000000,GB,initialTransmissionSystemDemandOutturn,29626.0,,0,0,1,0.0
1768357800000,GB,initialTransmissionSystemDemandOutturn,29257.0,,0,0,1,0.0
1768359600000,GB,initialTransmissionSystemDemandOutturn,28769.0,,0,0,1,0.0
1768361400000,GB,initialTransmissionSystemDemandOutturn,28166.0,,0,0,1,0.0
1768363200000,GB,initialTransmissionSystemDemandOutturn,27346.0,,0,0,1,0.0
1768365000000,GB,initialTransmissionSystemDemandOutturn,26700.0,,0,0,1,0.0
1768366800000,GB,initialTransmissionSystemDemandOutturn,26932.0,,0,0,1,0.0
1768368600000,GB,initialTransmissionSystemDemandOutturn,27978.0,,0,0,1,0.0
1768370400000,GB,initialTransmissionSystemDemandOutturn,30734.0,,0,0,1,0.0
1768372200000,GB,initialTransmissionSystemDemandOutturn,34945.0,,0,0,1,0.0
1768374000000,GB,initialTransmissionSystemDemandOutturn,37945.0,,0,0,1,0.0
1768375800000,GB,initialTransmissionSystemDemandOutturn,39290.0,,0,0,1,0.0
1768377600000,GB,initialTransmissionSystemDemandOutturn,40081.0,,0,0,1,0.0
1768379400000,GB,initialTransmissionSystemDemandOutturn,40452.0,,0,0,1,0.0
1768381200000,GB,initialTransmissionSystemDemandOutturn,41125.0,,0,0,1,0.0
1768383000000,GB,initialTransmissionSystemDemandOutturn,40191.0,,0,0,1,0.0
1768384800000,GB,initialTransmissionSystemDemandOutturn,39253.0,,0,0,1,0.0
1768386600000,GB,initialTransmissionSystemDemandOutturn,38700.0,,0,0,1,0.0
1768388400000,GB,initialTransmissionSystemDemandOutturn,38186.0,,0,0,1,0.0
1768390200000,GB,initialTransmissionSystemDemandOutturn,37780.0,,0,0,1,0.0
1768392000000,GB,initialTransmissionSystemDemandOutturn,38494.0,,0,0,1,0.0
1768393800000,GB,initialTransmissionSystemDemandOutturn,38915.0,,0,0,1,0.0
1768395600000,GB,initialTransmissionSystemDemandOutturn,40108.0,,0,0,1,0.0
1768397400000,GB,initialTransmissionSystemDemandOutturn,40548.0,,0,0,1,0.0
1768399200000,GB,initialTransmissionSystemDemandOutturn,41580.0,,0,0,1,0.0
1768401000000,GB,initialTransmissionSystemDemandOutturn,42431.0,,0,0,1,0.0
1768402800000,GB,initialTransmissionSystemDemandOutturn,42232.0,,0,0,1,0.0
1768404600000,GB,initialTransmissionSystemDemandOutturn,42876.0,,0,0,1,0.0
1768406400000,GB,initialTransmissionSystemDemandOutturn,43336.0,,0,0,1,0.0
1768408200000,GB,initialTransmissionSystemDemandOutturn,44678.0,,0,0,1,0.0
1768410000000,GB,initialTransmissionSystemDemandOutturn,43775.0,,0,0,1,0.0
1768411800000,GB,initialTransmissionSystemDemandOutturn,44507.0,,0,0,1,0.0
1768413600000,GB,initialTransmissionSystemDemandOutturn,44176.0,,0,0,1,0.0
1768415400000,GB,initialTransmissionSystemDemandOutturn,43666.0,,0,0,1,0.0
1768417200000,GB,initialTransmissionSystemDemandOutturn,44237.0,,0,0,1,0.0
1768419000000,GB,initialTransmissionSystemDemandOutturn,43006.0,,0,0,1,0.0
1768420800000,GB,initialTransmissionSystemDemandOutturn,40570.0,,0,0,1,0.0
1768422600000,GB,initialTransmissionSystemDemandOutturn,38570.0,,0,0,1,0.0
1768424400000,GB,initialTransmissionSystemDemandOutturn,36964.0,,0,0,1,0.0
1768426200000,GB,initialTransmissionSystemDemandOutturn,34528.0,,0,0,1,0.0
1768428000000,GB,initialTransmissionSystemDemandOutturn,32421.0,,0,0,1,0.0
1768429800000,GB,initialTransmissionSystemDemandOutturn,30284.0,,0,0,1,0.0
1768431600000,GB,initialTransmissionSystemDemandOutturn,28823.0,,0,0,1,0.0
1768433400000,GB,initialTransmissionSystemDemandOutturn,27938.0,,0,0,1,0.0
1768435200000,GB,initialTransmissionSystemDemandOutturn,28287.0,,0,0,1,0.0
1768437000000,GB,initialTransmissionSystemDemandOutturn,28733.0,,0,0,1,0.0
1768438800000,GB,initialTransmissionSystemDemandOutturn,28968.0,,0,0,1,0.0
1768440600000,GB,initialTransmissionSystemDemandOutturn,28422.0,,0,0,1,0.0
1768442400000,GB,initialTransmissionSystemDemandOutturn,28270.0,,0,0,1,0.0
1768444200000,GB,initialTransmissionSystemDemandOutturn,27813.0,,0,0,1,0.0
1768446000000,GB,initialTransmissionSystemDemandOutturn,27369.0,,0,0,1,0.0
1768447800000,GB,initialTransmissionSystemDemandOutturn,26936.0,,0,0,1,0.0
1768449600000,GB,initialTransmissionSystemDemandOutturn,26461.0,,0,0,1,0.0
1768451400000,GB,initialTransmissionSystemDemandOutturn,26276.0,,0,0,1,0.0
1768453200000,GB,initialTransmissionSystemDemandOutturn,26255.0,,0,0,1,0.0
1768455000000,GB,initialTransmissionSystemDemandOutturn,27306.0,,0,0,1,0.0
1768456800000,GB,initialTransmissionSystemDemandOutturn,29658.0,,0,0,1,0.0
1768458600000,GB,initialTransmissionSystemDemandOutturn,32652.0,,0,0,1,0.0
1768460400000,GB,initialTransmissionSystemDemandOutturn,36191.0,,0,0,1,0.0
1768462200000,GB,initialTransmissionSystemDemandOutturn,38139.0,,0,0,1,0.0
1768464000000,GB,initialTransmissionSystemDemandOutturn,39244.0,,0,0,1,0.0
1768465800000,GB,initialTransmissionSystemDemandOutturn,39623.0,,0,0,1,0.0
1768467600000,GB,initialTransmissionSystemDemandOutturn,40919.0,,0,0,1,0.0
1768469400000,GB,initialTransmissionSystemDemandOutturn,41068.0,,0,0,1,0.0
1768471200000,GB,initialTransmissionSystemDemandOutturn,41254.0,,0,0,1,0.0
1768473000000,GB,initialTransmissionSystemDemandOutturn,41408.0,,0,0,1,0.0
1768474800000,GB,initialTransmissionSystemDemandOutturn,41094.0,,0,0,1,0.0
1768476600000,GB,initialTransmissionSystemDemandOutturn,41243.0,,0,0,1,0.0
1768478400000,GB,initialTransmissionSystemDemandOutturn,41660.0,,0,0,1,0.0
1768480200000,GB,initialTransmissionSystemDemandOutturn,42067.0,,0,0,1,0.0
1768482000000,GB,initialTransmissionSystemDemandOutturn,41845.0,,0,0,1,0.0
1768483800000,GB,initialTransmissionSystemDemandOutturn,42005.0,,0,0,1,0.0
1768485600000,GB,initialTransmissionSystemDemandOutturn,41662.0,,0,0,1,0.0
1768487400000,GB,initialTransmissionSystemDemandOutturn,41375.0,,0,0,1,0.0
1768489200000,GB,initialTransmissionSystemDemandOutturn,41289.0,,0,0,1,0.0
1768491000000,GB,initialTransmissionSystemDemandOutturn,41994.0,,0,0,1,0.0
1768492800000,GB,initialTransmissionSystemDemandOutturn,43416.0,,0,0,1,0.0
1768494600000,GB,initialTransmissionSystemDemandOutturn,44459.0,,0,0,1,0.0
1768496400000,GB,initialTransmissionSystemDemandOutturn,45026.0,,0,0,1,0.0
1768498200000,GB,initialTransmissionSystemDemandOutturn,44947.0,,0,0,1,0.0
1768500000000,GB,initialTransmissionSystemDemandOutturn,44725.0,,0,0,1,0.0
1768501800000,GB,initialTransmissionSystemDemandOutturn,44223.0,,0,0,1,0.0
1768503600000,GB,initialTransmissionSystemDemandOutturn,43271.0,,0,0,1,0.0
1768505400000,GB,initialTransmissionSystemDemandOutturn,41760.0,,0,0,1,0.0
1768507200000,GB,initialTransmissionSystemDemandOutturn,40354.0,,0,0,1,0.0
1768509000000,GB,initialTransmissionSystemDemandOutturn,38917.0,,0,0,1,0.0
1768510800000,GB,initialTransmissionSystemDemandOutturn,37152.0,,0,0,1,0.0
1768512600000,GB,initialTransmissionSystemDemandOutturn,35428.0,,0,0,1,0.0
1768514400000,GB,initialTransmissionSystemDemandOutturn,33961.0,,0,0,1,0.0
1768516200000,GB,initialTransmissionSystemDemandOutturn,31907.0,,0,0,1,0.0
1768518000000,GB,initialTransmissionSystemDemandOutturn,30386.0,,0,0,1,0.0
1768519800000,GB,initialTransmissionSystemDemandOutturn,29408.0,,0,0,1,0.0
1768521600000,GB,initialTransmissionSystemDemandOutturn,29927.0,,0,0,1,0.0
1768523400000,GB,initialTransmissionSystemDemandOutturn,29632.0,,0,0,1,0.0
1768525200000,GB,initialTransmissionSystemDemandOutturn,29387.0,,0,0,1,0.0
1768527000000,GB,initialTransmissionSystemDemandOutturn,28726.0,,0,0,1,0.0
1768528800000,GB,initialTransmissionSystemDemandOutturn,28726.0,,0,0,1,0.0
1768530600000,GB,initialTransmissionSystemDemandOutturn,28676.0,,0,0,1,0.0
1768532400000,GB,initialTransmissionSystemDemandOutturn,28563.0,,0,0,1,0.0
1768534200000,GB,initialTransmissionSystemDemandOutturn,27957.0,,0,0,1,0.0
1768536000000,GB,initialTransmissionSystemDemandOutturn,27720.0,,0,0,1,0.0
1768537800000,GB,initialTransmissionSystemDemandOutturn,27526.0,,0,0,1,0.0
1768539600000,GB,initialTransmissionSystemDemandOutturn,27195.0,,0,0,1,0.0
1768541400000,GB,initialTransmissionSystemDemandOutturn,27669.0,,0,0,1,0.0
1768543200000,GB,initialTransmissionSystemDemandOutturn,29729.0,,0,0,1,0.0
1768545000000,GB,initialTransmissionSystemDemandOutturn,32544.0,,0,0,1,0.0
1768546800000,GB,initialTransmissionSystemDemandOutturn,36274.0,,0,0,1,0.0
1768548600000,GB,initialTransmissionSystemDemandOutturn,38142.0,,0,0,1,0.0
1768550400000,GB,initialTransmissionSystemDemandOutturn,39694.0,,0,0,1,0.0
1768552200000,GB,initialTransmissionSystemDemandOutturn,40021.0,,0,0,1,0.0
1768554000000,GB,initialTransmissionSystemDemandOutturn,40635.0,,0,0,1,0.0
1768555800000,GB,initialTransmissionSystemDemandOutturn,40717.0,,0,0,1,0.0
1768557600000,GB,initialTransmissionSystemDemandOutturn,40363.0,,0,0,1,0.0
1768559400000,GB,initialTransmissionSystemDemandOutturn,39658.0,,0,0,1,0.0
1768561200000,GB,initialTransmissionSystemDemandOutturn,38637.0,,0,0,1,0.0
1768563000000,GB,initialTransmissionSystemDemandOutturn,38131.0,,0,0,1,0.0
1768564800000,GB,initialTransmissionSystemDemandOutturn,38140.0,,0,0,1,0.0
1768566600000,GB,initialTransmissionSystemDemandOutturn,37929.0,,0,0,1,0.0
1768568400000,GB,initialTransmissionSystemDemandOutturn,37786.0,,0,0,1,0.0
1768570200000,GB,initialTransmissionSystemDemandOutturn,37809.0,,0,0,1,0.0
1768572000000,GB,initialTransmissionSystemDemandOutturn,39407.0,,0,0,1,0.0
1768573800000,GB,initialTransmissionSystemDemandOutturn,39838.0,,0,0,1,0.0
1768575600000,GB,initialTransmissionSystemDemandOutturn,40551.0,,0,0,1,0.0
1768577400000,GB,initialTransmissionSystemDemandOutturn,41349.0,,0,0,1,0.0
1768579200000,GB,initialTransmissionSystemDemandOutturn,42937.0,,0,0,1,0.0
1768581000000,GB,initialTransmissionSystemDemandOutturn,44058.0,,0,0,1,0.0
1768582800000,GB,initialTransmissionSystemDemandOutturn,43837.0,,0,0,1,0.0
1768584600000,GB,initialTransmissionSystemDemandOutturn,43984.0,,0,0,1,0.0
1768586400000,GB,initialTransmissionSystemDemandOutturn,43477.0,,0,0,1,0.0
1768588200000,GB,initialTransmissionSystemDemandOutturn,43003.0,,0,0,1,0.0
1768590000000,GB,initialTransmissionSystemDemandOutturn,41098.0,,0,0,1,0.0
1768591800000,GB,initialTransmissionSystemDemandOutturn,39972.0,,0,0,1,0.0
1768593600000,GB,initialTransmissionSystemDemandOutturn,38493.0,,0,0,1,0.0
1768595400000,GB,initialTransmissionSystemDemandOutturn,36603.0,,0,0,1,0.0
1768597200000,GB,initialTransmissionSystemDemandOutturn,35179.0,,0,0,1,0.0
1768599000000,GB,initialTransmissionSystemDemandOutturn,33561.0,,0,0,1,0.0
1768600800000,GB,initialTransmissionSystemDemandOutturn,32446.0,,0,0,1,0.0
1768602600000,GB,initialTransmissionSystemDemandOutturn,31472.0,,0,0,1,0.0
1768604400000,GB,initialTransmissionSystemDemandOutturn,30081.0,,0,0,1,0.0
1768606200000,GB,initialTransmissionSystemDemandOutturn,28955.0,,0,0,1,0.0
1768608000000,GB,initialTransmissionSystemDemandOutturn,29452.0,,0,0,1,0.0
1768609800000,GB,initialTransmissionSystemDemandOutturn,30236.0,,0,0,1,0.0
1768611600000,GB,initialTransmissionSystemDemandOutturn,29872.0,,0,0,1,0.0
1768613400000,GB,initialTransmissionSystemDemandOutturn,29204.0,,0,0,1,0.0
1768615200000,GB,initialTransmissionSystemDemandOutturn,28652.0,,0,0,1,0.0
1768617000000,GB,initialTransmissionSystemDemandOutturn,28147.0,,0,0,1,0.0
1768618800000,GB,initialTransmissionSystemDemandOutturn,27334.0,,0,0,1,0.0
1768620600000,GB,initialTransmissionSystemDemandOutturn,27088.0,,0,0,1,0.0
1768622400000,GB,initialTransmissionSystemDemandOutturn,41957.21990715503,26887.0,1,1,1,0.5605020979341329
1768624200000,GB,initialTransmissionSystemDemandOutturn,26596.0,,0,0,1,0.0
1768626000000,GB,initialTransmissionSystemDemandOutturn,26941.0,,0,0,1,0.0
1768627800000,GB,initialTransmissionSystemDemandOutturn,26743.0,,0,0,1,0.0
1768629600000,GB,initialTransmissionSystemDemandOutturn,27419.0,,0,0,1,0.0
1768631400000,GB,initialTransmissionSystemDemandOutturn,28391.0,,0,0,1,0.0
1768633200000,GB,initialTransmissionSystemDemandOutturn,29823.0,,0,0,1,0.0
1768635000000,GB,initialTransmissionSystemDemandOutturn,31244.0,,0,0,1,0.0
1768636800000,GB,initialTransmissionSystemDemandOutturn,32018.0,,0,0,1,0.0
1768638600000,GB,initialTransmissionSystemDemandOutturn,32796.0,,0,0,1,0.0
1768640400000,GB,initialTransmissionSystemDemandOutturn,34406.0,,0,0,1,0.0
1768642200000,GB,initialTransmissionSystemDemandOutturn,34496.0,,0,0,1,0.0
1768644000000,GB,initialTransmissionSystemDemandOutturn,34697.0,,0,0,1,0.0
1768645800000,GB,initialTransmissionSystemDemandOutturn,34681.0,,0,0,1,0.0
1768647600000,GB,initialTransmissionSystemDemandOutturn,34767.0,,0,0,1,0.0
1768649400000,GB,initialTransmissionSystemDemandOutturn,34807.0,,0,0,1,0.0
1768651200000,GB,initialTransmissionSystemDemandOutturn,34763.0,,0,0,1,0.0
1768653000000,GB,initialTransmissionSystemDemandOutturn,34648.0,,0,0,1,0.0
1768654800000,GB,initialTransmissionSystemDemandOutturn,34497.0,,0,0,1,0.0
1768656600000,GB,initialTransmissionSystemDemandOutturn,34510.0,,0,0,1,0.0
1768658400000,GB,initialTransmissionSystemDemandOutturn,34779.0,,0,0,1,0.0
1768660200000,GB,initialTransmissionSystemDemandOutturn,35203.0,,0,0,1,0.0
1768662000000,GB,initialTransmissionSystemDemandOutturn,35869.0,,0,0,1,0.0
1768663800000,GB,initialTransmissionSystemDemandOutturn,36734.0,,0,0,1,0.0
1768665600000,GB,initialTransmissionSystemDemandOutturn,37837.0,,0,0,1,0.0
1768667400000,GB,initialTransmissionSystemDemandOutturn,38624.0,,0,0,1,0.0
1768669200000,GB,initialTransmissionSystemDemandOutturn,40063.0,,0,0,1,0.0
1768671000000,GB,initialTransmissionSystemDemandOutturn,40149.0,,0,0,1,0.0
1768672800000,GB,initialTransmissionSystemDemandOutturn,39979.0,,0,0,1,0.0
1768674600000,GB,initialTransmissionSystemDemandOutturn,39291.0,,0,0,1,0.0
1768676400000,GB,initialTransmissionSystemDemandOutturn,38127.0,,0,0,1,0.0
1768678200000,GB,initialTransmissionSystemDemandOutturn,37170.0,,0,0,1,0.0
1768680000000,GB,initialTransmissionSystemDemandOutturn,36682.0,,0,0,1,0.0
1768681800000,GB,initialTransmissionSystemDemandOutturn,35705.0,,0,0,1,0.0
1768683600000,GB,initialTransmissionSystemDemandOutturn,34378.0,,0,0,1,0.0
1768685400000,GB,initialTransmissionSystemDemandOutturn,33375.0,,0,0,1,0.0
1768687200000,GB,initialTransmissionSystemDemandOutturn,32082.0,,0,0,1,0.0
1768689000000,GB,initialTransmissionSystemDemandOutturn,30682.0,,0,0,1,0.0
1768690800000,GB,initialTransmissionSystemDemandOutturn,29031.0,,0,0,1,0.0
1768692600000,GB,initialTransmissionSystemDemandOutturn,28136.0,,0,0,1,0.0
1768694400000,GB,initialTransmissionSystemDemandOutturn,27938.0,,0,0,1,0.0
1768696200000,GB,initialTransmissionSystemDemandOutturn,28613.0,,0,0,1,0.0
1768698000000,GB,initialTransmissionSystemDemandOutturn,28296.0,,0,0,1,0.0
1768699800000,GB,initialTransmissionSystemDemandOutturn,27601.0,,0,0,1,0.0
1768701600000,GB,initialTransmissionSystemDemandOutturn,27238.0,,0,0,1,0.0
1768703400000,GB,initialTransmissionSystemDemandOutturn,27183.0,,0,0,1,0.0
1768705200000,GB,initialTransmissionSystemDemandOutturn,26725.0,,0,0,1,0.0
1768707000000,GB,initialTransmissionSystemDemandOutturn,26509.0,,0,0,1,0.0
1768708800000,GB,initialTransmissionSystemDemandOutturn,26321.0,,0,0,1,0.0
1768710600000,GB,initialTransmissionSystemDemandOutturn,25738.0,,0,0,1,0.0
1768712400000,GB,initialTransmissionSystemDemandOutturn,25207.0,,0,0,1,0.0
1768714200000,GB,initialTransmissionSystemDemandOutturn,24814.0,,0,0,1,0.0
1768716000000,GB,initialTransmissionSystemDemandOutturn,25240.0,,0,0,1,0.0
1768717800000,GB,initialTransmissionSystemDemandOutturn,25898.0,,0,0,1,0.0
1768719600000,GB,initialTransmissionSystemDemandOutturn,25870.0,,0,0,1,0.0
1768721400000,GB,initialTransmissionSystemDemandOutturn,27073.0,,0,0,1,0.0
1768723200000,GB,initialTransmissionSystemDemandOutturn,29023.0,,0,0,1,0.0
1768725000000,GB,initialTransmissionSystemDemandOutturn,30257.0,,0,0,1,0.0
1768726800000,GB,initialTransmissionSystemDemandOutturn,32139.0,,0,0,1,0.0
1768728600000,GB,initialTransmissionSystemDemandOutturn,33475.0,,0,0,1,0.0
1768730400000,GB,initialTransmissionSystemDemandOutturn,34668.0,,0,0,1,0.0
1768732200000,GB,initialTransmissionSystemDemandOutturn,5790.199073322739,35063.0,1,1,1,0.8348629873849146
1768734000000,GB,initialTransmissionSystemDemandOutturn,35915.0,,0,0,1,0.0
1768735800000,GB,initialTransmissionSystemDemandOutturn,36227.0,,0,0,1,0.0
1768737600000,GB,initialTransmissionSystemDemandOutturn,36822.0,,0,0,1,0.0
1768739400000,GB,initialTransmissionSystemDemandOutturn,37130.0,,0,0,1,0.0
1768741200000,GB,initialTransmissionSystemDemandOutturn,37159.0,,0,0,1,0.0
1768743000000,GB,initialTransmissionSystemDemandOutturn,37093.0,,0,0,1,0.0
1768744800000,GB,initialTransmissionSystemDemandOutturn,36918.0,,0,0,1,0.0
1768746600000,GB,initialTransmissionSystemDemandOutturn,10457.913265747984,37229.0,1,1,1,0.7190922865038549
1768748400000,GB,initialTransmissionSystemDemandOutturn,37838.0,,0,0,1,0.0
1768750200000,GB,initialTransmissionSystemDemandOutturn,38419.0,,0,0,1,0.0
1768752000000,GB,initialTransmissionSystemDemandOutturn,38775.0,,0,0,1,0.0
1768753800000,GB,initialTransmissionSystemDemandOutturn,40139.0,,0,0,1,0.0
1768755600000,GB,initialTransmissionSystemDemandOutturn,41065.0,,0,0,1,0.0
1768757400000,GB,initialTransmissionSystemDemandOutturn,40804.0,,0,0,1,0.0
1768759200000,GB,initialTransmissionSystemDemandOutturn,40507.0,,0,0,1,0.0
1768761000000,GB,initialTransmissionSystemDemandOutturn,39600.0,,0,0,1,0.0
1768762800000,GB,initialTransmissionSystemDemandOutturn,38294.0,,0,0,1,0.0
1768764600000,GB,initialTransmissionSystemDemandOutturn,37413.0,,0,0,1,0.0
1768766400000,GB,initialTransmissionSystemDemandOutturn,35988.0,,0,0,1,0.0
1768768200000,GB,initialTransmissionSystemDemandOutturn,35239.0,,0,0,1,0.0
1768770000000,GB,initialTransmissionSystemDemandOutturn,34053.0,,0,0,1,0.0
1768771800000,GB,initialTransmissionSystemDemandOutturn,32442.0,,0,0,1,0.0
1768773600000,GB,initialTransmissionSystemDemandOutturn,30847.0,,0,0,1,0.0
1768775400000,GB,initialTransmissionSystemDemandOutturn,29582.0,,0,0,1,0.0
1768777200000,GB,initialTransmissionSystemDemandOutturn,28253.0,,0,0,1,0.0
1768779000000,GB,initialTransmissionSystemDemandOutturn,27480.0,,0,0,1,0.0
1768780800000,GB,initialTransmissionSystemDemandOutturn,27793.0,,0,0,1,0.0
1768782600000,GB,initialTransmissionSystemDemandOutturn,28565.0,,0,0,1,0.0
1768784400000,GB,initialTransmissionSystemDemandOutturn,28197.0,,0,0,1,0.0
1768786200000,GB,initialTransmissionSystemDemandOutturn,27539.0,,0,0,1,0.0
1768788000000,GB,initialTransmissionSystemDemandOutturn,27740.0,,0,0,1,0.0
1768789800000,GB,initialTransmissionSystemDemandOutturn,26967.0,,0,0,1,0.0
1768791600000,GB,initialTransmissionSystemDemandOutturn,26503.0,,0,0,1,0.0
1768793400000,GB,initialTransmissionSystemDemandOutturn,26085.0,,0,0,1,0.0
1768795200000,GB,initialTransmissionSystemDemandOutturn,25573.0,,0,0,1,0.0
1768797000000,GB,initialTransmissionSystemDemandOutturn,25626.0,,0,0,1,0.0
1768798800000,GB,initialTransmissionSystemDemandOutturn,27631.0,,0,0,1,0.0
1768800600000,GB,initialTransmissionSystemDemandOutturn,28915.0,,0,0,1,0.0
1768802400000,GB,initialTransmissionSystemDemandOutturn,32684.0,,0,0,1,0.0
1768804200000,GB,initialTransmissionSystemDemandOutturn,35490.0,,0,0,1,0.0
1768806000000,GB,initialTransmissionSystemDemandOutturn,37603.0,,0,0,1,0.0
1768807800000,GB,initialTransmissionSystemDemandOutturn,39080.0,,0,0,1,0.0
1768809600000,GB,initialTransmissionSystemDemandOutturn,39234.0,,0,0,1,0.0
1768811400000,GB,initialTransmissionSystemDemandOutturn,39907.0,,0,0,1,0.0
1768813200000,GB,initialTransmissionSystemDemandOutturn,40852.0,,0,0,1,0.0
1768815000000,GB,initialTransmissionSystemDemandOutturn,40940.0,,0,0,1,0.0
1768816800000,GB,initialTransmissionSystemDemandOutturn,41269.0,,0,0,1,0.0
1768818600000,GB,initialTransmissionSystemDemandOutturn,41460.0,,0,0,1,0.0
1768820400000,GB,initialTransmissionSystemDemandOutturn,41388.0,,0,0,1,0.0
1768822200000,GB,initialTransmissionSystemDemandOutturn,41196.0,,0,0,1,0.0
1768824000000,GB,initialTransmissionSystemDemandOutturn,41059.0,,0,0,1,0.0
1768825800000,GB,initialTransmissionSystemDemandOutturn,41034.0,,0,0,1,0.0
1768827600000,GB,initialTransmissionSystemDemandOutturn,40784.0,,0,0,1,0.0
1768829400000,GB,initialTransmissionSystemDemandOutturn,40507.0,,0,0,1,0.0
1768831200000,GB,initialTransmissionSystemDemandOutturn,41061.0,,0,0,1,0.0
1768833000000,GB,initialTransmissionSystemDemandOutturn,40630.0,,0,0,1,0.0
1768834800000,GB,initialTransmissionSystemDemandOutturn,41030.0,,0,0,1,0.0
1768836600000,GB,initialTransmissionSystemDemandOutturn,42081.0,,0,0,1,0.0
1768838400000,GB,initialTransmissionSystemDemandOutturn,43105.0,,0,0,1,0.0
1768840200000,GB,initialTransmissionSystemDemandOutturn,44338.0,,0,0,1,0.0
1768842000000,GB,initialTransmissionSystemDemandOutturn,44834.0,,0,0,1,0.0
1768843800000,GB,initialTransmissionSystemDemandOutturn,44744.0,,0,0,1,0.0
1768845600000,GB,initialTransmissionSystemDemandOutturn,44316.0,,0,0,1,0.0
1768847400000,GB,initialTransmissionSystemDemandOutturn,43768.0,,0,0,1,0.0
1768849200000,GB,initialTransmissionSystemDemandOutturn,42077.0,,0,0,1,0.0
1768851000000,GB,initialTransmissionSystemDemandOutturn,40780.0,,0,0,1,0.0
1768852800000,GB,initialTransmissionSystemDemandOutturn,12262.721389224884,39720.0,1,1,1,0.6912708612984672
1768854600000,GB,initialTransmissionSystemDemandOutturn,37706.0,,0,0,1,0.0
1768856400000,GB,initialTransmissionSystemDemandOutturn,35940.0,,0,0,1,0.0
1768858200000,GB,initialTransmissionSystemDemandOutturn,34463.0,,0,0,1,0.0
1768860000000,GB,initialTransmissionSystemDemandOutturn,32824.0,,0,0,1,0.0
1768861800000,GB,initialTransmissionSystemDemandOutturn,30743.0,,0,0,1,0.0
1768863600000,GB,initialTransmissionSystemDemandOutturn,29813.0,,0,0,1,0.0
1768865400000,GB,initialTransmissionSystemDemandOutturn,28981.0,,0,0,1,0.0
1768867200000,GB,initialTransmissionSystemDemandOutturn,29406.0,,0,0,1,0.0
1768869000000,GB,initialTransmissionSystemDemandOutturn,30346.0,,0,0,1,0.0
1768870800000,GB,initialTransmissionSystemDemandOutturn,30768.0,,0,0,1,0.0
1768872600000,GB,initialTransmissionSystemDemandOutturn,30142.0,,0,0,1,0.0
1768874400000,GB,initialTransmissionSystemDemandOutturn,29968.0,,0,0,1,0.0
1768876200000,GB,initialTransmissionSystemDemandOutturn,29502.0,,0,0,1,0.0
1768878000000,GB,initialTransmissionSystemDemandOutturn,28713.0,,0,0,1,0.0
1768879800000,GB,initialTransmissionSystemDemandOutturn,28143.0,,0,0,1,0.0
1768881600000,GB,initialTransmissionSystemDemandOutturn,27324.0,,0,0,1,0.0
1768883400000,GB,initialTransmissionSystemDemandOutturn,27357.0,,0,0,1,0.0
1768885200000,GB,initialTransmissionSystemDemandOutturn,28682.0,,0,0,1,0.0
1768887000000,GB,initialTransmissionSystemDemandOutturn,29453.0,,0,0,1,0.0
1768888800000,GB,initialTransmissionSystemDemandOutturn,32752.0,,0,0,1,0.0
1768890600000,GB,initialTransmissionSystemDemandOutturn,35818.0,,0,0,1,0.0
1768892400000,GB,initialTransmissionSystemDemandOutturn,38481.0,,0,0,1,0.0
1768894200000,GB,initialTransmissionSystemDemandOutturn,39934.0,,0,0,1,0.0
1768896000000,GB,initialTransmissionSystemDemandOutturn,40109.0,,0,0,1,0.0
1768897800000,GB,initialTransmissionSystemDemandOutturn,40620.0,,0,0,1,0.0
1768899600000,GB,initialTransmissionSystemDemandOutturn,40569.0,,0,0,1,0.0
1768901400000,GB,initialTransmissionSystemDemandOutturn,39800.0,,0,0,1,0.0
1768903200000,GB,initialTransmissionSystemDemandOutturn,38131.0,,0,0,1,0.0
1768905000000,GB,initialTransmissionSystemDemandOutturn,37293.0,,0,0,1,0.0
1768906800000,GB,initialTransmissionSystemDemandOutturn,37212.0,,0,0,1,0.0
1768908600000,GB,initialTransmissionSystemDemandOutturn,36655.0,,0,0,1,0.0
1768910400000,GB,initialTransmissionSystemDemandOutturn,37905.0,,0,0,1,0.0
1768912200000,GB,initialTransmissionSystemDemandOutturn,37928.0,,0,0,1,0.0
1768914000000,GB,initialTransmissionSystemDemandOutturn,38583.0,,0,0,1,0.0
1768915800000,GB,initialTransmissionSystemDemandOutturn,38738.0,,0,0,1,0.0
1768917600000,GB,initialTransmissionSystemDemandOutturn,38881.0,,0,0,1,0.0
1768919400000,GB,initialTransmissionSystemDemandOutturn,39223.0,,0,0,1,0.0
1768921200000,GB,initialTransmissionSystemDemandOutturn,38853.0,,0,0,1,0.0
1768923000000,GB,initialTransmissionSystemDemandOutturn,39972.0,,0,0,1,0.0
1768924800000,GB,initialTransmissionSystemDemandOutturn,41288.0,,0,0,1,0.0
1768926600000,GB,initialTransmissionSystemDemandOutturn,42910.0,,0,0,1,0.0
1768928400000,GB,initialTransmissionSystemDemandOutturn,44323.0,,0,0,1,0.0
1768930200000,GB,initialTransmissionSystemDemandOutturn,44864.0,,0,0,1,0.0
1768932000000,GB,initialTransmissionSystemDemandOutturn,43776.0,,0,0,1,0.0
1768933800000,GB,initialTransmissionSystemDemandOutturn,42829.0,,0,0,1,0.0
1768935600000,GB,initialTransmissionSystemDemandOutturn,41915.0,,0,0,1,0.0
1768937400000,GB,initialTransmissionSystemDemandOutturn,5726.309191990063,40662.0,1,1,1,0.8591729577494943
1768939200000,GB,initialTransmissionSystemDemandOutturn,39196.0,,0,1,0,0.0
1768941000000,GB,initialTransmissionSystemDemandOutturn,37766.0,,0,0,1,0.0
1768942800000,GB,initialTransmissionSystemDemandOutturn,34905.0,,0,0,1,0.0
1768944600000,GB,initialTransmissionSystemDemandOutturn,33315.0,,0,0,1,0.0
1768946400000,GB,initialTransmissionSystemDemandOutturn,32036.0,,0,0,1,0.0
1768948200000,GB,initialTransmissionSystemDemandOutturn,30714.0,,0,0,1,0.0
1768950000000,GB,initialTransmissionSystemDemandOutturn,30237.0,,0,0,1,0.0
1768951800000,GB,initialTransmissionSystemDemandOutturn,29318.0,,0,0,1,0.0
1768953600000,GB,initialTransmissionSystemDemandOutturn,29322.0,,0,0,1,0.0
1768955400000,GB,initialTransmissionSystemDemandOutturn,29723.0,,0,0,1,0.0
1768957200000,GB,initialTransmissionSystemDemandOutturn,29206.0,,0,0,1,0.0
1768959000000,GB,initialTransmissionSystemDemandOutturn,28719.0,,0,0,1,0.0
1768960800000,GB,initialTransmissionSystemDemandOutturn,28309.0,,0,0,1,0.0
1768962600000,GB,initialTransmissionSystemDemandOutturn,27803.0,,0,0,1,0.0
1768964400000,GB,initialTransmissionSystemDemandOutturn,26794.0,,0,0,1,0.0
1768966200000,GB,initialTransmissionSystemDemandOutturn,26559.0,,0,0,1,0.0
1768968000000,GB,initialTransmissionSystemDemandOutturn,25947.0,,0,0,1,0.0
1768969800000,GB,initialTransmissionSystemDemandOutturn,26104.0,,0,0,1,0.0
1768971600000,GB,initialTransmissionSystemDemandOutturn,26715.0,,0,0,1,0.0
1768973400000,GB,initialTransmissionSystemDemandOutturn,27520.0,,0,0,1,0.0
1768975200000,GB,initialTransmissionSystemDemandOutturn,30030.0,,0,0,1,0.0
1768977000000,GB,initialTransmissionSystemDemandOutturn,32429.0,,0,0,1,0.0
1768978800000,GB,initialTransmissionSystemDemandOutturn,34206.0,,0,0,1,0.0
1768980600000,GB,initialTransmissionSystemDemandOutturn,35733.0,,0,0,1,0.0
1768982400000,GB,initialTransmissionSystemDemandOutturn,36616.0,,0,0,1,0.0
1768984200000,GB,initialTransmissionSystemDemandOutturn,37067.0,,0,0,1,0.0
1768986000000,GB,initialTransmissionSystemDemandOutturn,38724.0,,0,0,1,0.0
1768987800000,GB,initialTransmissionSystemDemandOutturn,38907.0,,0,0,1,0.0
1768989600000,GB,initialTransmissionSystemDemandOutturn,38954.0,,0,0,1,0.0
1768991400000,GB,initialTransmissionSystemDemandOutturn,39175.0,,0,0,1,0.0
1768993200000,GB,initialTransmissionSystemDemandOutturn,38931.0,,0,0,1,0.0
1768995000000,GB,initialTransmissionSystemDemandOutturn,38633.0,,0,0,1,0.0
1768996800000,GB,initialTransmissionSystemDemandOutturn,9957.519055304776,38914.0,1,1,1,0.7441147387751252
1768998600000,GB,initialTransmissionSystemDemandOutturn,38915.0,,0,0,1,0.0
1769000400000,GB,initialTransmissionSystemDemandOutturn,39242.0,,0,0,1,0.0
1769002200000,GB,initialTransmissionSystemDemandOutturn,38865.0,,0,0,1,0.0
1769004000000,GB,initialTransmissionSystemDemandOutturn,38145.0,,0,0,1,0.0
1769005800000,GB,initialTransmissionSystemDemandOutturn,37762.0,,0,0,1,0.0
1769007600000,GB,initialTransmissionSystemDemandOutturn,37777.0,,0,0,1,0.0
1769009400000,GB,initialTransmissionSystemDemandOutturn,38750.0,,0,0,1,0.0
1769011200000,GB,initialTransmissionSystemDemandOutturn,39628.0,,0,0,1,0.0
1769013000000,GB,initialTransmissionSystemDemandOutturn,41031.0,,0,0,1,0.0
1769014800000,GB,initialTransmissionSystemDemandOutturn,42222.0,,0,0,1,0.0
1769016600000,GB,initialTransmissionSystemDemandOutturn,42162.0,,0,0,1,0.0
1769018400000,GB,initialTransmissionSystemDemandOutturn,41772.0,,0,0,1,0.0
1769020200000,GB,initialTransmissionSystemDemandOutturn,41074.0,,0,0,1,0.0
1769022000000,GB,initialTransmissionSystemDemandOutturn,40235.0,,0,0,1,0.0
1769023800000,GB,initialTransmissionSystemDemandOutturn,39121.0,,0,0,1,0.0
1769025600000,GB,initialTransmissionSystemDemandOutturn,37682.0,,0,0,1,0.0
1769027400000,GB,initialTransmissionSystemDemandOutturn,36606.0,,0,0,1,0.0
1769029200000,GB,initialTransmissionSystemDemandOutturn,35345.0,,0,0,1,0.0
1769031000000,GB,initialTransmissionSystemDemandOutturn,34031.0,,0,0,1,0.0
1769032800000,GB,initialTransmissionSystemDemandOutturn,32348.0,,0,0,1,0.0
1769034600000,GB,initialTransmissionSystemDemandOutturn,31025.0,,0,0,1,0.0
1769036400000,GB,initialTransmissionSystemDemandOutturn,30342.0,,0,0,1,0.0
1769038200000,GB,initialTransmissionSystemDemandOutturn,29561.0,,0,0,1,0.0
1769040000000,GB,initialTransmissionSystemDemandOutturn,30000.0,,0,0,1,0.0
1769041800000,GB,initialTransmissionSystemDemandOutturn,30096.0,,0,0,1,0.0
1769043600000,GB,initialTransmissionSystemDemandOutturn,29994.0,,0,0,1,0.0
1769045400000,GB,initialTransmissionSystemDemandOutturn,29377.0,,0,0,1,0.0
1769047200000,GB,initialTransmissionSystemDemandOutturn,28474.0,,0,0,1,0.0
1769049000000,GB,initialTransmissionSystemDemandOutturn,28075.0,,0,0,1,0.0
1769050800000,GB,initialTransmissionSystemDemandOutturn,28477.0,,0,0,1,0.0
1769052600000,GB,initialTransmissionSystemDemandOutturn,28164.0,,0,0,1,0.0
1769054400000,GB,initialTransmissionSystemDemandOutturn,28467.0,,0,0,1,0.0
1769056200000,GB,initialTransmissionSystemDemandOutturn,28282.0,,0,0,1,0.0
1769058000000,GB,initialTransmissionSystemDemandOutturn,27748.0,,0,0,1,0.0
1769059800000,GB,initialTransmissionSystemDemandOutturn,51950.36359270638,28315.0,1,1,1,0.8347294223099553
1769061600000,GB,initialTransmissionSystemDemandOutturn,30082.0,,0,0,1,0.0
1769063400000,GB,initialTransmissionSystemDemandOutturn,32040.0,,0,0,1,0.0
1769065200000,GB,initialTransmissionSystemDemandOutturn,35103.0,,0,0,1,0.0
1769067000000,GB,initialTransmissionSystemDemandOutturn,36832.0,,0,0,1,0.0
1769068800000,GB,initialTransmissionSystemDemandOutturn,37426.0,,0,0,1,0.0
1769070600000,GB,initialTransmissionSystemDemandOutturn,37934.0,,0,0,1,0.0
1769072400000,GB,initialTransmissionSystemDemandOutturn,38942.0,,0,0,1,0.0
1769074200000,GB,initialTransmissionSystemDemandOutturn,39082.0,,0,0,1,0.0
1769076000000,GB,initialTransmissionSystemDemandOutturn,38746.0,,0,0,1,0.0
1769077800000,GB,initialTransmissionSystemDemandOutturn,39088.0,,0,0,1,0.0
1769079600000,GB,initialTransmissionSystemDemandOutturn,39420.0,,0,0,1,0.0
1769081400000,GB,initialTransmissionSystemDemandOutturn,39250.0,,0,0,1,0.0
1769083200000,GB,initialTransmissionSystemDemandOutturn,39659.0,,0,0,1,0.0
1769085000000,GB,initialTransmissionSystemDemandOutturn,39537.0,,0,0,1,0.0
1769086800000,GB,initialTransmissionSystemDemandOutturn,39556.0,,0,0,1,0.0
1769088600000,GB,initialTransmissionSystemDemandOutturn,39504.0,,0,0,1,0.0
1769090400000,GB,initialTransmissionSystemDemandOutturn,39204.0,,0,0,1,0.0
1769092200000,GB,initialTransmissionSystemDemandOutturn,39010.0,,0,0,1,0.0
1769094000000,GB,initialTransmissionSystemDemandOutturn,39288.0,,0,0,1,0.0
1769095800000,GB,initialTransmissionSystemDemandOutturn,40342.0,,0,0,1,0.0
1769097600000,GB,initialTransmissionSystemDemandOutturn,41127.0,,0,0,1,0.0
1769099400000,GB,initialTransmissionSystemDemandOutturn,41991.0,,0,0,1,0.0
1769101200000,GB,initialTransmissionSystemDemandOutturn,42514.0,,0,0,1,0.0
1769103000000,GB,initialTransmissionSystemDemandOutturn,42329.0,,0,0,1,0.0
1769104800000,GB,initialTransmissionSystemDemandOutturn,42001.0,,0,0,1,0.0
1769106600000,GB,initialTransmissionSystemDemandOutturn,41241.0,,0,0,1,0.0
1769108400000,GB,initialTransmissionSystemDemandOutturn,40333.0,,0,0,1,0.0
1769110200000,GB,initialTransmissionSystemDemandOutturn,39316.0,,0,0,1,0.0
1769112000000,GB,initialTransmissionSystemDemandOutturn,38404.0,,0,0,1,0.0
1769113800000,GB,initialTransmissionSystemDemandOutturn,36655.0,,0,0,1,0.0
1769115600000,GB,initialTransmissionSystemDemandOutturn,35441.0,,0,0,1,0.0
1769117400000,GB,initialTransmissionSystemDemandOutturn,33901.0,,0,0,1,0.0
1769119200000,GB,initialTransmissionSystemDemandOutturn,31857.0,,0,0,1,0.0
1769121000000,GB,initialTransmissionSystemDemandOutturn,30568.0,,0,0,1,0.0
1769122800000,GB,initialTransmissionSystemDemandOutturn,29028.0,,0,0,1,0.0
1769124600000,GB,initialTransmissionSystemDemandOutturn,27833.0,,0,0,1,0.0
1769126400000,GB,initialTransmissionSystemDemandOutturn,29206.0,,0,0,1,0.0
1769128200000,GB,initialTransmissionSystemDemandOutturn,29733.0,,0,0,1,0.0
1769130000000,GB,initialTransmissionSystemDemandOutturn,29204.0,,0,0,1,0.0
1769131800000,GB,initialTransmissionSystemDemandOutturn,28861.0,,0,0,1,0.0
1769133600000,GB,initialTransmissionSystemDemandOutturn,28599.0,,0,0,1,0.0
1769135400000,GB,initialTransmissionSystemDemandOutturn,28040.0,,0,0,1,0.0
1769137200000,GB,initialTransmissionSystemDemandOutturn,27608.0,,0,0,1,0.0
1769139000000,GB,initialTransmissionSystemDemandOutturn,27105.0,,0,0,1,0.0
1769140800000,GB,initialTransmissionSystemDemandOutturn,27724.0,,0,0,1,0.0
1769142600000,GB,initialTransmissionSystemDemandOutturn,27518.0,,0,0,1,0.0
1769144400000,GB,initialTransmissionSystemDemandOutturn,27462.0,,0,0,1,0.0
1769146200000,GB,initialTransmissionSystemDemandOutturn,27724.0,,0,0,1,0.0
1769148000000,GB,initialTransmissionSystemDemandOutturn,29586.0,,0,0,1,0.0
1769149800000,GB,initialTransmissionSystemDemandOutturn,31917.0,,0,0,1,0.0
1769151600000,GB,initialTransmissionSystemDemandOutturn,34036.0,,0,0,1,0.0
1769153400000,GB,initialTransmissionSystemDemandOutturn,35909.0,,0,0,1,0.0
1769155200000,GB,initialTransmissionSystemDemandOutturn,36966.0,,0,0,1,0.0
1769157000000,GB,initialTransmissionSystemDemandOutturn,37593.0,,0,0,1,0.0
1769158800000,GB,initialTransmissionSystemDemandOutturn,38009.0,,0,0,1,0.0
1769160600000,GB,initialTransmissionSystemDemandOutturn,37851.0,,0,0,1,0.0
1769162400000,GB,initialTransmissionSystemDemandOutturn,37570.0,,0,0,1,0.0
1769164200000,GB,initialTransmissionSystemDemandOutturn,37425.0,,0,0,1,0.0
1769166000000,GB,initialTransmissionSystemDemandOutturn,36926.0,,0,0,1,0.0
1769167800000,GB,initialTransmissionSystemDemandOutturn,36421.0,,0,0,1,0.0
1769169600000,GB,initialTransmissionSystemDemandOutturn,36557.0,,0,0,1,0.0
1769171400000,GB,initialTransmissionSystemDemandOutturn,36447.0,,0,0,1,0.0
1769173200000,GB,initialTransmissionSystemDemandOutturn,36168.0,,0,0,1,0.0
1769175000000,GB,initialTransmissionSystemDemandOutturn,35988.0,,0,0,1,0.0
1769176800000,GB,initialTransmissionSystemDemandOutturn,35809.0,,0,0,1,0.0
1769178600000,GB,initialTransmissionSystemDemandOutturn,35817.0,,0,0,1,0.0
1769180400000,GB,initialTransmissionSystemDemandOutturn,36116.0,,0,0,1,0.0
1769182200000,GB,initialTransmissionSystemDemandOutturn,36703.0,,0,0,1,0.0
1769184000000,GB,initialTransmissionSystemDemandOutturn,37511.0,,0,0,1,0.0
1769185800000,GB,initialTransmissionSystemDemandOutturn,38831.0,,0,0,1,0.0
1769187600000,GB,initialTransmissionSystemDemandOutturn,39691.0,,0,0,1,0.0
1769189400000,GB,initialTransmissionSystemDemandOutturn,39752.0,,0,0,1,0.0
1769191200000,GB,initialTransmissionSystemDemandOutturn,39288.0,,0,0,1,0.0
1769193000000,GB,initialTransmissionSystemDemandOutturn,38420.0,,0,0,1,0.0
1769194800000,GB,initialTransmissionSystemDemandOutturn,37480.0,,0,0,1,0.0
1769196600000,GB,initialTransmissionSystemDemandOutturn,36510.0,,0,0,1,0.0
1769198400000,GB,initialTransmissionSystemDemandOutturn,35245.0,,0,0,1,0.0
1769200200000,GB,initialTransmissionSystemDemandOutturn,33916.0,,0,0,1,0.0
1769202000000,GB,initialTransmissionSystemDemandOutturn,32391.0,,0,0,1,0.0
1769203800000,GB,initialTransmissionSystemDemandOutturn,31138.0,,0,0,1,0.0
1769205600000,GB,initialTransmissionSystemDemandOutturn,29264.0,,0,0,1,0.0
1769207400000,GB,initialTransmissionSystemDemandOutturn,28460.0,,0,0,1,0.0
1769209200000,GB,initialTransmissionSystemDemandOutturn,27591.0,,0,0,1,0.0
1769211000000,GB,initialTransmissionSystemDemandOutturn,27332.0,,0,0,1,0.0
1769212800000,GB,initialTransmissionSystemDemandOutturn,2634.473607001226,27899.0,1,1,1,0.9055710381375237
1769214600000,GB,initialTransmissionSystemDemandOutturn,28083.0,,0,0,1,0.0
1769216400000,GB,initialTransmissionSystemDemandOutturn,28108.0,,0,0,1,0.0
1769218200000,GB,initialTransmissionSystemDemandOutturn,27398.0,,0,0,1,0.0
1769220000000,GB,initialTransmissionSystemDemandOutturn,27920.0,,0,0,1,0.0
1769221800000,GB,initialTransmissionSystemDemandOutturn,27307.0,,0,0,1,0.0
1769223600000,GB,initialTransmissionSystemDemandOutturn,27232.0,,0,0,1,0.0
1769225400000,GB,initialTransmissionSystemDemandOutturn,26488.0,,0,0,1,0.0
1769227200000,GB,initialTransmissionSystemDemandOutturn,25871.0,,0,0,1,0.0
1769229000000,GB,initialTransmissionSystemDemandOutturn,25645.0,,0,0,1,0.0
1769230800000,GB,initialTransmissionSystemDemandOutturn,25301.0,,0,0,1,0.0
1769232600000,GB,initialTransmissionSystemDemandOutturn,25296.0,,0,0,1,0.0
1769234400000,GB,initialTransmissionSystemDemandOutturn,26122.0,,0,0,1,0.0
1769236200000,GB,initialTransmissionSystemDemandOutturn,26612.0,,0,0,1,0.0
1769238000000,GB,initialTransmissionSystemDemandOutturn,26997.0,,0,0,1,0.0
1769239800000,GB,initialTransmissionSystemDemandOutturn,27978.0,,0,0,1,0.0
1769241600000,GB,initialTransmissionSystemDemandOutturn,28885.0,,0,0,1,0.0
1769243400000,GB,initialTransmissionSystemDemandOutturn,29964.0,,0,0,1,0.0
1769245200000,GB,initialTransmissionSystemDemandOutturn,30495.0,,0,0,1,0.0
1769247000000,GB,initialTransmissionSystemDemandOutturn,30846.0,,0,0,1,0.0
1769248800000,GB,initialTransmissionSystemDemandOutturn,31312.0,,0,0,1,0.0
1769250600000,GB,initialTransmissionSystemDemandOutturn,31195.0,,0,0,1,0.0
1769252400000,GB,initialTransmissionSystemDemandOutturn,31080.0,,0,0,1,0.0
1769254200000,GB,initialTransmissionSystemDemandOutturn,30898.0,,0,0,1,0.0
1769256000000,GB,initialTransmissionSystemDemandOutturn,31109.0,,0,0,1,0.0
1769257800000,GB,initialTransmissionSystemDemandOutturn,31065.0,,0,0,1,0.0
1769259600000,GB,initialTransmissionSystemDemandOutturn,31092.0,,0,0,1,0.0
1769261400000,GB,initialTransmissionSystemDemandOutturn,31565.0,,0,0,1,0.0
1769263200000,GB,initialTransmissionSystemDemandOutturn,31581.0,,0,0,1,0.0
1769265000000,GB,initialTransmissionSystemDemandOutturn,32135.0,,0,0,1,0.0
1769266800000,GB,initialTransmissionSystemDemandOutturn,33474.0,,0,0,1,0.0
1769268600000,GB,initialTransmissionSystemDemandOutturn,34254.0,,0,0,1,0.0
1769270400000,GB,initialTransmissionSystemDemandOutturn,35355.0,,0,0,1,0.0
1769272200000,GB,initialTransmissionSystemDemandOutturn,37007.0,,0,0,1,0.0
1769274000000,GB,initialTransmissionSystemDemandOutturn,37973.0,,0,0,1,0.0
1769275800000,GB,initialTransmissionSystemDemandOutturn,38177.0,,0,0,1,0.0
1769277600000,GB,initialTransmissionSystemDemandOutturn,38124.0,,0,0,1,0.0
1769279400000,GB,initialTransmissionSystemDemandOutturn,37436.0,,0,0,1,0.0
1769281200000,GB,initialTransmissionSystemDemandOutturn,36438.0,,0,0,1,0.0
1769283000000,GB,initialTransmissionSystemDemandOutturn,35227.0,,0,0,1,0.0
1769284800000,GB,initialTransmissionSystemDemandOutturn,34182.0,,0,0,1,0.0
1769286600000,GB,initialTransmissionSystemDemandOutturn,33089.0,,0,0,1,0.0
1769288400000,GB,initialTransmissionSystemDemandOutturn,32155.0,,0,0,1,0.0
1769290200000,GB,initialTransmissionSystemDemandOutturn,31420.0,,0,0,1,0.0
1769292000000,GB,initialTransmissionSystemDemandOutturn,30052.0,,0,0,1,0.0
1769293800000,GB,initialTransmissionSystemDemandOutturn,28706.0,,0,0,1,0.0
1769295600000,GB,initialTransmissionSystemDemandOutturn,28290.0,,0,0,1,0.0
1769297400000,GB,initialTransmissionSystemDemandOutturn,28120.0,,0,0,1,0.0
1769299200000,GB,initialTransmissionSystemDemandOutturn,28291.0,,0,0,1,0.0
1769301000000,GB,initialTransmissionSystemDemandOutturn,29001.0,,0,0,1,0.0
1769302800000,GB,initialTransmissionSystemDemandOutturn,28571.0,,0,0,1,0.0
1769304600000,GB,initialTransmissionSystemDemandOutturn,28412.0,,0,0,1,0.0
1769306400000,GB,initialTransmissionSystemDemandOutturn,28810.0,,0,0,1,0.0
1769308200000,GB,initialTransmissionSystemDemandOutturn,28502.0,,0,0,1,0.0
1769310000000,GB,initialTransmissionSystemDemandOutturn,28057.0,,0,0,1,0.0
1769311800000,GB,initialTransmissionSystemDemandOutturn,27831.0,,0,0,1,0.0
1769313600000,GB,initialTransmissionSystemDemandOutturn,27675.0,,0,0,1,0.0
1769315400000,GB,initialTransmissionSystemDemandOutturn,27367.0,,0,0,1,0.0
1769317200000,GB,initialTransmissionSystemDemandOutturn,26928.0,,0,0,1,0.0
1769319000000,GB,initialTransmissionSystemDemandOutturn,26840.0,,0,0,1,0.0
1769320800000,GB,initialTransmissionSystemDemandOutturn,26324.0,,0,0,1,0.0
1769322600000,GB,initialTransmissionSystemDemandOutturn,26570.0,,0,0,1,0.0
1769324400000,GB,initialTransmissionSystemDemandOutturn,26882.0,,0,0,1,0.0
1769326200000,GB,initialTransmissionSystemDemandOutturn,27588.0,,0,0,1,0.0
1769328000000,GB,initialTransmissionSystemDemandOutturn,27917.0,,0,0,1,0.0
1769329800000,GB,initialTransmissionSystemDemandOutturn,29162.0,,0,0,1,0.0
1769331600000,GB,initialTransmissionSystemDemandOutturn,30074.0,,0,0,1,0.0
1769333400000,GB,initialTransmissionSystemDemandOutturn,31215.0,,0,0,1,0.0
1769335200000,GB,initialTransmissionSystemDemandOutturn,32375.0,,0,0,1,0.0
1769337000000,GB,initialTransmissionSystemDemandOutturn,32801.0,,0,0,1,0.0
1769338800000,GB,initialTransmissionSystemDemandOutturn,33331.0,,0,0,1,0.0
1769340600000,GB,initialTransmissionSystemDemandOutturn,33908.0,,0,0,1,0.0
1769342400000,GB,initialTransmissionSystemDemandOutturn,34732.0,,0,0,1,0.0
1769344200000,GB,initialTransmissionSystemDemandOutturn,35264.0,,0,0,1,0.0
1769346000000,GB,initialTransmissionSystemDemandOutturn,36005.0,,0,0,1,0.0
1769347800000,GB,initialTransmissionSystemDemandOutturn,36175.0,,0,0,1,0.0
1769349600000,GB,initialTransmissionSystemDemandOutturn,35833.0,,0,0,1,0.0
1769351400000,GB,initialTransmissionSystemDemandOutturn,36539.0,,0,0,1,0.0
1769353200000,GB,initialTransmissionSystemDemandOutturn,37725.0,,0,0,1,0.0
1769355000000,GB,initialTransmissionSystemDemandOutturn,38756.0,,0,0,1,0.0
1769356800000,GB,initialTransmissionSystemDemandOutturn,39738.0,,0,0,1,0.0
1769358600000,GB,initialTransmissionSystemDemandOutturn,40601.0,,0,0,1,0.0
1769360400000,GB,initialTransmissionSystemDemandOutturn,41553.0,,0,0,1,0.0
1769362200000,GB,initialTransmissionSystemDemandOutturn,41377.0,,0,0,1,0.0
1769364000000,GB,initialTransmissionSystemDemandOutturn,40816.0,,0,0,1,0.0
1769365800000,GB,initialTransmissionSystemDemandOutturn,39997.0,,0,0,1,0.0
1769367600000,GB,initialTransmissionSystemDemandOutturn,39115.0,,0,0,1,0.0
1769369400000,GB,initialTransmissionSystemDemandOutturn,38229.0,,0,0,1,0.0
1769371200000,GB,initialTransmissionSystemDemandOutturn,37018.0,,0,0,1,0.0
1769373000000,GB,initialTransmissionSystemDemandOutturn,35600.0,,0,0,1,0.0
1769374800000,GB,initialTransmissionSystemDemandOutturn,34154.0,,0,0,1,0.0
1769376600000,GB,initialTransmissionSystemDemandOutturn,32207.0,,0,0,1,0.0
1769378400000,GB,initialTransmissionSystemDemandOutturn,30508.0,,0,0,1,0.0
1769380200000,GB,initialTransmissionSystemDemandOutturn,29068.0,,0,0,1,0.0
1769382000000,GB,initialTransmissionSystemDemandOutturn,28401.0,,0,0,1,0.0
1769383800000,GB,initialTransmissionSystemDemandOutturn,27678.0,,0,0,1,0.0
1769385600000,GB,initialTransmissionSystemDemandOutturn,28176.0,,0,0,1,0.0
1769387400000,GB,initialTransmissionSystemDemandOutturn,28697.0,,0,0,1,0.0
1769389200000,GB,initialTransmissionSystemDemandOutturn,28265.0,,0,0,1,0.0
1769391000000,GB,initialTransmissionSystemDemandOutturn,27587.0,,0,0,1,0.0
1769392800000,GB,initialTransmissionSystemDemandOutturn,27609.0,,0,0,1,0.0
1769394600000,GB,initialTransmissionSystemDemandOutturn,27141.0,,0,0,1,0.0
1769396400000,GB,initialTransmissionSystemDemandOutturn,26796.0,,0,0,1,0.0
1769398200000,GB,initialTransmissionSystemDemandOutturn,26362.0,,0,0,1,0.0
1769400000000,GB,initialTransmissionSystemDemandOutturn,26432.0,,0,0,1,0.0
1769401800000,GB,initialTransmissionSystemDemandOutturn,26559.0,,0,0,1,0.0
1769403600000,GB,initialTransmissionSystemDemandOutturn,27968.0,,0,0,1,0.0
1769405400000,GB,initialTransmissionSystemDemandOutturn,29107.0,,0,0,1,0.0
1769407200000,GB,initialTransmissionSystemDemandOutturn,32977.0,,0,0,1,0.0
1769409000000,GB,initialTransmissionSystemDemandOutturn,35822.0,,0,1,0,0.0
1769410800000,GB,initialTransmissionSystemDemandOutturn,13154.678233694003,38171.0,1,1,1,0.6553750691966675
1769412600000,GB,initialTransmissionSystemDemandOutturn,39944.0,,0,1,0,0.0
1769414400000,GB,initialTransmissionSystemDemandOutturn,39563.0,,0,0,1,0.0
1769416200000,GB,initialTransmissionSystemDemandOutturn,40458.0,,0,0,1,0.0
1769418000000,GB,initialTransmissionSystemDemandOutturn,42255.0,,0,0,1,0.0
1769419800000,GB,initialTransmissionSystemDemandOutturn,42739.0,,0,0,1,0.0
1769421600000,GB,initialTransmissionSystemDemandOutturn,43000.0,,0,0,1,0.0
1769423400000,GB,initialTransmissionSystemDemandOutturn,42759.0,,0,0,1,0.0
1769425200000,GB,initialTransmissionSystemDemandOutturn,42631.0,,0,0,1,0.0
1769427000000,GB,initialTransmissionSystemDemandOutturn,42599.0,,0,0,1,0.0
1769428800000,GB,initialTransmissionSystemDemandOutturn,44137.0,,0,0,1,0.0
1769430600000,GB,initialTransmissionSystemDemandOutturn,43886.0,,0,0,1,0.0
1769432400000,GB,initialTransmissionSystemDemandOutturn,44048.0,,0,0,1,0.0
1769434200000,GB,initialTransmissionSystemDemandOutturn,43853.0,,0,0,1,0.0
1769436000000,GB,initialTransmissionSystemDemandOutturn,43647.0,,0,0,1,0.0
1769437800000,GB,initialTransmissionSystemDemandOutturn,43711.0,,0,0,1,0.0
1769439600000,GB,initialTransmissionSystemDemandOutturn,44578.0,,0,0,1,0.0
1769441400000,GB,initialTransmissionSystemDemandOutturn,45371.0,,0,0,1,0.0
1769443200000,GB,initialTransmissionSystemDemandOutturn,46145.0,,0,0,1,0.0
1769445000000,GB,initialTransmissionSystemDemandOutturn,47323.0,,0,0,1,0.0
1769446800000,GB,initialTransmissionSystemDemandOutturn,46736.0,,0,0,1,0.0
1769448600000,GB,initialTransmissionSystemDemandOutturn,46537.0,,0,0,1,0.0
1769450400000,GB,initialTransmissionSystemDemandOutturn,46600.0,,0,0,1,0.0
1769452200000,GB,initialTransmissionSystemDemandOutturn,46102.0,,0,0,1,0.0
1769454000000,GB,initialTransmissionSystemDemandOutturn,46172.0,,0,0,1,0.0
1769455800000,GB,initialTransmissionSystemDemandOutturn,45473.0,,0,0,1,0.0
1769457600000,GB,initialTransmissionSystemDemandOutturn,44292.0,,0,0,1,0.0
1769459400000,GB,initialTransmissionSystemDemandOutturn,41973.0,,0,0,1,0.0
1769461200000,GB,initialTransmissionSystemDemandOutturn,39698.0,,0,1,0,0.0
1769463000000,GB,initialTransmissionSystemDemandOutturn,36740.0,,0,0,1,0.0
1769464800000,GB,initialTransmissionSystemDemandOutturn,34186.0,,0,0,1,0.0
1769466600000,GB,initialTransmissionSystemDemandOutturn,31893.0,,0,0,1,0.0
1769468400000,GB,initialTransmissionSystemDemandOutturn,31329.0,,0,0,1,0.0
1769470200000,GB,initialTransmissionSystemDemandOutturn,30576.0,,0,0,1,0.0
1769472000000,GB,initialTransmissionSystemDemandOutturn,30806.0,,0,0,1,0.0
1769473800000,GB,initialTransmissionSystemDemandOutturn,31358.0,,0,0,1,0.0
1769475600000,GB,initialTransmissionSystemDemandOutturn,31186.0,,0,0,1,0.0
1769477400000,GB,initialTransmissionSystemDemandOutturn,30829.0,,0,0,1,0.0
1769479200000,GB,initialTransmissionSystemDemandOutturn,30323.0,,0,0,1,0.0
1769481000000,GB,initialTransmissionSystemDemandOutturn,29833.0,,0,0,1,0.0
1769482800000,GB,initialTransmissionSystemDemandOutturn,29428.0,,0,0,1,0.0
1769484600000,GB,initialTransmissionSystemDemandOutturn,28951.0,,0,0,1,0.0
1769486400000,GB,initialTransmissionSystemDemandOutturn,28973.0,,0,0,1,0.0
1769488200000,GB,initialTransmissionSystemDemandOutturn,29313.0,,0,0,1,0.0
1769490000000,GB,initialTransmissionSystemDemandOutturn,29597.0,,0,0,1,0.0
1769491800000,GB,initialTransmissionSystemDemandOutturn,29981.0,,0,0,1,0.0
1769493600000,GB,initialTransmissionSystemDemandOutturn,31672.0,,0,0,1,0.0
1769495400000,GB,initialTransmissionSystemDemandOutturn,34427.0,,0,0,1,0.0
1769497200000,GB,initialTransmissionSystemDemandOutturn,37312.0,,0,1,0,0.0
1769499000000,GB,initialTransmissionSystemDemandOutturn,38867.0,,0,0,1,0.0
1769500800000,GB,initialTransmissionSystemDemandOutturn,39678.0,,0,0,1,0.0
1769502600000,GB,initialTransmissionSystemDemandOutturn,40258.0,,0,0,1,0.0
1769504400000,GB,initialTransmissionSystemDemandOutturn,41013.0,,0,0,1,0.0
1769506200000,GB,initialTransmissionSystemDemandOutturn,41551.0,,0,0,1,0.0
1769508000000,GB,initialTransmissionSystemDemandOutturn,40695.0,,0,0,1,0.0
1769509800000,GB,initialTransmissionSystemDemandOutturn,40709.0,,0,0,1,0.0
1769511600000,GB,initialTransmissionSystemDemandOutturn,40906.0,,0,0,1,0.0
1769513400000,GB,initialTransmissionSystemDemandOutturn,40430.0,,0,0,1,0.0
1769515200000,GB,initialTransmissionSystemDemandOutturn,40186.0,,0,0,1,0.0
1769517000000,GB,initialTransmissionSystemDemandOutturn,40095.0,,0,0,1,0.0
1769518800000,GB,initialTransmissionSystemDemandOutturn,40391.0,,0,0,1,0.0
1769520600000,GB,initialTransmissionSystemDemandOutturn,39688.0,,0,0,1,0.0
1769522400000,GB,initialTransmissionSystemDemandOutturn,40054.0,,0,0,1,0.0
1769524200000,GB,initialTransmissionSystemDemandOutturn,39564.0,,0,0,1,0.0
1769526000000,GB,initialTransmissionSystemDemandOutturn,39806.0,,0,0,1,0.0
1769527800000,GB,initialTransmissionSystemDemandOutturn,40490.0,,0,0,1,0.0
1769529600000,GB,initialTransmissionSystemDemandOutturn,41407.0,,0,0,1,0.0
1769531400000,GB,initialTransmissionSystemDemandOutturn,42561.0,,0,0,1,0.0
1769533200000,GB,initialTransmissionSystemDemandOutturn,42841.0,,0,0,1,0.0
1769535000000,GB,initialTransmissionSystemDemandOutturn,42634.0,,0,0,1,0.0
1769536800000,GB,initialTransmissionSystemDemandOutturn,41993.0,,0,0,1,0.0
1769538600000,GB,initialTransmissionSystemDemandOutturn,41453.0,,0,0,1,0.0
1769540400000,GB,initialTransmissionSystemDemandOutturn,40240.0,,0,0,1,0.0
1769542200000,GB,initialTransmissionSystemDemandOutturn,38782.0,,0,0,1,0.0
1769544000000,GB,initialTransmissionSystemDemandOutturn,37803.0,,0,0,1,0.0
1769545800000,GB,initialTransmissionSystemDemandOutturn,36660.0,,0,0,1,0.0
1769547600000,GB,initialTransmissionSystemDemandOutturn,34977.0,,0,0,1,0.0
1769549400000,GB,initialTransmissionSystemDemandOutturn,33151.0,,0,0,1,0.0
1769551200000,GB,initialTransmissionSystemDemandOutturn,31346.0,,0,0,1,0.0
1769553000000,GB,initialTransmissionSystemDemandOutturn,29995.0,,0,0,1,0.0
1769554800000,GB,initialTransmissionSystemDemandOutturn,29003.0,,0,0,1,0.0
1769556600000,GB,initialTransmissionSystemDemandOutturn,28052.0,,0,0,1,0.0
1769558400000,GB,initialTransmissionSystemDemandOutturn,28507.0,,0,0,1,0.0
1769560200000,GB,initialTransmissionSystemDemandOutturn,28783.0,,0,0,1,0.0
1769562000000,GB,initialTransmissionSystemDemandOutturn,28758.0,,0,0,1,0.0
1769563800000,GB,initialTransmissionSystemDemandOutturn,28099.0,,0,0,1,0.0
1769565600000,GB,initialTransmissionSystemDemandOutturn,28021.0,,0,0,1,0.0
1769567400000,GB,initialTransmissionSystemDemandOutturn,27495.0,,0,0,1,0.0
1769569200000,GB,initialTransmissionSystemDemandOutturn,27211.0,,0,0,1,0.0
1769571000000,GB,initialTransmissionSystemDemandOutturn,26619.0,,0,0,1,0.0
1769572800000,GB,initialTransmissionSystemDemandOutturn,26353.0,,0,0,1,0.0
1769574600000,GB,initialTransmissionSystemDemandOutturn,26672.0,,0,0,1,0.0
1769576400000,GB,initialTransmissionSystemDemandOutturn,27452.0,,0,0,1,0.0
1769578200000,GB,initialTransmissionSystemDemandOutturn,29054.0,,0,0,1,0.0
1769580000000,GB,initialTransmissionSystemDemandOutturn,33344.0,,0,0,1,0.0
1769581800000,GB,initialTransmissionSystemDemandOutturn,35965.0,,0,0,1,0.0
1769583600000,GB,initialTransmissionSystemDemandOutturn,38773.0,,0,0,1,0.0
1769585400000,GB,initialTransmissionSystemDemandOutturn,39923.0,,0,0,1,0.0
1769587200000,GB,initialTransmissionSystemDemandOutturn,40397.0,,0,0,1,0.0
1769589000000,GB,initialTransmissionSystemDemandOutturn,40402.0,,0,0,1,0.0
1769590800000,GB,initialTransmissionSystemDemandOutturn,40294.0,,0,0,1,0.0
1769592600000,GB,initialTransmissionSystemDemandOutturn,39407.0,,0,0,1,0.0
1769594400000,GB,initialTransmissionSystemDemandOutturn,39000.0,,0,0,1,0.0
1769596200000,GB,initialTransmissionSystemDemandOutturn,38439.0,,0,0,1,0.0
1769598000000,GB,initialTransmissionSystemDemandOutturn,38435.0,,0,0,1,0.0
1769599800000,GB,initialTransmissionSystemDemandOutturn,38016.0,,0,0,1,0.0
1769601600000,GB,initialTransmissionSystemDemandOutturn,38524.0,,0,0,1,0.0
1769603400000,GB,initialTransmissionSystemDemandOutturn,38268.0,,0,0,1,0.0
1769605200000,GB,initialTransmissionSystemDemandOutturn,38082.0,,0,0,1,0.0
1769607000000,GB,initialTransmissionSystemDemandOutturn,37964.0,,0,0,1,0.0
1769608800000,GB,initialTransmissionSystemDemandOutturn,37598.0,,0,0,1,0.0
1769610600000,GB,initialTransmissionSystemDemandOutturn,37845.0,,0,0,1,0.0
1769612400000,GB,initialTransmissionSystemDemandOutturn,38777.0,,0,0,1,0.0
1769614200000,GB,initialTransmissionSystemDemandOutturn,40140.0,,0,0,1,0.0
1769616000000,GB,initialTransmissionSystemDemandOutturn,40658.0,,0,0,1,0.0
1769617800000,GB,initialTransmissionSystemDemandOutturn,41976.0,,0,0,1,0.0
1769619600000,GB,initialTransmissionSystemDemandOutturn,42685.0,,0,0,1,0.0
1769621400000,GB,initialTransmissionSystemDemandOutturn,43066.0,,0,0,1,0.0
1769623200000,GB,initialTransmissionSystemDemandOutturn,42879.0,,0,0,1,0.0
1769625000000,GB,initialTransmissionSystemDemandOutturn,42396.0,,0,0,1,0.0
1769626800000,GB,initialTransmissionSystemDemandOutturn,41780.0,,0,0,1,0.0
1769628600000,GB,initialTransmissionSystemDemandOutturn,16706.73628333952,41246.0,1,1,1,0.5949489336338185
1769630400000,GB,initialTransmissionSystemDemandOutturn,39750.0,,0,0,1,0.0
1769632200000,GB,initialTransmissionSystemDemandOutturn,37890.0,,0,0,1,0.0
1769634000000,GB,initialTransmissionSystemDemandOutturn,36192.0,,0,0,1,0.0
1769635800000,GB,initialTransmissionSystemDemandOutturn,34339.0,,0,0,1,0.0
1769637600000,GB,initialTransmissionSystemDemandOutturn,32683.0,,0,0,1,0.0
1769639400000,GB,initialTransmissionSystemDemandOutturn,30667.0,,0,0,1,0.0
1769641200000,GB,initialTransmissionSystemDemandOutturn,29151.0,,0,0,1,0.0
1769643000000,GB,initialTransmissionSystemDemandOutturn,28767.0,,0,0,1,0.0
1769644800000,GB,initialTransmissionSystemDemandOutturn,28860.0,,0,0,1,0.0
1769646600000,GB,initialTransmissionSystemDemandOutturn,29501.0,,0,0,1,0.0
1769648400000,GB,initialTransmissionSystemDemandOutturn,29372.0,,0,0,1,0.0
1769650200000,GB,initialTransmissionSystemDemandOutturn,28802.0,,0,0,1,0.0
1769652000000,GB,initialTransmissionSystemDemandOutturn,28178.0,,0,0,1,0.0
1769653800000,GB,initialTransmissionSystemDemandOutturn,27575.0,,0,0,1,0.0
1769655600000,GB,initialTransmissionSystemDemandOutturn,27185.0,,0,0,1,0.0
1769657400000,GB,initialTransmissionSystemDemandOutturn,26861.0,,0,0,1,0.0
1769659200000,GB,initialTransmissionSystemDemandOutturn,26618.0,,0,0,1,0.0
1769661000000,GB,initialTransmissionSystemDemandOutturn,26779.0,,0,0,1,0.0
1769662800000,GB,initialTransmissionSystemDemandOutturn,27494.0,,0,0,1,0.0
1769664600000,GB,initialTransmissionSystemDemandOutturn,28910.0,,0,0,1,0.0
1769666400000,GB,initialTransmissionSystemDemandOutturn,33722.0,,0,0,1,0.0
1769668200000,GB,initialTransmissionSystemDemandOutturn,36306.0,,0,0,1,0.0
1769670000000,GB,initialTransmissionSystemDemandOutturn,39537.0,,0,0,1,0.0
1769671800000,GB,initialTransmissionSystemDemandOutturn,40779.0,,0,0,1,0.0
1769673600000,GB,initialTransmissionSystemDemandOutturn,41548.0,,0,0,1,0.0
1769675400000,GB,initialTransmissionSystemDemandOutturn,41668.0,,0,0,1,0.0
1769677200000,GB,initialTransmissionSystemDemandOutturn,41913.0,,0,0,1,0.0
1769679000000,GB,initialTransmissionSystemDemandOutturn,41664.0,,0,0,1,0.0
1769680800000,GB,initialTransmissionSystemDemandOutturn,42047.0,,0,0,1,0.0
1769682600000,GB,initialTransmissionSystemDemandOutturn,41705.0,,0,0,1,0.0
1769684400000,GB,initialTransmissionSystemDemandOutturn,41735.0,,0,0,1,0.0
1769686200000,GB,initialTransmissionSystemDemandOutturn,41709.0,,0,0,1,0.0
1769688000000,GB,initialTransmissionSystemDemandOutturn,42188.0,,0,0,1,0.0
1769689800000,GB,initialTransmissionSystemDemandOutturn,41891.0,,0,0,1,0.0
1769691600000,GB,initialTransmissionSystemDemandOutturn,42176.0,,0,0,1,0.0
1769693400000,GB,initialTransmissionSystemDemandOutturn,42063.0,,0,0,1,0.0
1769695200000,GB,initialTransmissionSystemDemandOutturn,42002.0,,0,0,1,0.0
1769697000000,GB,initialTransmissionSystemDemandOutturn,42060.0,,0,0,1,0.0
1769698800000,GB,initialTransmissionSystemDemandOutturn,41341.0,,0,0,1,0.0
1769700600000,GB,initialTransmissionSystemDemandOutturn,42204.0,,0,0,1,0.0
1769702400000,GB,initialTransmissionSystemDemandOutturn,42595.0,,0,0,1,0.0
1769704200000,GB,initialTransmissionSystemDemandOutturn,44171.0,,0,0,1,0.0
1769706000000,GB,initialTransmissionSystemDemandOutturn,45271.0,,0,0,1,0.0
1769707800000,GB,initialTransmissionSystemDemandOutturn,45318.0,,0,0,1,0.0
1769709600000,GB,initialTransmissionSystemDemandOutturn,45177.0,,0,0,1,0.0
1769711400000,GB,initialTransmissionSystemDemandOutturn,44636.0,,0,0,1,0.0
1769713200000,GB,initialTransmissionSystemDemandOutturn,43157.0,,0,0,1,0.0
1769715000000,GB,initialTransmissionSystemDemandOutturn,41498.0,,0,0,1,0.0
1769716800000,GB,initialTransmissionSystemDemandOutturn,39931.0,,0,0,1,0.0
1769718600000,GB,initialTransmissionSystemDemandOutturn,38388.0,,0,0,1,0.0
1769720400000,GB,initialTransmissionSystemDemandOutturn,36614.0,,0,0,1,0.0
1769722200000,GB,initialTransmissionSystemDemandOutturn,35301.0,,0,0,1,0.0
1769724000000,GB,initialTransmissionSystemDemandOutturn,32898.0,,0,0,1,0.0
1769725800000,GB,initialTransmissionSystemDemandOutturn,31046.0,,0,0,1,0.0
1769727600000,GB,initialTransmissionSystemDemandOutturn,28990.0,,0,0,1,0.0
1769729400000,GB,initialTransmissionSystemDemandOutturn,27553.0,,0,0,1,0.0
1769731200000,GB,initialTransmissionSystemDemandOutturn,28106.0,,0,0,1,0.0
1769733000000,GB,initialTransmissionSystemDemandOutturn,28966.0,,0,0,1,0.0
1769734800000,GB,initialTransmissionSystemDemandOutturn,29243.0,,0,0,1,0.0
1769736600000,GB,initialTransmissionSystemDemandOutturn,28776.0,,0,0,1,0.0
1769738400000,GB,initialTransmissionSystemDemandOutturn,29131.0,,0,0,1,0.0
1769740200000,GB,initialTransmissionSystemDemandOutturn,29211.0,,0,0,1,0.0
1769742000000,GB,initialTransmissionSystemDemandOutturn,29005.0,,0,0,1,0.0
1769743800000,GB,initialTransmissionSystemDemandOutturn,28672.0,,0,0,1,0.0
1769745600000,GB,initialTransmissionSystemDemandOutturn,28731.0,,0,0,1,0.0
1769747400000,GB,initialTransmissionSystemDemandOutturn,28706.0,,0,0,1,0.0
1769749200000,GB,initialTransmissionSystemDemandOutturn,28539.0,,0,0,1,0.0
1769751000000,GB,initialTransmissionSystemDemandOutturn,29201.0,,0,0,1,0.0
1769752800000,GB,initialTransmissionSystemDemandOutturn,31022.0,,0,0,1,0.0
1769754600000,GB,initialTransmissionSystemDemandOutturn,33281.0,,0,0,1,0.0
1769756400000,GB,initialTransmissionSystemDemandOutturn,36004.0,,0,0,1,0.0
1769758200000,GB,initialTransmissionSystemDemandOutturn,37032.0,,0,0,1,0.0
1769760000000,GB,initialTransmissionSystemDemandOutturn,37620.0,,0,0,1,0.0
1769761800000,GB,initialTransmissionSystemDemandOutturn,38212.0,,0,0,1,0.0
1769763600000,GB,initialTransmissionSystemDemandOutturn,38765.0,,0,0,1,0.0
1769765400000,GB,initialTransmissionSystemDemandOutturn,38597.0,,0,0,1,0.0
1769767200000,GB,initialTransmissionSystemDemandOutturn,38489.0,,0,0,1,0.0
1769769000000,GB,initialTransmissionSystemDemandOutturn,38289.0,,0,0,1,0.0
1769770800000,GB,initialTransmissionSystemDemandOutturn,38110.0,,0,0,1,0.0
1769772600000,GB,initialTransmissionSystemDemandOutturn,37451.0,,0,0,1,0.0
1769774400000,GB,initialTransmissionSystemDemandOutturn,37683.0,,0,0,1,0.0
1769776200000,GB,initialTransmissionSystemDemandOutturn,37580.0,,0,0,1,0.0
1769778000000,GB,initialTransmissionSystemDemandOutturn,37769.0,,0,0,1,0.0
1769779800000,GB,initialTransmissionSystemDemandOutturn,37527.0,,0,0,1,0.0
1769781600000,GB,initialTransmissionSystemDemandOutturn,37312.0,,0,0,1,0.0
1769783400000,GB,initialTransmissionSystemDemandOutturn,37446.0,,0,0,1,0.0
1769785200000,GB,initialTransmissionSystemDemandOutturn,37783.0,,0,0,1,0.0
1769787000000,GB,initialTransmissionSystemDemandOutturn,38391.0,,0,0,1,0.0
1769788800000,GB,initialTransmissionSystemDemandOutturn,39363.0,,0,0,1,0.0
1769790600000,GB,initialTransmissionSystemDemandOutturn,40393.0,,0,0,1,0.0
1769792400000,GB,initialTransmissionSystemDemandOutturn,41987.0,,0,0,1,0.0
1769794200000,GB,initialTransmissionSystemDemandOutturn,42036.0,,0,0,1,0.0
1769796000000,GB,initialTransmissionSystemDemandOutturn,41477.0,,0,0,1,0.0
1769797800000,GB,initialTransmissionSystemDemandOutturn,40461.0,,0,0,1,0.0
1769799600000,GB,initialTransmissionSystemDemandOutturn,39617.0,,0,0,1,0.0
1769801400000,GB,initialTransmissionSystemDemandOutturn,38349.0,,0,0,1,0.0
1769803200000,GB,initialTransmissionSystemDemandOutturn,37391.0,,0,0,1,0.0
1769805000000,GB,initialTransmissionSystemDemandOutturn,36179.0,,0,0,1,0.0
1769806800000,GB,initialTransmissionSystemDemandOutturn,34399.0,,0,0,1,0.0
1769808600000,GB,initialTransmissionSystemDemandOutturn,32813.0,,0,0,1,0.0
1769810400000,GB,initialTransmissionSystemDemandOutturn,31068.0,,0,0,1,0.0
1769812200000,GB,initialTransmissionSystemDemandOutturn,29594.0,,0,0,1,0.0
1769814000000,GB,initialTransmissionSystemDemandOutturn,29037.0,,0,0,1,0.0
1769815800000,GB,initialTransmissionSystemDemandOutturn,28250.0,,0,0,1,0.0
1769817600000,GB,initialTransmissionSystemDemandOutturn,28387.0,,0,0,1,0.0
1769819400000,GB,initialTransmissionSystemDemandOutturn,29131.0,,0,0,1,0.0
1769821200000,GB,initialTransmissionSystemDemandOutturn,28583.0,,0,0,1,0.0
1769823000000,GB,initialTransmissionSystemDemandOutturn,28103.0,,0,0,1,0.0
1769824800000,GB,initialTransmissionSystemDemandOutturn,27686.0,,0,0,1,0.0
1769826600000,GB,initialTransmissionSystemDemandOutturn,27337.0,,0,0,1,0.0
1769828400000,GB,initialTransmissionSystemDemandOutturn,26663.0,,0,0,1,0.0
1769830200000,GB,initialTransmissionSystemDemandOutturn,25628.0,,0,0,1,0.0
1769832000000,GB,initialTransmissionSystemDemandOutturn,25753.0,,0,0,1,0.0
1769833800000,GB,initialTransmissionSystemDemandOutturn,25695.0,,0,0,1,0.0
1769835600000,GB,initialTransmissionSystemDemandOutturn,25342.0,,0,0,1,0.0
1769837400000,GB,initialTransmissionSystemDemandOutturn,25422.0,,0,0,1,0.0
1769839200000,GB,initialTransmissionSystemDemandOutturn,25954.0,,0,0,1,0.0
1769841000000,GB,initialTransmissionSystemDemandOutturn,26789.0,,0,0,1,0.0
1769842800000,GB,initialTransmissionSystemDemandOutturn,27855.0,,0,0,1,0.0
1769844600000,GB,initialTransmissionSystemDemandOutturn,29113.0,,0,0,1,0.0
1769846400000,GB,initialTransmissionSystemDemandOutturn,30801.0,,0,0,1,0.0
1769848200000,GB,initialTransmissionSystemDemandOutturn,31905.0,,0,0,1,0.0
1769850000000,GB,initialTransmissionSystemDemandOutturn,32707.0,,0,0,1,0.0
1769851800000,GB,initialTransmissionSystemDemandOutturn,32668.0,,0,0,1,0.0
1769853600000,GB,initialTransmissionSystemDemandOutturn,32959.0,,0,0,1,0.0
1769855400000,GB,initialTransmissionSystemDemandOutturn,32916.0,,0,0,1,0.0
1769857200000,GB,initialTransmissionSystemDemandOutturn,32455.0,,0,0,1,0.0
1769859000000,GB,initialTransmissionSystemDemandOutturn,32286.0,,0,0,1,0.0
1769860800000,GB,initialTransmissionSystemDemandOutturn,32635.0,,0,0,1,0.0
1769862600000,GB,initialTransmissionSystemDemandOutturn,49912.248545248876,32727.0,1,1,1,0.5251091925703204
1769864400000,GB,initialTransmissionSystemDemandOutturn,33026.0,,0,0,1,0.0
1769866200000,GB,initialTransmissionSystemDemandOutturn,33218.0,,0,0,1,0.0
1769868000000,GB,initialTransmissionSystemDemandOutturn,33466.0,,0,0,1,0.0
1769869800000,GB,initialTransmissionSystemDemandOutturn,33932.0,,0,0,1,0.0
1769871600000,GB,initialTransmissionSystemDemandOutturn,34777.0,,0,0,1,0.0
1769873400000,GB,initialTransmissionSystemDemandOutturn,35582.0,,0,0,1,0.0
1769875200000,GB,initialTransmissionSystemDemandOutturn,36435.0,,0,0,1,0.0
1769877000000,GB,initialTransmissionSystemDemandOutturn,37718.0,,0,0,1,0.0
1769878800000,GB,initialTransmissionSystemDemandOutturn,39309.0,,0,0,1,0.0
1769880600000,GB,initialTransmissionSystemDemandOutturn,39325.0,,0,0,1,0.0
1769882400000,GB,initialTransmissionSystemDemandOutturn,39337.0,,0,0,1,0.0
1769884200000,GB,initialTransmissionSystemDemandOutturn,38349.0,,0,0,1,0.0
1769886000000,GB,initialTransmissionSystemDemandOutturn,37702.0,,0,0,1,0.0
1769887800000,GB,initialTransmissionSystemDemandOutturn,37055.0,,0,0,1,0.0
1769889600000,GB,initialTransmissionSystemDemandOutturn,36221.0,,0,0,1,0.0
1769891400000,GB,initialTransmissionSystemDemandOutturn,34992.0,,0,0,1,0.0
1769893200000,GB,initialTransmissionSystemDemandOutturn,33930.0,,0,0,1,0.0
1769895000000,GB,initialTransmissionSystemDemandOutturn,32706.0,,0,0,1,0.0
1769896800000,GB,initialTransmissionSystemDemandOutturn,31375.0,,0,0,1,0.0
1769898600000,GB,initialTransmissionSystemDemandOutturn,29999.0,,0,0,1,0.0
1769900400000,GB,initialTransmissionSystemDemandOutturn,28753.0,,0,0,1,0.0
1769902200000,GB,initialTransmissionSystemDemandOutturn,27687.0,,0,0,1,0.0
1769904000000,GB,initialTransmissionSystemDemandOutturn,28278.0,,0,0,1,0.0
1769905800000,GB,initialTransmissionSystemDemandOutturn,28532.0,,0,0,1,0.0
1769907600000,GB,initialTransmissionSystemDemandOutturn,28047.0,,0,0,1,0.0
1769909400000,GB,initialTransmissionSystemDemandOutturn,27513.0,,0,0,1,0.0
1769911200000,GB,initialTransmissionSystemDemandOutturn,27261.0,,0,0,1,0.0
1769913000000,GB,initialTransmissionSystemDemandOutturn,26696.0,,0,0,1,0.0
1769914800000,GB,initialTransmissionSystemDemandOutturn,26256.0,,0,0,1,0.0
1769916600000,GB,initialTransmissionSystemDemandOutturn,25947.0,,0,0,1,0.0
1769918400000,GB,initialTransmissionSystemDemandOutturn,25512.0,,0,0,1,0.0
1769920200000,GB,initialTransmissionSystemDemandOutturn,25087.0,,0,0,1,0.0
1769922000000,GB,initialTransmissionSystemDemandOutturn,24482.0,,0,0,1,0.0
1769923800000,GB,initialTransmissionSystemDemandOutturn,44734.866708058995,24024.0,1,1,1,0.8620906888136444
1769925600000,GB,initialTransmissionSystemDemandOutturn,24439.0,,0,0,1,0.0
1769927400000,GB,initialTransmissionSystemDemandOutturn,24813.0,,0,0,1,0.0
1769929200000,GB,initialTransmissionSystemDemandOutturn,25673.0,,0,0,1,0.0
1769931000000,GB,initialTransmissionSystemDemandOutturn,26616.0,,0,0,1,0.0
1769932800000,GB,initialTransmissionSystemDemandOutturn,28307.0,,0,0,1,0.0
1769934600000,GB,initialTransmissionSystemDemandOutturn,29492.0,,0,0,1,0.0
1769936400000,GB,initialTransmissionSystemDemandOutturn,31104.0,,0,0,1,0.0
1769938200000,GB,initialTransmissionSystemDemandOutturn,32289.0,,0,0,1,0.0
1769940000000,GB,initialTransmissionSystemDemandOutturn,33026.0,,0,0,1,0.0
1769941800000,GB,initialTransmissionSystemDemandOutturn,33533.0,,0,0,1,0.0
1769943600000,GB,initialTransmissionSystemDemandOutturn,34065.0,,0,0,1,0.0
1769945400000,GB,initialTransmissionSystemDemandOutturn,34831.0,,0,0,1,0.0
1769947200000,GB,initialTransmissionSystemDemandOutturn,35044.0,,0,0,1,0.0
1769949000000,GB,initialTransmissionSystemDemandOutturn,35809.0,,0,0,1,0.0
1769950800000,GB,initialTransmissionSystemDemandOutturn,36146.0,,0,0,1,0.0
1769952600000,GB,initialTransmissionSystemDemandOutturn,36237.0,,0,0,1,0.0
1769954400000,GB,initialTransmissionSystemDemandOutturn,36220.0,,0,0,1,0.0
1769956200000,GB,initialTransmissionSystemDemandOutturn,36198.0,,0,0,1,0.0
1769958000000,GB,initialTransmissionSystemDemandOutturn,36958.0,,0,0,1,0.0
1769959800000,GB,initialTransmissionSystemDemandOutturn,38189.0,,0,0,1,0.0
1769961600000,GB,initialTransmissionSystemDemandOutturn,38734.0,,0,0,1,0.0
1769963400000,GB,initialTransmissionSystemDemandOutturn,40108.0,,0,0,1,0.0
1769965200000,GB,initialTransmissionSystemDemandOutturn,41339.0,,0,0,1,0.0
1769967000000,GB,initialTransmissionSystemDemandOutturn,42079.0,,0,0,1,0.0
1769968800000,GB,initialTransmissionSystemDemandOutturn,67047.69993614216,41590.0,1,1,1,0.6121110828598741
1769970600000,GB,initialTransmissionSystemDemandOutturn,40446.0,,0,0,1,0.0
1769972400000,GB,initialTransmissionSystemDemandOutturn,39728.0,,0,0,1,0.0
1769974200000,GB,initialTransmissionSystemDemandOutturn,38419.0,,0,0,1,0.0
1769976000000,GB,initialTransmissionSystemDemandOutturn,37119.0,,0,0,1,0.0
1769977800000,GB,initialTransmissionSystemDemandOutturn,36412.0,,0,0,1,0.0
1769979600000,GB,initialTransmissionSystemDemandOutturn,34865.0,,0,0,1,0.0
1769981400000,GB,initialTransmissionSystemDemandOutturn,33711.0,,0,0,1,0.0
1769983200000,GB,initialTransmissionSystemDemandOutturn,32115.0,,0,0,1,0.0
1769985000000,GB,initialTransmissionSystemDemandOutturn,30753.0,,0,0,1,0.0
1769986800000,GB,initialTransmissionSystemDemandOutturn,28929.0,,0,0,1,0.0
1769988600000,GB,initialTransmissionSystemDemandOutturn,27460.0,,0,0,1,0.0
1769990400000,GB,initialTransmissionSystemDemandOutturn,27685.0,,0,0,1,0.0
1769992200000,GB,initialTransmissionSystemDemandOutturn,28193.0,,0,0,1,0.0
1769994000000,GB,initialTransmissionSystemDemandOutturn,28026.0,,0,0,1,0.0
1769995800000,GB,initialTransmissionSystemDemandOutturn,27401.0,,0,0,1,0.0
1769997600000,GB,initialTransmissionSystemDemandOutturn,27027.0,,0,0,1,0.0
1769999400000,GB,initialTransmissionSystemDemandOutturn,26750.0,,0,0,1,0.0
1770001200000,GB,initialTransmissionSystemDemandOutturn,26070.0,,0,0,1,0.0
1770003000000,GB,initialTransmissionSystemDemandOutturn,25369.0,,0,0,1,0.0
1770004800000,GB,initialTransmissionSystemDemandOutturn,24907.0,,0,0,1,0.0
1770006600000,GB,initialTransmissionSystemDemandOutturn,24849.0,,0,0,1,0.0
1770008400000,GB,initialTransmissionSystemDemandOutturn,25070.0,,0,0,1,0.0
1770010200000,GB,initialTransmissionSystemDemandOutturn,26184.0,,0,0,1,0.0
1770012000000,GB,initialTransmissionSystemDemandOutturn,28727.0,,0,0,1,0.0
1770013800000,GB,initialTransmissionSystemDemandOutturn,31640.0,,0,0,1,0.0
1770015600000,GB,initialTransmissionSystemDemandOutturn,34185.0,,0,0,1,0.0
1770017400000,GB,initialTransmissionSystemDemandOutturn,35646.0,,0,0,1,0.0
1770019200000,GB,initialTransmissionSystemDemandOutturn,37189.0,,0,0,1,0.0
1770021000000,GB,initialTransmissionSystemDemandOutturn,37626.0,,0,0,1,0.0
1770022800000,GB,initialTransmissionSystemDemandOutturn,38317.0,,0,0,1,0.0
1770024600000,GB,initialTransmissionSystemDemandOutturn,38386.0,,0,0,1,0.0
1770026400000,GB,initialTransmissionSystemDemandOutturn,38521.0,,0,0,1,0.0
1770028200000,GB,initialTransmissionSystemDemandOutturn,38203.0,,0,0,1,0.0
1770030000000,GB,initialTransmissionSystemDemandOutturn,38242.0,,0,0,1,0.0
1770031800000,GB,initialTransmissionSystemDemandOutturn,38294.0,,0,0,1,0.0
1770033600000,GB,initialTransmissionSystemDemandOutturn,38509.0,,0,0,1,0.0
1770035400000,GB,initialTransmissionSystemDemandOutturn,38456.0,,0,0,1,0.0
1770037200000,GB,initialTransmissionSystemDemandOutturn,38198.0,,0,0,1,0.0
1770039000000,GB,initialTransmissionSystemDemandOutturn,38131.0,,0,0,1,0.0
1770040800000,GB,initialTransmissionSystemDemandOutturn,38427.0,,0,0,1,0.0
1770042600000,GB,initialTransmissionSystemDemandOutturn,38644.0,,0,0,1,0.0
1770044400000,GB,initialTransmissionSystemDemandOutturn,38683.0,,0,0,1,0.0
1770046200000,GB,initialTransmissionSystemDemandOutturn,39550.0,,0,0,1,0.0
1770048000000,GB,initialTransmissionSystemDemandOutturn,40348.0,,0,0,1,0.0
1770049800000,GB,initialTransmissionSystemDemandOutturn,41073.0,,0,0,1,0.0
1770051600000,GB,initialTransmissionSystemDemandOutturn,42188.0,,0,0,1,0.0
1770053400000,GB,initialTransmissionSystemDemandOutturn,42350.0,,0,0,1,0.0
1770055200000,GB,initialTransmissionSystemDemandOutturn,42051.0,,0,0,1,0.0
1770057000000,GB,initialTransmissionSystemDemandOutturn,41160.0,,0,0,1,0.0
1770058800000,GB,initialTransmissionSystemDemandOutturn,39847.0,,0,0,1,0.0
1770060600000,GB,initialTransmissionSystemDemandOutturn,38406.0,,0,0,1,0.0
1770062400000,GB,initialTransmissionSystemDemandOutturn,37676.0,,0,0,1,0.0
1770064200000,GB,initialTransmissionSystemDemandOutturn,36011.0,,0,0,1,0.0
1770066000000,GB,initialTransmissionSystemDemandOutturn,33753.0,,0,0,1,0.0
1770067800000,GB,initialTransmissionSystemDemandOutturn,32241.0,,0,0,1,0.0
1770069600000,GB,initialTransmissionSystemDemandOutturn,30289.0,,0,0,1,0.0
1770071400000,GB,initialTransmissionSystemDemandOutturn,29617.0,,0,0,1,0.0
1770073200000,GB,initialTransmissionSystemDemandOutturn,28781.0,,0,0,1,0.0
1770075000000,GB,initialTransmissionSystemDemandOutturn,28339.0,,0,0,1,0.0
1770076800000,GB,initialTransmissionSystemDemandOutturn,28426.0,,0,0,1,0.0
1770078600000,GB,initialTransmissionSystemDemandOutturn,29290.0,,0,0,1,0.0
1770080400000,GB,initialTransmissionSystemDemandOutturn,29052.0,,0,0,1,0.0
1770082200000,GB,initialTransmissionSystemDemandOutturn,27753.0,,0,0,1,0.0
1770084000000,GB,initialTransmissionSystemDemandOutturn,28206.0,,0,0,1,0.0
1770085800000,GB,initialTransmissionSystemDemandOutturn,28363.0,,0,0,1,0.0
1770087600000,GB,initialTransmissionSystemDemandOutturn,28108.0,,0,0,1,0.0
1770089400000,GB,initialTransmissionSystemDemandOutturn,27576.0,,0,0,1,0.0
1770091200000,GB,initialTransmissionSystemDemandOutturn,27353.0,,0,0,1,0.0
1770093000000,GB,initialTransmissionSystemDemandOutturn,27170.0,,0,0,1,0.0
1770094800000,GB,initialTransmissionSystemDemandOutturn,26650.0,,0,0,1,0.0
1770096600000,GB,initialTransmissionSystemDemandOutturn,27366.0,,0,0,1,0.0
1770098400000,GB,initialTransmissionSystemDemandOutturn,28535.0,,0,0,1,0.0
1770100200000,GB,initialTransmissionSystemDemandOutturn,31000.0,,0,0,1,0.0
1770102000000,GB,initialTransmissionSystemDemandOutturn,34559.0,,0,0,1,0.0
1770103800000,GB,initialTransmissionSystemDemandOutturn,36755.0,,0,0,1,0.0
1770105600000,GB,initialTransmissionSystemDemandOutturn,37937.0,,0,0,1,0.0
1770107400000,GB,initialTransmissionSystemDemandOutturn,38233.0,,0,0,1,0.0
1770109200000,GB,initialTransmissionSystemDemandOutturn,39301.0,,0,0,1,0.0
1770111000000,GB,initialTransmissionSystemDemandOutturn,39593.0,,0,0,1,0.0
1770112800000,GB,initialTransmissionSystemDemandOutturn,39869.0,,0,0,1,0.0
1770114600000,GB,initialTransmissionSystemDemandOutturn,40193.0,,0,0,1,0.0
1770116400000,GB,initialTransmissionSystemDemandOutturn,40719.0,,0,0,1,0.0
1770118200000,GB,initialTransmissionSystemDemandOutturn,41008.0,,0,0,1,0.0
1770120000000,GB,initialTransmissionSystemDemandOutturn,41432.0,,0,0,1,0.0
1770121800000,GB,initialTransmissionSystemDemandOutturn,41528.0,,0,0,1,0.0
1770123600000,GB,initialTransmissionSystemDemandOutturn,41608.0,,0,0,1,0.0
1770125400000,GB,initialTransmissionSystemDemandOutturn,41491.0,,0,0,1,0.0
1770127200000,GB,initialTransmissionSystemDemandOutturn,41851.0,,0,0,1,0.0
1770129000000,GB,initialTransmissionSystemDemandOutturn,41797.0,,0,0,1,0.0
1770130800000,GB,initialTransmissionSystemDemandOutturn,42366.0,,0,0,1,0.0
1770132600000,GB,initialTransmissionSystemDemandOutturn,43309.0,,0,0,1,0.0
1770134400000,GB,initialTransmissionSystemDemandOutturn,43988.0,,0,0,1,0.0
1770136200000,GB,initialTransmissionSystemDemandOutturn,44880.0,,0,0,1,0.0
1770138000000,GB,initialTransmissionSystemDemandOutturn,45455.0,,0,0,1,0.0
1770139800000,GB,initialTransmissionSystemDemandOutturn,45666.0,,0,0,1,0.0
1770141600000,GB,initialTransmissionSystemDemandOutturn,45442.0,,0,0,1,0.0
1770143400000,GB,initialTransmissionSystemDemandOutturn,44738.0,,0,0,1,0.0
1770145200000,GB,initialTransmissionSystemDemandOutturn,44033.0,,0,0,1,0.0
1770147000000,GB,initialTransmissionSystemDemandOutturn,42846.0,,0,0,1,0.0
1770148800000,GB,initialTransmissionSystemDemandOutturn,41170.0,,0,0,1,0.0
1770150600000,GB,initialTransmissionSystemDemandOutturn,40005.0,,0,0,1,0.0
1770152400000,GB,initialTransmissionSystemDemandOutturn,38107.0,,0,0,1,0.0
1770154200000,GB,initialTransmissionSystemDemandOutturn,36232.0,,0,0,1,0.0
1770156000000,GB,initialTransmissionSystemDemandOutturn,34781.0,,0,0,1,0.0
1770157800000,GB,initialTransmissionSystemDemandOutturn,32753.0,,0,0,1,0.0
1770159600000,GB,initialTransmissionSystemDemandOutturn,31201.0,,0,0,1,0.0
1770161400000,GB,initialTransmissionSystemDemandOutturn,30828.0,,0,0,1,0.0
1770163200000,GB,initialTransmissionSystemDemandOutturn,31089.0,,0,0,1,0.0
1770165000000,GB,initialTransmissionSystemDemandOutturn,31273.0,,0,0,1,0.0
1770166800000,GB,initialTransmissionSystemDemandOutturn,31662.0,,0,0,1,0.0
1770168600000,GB,initialTransmissionSystemDemandOutturn,31172.0,,0,0,1,0.0
1770170400000,GB,initialTransmissionSystemDemandOutturn,31140.0,,0,0,1,0.0
1770172200000,GB,initialTransmissionSystemDemandOutturn,30925.0,,0,0,1,0.0
1770174000000,GB,initialTransmissionSystemDemandOutturn,30116.0,,0,0,1,0.0
1770175800000,GB,initialTransmissionSystemDemandOutturn,29603.0,,0,0,1,0.0
1770177600000,GB,initialTransmissionSystemDemandOutturn,30101.0,,0,0,1,0.0
1770179400000,GB,initialTransmissionSystemDemandOutturn,29725.0,,0,0,1,0.0
1770181200000,GB,initialTransmissionSystemDemandOutturn,30173.0,,0,0,1,0.0
1770183000000,GB,initialTransmissionSystemDemandOutturn,31031.0,,0,0,1,0.0
1770184800000,GB,initialTransmissionSystemDemandOutturn,33203.0,,0,0,1,0.0
1770186600000,GB,initialTransmissionSystemDemandOutturn,35968.0,,0,0,1,0.0
1770188400000,GB,initialTransmissionSystemDemandOutturn,39386.0,,0,0,1,0.0
1770190200000,GB,initialTransmissionSystemDemandOutturn,40633.0,,0,0,1,0.0
1770192000000,GB,initialTransmissionSystemDemandOutturn,40660.0,,0,0,1,0.0
1770193800000,GB,initialTransmissionSystemDemandOutturn,40832.0,,0,0,1,0.0
1770195600000,GB,initialTransmissionSystemDemandOutturn,40466.0,,0,0,1,0.0
1770197400000,GB,initialTransmissionSystemDemandOutturn,40137.0,,0,0,1,0.0
1770199200000,GB,initialTransmissionSystemDemandOutturn,39834.0,,0,0,1,0.0
1770201000000,GB,initialTransmissionSystemDemandOutturn,39205.0,,0,0,1,0.0
1770202800000,GB,initialTransmissionSystemDemandOutturn,38823.0,,0,0,1,0.0
1770204600000,GB,initialTransmissionSystemDemandOutturn,38505.0,,0,0,1,0.0
1770206400000,GB,initialTransmissionSystemDemandOutturn,38380.0,,0,0,1,0.0
1770208200000,GB,initialTransmissionSystemDemandOutturn,38182.0,,0,0,1,0.0
1770210000000,GB,initialTransmissionSystemDemandOutturn,37123.0,,0,0,1,0.0
1770211800000,GB,initialTransmissionSystemDemandOutturn,36761.0,,0,0,1,0.0
1770213600000,GB,initialTransmissionSystemDemandOutturn,36888.0,,0,0,1,0.0
1770215400000,GB,initialTransmissionSystemDemandOutturn,37241.0,,0,0,1,0.0
1770217200000,GB,initialTransmissionSystemDemandOutturn,38451.0,,0,0,1,0.0
1770219000000,GB,initialTransmissionSystemDemandOutturn,39839.0,,0,0,1,0.0
1770220800000,GB,initialTransmissionSystemDemandOutturn,41085.0,,0,0,1,0.0
1770222600000,GB,initialTransmissionSystemDemandOutturn,42824.0,,0,0,1,0.0
1770224400000,GB,initialTransmissionSystemDemandOutturn,44263.0,,0,0,1,0.0
1770226200000,GB,initialTransmissionSystemDemandOutturn,44705.0,,0,0,1,0.0
1770228000000,GB,initialTransmissionSystemDemandOutturn,43539.0,,0,0,1,0.0
1770229800000,GB,initialTransmissionSystemDemandOutturn,42972.0,,0,0,1,0.0
1770231600000,GB,initialTransmissionSystemDemandOutturn,41875.0,,0,0,1,0.0
1770233400000,GB,initialTransmissionSystemDemandOutturn,40738.0,,0,0,1,0.0
1770235200000,GB,initialTransmissionSystemDemandOutturn,39345.0,,0,0,1,0.0
1770237000000,GB,initialTransmissionSystemDemandOutturn,37489.0,,0,0,1,0.0
1770238800000,GB,initialTransmissionSystemDemandOutturn,35302.0,,0,0,1,0.0
1770240600000,GB,initialTransmissionSystemDemandOutturn,33129.0,,0,0,1,0.0
1770242400000,GB,initialTransmissionSystemDemandOutturn,30930.0,,0,0,1,0.0
1770244200000,GB,initialTransmissionSystemDemandOutturn,29271.0,,0,0,1,0.0
1770246000000,GB,initialTransmissionSystemDemandOutturn,28441.0,,0,0,1,0.0
1770247800000,GB,initialTransmissionSystemDemandOutturn,27818.0,,0,0,1,0.0
1770249600000,GB,initialTransmissionSystemDemandOutturn,28946.0,,0,0,1,0.0
1770251400000,GB,initialTransmissionSystemDemandOutturn,29434.0,,0,0,1,0.0
1770253200000,GB,initialTransmissionSystemDemandOutturn,29383.0,,0,0,1,0.0
1770255000000,GB,initialTransmissionSystemDemandOutturn,28844.0,,0,0,1,0.0
1770256800000,GB,initialTransmissionSystemDemandOutturn,28487.0,,0,0,1,0.0
1770258600000,GB,initialTransmissionSystemDemandOutturn,28243.0,,0,0,1,0.0
1770260400000,GB,initialTransmissionSystemDemandOutturn,27907.0,,0,0,1,0.0
1770262200000,GB,initialTransmissionSystemDemandOutturn,27369.0,,0,0,1,0.0
1770264000000,GB,initialTransmissionSystemDemandOutturn,27776.0,,0,0,1,0.0
1770265800000,GB,initialTransmissionSystemDemandOutturn,27780.0,,0,0,1,0.0
1770267600000,GB,initialTransmissionSystemDemandOutturn,28255.0,,0,0,1,0.0
1770269400000,GB,initialTransmissionSystemDemandOutturn,29055.0,,0,0,1,0.0
1770271200000,GB,initialTransmissionSystemDemandOutturn,30321.0,,0,0,1,0.0
1770273000000,GB,initialTransmissionSystemDemandOutturn,32587.0,,0,0,1,0.0
1770274800000,GB,initialTransmissionSystemDemandOutturn,35953.0,,0,0,1,0.0
1770276600000,GB,initialTransmissionSystemDemandOutturn,37308.0,,0,0,1,0.0
1770278400000,GB,initialTransmissionSystemDemandOutturn,38727.0,,0,0,1,0.0
1770280200000,GB,initialTransmissionSystemDemandOutturn,39455.0,,0,0,1,0.0
1770282000000,GB,initialTransmissionSystemDemandOutturn,39316.0,,0,0,1,0.0
1770283800000,GB,initialTransmissionSystemDemandOutturn,39392.0,,0,0,1,0.0
1770285600000,GB,initialTransmissionSystemDemandOutturn,39251.0,,0,0,1,0.0
1770287400000,GB,initialTransmissionSystemDemandOutturn,39303.0,,0,0,1,0.0
1770289200000,GB,initialTransmissionSystemDemandOutturn,39136.0,,0,0,1,0.0
1770291000000,GB,initialTransmissionSystemDemandOutturn,38883.0,,0,0,1,0.0
1770292800000,GB,initialTransmissionSystemDemandOutturn,38617.0,,0,0,1,0.0
1770294600000,GB,initialTransmissionSystemDemandOutturn,38705.0,,0,0,1,0.0
1770296400000,GB,initialTransmissionSystemDemandOutturn,39401.0,,0,0,1,0.0
1770298200000,GB,initialTransmissionSystemDemandOutturn,39609.0,,0,0,1,0.0
1770300000000,GB,initialTransmissionSystemDemandOutturn,39993.0,,0,0,1,0.0
1770301800000,GB,initialTransmissionSystemDemandOutturn,40467.0,,0,0,1,0.0
1770303600000,GB,initialTransmissionSystemDemandOutturn,42050.0,,0,0,1,0.0
1770305400000,GB,initialTransmissionSystemDemandOutturn,43067.0,,0,0,1,0.0
1770307200000,GB,initialTransmissionSystemDemandOutturn,43674.0,,0,0,1,0.0
1770309000000,GB,initialTransmissionSystemDemandOutturn,44322.0,,0,0,1,0.0
1770310800000,GB,initialTransmissionSystemDemandOutturn,45094.0,,0,0,1,0.0
1770312600000,GB,initialTransmissionSystemDemandOutturn,45099.0,,0,0,1,0.0
1770314400000,GB,initialTransmissionSystemDemandOutturn,44310.0,,0,0,1,0.0
1770316200000,GB,initialTransmissionSystemDemandOutturn,43507.0,,0,0,1,0.0
1770318000000,GB,initialTransmissionSystemDemandOutturn,42570.0,,0,0,1,0.0
1770319800000,GB,initialTransmissionSystemDemandOutturn,41416.0,,0,0,1,0.0
1770321600000,GB,initialTransmissionSystemDemandOutturn,40153.0,,0,0,1,0.0
1770323400000,GB,initialTransmissionSystemDemandOutturn,38741.0,,0,0,1,0.0
1770325200000,GB,initialTransmissionSystemDemandOutturn,37151.0,,0,0,1,0.0
1770327000000,GB,initialTransmissionSystemDemandOutturn,35722.0,,0,0,1,0.0
1770328800000,GB,initialTransmissionSystemDemandOutturn,34518.0,,0,0,1,0.0
1770330600000,GB,initialTransmissionSystemDemandOutturn,32681.0,,0,0,1,0.0
1770332400000,GB,initialTransmissionSystemDemandOutturn,30221.0,,0,0,1,0.0
1770334200000,GB,initialTransmissionSystemDemandOutturn,29462.0,,0,0,1,0.0
1770336000000,GB,initialTransmissionSystemDemandOutturn,29305.0,,0,0,1,0.0
1770337800000,GB,initialTransmissionSystemDemandOutturn,29781.0,,0,0,1,0.0
1770339600000,GB,initialTransmissionSystemDemandOutturn,29276.0,,0,0,1,0.0
1770341400000,GB,initialTransmissionSystemDemandOutturn,28857.0,,0,0,1,0.0
1770343200000,GB,initialTransmissionSystemDemandOutturn,28974.0,,0,0,1,0.0
1770345000000,GB,initialTransmissionSystemDemandOutturn,28794.0,,0,0,1,0.0
1770346800000,GB,initialTransmissionSystemDemandOutturn,28230.0,,0,0,1,0.0
1770348600000,GB,initialTransmissionSystemDemandOutturn,27731.0,,0,0,1,0.0
1770350400000,GB,initialTransmissionSystemDemandOutturn,28151.0,,0,0,1,0.0
1770352200000,GB,initialTransmissionSystemDemandOutturn,28368.0,,0,0,1,0.0
1770354000000,GB,initialTransmissionSystemDemandOutturn,29915.0,,0,0,1,0.0
1770355800000,GB,initialTransmissionSystemDemandOutturn,31000.0,,0,0,1,0.0
1770357600000,GB,initialTransmissionSystemDemandOutturn,33153.0,,0,0,1,0.0
1770359400000,GB,initialTransmissionSystemDemandOutturn,35726.0,,0,0,1,0.0
1770361200000,GB,initialTransmissionSystemDemandOutturn,38994.0,,0,0,1,0.0
1770363000000,GB,initialTransmissionSystemDemandOutturn,40333.0,,0,0,1,0.0
1770364800000,GB,initialTransmissionSystemDemandOutturn,42127.0,,0,0,1,0.0
1770366600000,GB,initialTransmissionSystemDemandOutturn,42981.0,,0,0,1,0.0
1770368400000,GB,initialTransmissionSystemDemandOutturn,43473.0,,0,0,1,0.0
1770370200000,GB,initialTransmissionSystemDemandOutturn,44054.0,,0,0,1,0.0
1770372000000,GB,initialTransmissionSystemDemandOutturn,44002.0,,0,0,1,0.0
1770373800000,GB,initialTransmissionSystemDemandOutturn,44004.0,,0,0,1,0.0
1770375600000,GB,initialTransmissionSystemDemandOutturn,43407.0,,0,0,1,0.0
1770377400000,GB,initialTransmissionSystemDemandOutturn,43280.0,,0,0,1,0.0
1770379200000,GB,initialTransmissionSystemDemandOutturn,43371.0,,0,0,1,0.0
1770381000000,GB,initialTransmissionSystemDemandOutturn,43136.0,,0,0,1,0.0
1770382800000,GB,initialTransmissionSystemDemandOutturn,43366.0,,0,0,1,0.0
1770384600000,GB,initialTransmissionSystemDemandOutturn,43229.0,,0,0,1,0.0
1770386400000,GB,initialTransmissionSystemDemandOutturn,42887.0,,0,0,1,0.0
1770388200000,GB,initialTransmissionSystemDemandOutturn,42536.0,,0,0,1,0.0
1770390000000,GB,initialTransmissionSystemDemandOutturn,41950.0,,0,0,1,0.0
1770391800000,GB,initialTransmissionSystemDemandOutturn,42522.0,,0,0,1,0.0
1770393600000,GB,initialTransmissionSystemDemandOutturn,42710.0,,0,0,1,0.0
1770395400000,GB,initialTransmissionSystemDemandOutturn,43794.0,,0,0,1,0.0
1770397200000,GB,initialTransmissionSystemDemandOutturn,44176.0,,0,0,1,0.0
1770399000000,GB,initialTransmissionSystemDemandOutturn,44473.0,,0,0,1,0.0
1770400800000,GB,initialTransmissionSystemDemandOutturn,43966.0,,0,0,1,0.0
1770402600000,GB,initialTransmissionSystemDemandOutturn,43290.0,,0,0,1,0.0
1770404400000,GB,initialTransmissionSystemDemandOutturn,42414.0,,0,0,1,0.0
1770406200000,GB,initialTransmissionSystemDemandOutturn,40391.0,,0,0,1,0.0
1770408000000,GB,initialTransmissionSystemDemandOutturn,38928.0,,0,0,1,0.0
1770409800000,GB,initialTransmissionSystemDemandOutturn,37934.0,,0,0,1,0.0
1770411600000,GB,initialTransmissionSystemDemandOutturn,36411.0,,0,0,1,0.0
1770413400000,GB,initialTransmissionSystemDemandOutturn,34698.0,,0,0,1,0.0
1770415200000,GB,initialTransmissionSystemDemandOutturn,33599.0,,0,0,1,0.0
1770417000000,GB,initialTransmissionSystemDemandOutturn,32302.0,,0,0,1,0.0
1770418800000,GB,initialTransmissionSystemDemandOutturn,30901.0,,0,0,1,0.0
1770420600000,GB,initialTransmissionSystemDemandOutturn,30058.0,,0,0,1,0.0
1770422400000,GB,initialTransmissionSystemDemandOutturn,29977.0,,0,0,1,0.0
1770424200000,GB,initialTransmissionSystemDemandOutturn,30492.0,,0,0,1,0.0
1770426000000,GB,initialTransmissionSystemDemandOutturn,29979.0,,0,0,1,0.0
1770427800000,GB,initialTransmissionSystemDemandOutturn,29407.0,,0,0,1,0.0
1770429600000,GB,initialTransmissionSystemDemandOutturn,28781.0,,0,0,1,0.0
1770431400000,GB,initialTransmissionSystemDemandOutturn,28211.0,,0,0,1,0.0
1770433200000,GB,initialTransmissionSystemDemandOutturn,28049.0,,0,0,1,0.0
1770435000000,GB,initialTransmissionSystemDemandOutturn,27645.0,,0,0,1,0.0
1770436800000,GB,initialTransmissionSystemDemandOutturn,27737.0,,0,0,1,0.0
1770438600000,GB,initialTransmissionSystemDemandOutturn,27498.0,,0,0,1,0.0
1770440400000,GB,initialTransmissionSystemDemandOutturn,27872.0,,0,0,1,0.0
1770442200000,GB,initialTransmissionSystemDemandOutturn,27915.0,,0,0,1,0.0
1770444000000,GB,initialTransmissionSystemDemandOutturn,28786.0,,0,0,1,0.0
1770445800000,GB,initialTransmissionSystemDemandOutturn,29609.0,,0,0,1,0.0
1770447600000,GB,initialTransmissionSystemDemandOutturn,31171.0,,0,0,1,0.0
1770449400000,GB,initialTransmissionSystemDemandOutturn,31792.0,,0,0,1,0.0
1770451200000,GB,initialTransmissionSystemDemandOutturn,32642.0,,0,0,1,0.0
1770453000000,GB,initialTransmissionSystemDemandOutturn,34008.0,,0,0,1,0.0
1770454800000,GB,initialTransmissionSystemDemandOutturn,34767.0,,0,0,1,0.0
1770456600000,GB,initialTransmissionSystemDemandOutturn,35190.0,,0,0,1,0.0
1770458400000,GB,initialTransmissionSystemDemandOutturn,35801.0,,0,0,1,0.0
1770460200000,GB,initialTransmissionSystemDemandOutturn,35919.0,,0,0,1,0.0
1770462000000,GB,initialTransmissionSystemDemandOutturn,36516.0,,0,0,1,0.0
1770463800000,GB,initialTransmissionSystemDemandOutturn,36700.0,,0,0,1,0.0
1770465600000,GB,initialTransmissionSystemDemandOutturn,36966.0,,0,0,1,0.0
1770467400000,GB,initialTransmissionSystemDemandOutturn,36940.0,,0,0,1,0.0
1770469200000,GB,initialTransmissionSystemDemandOutturn,37079.0,,0,0,1,0.0
1770471000000,GB,initialTransmissionSystemDemandOutturn,36969.0,,0,0,1,0.0
1770472800000,GB,initialTransmissionSystemDemandOutturn,36684.0,,0,0,1,0.0
1770474600000,GB,initialTransmissionSystemDemandOutturn,36613.0,,0,0,1,0.0
1770476400000,GB,initialTransmissionSystemDemandOutturn,38071.0,,0,0,1,0.0
1770478200000,GB,initialTransmissionSystemDemandOutturn,38344.0,,0,0,1,0.0
1770480000000,GB,initialTransmissionSystemDemandOutturn,38476.0,,0,0,1,0.0
1770481800000,GB,initialTransmissionSystemDemandOutturn,39550.0,,0,0,1,0.0
1770483600000,GB,initialTransmissionSystemDemandOutturn,39849.0,,0,0,1,0.0
1770485400000,GB,initialTransmissionSystemDemandOutturn,40148.0,,0,0,1,0.0
1770487200000,GB,initialTransmissionSystemDemandOutturn,39506.0,,0,0,1,0.0
1770489000000,GB,initialTransmissionSystemDemandOutturn,39129.0,,0,0,1,0.0
1770490800000,GB,initialTransmissionSystemDemandOutturn,38946.0,,0,0,1,0.0
1770492600000,GB,initialTransmissionSystemDemandOutturn,37965.0,,0,0,1,0.0
1770494400000,GB,initialTransmissionSystemDemandOutturn,37379.0,,0,0,1,0.0
1770496200000,GB,initialTransmissionSystemDemandOutturn,36296.0,,0,0,1,0.0
1770498000000,GB,initialTransmissionSystemDemandOutturn,34888.0,,0,0,1,0.0
1770499800000,GB,initialTransmissionSystemDemandOutturn,33665.0,,0,0,1,0.0
1770501600000,GB,initialTransmissionSystemDemandOutturn,32435.0,,0,0,1,0.0
1770503400000,GB,initialTransmissionSystemDemandOutturn,31315.0,,0,0,1,0.0
1770505200000,GB,initialTransmissionSystemDemandOutturn,29611.0,,0,0,1,0.0
1770507000000,GB,initialTransmissionSystemDemandOutturn,29173.0,,0,0,1,0.0
1770508800000,GB,initialTransmissionSystemDemandOutturn,29250.0,,0,0,1,0.0
1770510600000,GB,initialTransmissionSystemDemandOutturn,29609.0,,0,0,1,0.0
1770512400000,GB,initialTransmissionSystemDemandOutturn,29603.0,,0,0,1,0.0
1770514200000,GB,initialTransmissionSystemDemandOutturn,28612.0,,0,0,1,0.0
1770516000000,GB,initialTransmissionSystemDemandOutturn,28188.0,,0,0,1,0.0
1770517800000,GB,initialTransmissionSystemDemandOutturn,27647.0,,0,0,1,0.0
1770519600000,GB,initialTransmissionSystemDemandOutturn,26706.0,,0,0,1,0.0
1770521400000,GB,initialTransmissionSystemDemandOutturn,26328.0,,0,0,1,0.0
1770523200000,GB,initialTransmissionSystemDemandOutturn,25447.0,,0,0,1,0.0
1770525000000,GB,initialTransmissionSystemDemandOutturn,25230.0,,0,0,1,0.0
1770526800000,GB,initialTransmissionSystemDemandOutturn,25724.0,,0,0,1,0.0
1770528600000,GB,initialTransmissionSystemDemandOutturn,25496.0,,0,0,1,0.0
1770530400000,GB,initialTransmissionSystemDemandOutturn,26022.0,,0,0,1,0.0
1770532200000,GB,initialTransmissionSystemDemandOutturn,26759.0,,0,0,1,0.0
1770534000000,GB,initialTransmissionSystemDemandOutturn,27824.0,,0,0,1,0.0
1770535800000,GB,initialTransmissionSystemDemandOutturn,28657.0,,0,0,1,0.0
1770537600000,GB,initialTransmissionSystemDemandOutturn,29628.0,,0,0,1,0.0
1770539400000,GB,initialTransmissionSystemDemandOutturn,30447.0,,0,0,1,0.0
1770541200000,GB,initialTransmissionSystemDemandOutturn,30574.0,,0,0,1,0.0
1770543000000,GB,initialTransmissionSystemDemandOutturn,31231.0,,0,0,1,0.0
1770544800000,GB,initialTransmissionSystemDemandOutturn,31858.0,,0,0,1,0.0
1770546600000,GB,initialTransmissionSystemDemandOutturn,31969.0,,0,0,1,0.0
1770548400000,GB,initialTransmissionSystemDemandOutturn,32307.0,,0,0,1,0.0
1770550200000,GB,initialTransmissionSystemDemandOutturn,32917.0,,0,0,1,0.0
1770552000000,GB,initialTransmissionSystemDemandOutturn,33489.0,,0,0,1,0.0
1770553800000,GB,initialTransmissionSystemDemandOutturn,33786.0,,0,0,1,0.0
1770555600000,GB,initialTransmissionSystemDemandOutturn,33870.0,,0,0,1,0.0
1770557400000,GB,initialTransmissionSystemDemandOutturn,34099.0,,0,0,1,0.0
1770559200000,GB,initialTransmissionSystemDemandOutturn,34209.0,,0,0,1,0.0
1770561000000,GB,initialTransmissionSystemDemandOutturn,34672.0,,0,0,1,0.0
1770562800000,GB,initialTransmissionSystemDemandOutturn,35773.0,,0,0,1,0.0
1770564600000,GB,initialTransmissionSystemDemandOutturn,36530.0,,0,0,1,0.0
1770566400000,GB,initialTransmissionSystemDemandOutturn,37379.0,,0,0,1,0.0
1770568200000,GB,initialTransmissionSystemDemandOutturn,38468.0,,0,0,1,0.0
1770570000000,GB,initialTransmissionSystemDemandOutturn,39867.0,,0,0,1,0.0
1770571800000,GB,initialTransmissionSystemDemandOutturn,40463.0,,0,0,1,0.0
1770573600000,GB,initialTransmissionSystemDemandOutturn,39670.0,,0,0,1,0.0
1770575400000,GB,initialTransmissionSystemDemandOutturn,39310.0,,0,0,1,0.0
1770577200000,GB,initialTransmissionSystemDemandOutturn,38331.0,,0,0,1,0.0
1770579000000,GB,initialTransmissionSystemDemandOutturn,37711.0,,0,0,1,0.0
1770580800000,GB,initialTransmissionSystemDemandOutturn,37040.0,,0,0,1,0.0
1770582600000,GB,initialTransmissionSystemDemandOutturn,35754.0,,0,0,1,0.0
1770584400000,GB,initialTransmissionSystemDemandOutturn,34595.0,,0,0,1,0.0
1770586200000,GB,initialTransmissionSystemDemandOutturn,33230.0,,0,0,1,0.0
1770588000000,GB,initialTransmissionSystemDemandOutturn,32110.0,,0,0,1,0.0
1770589800000,GB,initialTransmissionSystemDemandOutturn,30671.0,,0,0,1,0.0
1770591600000,GB,initialTransmissionSystemDemandOutturn,29598.0,,0,0,1,0.0
1770593400000,GB,initialTransmissionSystemDemandOutturn,29295.0,,0,0,1,0.0
1770595200000,GB,initialTransmissionSystemDemandOutturn,29635.0,,0,0,1,0.0
1770597000000,GB,initialTransmissionSystemDemandOutturn,30830.0,,0,0,1,0.0
1770598800000,GB,initialTransmissionSystemDemandOutturn,30370.0,,0,0,1,0.0
1770600600000,GB,initialTransmissionSystemDemandOutturn,29786.0,,0,0,1,0.0
1770602400000,GB,initialTransmissionSystemDemandOutturn,28985.0,,0,0,1,0.0
1770604200000,GB,initialTransmissionSystemDemandOutturn,28819.0,,0,0,1,0.0
1770606000000,GB,initialTransmissionSystemDemandOutturn,27802.0,,0,0,1,0.0
1770607800000,GB,initialTransmissionSystemDemandOutturn,27868.0,,0,0,1,0.0
1770609600000,GB,initialTransmissionSystemDemandOutturn,28444.0,,0,0,1,0.0
1770611400000,GB,initialTransmissionSystemDemandOutturn,28478.0,,0,0,1,0.0
1770613200000,GB,initialTransmissionSystemDemandOutturn,29848.0,,0,0,1,0.0
1770615000000,GB,initialTransmissionSystemDemandOutturn,30678.0,,0,0,1,0.0
1770616800000,GB,initialTransmissionSystemDemandOutturn,33253.0,,0,0,1,0.0
1770618600000,GB,initialTransmissionSystemDemandOutturn,35901.0,,0,0,1,0.0
1770620400000,GB,initialTransmissionSystemDemandOutturn,38133.0,,0,0,1,0.0
1770622200000,GB,initialTransmissionSystemDemandOutturn,39280.0,,0,0,1,0.0
1770624000000,GB,initialTransmissionSystemDemandOutturn,40949.0,,0,0,1,0.0
1770625800000,GB,initialTransmissionSystemDemandOutturn,41648.0,,0,0,1,0.0
1770627600000,GB,initialTransmissionSystemDemandOutturn,42720.0,,0,0,1,0.0
1770629400000,GB,initialTransmissionSystemDemandOutturn,42661.0,,0,0,1,0.0
1770631200000,GB,initialTransmissionSystemDemandOutturn,42603.0,,0,0,1,0.0
1770633000000,GB,initialTransmissionSystemDemandOutturn,42316.0,,0,0,1,0.0
1770634800000,GB,initialTransmissionSystemDemandOutturn,42180.0,,0,0,1,0.0
1770636600000,GB,initialTransmissionSystemDemandOutturn,41674.0,,0,0,1,0.0
1770638400000,GB,initialTransmissionSystemDemandOutturn,41596.0,,0,0,1,0.0
1770640200000,GB,initialTransmissionSystemDemandOutturn,41460.0,,0,0,1,0.0
1770642000000,GB,initialTransmissionSystemDemandOutturn,41763.0,,0,0,1,0.0
1770643800000,GB,initialTransmissionSystemDemandOutturn,41957.0,,0,0,1,0.0
1770645600000,GB,initialTransmissionSystemDemandOutturn,41747.0,,0,0,1,0.0
1770647400000,GB,initialTransmissionSystemDemandOutturn,41538.0,,0,0,1,0.0
1770649200000,GB,initialTransmissionSystemDemandOutturn,41749.0,,0,0,1,0.0
1770651000000,GB,initialTransmissionSystemDemandOutturn,42455.0,,0,0,1,0.0
1770652800000,GB,initialTransmissionSystemDemandOutturn,43907.0,,0,0,1,0.0
1770654600000,GB,initialTransmissionSystemDemandOutturn,45235.0,,0,0,1,0.0
1770656400000,GB,initialTransmissionSystemDemandOutturn,46405.0,,0,0,1,0.0
1770658200000,GB,initialTransmissionSystemDemandOutturn,47442.0,,0,0,1,0.0
1770660000000,GB,initialTransmissionSystemDemandOutturn,7851.711777677707,47148.0,1,1,1,0.8334667053177716
1770661800000,GB,initialTransmissionSystemDemandOutturn,46385.0,,0,1,0,0.0
1770663600000,GB,initialTransmissionSystemDemandOutturn,45431.0,,0,0,1,0.0
1770665400000,GB,initialTransmissionSystemDemandOutturn,43894.0,,0,0,1,0.0
1770667200000,GB,initialTransmissionSystemDemandOutturn,42732.0,,0,0,1,0.0
1770669000000,GB,initialTransmissionSystemDemandOutturn,41553.0,,0,0,1,0.0
1770670800000,GB,initialTransmissionSystemDemandOutturn,40044.0,,0,0,1,0.0
1770672600000,GB,initialTransmissionSystemDemandOutturn,38027.0,,0,0,1,0.0
1770674400000,GB,initialTransmissionSystemDemandOutturn,36221.0,,0,0,1,0.0
1770676200000,GB,initialTransmissionSystemDemandOutturn,34469.0,,0,0,1,0.0
1770678000000,GB,initialTransmissionSystemDemandOutturn,32249.0,,0,0,1,0.0
1770679800000,GB,initialTransmissionSystemDemandOutturn,31089.0,,0,0,1,0.0
1770681600000,GB,initialTransmissionSystemDemandOutturn,31241.0,,0,0,1,0.0
1770683400000,GB,initialTransmissionSystemDemandOutturn,31920.0,,0,0,1,0.0
1770685200000,GB,initialTransmissionSystemDemandOutturn,32455.0,,0,0,1,0.0
1770687000000,GB,initialTransmissionSystemDemandOutturn,32031.0,,0,0,1,0.0
1770688800000,GB,initialTransmissionSystemDemandOutturn,31709.0,,0,0,1,0.0
1770690600000,GB,initialTransmissionSystemDemandOutturn,31274.0,,0,0,1,0.0
1770692400000,GB,initialTransmissionSystemDemandOutturn,30755.0,,0,0,1,0.0
1770694200000,GB,initialTransmissionSystemDemandOutturn,30167.0,,0,0,1,0.0
1770696000000,GB,initialTransmissionSystemDemandOutturn,30467.0,,0,0,1,0.0
1770697800000,GB,initialTransmissionSystemDemandOutturn,30179.0,,0,0,1,0.0
1770699600000,GB,initialTransmissionSystemDemandOutturn,30821.0,,0,0,1,0.0
1770701400000,GB,initialTransmissionSystemDemandOutturn,31834.0,,0,0,1,0.0
1770703200000,GB,initialTransmissionSystemDemandOutturn,34082.0,,0,0,1,0.0
1770705000000,GB,initialTransmissionSystemDemandOutturn,36469.0,,0,0,1,0.0
1770706800000,GB,initialTransmissionSystemDemandOutturn,38722.0,,0,0,1,0.0
1770708600000,GB,initialTransmissionSystemDemandOutturn,40303.0,,0,0,1,0.0
1770710400000,GB,initialTransmissionSystemDemandOutturn,41500.0,,0,0,1,0.0
1770712200000,GB,initialTransmissionSystemDemandOutturn,42198.0,,0,0,1,0.0
1770714000000,GB,initialTransmissionSystemDemandOutturn,42794.0,,0,0,1,0.0
1770715800000,GB,initialTransmissionSystemDemandOutturn,42912.0,,0,0,1,0.0
1770717600000,GB,initialTransmissionSystemDemandOutturn,42547.0,,0,0,1,0.0
1770719400000,GB,initialTransmissionSystemDemandOutturn,42348.0,,0,0,1,0.0
1770721200000,GB,initialTransmissionSystemDemandOutturn,41763.0,,0,0,1,0.0
1770723000000,GB,initialTransmissionSystemDemandOutturn,41898.0,,0,0,1,0.0
1770724800000,GB,initialTransmissionSystemDemandOutturn,41943.0,,0,0,1,0.0
1770726600000,GB,initialTransmissionSystemDemandOutturn,41909.0,,0,0,1,0.0
1770728400000,GB,initialTransmissionSystemDemandOutturn,42315.0,,0,0,1,0.0
1770730200000,GB,initialTransmissionSystemDemandOutturn,42356.0,,0,0,1,0.0
1770732000000,GB,initialTransmissionSystemDemandOutturn,42509.0,,0,0,1,0.0
1770733800000,GB,initialTransmissionSystemDemandOutturn,42614.0,,0,0,1,0.0
1770735600000,GB,initialTransmissionSystemDemandOutturn,43228.0,,0,0,1,0.0
1770737400000,GB,initialTransmissionSystemDemandOutturn,43941.0,,0,0,1,0.0
1770739200000,GB,initialTransmissionSystemDemandOutturn,44500.0,,0,0,1,0.0
1770741000000,GB,initialTransmissionSystemDemandOutturn,45547.0,,0,0,1,0.0
1770742800000,GB,initialTransmissionSystemDemandOutturn,46108.0,,0,0,1,0.0
1770744600000,GB,initialTransmissionSystemDemandOutturn,11452.94884022686,46859.0,1,1,1,0.7555869984372936
1770746400000,GB,initialTransmissionSystemDemandOutturn,45980.0,,0,1,0,0.0
1770748200000,GB,initialTransmissionSystemDemandOutturn,45278.0,,0,0,1,0.0
1770750000000,GB,initialTransmissionSystemDemandOutturn,44642.0,,0,0,1,0.0
1770751800000,GB,initialTransmissionSystemDemandOutturn,43531.0,,0,0,1,0.0
1770753600000,GB,initialTransmissionSystemDemandOutturn,42266.0,,0,0,1,0.0
1770755400000,GB,initialTransmissionSystemDemandOutturn,41053.0,,0,0,1,0.0
1770757200000,GB,initialTransmissionSystemDemandOutturn,39253.0,,0,0,1,0.0
1770759000000,GB,initialTransmissionSystemDemandOutturn,37397.0,,0,0,1,0.0
1770760800000,GB,initialTransmissionSystemDemandOutturn,35644.0,,0,0,1,0.0
1770762600000,GB,initialTransmissionSystemDemandOutturn,33813.0,,0,0,1,0.0
1770764400000,GB,initialTransmissionSystemDemandOutturn,31929.0,,0,0,1,0.0
1770766200000,GB,initialTransmissionSystemDemandOutturn,30992.0,,0,0,1,0.0
1770768000000,GB,initialTransmissionSystemDemandOutturn,30876.0,,0,0,1,0.0
1770769800000,GB,initialTransmissionSystemDemandOutturn,31297.0,,0,0,1,0.0
1770771600000,GB,initialTransmissionSystemDemandOutturn,30723.0,,0,0,1,0.0
1770773400000,GB,initialTransmissionSystemDemandOutturn,30435.0,,0,0,1,0.0
1770775200000,GB,initialTransmissionSystemDemandOutturn,30137.0,,0,0,1,0.0
1770777000000,GB,initialTransmissionSystemDemandOutturn,29776.0,,0,0,1,0.0
1770778800000,GB,initialTransmissionSystemDemandOutturn,29508.0,,0,0,1,0.0
1770780600000,GB,initialTransmissionSystemDemandOutturn,29008.0,,0,0,1,0.0
1770782400000,GB,initialTransmissionSystemDemandOutturn,28820.0,,0,0,1,0.0
1770784200000,GB,initialTransmissionSystemDemandOutturn,28669.0,,0,0,1,0.0
1770786000000,GB,initialTransmissionSystemDemandOutturn,29685.0,,0,0,1,0.0
1770787800000,GB,initialTransmissionSystemDemandOutturn,30194.0,,0,0,1,0.0
1770789600000,GB,initialTransmissionSystemDemandOutturn,32688.0,,0,0,1,0.0
1770791400000,GB,initialTransmissionSystemDemandOutturn,35554.0,,0,0,1,0.0
1770793200000,GB,initialTransmissionSystemDemandOutturn,38291.0,,0,0,1,0.0
1770795000000,GB,initialTransmissionSystemDemandOutturn,5047.039827041012,39377.0,1,1,1,0.8718277210797925
1770796800000,GB,initialTransmissionSystemDemandOutturn,40779.0,,0,0,1,0.0
1770798600000,GB,initialTransmissionSystemDemandOutturn,41067.0,,0,0,1,0.0
1770800400000,GB,initialTransmissionSystemDemandOutturn,40785.0,,0,0,1,0.0
1770802200000,GB,initialTransmissionSystemDemandOutturn,40625.0,,0,0,1,0.0
1770804000000,GB,initialTransmissionSystemDemandOutturn,40613.0,,0,0,1,0.0
1770805800000,GB,initialTransmissionSystemDemandOutturn,40822.0,,0,0,1,0.0
1770807600000,GB,initialTransmissionSystemDemandOutturn,40255.0,,0,0,1,0.0
1770809400000,GB,initialTransmissionSystemDemandOutturn,68236.94719261085,40264.0,1,1,1,0.6947384063334706
1770811200000,GB,initialTransmissionSystemDemandOutturn,40244.0,,0,0,1,0.0
1770813000000,GB,initialTransmissionSystemDemandOutturn,40083.0,,0,0,1,0.0
1770814800000,GB,initialTransmissionSystemDemandOutturn,40108.0,,0,0,1,0.0
1770816600000,GB,initialTransmissionSystemDemandOutturn,40108.0,,0,0,1,0.0
1770818400000,GB,initialTransmissionSystemDemandOutturn,39933.0,,0,0,1,0.0
1770820200000,GB,initialTransmissionSystemDemandOutturn,40072.0,,0,0,1,0.0
1770822000000,GB,initialTransmissionSystemDemandOutturn,40139.0,,0,0,1,0.0
1770823800000,GB,initialTransmissionSystemDemandOutturn,41397.0,,0,0,1,0.0
1770825600000,GB,initialTransmissionSystemDemandOutturn,42377.0,,0,0,1,0.0
1770827400000,GB,initialTransmissionSystemDemandOutturn,43272.0,,0,0,1,0.0
1770829200000,GB,initialTransmissionSystemDemandOutturn,44013.0,,0,0,1,0.0
1770831000000,GB,initialTransmissionSystemDemandOutturn,44716.0,,0,0,1,0.0
1770832800000,GB,initialTransmissionSystemDemandOutturn,44259.0,,0,0,1,0.0
1770834600000,GB,initialTransmissionSystemDemandOutturn,43746.0,,0,0,1,0.0
1770836400000,GB,initialTransmissionSystemDemandOutturn,43313.0,,0,0,1,0.0
1770838200000,GB,initialTransmissionSystemDemandOutturn,42603.0,,0,0,1,0.0
1770840000000,GB,initialTransmissionSystemDemandOutturn,41232.0,,0,0,1,0.0
1770841800000,GB,initialTransmissionSystemDemandOutturn,39590.0,,0,0,1,0.0
1770843600000,GB,initialTransmissionSystemDemandOutturn,37604.0,,0,0,1,0.0
1770845400000,GB,initialTransmissionSystemDemandOutturn,35589.0,,0,0,1,0.0
1770847200000,GB,initialTransmissionSystemDemandOutturn,33885.0,,0,0,1,0.0
1770849000000,GB,initialTransmissionSystemDemandOutturn,32287.0,,0,0,1,0.0
1770850800000,GB,initialTransmissionSystemDemandOutturn,31128.0,,0,0,1,0.0
1770852600000,GB,initialTransmissionSystemDemandOutturn,30252.0,,0,0,1,0.0
1770854400000,GB,initialTransmissionSystemDemandOutturn,30359.0,,0,0,1,0.0
1770856200000,GB,initialTransmissionSystemDemandOutturn,30843.0,,0,0,1,0.0
1770858000000,GB,initialTransmissionSystemDemandOutturn,30527.0,,0,0,1,0.0
1770859800000,GB,initialTransmissionSystemDemandOutturn,29832.0,,0,0,1,0.0
1770861600000,GB,initialTransmissionSystemDemandOutturn,46350.341970498586,29563.0,1,1,1,0.5678497436152821
1770863400000,GB,initialTransmissionSystemDemandOutturn,29485.0,,0,0,1,0.0
1770865200000,GB,initialTransmissionSystemDemandOutturn,29333.0,,0,0,1,0.0
1770867000000,GB,initialTransmissionSystemDemandOutturn,28816.0,,0,0,1,0.0
1770868800000,GB,initialTransmissionSystemDemandOutturn,28819.0,,0,0,1,0.0
1770870600000,GB,initialTransmissionSystemDemandOutturn,28811.0,,0,0,1,0.0
1770872400000,GB,initialTransmissionSystemDemandOutturn,29441.0,,0,0,1,0.0
1770874200000,GB,initialTransmissionSystemDemandOutturn,29935.0,,0,0,1,0.0
1770876000000,GB,initialTransmissionSystemDemandOutturn,32503.0,,0,0,1,0.0
1770877800000,GB,initialTransmissionSystemDemandOutturn,34988.0,,0,0,1,0.0
1770879600000,GB,initialTransmissionSystemDemandOutturn,37631.0,,0,0,1,0.0
1770881400000,GB,initialTransmissionSystemDemandOutturn,38925.0,,0,1,0,0.0
1770883200000,GB,initialTransmissionSystemDemandOutturn,39207.0,,0,0,1,0.0
1770885000000,GB,initialTransmissionSystemDemandOutturn,39615.0,,0,0,1,0.0
1770886800000,GB,initialTransmissionSystemDemandOutturn,40088.0,,0,0,1,0.0
1770888600000,GB,initialTransmissionSystemDemandOutturn,39764.0,,0,0,1,0.0
1770890400000,GB,initialTransmissionSystemDemandOutturn,39534.0,,0,0,1,0.0
1770892200000,GB,initialTransmissionSystemDemandOutturn,39478.0,,0,0,1,0.0
1770894000000,GB,initialTransmissionSystemDemandOutturn,38884.0,,0,0,1,0.0
1770895800000,GB,initialTransmissionSystemDemandOutturn,38219.0,,0,0,1,0.0
1770897600000,GB,initialTransmissionSystemDemandOutturn,38656.0,,0,0,1,0.0
1770899400000,GB,initialTransmissionSystemDemandOutturn,38631.0,,0,0,1,0.0
1770901200000,GB,initialTransmissionSystemDemandOutturn,38964.0,,0,0,1,0.0
1770903000000,GB,initialTransmissionSystemDemandOutturn,38756.0,,0,0,1,0.0
1770904800000,GB,initialTransmissionSystemDemandOutturn,38631.0,,0,0,1,0.0
1770906600000,GB,initialTransmissionSystemDemandOutturn,38628.0,,0,0,1,0.0
1770908400000,GB,initialTransmissionSystemDemandOutturn,39217.0,,0,0,1,0.0
1770910200000,GB,initialTransmissionSystemDemandOutturn,40238.0,,0,0,1,0.0
1770912000000,GB,initialTransmissionSystemDemandOutturn,40756.0,,0,0,1,0.0
1770913800000,GB,initialTransmissionSystemDemandOutturn,41720.0,,0,0,1,0.0
1770915600000,GB,initialTransmissionSystemDemandOutturn,42675.0,,0,0,1,0.0
1770917400000,GB,initialTransmissionSystemDemandOutturn,43526.0,,0,0,1,0.0
1770919200000,GB,initialTransmissionSystemDemandOutturn,42932.0,,0,0,1,0.0
1770921000000,GB,initialTransmissionSystemDemandOutturn,42218.0,,0,0,1,0.0
1770922800000,GB,initialTransmissionSystemDemandOutturn,42052.0,,0,0,1,0.0
1770924600000,GB,initialTransmissionSystemDemandOutturn,40861.0,,0,0,1,0.0
1770926400000,GB,initialTransmissionSystemDemandOutturn,39641.0,,0,0,1,0.0
1770928200000,GB,initialTransmissionSystemDemandOutturn,38654.0,,0,0,1,0.0
1770930000000,GB,initialTransmissionSystemDemandOutturn,72308.5070300876,37560.0,1,1,1,0.9251466195443981
1770931800000,GB,initialTransmissionSystemDemandOutturn,35600.0,,0,0,1,0.0
1770933600000,GB,initialTransmissionSystemDemandOutturn,33900.0,,0,0,1,0.0
1770935400000,GB,initialTransmissionSystemDemandOutturn,32036.0,,0,0,1,0.0
1770937200000,GB,initialTransmissionSystemDemandOutturn,30395.0,,0,0,1,0.0
1770939000000,GB,initialTransmissionSystemDemandOutturn,29683.0,,0,0,1,0.0
1770940800000,GB,initialTransmissionSystemDemandOutturn,29448.0,,0,0,1,0.0
1770942600000,GB,initialTransmissionSystemDemandOutturn,30062.0,,0,0,1,0.0
1770944400000,GB,initialTransmissionSystemDemandOutturn,29939.0,,0,0,1,0.0
1770946200000,GB,initialTransmissionSystemDemandOutturn,29191.0,,0,0,1,0.0
1770948000000,GB,initialTransmissionSystemDemandOutturn,29115.0,,0,0,1,0.0
1770949800000,GB,initialTransmissionSystemDemandOutturn,28587.0,,0,0,1,0.0
1770951600000,GB,initialTransmissionSystemDemandOutturn,28594.0,,0,0,1,0.0
1770953400000,GB,initialTransmissionSystemDemandOutturn,28441.0,,0,0,1,0.0
1770955200000,GB,initialTransmissionSystemDemandOutturn,28980.0,,0,0,1,0.0
1770957000000,GB,initialTransmissionSystemDemandOutturn,29022.0,,0,0,1,0.0
1770958800000,GB,initialTransmissionSystemDemandOutturn,29891.0,,0,0,1,0.0
1770960600000,GB,initialTransmissionSystemDemandOutturn,30997.0,,0,0,1,0.0
1770962400000,GB,initialTransmissionSystemDemandOutturn,33782.0,,0,0,1,0.0
1770964200000,GB,initialTransmissionSystemDemandOutturn,36523.0,,0,0,1,0.0
1770966000000,GB,initialTransmissionSystemDemandOutturn,39268.0,,0,0,1,0.0
1770967800000,GB,initialTransmissionSystemDemandOutturn,40846.0,,0,0,1,0.0
1770969600000,GB,initialTransmissionSystemDemandOutturn,41566.0,,0,0,1,0.0
1770971400000,GB,initialTransmissionSystemDemandOutturn,42074.0,,0,0,1,0.0
1770973200000,GB,initialTransmissionSystemDemandOutturn,41576.0,,0,0,1,0.0
1770975000000,GB,initialTransmissionSystemDemandOutturn,41371.0,,0,0,1,0.0
1770976800000,GB,initialTransmissionSystemDemandOutturn,40838.0,,0,0,1,0.0
1770978600000,GB,initialTransmissionSystemDemandOutturn,40375.0,,0,0,1,0.0
1770980400000,GB,initialTransmissionSystemDemandOutturn,40222.0,,0,0,1,0.0
1770982200000,GB,initialTransmissionSystemDemandOutturn,39729.0,,0,0,1,0.0
1770984000000,GB,initialTransmissionSystemDemandOutturn,40489.0,,0,0,1,0.0
1770985800000,GB,initialTransmissionSystemDemandOutturn,40140.0,,0,0,1,0.0
1770987600000,GB,initialTransmissionSystemDemandOutturn,40441.0,,0,0,1,0.0
1770989400000,GB,initialTransmissionSystemDemandOutturn,40345.0,,0,0,1,0.0
1770991200000,GB,initialTransmissionSystemDemandOutturn,40528.0,,0,0,1,0.0
1770993000000,GB,initialTransmissionSystemDemandOutturn,40246.0,,0,0,1,0.0
1770994800000,GB,initialTransmissionSystemDemandOutturn,41104.0,,0,0,1,0.0
1770996600000,GB,initialTransmissionSystemDemandOutturn,41727.0,,0,0,1,0.0
1770998400000,GB,initialTransmissionSystemDemandOutturn,42951.0,,0,0,1,0.0
1771000200000,GB,initialTransmissionSystemDemandOutturn,20160.5170705202,44458.0,1,1,1,0.5465266752773359
1771002000000,GB,initialTransmissionSystemDemandOutturn,45098.0,,0,0,1,0.0
1771003800000,GB,initialTransmissionSystemDemandOutturn,6338.969810485538,45487.0,1,1,1,0.8606421656630348
1771005600000,GB,initialTransmissionSystemDemandOutturn,45653.0,,0,1,0,0.0
1771007400000,GB,initialTransmissionSystemDemandOutturn,44946.0,,0,0,1,0.0
1771009200000,GB,initialTransmissionSystemDemandOutturn,44302.0,,0,0,1,0.0
1771011000000,GB,initialTransmissionSystemDemandOutturn,43599.0,,0,0,1,0.0
1771012800000,GB,initialTransmissionSystemDemandOutturn,42260.0,,0,0,1,0.0
1771014600000,GB,initialTransmissionSystemDemandOutturn,40511.0,,0,0,1,0.0
1771016400000,GB,initialTransmissionSystemDemandOutturn,38891.0,,0,1,0,0.0
1771018200000,GB,initialTransmissionSystemDemandOutturn,37596.0,,0,0,1,0.0
1771020000000,GB,initialTransmissionSystemDemandOutturn,35992.0,,0,0,1,0.0
1771021800000,GB,initialTransmissionSystemDemandOutturn,34618.0,,0,0,1,0.0
1771023600000,GB,initialTransmissionSystemDemandOutturn,33515.0,,0,0,1,0.0
1771025400000,GB,initialTransmissionSystemDemandOutturn,32740.0,,0,0,1,0.0
1771027200000,GB,initialTransmissionSystemDemandOutturn,32859.0,,0,0,1,0.0
1771029000000,GB,initialTransmissionSystemDemandOutturn,33423.0,,0,0,1,0.0
1771030800000,GB,initialTransmissionSystemDemandOutturn,33003.0,,0,0,1,0.0
1771032600000,GB,initialTransmissionSystemDemandOutturn,32166.0,,0,0,1,0.0
1771034400000,GB,initialTransmissionSystemDemandOutturn,31696.0,,0,0,1,0.0
1771036200000,GB,initialTransmissionSystemDemandOutturn,31384.0,,0,0,1,0.0
1771038000000,GB,initialTransmissionSystemDemandOutturn,30998.0,,0,0,1,0.0
1771039800000,GB,initialTransmissionSystemDemandOutturn,30671.0,,0,0,1,0.0
1771041600000,GB,initialTransmissionSystemDemandOutturn,30436.0,,0,0,1,0.0
1771043400000,GB,initialTransmissionSystemDemandOutturn,30213.0,,0,0,1,0.0
1771045200000,GB,initialTransmissionSystemDemandOutturn,30368.0,,0,0,1,0.0
1771047000000,GB,initialTransmissionSystemDemandOutturn,30743.0,,0,0,1,0.0
1771048800000,GB,initialTransmissionSystemDemandOutturn,31560.0,,0,0,1,0.0
1771050600000,GB,initialTransmissionSystemDemandOutturn,32879.0,,0,0,1,0.0
1771052400000,GB,initialTransmissionSystemDemandOutturn,33885.0,,0,0,1,0.0
1771054200000,GB,initialTransmissionSystemDemandOutturn,34318.0,,0,0,1,0.0
1771056000000,GB,initialTransmissionSystemDemandOutturn,35374.0,,0,0,1,0.0
1771057800000,GB,initialTransmissionSystemDemandOutturn,35453.0,,0,0,1,0.0
1771059600000,GB,initialTransmissionSystemDemandOutturn,34698.0,,0,0,1,0.0
1771061400000,GB,initialTransmissionSystemDemandOutturn,33800.0,,0,0,1,0.0
1771063200000,GB,initialTransmissionSystemDemandOutturn,33231.0,,0,0,1,0.0
1771065000000,GB,initialTransmissionSystemDemandOutturn,32296.0,,0,0,1,0.0
1771066800000,GB,initialTransmissionSystemDemandOutturn,31745.0,,0,0,1,0.0
1771068600000,GB,initialTransmissionSystemDemandOutturn,31225.0,,0,0,1,0.0
1771070400000,GB,initialTransmissionSystemDemandOutturn,31243.0,,0,0,1,0.0
1771072200000,GB,initialTransmissionSystemDemandOutturn,31172.0,,0,0,1,0.0
1771074000000,GB,initialTransmissionSystemDemandOutturn,31125.0,,0,0,1,0.0
1771075800000,GB,initialTransmissionSystemDemandOutturn,31468.0,,0,0,1,0.0
1771077600000,GB,initialTransmissionSystemDemandOutturn,32312.0,,0,0,1,0.0
1771079400000,GB,initialTransmissionSystemDemandOutturn,33432.0,,0,0,1,0.0
1771081200000,GB,initialTransmissionSystemDemandOutturn,35127.0,,0,0,1,0.0
1771083000000,GB,initialTransmissionSystemDemandOutturn,36632.0,,0,0,1,0.0
1771084800000,GB,initialTransmissionSystemDemandOutturn,38680.0,,0,0,1,0.0
1771086600000,GB,initialTransmissionSystemDemandOutturn,40337.0,,0,0,1,0.0
1771088400000,GB,initialTransmissionSystemDemandOutturn,42503.0,,0,0,1,0.0
1771090200000,GB,initialTransmissionSystemDemandOutturn,43466.0,,0,0,1,0.0
1771092000000,GB,initialTransmissionSystemDemandOutturn,43140.0,,0,0,1,0.0
1771093800000,GB,initialTransmissionSystemDemandOutturn,43143.0,,0,0,1,0.0
1771095600000,GB,initialTransmissionSystemDemandOutturn,42779.0,,0,0,1,0.0
1771097400000,GB,initialTransmissionSystemDemandOutturn,41418.0,,0,0,1,0.0
1771099200000,GB,initialTransmissionSystemDemandOutturn,40375.0,,0,0,1,0.0
1771101000000,GB,initialTransmissionSystemDemandOutturn,39205.0,,0,0,1,0.0
1771102800000,GB,initialTransmissionSystemDemandOutturn,37600.0,,0,0,1,0.0
1771104600000,GB,initialTransmissionSystemDemandOutturn,36340.0,,0,0,1,0.0
1771106400000,GB,initialTransmissionSystemDemandOutturn,34888.0,,0,0,1,0.0
1771108200000,GB,initialTransmissionSystemDemandOutturn,33434.0,,0,0,1,0.0
1771110000000,GB,initialTransmissionSystemDemandOutturn,31621.0,,0,0,1,0.0
1771111800000,GB,initialTransmissionSystemDemandOutturn,30134.0,,0,0,1,0.0
1771113600000,GB,initialTransmissionSystemDemandOutturn,30719.0,,0,0,1,0.0
1771115400000,GB,initialTransmissionSystemDemandOutturn,31281.0,,0,0,1,0.0
1771117200000,GB,initialTransmissionSystemDemandOutturn,31019.0,,0,0,1,0.0
1771119000000,GB,initialTransmissionSystemDemandOutturn,30528.0,,0,0,1,0.0
1771120800000,GB,initialTransmissionSystemDemandOutturn,30816.0,,0,0,1,0.0
1771122600000,GB,initialTransmissionSystemDemandOutturn,30577.0,,0,0,1,0.0
1771124400000,GB,initialTransmissionSystemDemandOutturn,30053.0,,0,0,1,0.0
1771126200000,GB,initialTransmissionSystemDemandOutturn,30064.0,,0,0,1,0.0
1771128000000,GB,initialTransmissionSystemDemandOutturn,29938.0,,0,0,1,0.0
1771129800000,GB,initialTransmissionSystemDemandOutturn,29530.0,,0,0,1,0.0
1771131600000,GB,initialTransmissionSystemDemandOutturn,28927.0,,0,0,1,0.0
1771133400000,GB,initialTransmissionSystemDemandOutturn,28554.0,,0,0,1,0.0
1771135200000,GB,initialTransmissionSystemDemandOutturn,28668.0,,0,0,1,0.0
1771137000000,GB,initialTransmissionSystemDemandOutturn,28871.0,,0,0,1,0.0
1771138800000,GB,initialTransmissionSystemDemandOutturn,29292.0,,0,0,1,0.0
1771140600000,GB,initialTransmissionSystemDemandOutturn,30370.0,,0,0,1,0.0
1771142400000,GB,initialTransmissionSystemDemandOutturn,30691.0,,0,0,1,0.0
1771144200000,GB,initialTransmissionSystemDemandOutturn,31796.0,,0,0,1,0.0
1771146000000,GB,initialTransmissionSystemDemandOutturn,33137.0,,0,0,1,0.0
1771147800000,GB,initialTransmissionSystemDemandOutturn,33993.0,,0,0,1,0.0
1771149600000,GB,initialTransmissionSystemDemandOutturn,34843.0,,0,0,1,0.0
1771151400000,GB,initialTransmissionSystemDemandOutturn,35519.0,,0,0,1,0.0
1771153200000,GB,initialTransmissionSystemDemandOutturn,36251.0,,0,0,1,0.0
1771155000000,GB,initialTransmissionSystemDemandOutturn,36498.0,,0,0,1,0.0
1771156800000,GB,initialTransmissionSystemDemandOutturn,36971.0,,0,0,1,0.0
1771158600000,GB,initialTransmissionSystemDemandOutturn,36955.0,,0,0,1,0.0
1771160400000,GB,initialTransmissionSystemDemandOutturn,36854.0,,0,0,1,0.0
1771162200000,GB,initialTransmissionSystemDemandOutturn,36322.0,,0,0,1,0.0
1771164000000,GB,initialTransmissionSystemDemandOutturn,35976.0,,0,0,1,0.0
1771165800000,GB,initialTransmissionSystemDemandOutturn,35521.0,,0,0,1,0.0
1771167600000,GB,initialTransmissionSystemDemandOutturn,35587.0,,0,0,1,0.0
1771169400000,GB,initialTransmissionSystemDemandOutturn,35910.0,,0,0,1,0.0
1771171200000,GB,initialTransmissionSystemDemandOutturn,36468.0,,0,0,1,0.0
1771173000000,GB,initialTransmissionSystemDemandOutturn,37203.0,,0,0,1,0.0
1771174800000,GB,initialTransmissionSystemDemandOutturn,38674.0,,0,0,1,0.0
1771176600000,GB,initialTransmissionSystemDemandOutturn,39208.0,,0,0,1,0.0
1771178400000,GB,initialTransmissionSystemDemandOutturn,39834.0,,0,0,1,0.0
1771180200000,GB,initialTransmissionSystemDemandOutturn,10301.937942760682,38876.0,1,1,1,0.7350051974801759
1771182000000,GB,initialTransmissionSystemDemandOutturn,37887.0,,0,0,1,0.0
1771183800000,GB,initialTransmissionSystemDemandOutturn,36582.0,,0,0,1,0.0
1771185600000,GB,initialTransmissionSystemDemandOutturn,35414.0,,0,0,1,0.0
1771187400000,GB,initialTransmissionSystemDemandOutturn,34103.0,,0,0,1,0.0
1771189200000,GB,initialTransmissionSystemDemandOutturn,32879.0,,0,0,1,0.0
1771191000000,GB,initialTransmissionSystemDemandOutturn,31108.0,,0,0,1,0.0
1771192800000,GB,initialTransmissionSystemDemandOutturn,29634.0,,0,0,1,0.0
1771194600000,GB,initialTransmissionSystemDemandOutturn,27720.0,,0,0,1,0.0
1771196400000,GB,initialTransmissionSystemDemandOutturn,26608.0,,0,0,1,0.0
1771198200000,GB,initialTransmissionSystemDemandOutturn,26065.0,,0,0,1,0.0
1771200000000,GB,initialTransmissionSystemDemandOutturn,26103.0,,0,0,1,0.0
1771201800000,GB,initialTransmissionSystemDemandOutturn,27000.0,,0,0,1,0.0
1771203600000,GB,initialTransmissionSystemDemandOutturn,27400.0,,0,0,1,0.0
1771205400000,GB,initialTransmissionSystemDemandOutturn,27163.0,,0,0,1,0.0
1771207200000,GB,initialTransmissionSystemDemandOutturn,26488.0,,0,0,1,0.0
1771209000000,GB,initialTransmissionSystemDemandOutturn,26083.0,,0,0,1,0.0
1771210800000,GB,initialTransmissionSystemDemandOutturn,25718.0,,0,0,1,0.0
1771212600000,GB,initialTransmissionSystemDemandOutturn,25271.0,,0,0,1,0.0
1771214400000,GB,initialTransmissionSystemDemandOutturn,25362.0,,0,0,1,0.0
1771216200000,GB,initialTransmissionSystemDemandOutturn,25391.0,,0,0,1,0.0
1771218000000,GB,initialTransmissionSystemDemandOutturn,25865.0,,0,0,1,0.0
1771219800000,GB,initialTransmissionSystemDemandOutturn,26897.0,,0,0,1,0.0
1771221600000,GB,initialTransmissionSystemDemandOutturn,29521.0,,0,0,1,0.0
1771223400000,GB,initialTransmissionSystemDemandOutturn,31839.0,,0,0,1,0.0
1771225200000,GB,initialTransmissionSystemDemandOutturn,33662.0,,0,0,1,0.0
1771227000000,GB,initialTransmissionSystemDemandOutturn,35420.0,,0,0,1,0.0
1771228800000,GB,initialTransmissionSystemDemandOutturn,36213.0,,0,0,1,0.0
1771230600000,GB,initialTransmissionSystemDemandOutturn,36374.0,,0,0,1,0.0
1771232400000,GB,initialTransmissionSystemDemandOutturn,36112.0,,0,0,1,0.0
1771234200000,GB,initialTransmissionSystemDemandOutturn,35323.0,,0,0,1,0.0
1771236000000,GB,initialTransmissionSystemDemandOutturn,35402.0,,0,0,1,0.0
1771237800000,GB,initialTransmissionSystemDemandOutturn,35361.0,,0,0,1,0.0
1771239600000,GB,initialTransmissionSystemDemandOutturn,35841.0,,0,0,1,0.0
1771241400000,GB,initialTransmissionSystemDemandOutturn,36024.0,,0,0,1,0.0
1771243200000,GB,initialTransmissionSystemDemandOutturn,36540.0,,0,0,1,0.0
1771245000000,GB,initialTransmissionSystemDemandOutturn,36913.0,,0,0,1,0.0
1771246800000,GB,initialTransmissionSystemDemandOutturn,36870.0,,0,0,1,0.0
1771248600000,GB,initialTransmissionSystemDemandOutturn,36246.0,,0,0,1,0.0
1771250400000,GB,initialTransmissionSystemDemandOutturn,36754.0,,0,0,1,0.0
1771252200000,GB,initialTransmissionSystemDemandOutturn,37057.0,,0,0,1,0.0
1771254000000,GB,initialTransmissionSystemDemandOutturn,38220.0,,0,0,1,0.0
1771255800000,GB,initialTransmissionSystemDemandOutturn,39262.0,,0,0,1,0.0
1771257600000,GB,initialTransmissionSystemDemandOutturn,39904.0,,0,0,1,0.0
1771259400000,GB,initialTransmissionSystemDemandOutturn,41307.0,,0,0,1,0.0
1771261200000,GB,initialTransmissionSystemDemandOutturn,42699.0,,0,0,1,0.0
1771263000000,GB,initialTransmissionSystemDemandOutturn,44033.0,,0,0,1,0.0
1771264800000,GB,initialTransmissionSystemDemandOutturn,44152.0,,0,0,1,0.0
1771266600000,GB,initialTransmissionSystemDemandOutturn,43753.0,,0,0,1,0.0
1771268400000,GB,initialTransmissionSystemDemandOutturn,42788.0,,0,0,1,0.0
1771270200000,GB,initialTransmissionSystemDemandOutturn,41970.0,,0,0,1,0.0
1771272000000,GB,initialTransmissionSystemDemandOutturn,40862.0,,0,0,1,0.0
1771273800000,GB,initialTransmissionSystemDemandOutturn,39650.0,,0,0,1,0.0
1771275600000,GB,initialTransmissionSystemDemandOutturn,38682.0,,0,0,1,0.0
1771277400000,GB,initialTransmissionSystemDemandOutturn,36826.0,,0,0,1,0.0
1771279200000,GB,initialTransmissionSystemDemandOutturn,34976.0,,0,0,1,0.0
1771281000000,GB,initialTransmissionSystemDemandOutturn,32799.0,,0,0,1,0.0
1771282800000,GB,initialTransmissionSystemDemandOutturn,31741.0,,0,0,1,0.0
1771284600000,GB,initialTransmissionSystemDemandOutturn,31147.0,,0,0,1,0.0
1771286400000,GB,initialTransmissionSystemDemandOutturn,31130.0,,0,0,1,0.0
1771288200000,GB,initialTransmissionSystemDemandOutturn,32125.0,,0,0,1,0.0
1771290000000,GB,initialTransmissionSystemDemandOutturn,31506.0,,0,0,1,0.0
1771291800000,GB,initialTransmissionSystemDemandOutturn,31166.0,,0,0,1,0.0
1771293600000,GB,initialTransmissionSystemDemandOutturn,30735.0,,0,0,1,0.0
1771295400000,GB,initialTransmissionSystemDemandOutturn,30337.0,,0,0,1,0.0
1771297200000,GB,initialTransmissionSystemDemandOutturn,30210.0,,0,0,1,0.0
1771299000000,GB,initialTransmissionSystemDemandOutturn,29817.0,,0,0,1,0.0
1771300800000,GB,initialTransmissionSystemDemandOutturn,29932.0,,0,0,1,0.0
1771302600000,GB,initialTransmissionSystemDemandOutturn,29927.0,,0,0,1,0.0
1771304400000,GB,initialTransmissionSystemDemandOutturn,30626.0,,0,0,1,0.0
1771306200000,GB,initialTransmissionSystemDemandOutturn,31699.0,,0,0,1,0.0
1771308000000,GB,initialTransmissionSystemDemandOutturn,34963.0,,0,0,1,0.0
1771309800000,GB,initialTransmissionSystemDemandOutturn,37580.0,,0,0,1,0.0
1771311600000,GB,initialTransmissionSystemDemandOutturn,39682.0,,0,0,1,0.0
1771313400000,GB,initialTransmissionSystemDemandOutturn,40492.0,,0,0,1,0.0
1771315200000,GB,initialTransmissionSystemDemandOutturn,39925.0,,0,0,1,0.0
1771317000000,GB,initialTransmissionSystemDemandOutturn,40145.0,,0,0,1,0.0
1771318800000,GB,initialTransmissionSystemDemandOutturn,40286.0,,0,0,1,0.0
1771320600000,GB,initialTransmissionSystemDemandOutturn,39501.0,,0,0,1,0.0
1771322400000,GB,initialTransmissionSystemDemandOutturn,38706.0,,0,0,1,0.0
1771324200000,GB,initialTransmissionSystemDemandOutturn,38361.0,,0,0,1,0.0
1771326000000,GB,initialTransmissionSystemDemandOutturn,37835.0,,0,0,1,0.0
1771327800000,GB,initialTransmissionSystemDemandOutturn,37768.0,,0,0,1,0.0
1771329600000,GB,initialTransmissionSystemDemandOutturn,37666.0,,0,0,1,0.0
1771331400000,GB,initialTransmissionSystemDemandOutturn,37845.0,,0,0,1,0.0
1771333200000,GB,initialTransmissionSystemDemandOutturn,38321.0,,0,0,1,0.0
1771335000000,GB,initialTransmissionSystemDemandOutturn,38789.0,,0,0,1,0.0
1771336800000,GB,initialTransmissionSystemDemandOutturn,39238.0,,0,0,1,0.0
1771338600000,GB,initialTransmissionSystemDemandOutturn,40303.0,,0,0,1,0.0
1771340400000,GB,initialTransmissionSystemDemandOutturn,40968.0,,0,0,1,0.0
1771342200000,GB,initialTransmissionSystemDemandOutturn,41947.0,,0,0,1,0.0
1771344000000,GB,initialTransmissionSystemDemandOutturn,42357.0,,0,0,1,0.0
1771345800000,GB,initialTransmissionSystemDemandOutturn,43074.0,,0,0,1,0.0
1771347600000,GB,initialTransmissionSystemDemandOutturn,43865.0,,0,0,1,0.0
1771349400000,GB,initialTransmissionSystemDemandOutturn,44336.0,,0,0,1,0.0
1771351200000,GB,initialTransmissionSystemDemandOutturn,43891.0,,0,0,1,0.0
1771353000000,GB,initialTransmissionSystemDemandOutturn,43150.0,,0,0,1,0.0
1771354800000,GB,initialTransmissionSystemDemandOutturn,42582.0,,0,0,1,0.0
1771356600000,GB,initialTransmissionSystemDemandOutturn,41681.0,,0,0,1,0.0
1771358400000,GB,initialTransmissionSystemDemandOutturn,41212.0,,0,0,1,0.0
1771360200000,GB,initialTransmissionSystemDemandOutturn,40462.0,,0,0,1,0.0
1771362000000,GB,initialTransmissionSystemDemandOutturn,38632.0,,0,0,1,0.0
1771363800000,GB,initialTransmissionSystemDemandOutturn,36474.0,,0,0,1,0.0
1771365600000,GB,initialTransmissionSystemDemandOutturn,34891.0,,0,0,1,0.0
1771367400000,GB,initialTransmissionSystemDemandOutturn,33383.0,,0,0,1,0.0
1771369200000,GB,initialTransmissionSystemDemandOutturn,30588.0,,0,0,1,0.0
1771371000000,GB,initialTransmissionSystemDemandOutturn,29178.0,,0,0,1,0.0
1771372800000,GB,initialTransmissionSystemDemandOutturn,29512.0,,0,0,1,0.0
1771374600000,GB,initialTransmissionSystemDemandOutturn,30040.0,,0,0,1,0.0
1771376400000,GB,initialTransmissionSystemDemandOutturn,30307.0,,0,0,1,0.0
1771378200000,GB,initialTransmissionSystemDemandOutturn,29831.0,,0,0,1,0.0
1771380000000,GB,initialTransmissionSystemDemandOutturn,30003.0,,0,0,1,0.0
1771381800000,GB,initialTransmissionSystemDemandOutturn,29753.0,,0,0,1,0.0
1771383600000,GB,initialTransmissionSystemDemandOutturn,29728.0,,0,0,1,0.0
1771385400000,GB,initialTransmissionSystemDemandOutturn,29366.0,,0,0,1,0.0
1771387200000,GB,initialTransmissionSystemDemandOutturn,29481.0,,0,0,1,0.0
1771389000000,GB,initialTransmissionSystemDemandOutturn,29672.0,,0,0,1,0.0
1771390800000,GB,initialTransmissionSystemDemandOutturn,30909.0,,0,0,1,0.0
1771392600000,GB,initialTransmissionSystemDemandOutturn,31706.0,,0,0,1,0.0
1771394400000,GB,initialTransmissionSystemDemandOutturn,33560.0,,0,0,1,0.0
1771396200000,GB,initialTransmissionSystemDemandOutturn,35535.0,,0,0,1,0.0
1771398000000,GB,initialTransmissionSystemDemandOutturn,37592.0,,0,0,1,0.0
1771399800000,GB,initialTransmissionSystemDemandOutturn,39083.0,,0,0,1,0.0
1771401600000,GB,initialTransmissionSystemDemandOutturn,40658.0,,0,0,1,0.0
1771403400000,GB,initialTransmissionSystemDemandOutturn,41311.0,,0,0,1,0.0
1771405200000,GB,initialTransmissionSystemDemandOutturn,41302.0,,0,0,1,0.0
1771407000000,GB,initialTransmissionSystemDemandOutturn,41406.0,,0,0,1,0.0
1771408800000,GB,initialTransmissionSystemDemandOutturn,40908.0,,0,0,1,0.0
1771410600000,GB,initialTransmissionSystemDemandOutturn,40645.0,,0,0,1,0.0
1771412400000,GB,initialTransmissionSystemDemandOutturn,40538.0,,0,0,1,0.0
1771414200000,GB,initialTransmissionSystemDemandOutturn,40352.0,,0,0,1,0.0
1771416000000,GB,initialTransmissionSystemDemandOutturn,41025.0,,0,0,1,0.0
1771417800000,GB,initialTransmissionSystemDemandOutturn,41482.0,,0,0,1,0.0
1771419600000,GB,initialTransmissionSystemDemandOutturn,41819.0,,0,0,1,0.0
1771421400000,GB,initialTransmissionSystemDemandOutturn,42127.0,,0,0,1,0.0
1771423200000,GB,initialTransmissionSystemDemandOutturn,42412.0,,0,0,1,0.0
1771425000000,GB,initialTransmissionSystemDemandOutturn,42619.0,,0,0,1,0.0
1771426800000,GB,initialTransmissionSystemDemandOutturn,42977.0,,0,0,1,0.0
1771428600000,GB,initialTransmissionSystemDemandOutturn,43546.0,,0,0,1,0.0
1771430400000,GB,initialTransmissionSystemDemandOutturn,43860.0,,0,0,1,0.0
1771432200000,GB,initialTransmissionSystemDemandOutturn,44799.0,,0,0,1,0.0
1771434000000,GB,initialTransmissionSystemDemandOutturn,45357.0,,0,0,1,0.0
1771435800000,GB,initialTransmissionSystemDemandOutturn,46006.0,,0,0,1,0.0
1771437600000,GB,initialTransmissionSystemDemandOutturn,45950.0,,0,0,1,0.0
1771439400000,GB,initialTransmissionSystemDemandOutturn,45133.0,,0,0,1,0.0
1771441200000,GB,initialTransmissionSystemDemandOutturn,44202.0,,0,0,1,0.0
1771443000000,GB,initialTransmissionSystemDemandOutturn,43179.0,,0,0,1,0.0
1771444800000,GB,initialTransmissionSystemDemandOutturn,41665.0,,0,0,1,0.0
1771446600000,GB,initialTransmissionSystemDemandOutturn,40306.0,,0,0,1,0.0
1771448400000,GB,initialTransmissionSystemDemandOutturn,38693.0,,0,0,1,0.0
1771450200000,GB,initialTransmissionSystemDemandOutturn,37010.0,,0,0,1,0.0
1771452000000,GB,initialTransmissionSystemDemandOutturn,35212.0,,0,0,1,0.0
1771453800000,GB,initialTransmissionSystemDemandOutturn,33534.0,,0,0,1,0.0
1771455600000,GB,initialTransmissionSystemDemandOutturn,32454.0,,0,0,1,0.0
1771457400000,GB,initialTransmissionSystemDemandOutturn,31509.0,,0,0,1,0.0
1771459200000,GB,initialTransmissionSystemDemandOutturn,31719.0,,0,0,1,0.0
1771461000000,GB,initialTransmissionSystemDemandOutturn,32462.0,,0,0,1,0.0
1771462800000,GB,initialTransmissionSystemDemandOutturn,32738.0,,0,0,1,0.0
1771464600000,GB,initialTransmissionSystemDemandOutturn,31977.0,,0,0,1,0.0
1771466400000,GB,initialTransmissionSystemDemandOutturn,31136.0,,0,0,1,0.0
1771468200000,GB,initialTransmissionSystemDemandOutturn,30890.0,,0,0,1,0.0
1771470000000,GB,initialTransmissionSystemDemandOutturn,30778.0,,0,0,1,0.0
1771471800000,GB,initialTransmissionSystemDemandOutturn,30661.0,,0,0,1,0.0
1771473600000,GB,initialTransmissionSystemDemandOutturn,30001.0,,0,0,1,0.0
1771475400000,GB,initialTransmissionSystemDemandOutturn,872.9626863068013,29894.0,1,1,1,0.9707980636145447
1771477200000,GB,initialTransmissionSystemDemandOutturn,30389.0,,0,0,1,0.0
1771479000000,GB,initialTransmissionSystemDemandOutturn,30908.0,,0,0,1,0.0
1771480800000,GB,initialTransmissionSystemDemandOutturn,33449.0,,0,0,1,0.0
1771482600000,GB,initialTransmissionSystemDemandOutturn,35577.0,,0,0,1,0.0
1771484400000,GB,initialTransmissionSystemDemandOutturn,38682.0,,0,0,1,0.0
1771486200000,GB,initialTransmissionSystemDemandOutturn,40002.0,,0,0,1,0.0
1771488000000,GB,initialTransmissionSystemDemandOutturn,41719.0,,0,0,1,0.0
1771489800000,GB,initialTransmissionSystemDemandOutturn,42564.0,,0,0,1,0.0
1771491600000,GB,initialTransmissionSystemDemandOutturn,43501.0,,0,0,1,0.0
1771493400000,GB,initialTransmissionSystemDemandOutturn,43757.0,,0,0,1,0.0
1771495200000,GB,initialTransmissionSystemDemandOutturn,43241.0,,0,0,1,0.0
1771497000000,GB,initialTransmissionSystemDemandOutturn,42760.0,,0,0,1,0.0
1771498800000,GB,initialTransmissionSystemDemandOutturn,42083.0,,0,0,1,0.0
1771500600000,GB,initialTransmissionSystemDemandOutturn,41711.0,,0,0,1,0.0
1771502400000,GB,initialTransmissionSystemDemandOutturn,41840.0,,0,0,1,0.0
1771504200000,GB,initialTransmissionSystemDemandOutturn,41846.0,,0,0,1,0.0
1771506000000,GB,initialTransmissionSystemDemandOutturn,42534.0,,0,0,1,0.0
1771507800000,GB,initialTransmissionSystemDemandOutturn,7041.798286487659,42403.0,1,1,1,0.8339316018562918
1771509600000,GB,initialTransmissionSystemDemandOutturn,42159.0,,0,0,1,0.0
1771511400000,GB,initialTransmissionSystemDemandOutturn,42155.0,,0,0,1,0.0
1771513200000,GB,initialTransmissionSystemDemandOutturn,42640.0,,0,0,1,0.0
1771515000000,GB,initialTransmissionSystemDemandOutturn,43118.0,,0,0,1,0.0
1771516800000,GB,initialTransmissionSystemDemandOutturn,43410.0,,0,0,1,0.0
1771518600000,GB,initialTransmissionSystemDemandOutturn,44501.0,,0,0,1,0.0
1771520400000,GB,initialTransmissionSystemDemandOutturn,45126.0,,0,0,1,0.0
1771522200000,GB,initialTransmissionSystemDemandOutturn,45532.0,,0,0,1,0.0
1771524000000,GB,initialTransmissionSystemDemandOutturn,45314.0,,0,0,1,0.0
1771525800000,GB,initialTransmissionSystemDemandOutturn,44659.0,,0,0,1,0.0
1771527600000,GB,initialTransmissionSystemDemandOutturn,44001.0,,0,0,1,0.0
1771529400000,GB,initialTransmissionSystemDemandOutturn,42481.0,,0,0,1,0.0
1771531200000,GB,initialTransmissionSystemDemandOutturn,41438.0,,0,0,1,0.0
1771533000000,GB,initialTransmissionSystemDemandOutturn,40537.0,,0,0,1,0.0
1771534800000,GB,initialTransmissionSystemDemandOutturn,39188.0,,0,0,1,0.0
1771536600000,GB,initialTransmissionSystemDemandOutturn,37260.0,,0,0,1,0.0
1771538400000,GB,initialTransmissionSystemDemandOutturn,35618.0,,0,0,1,0.0
1771540200000,GB,initialTransmissionSystemDemandOutturn,33440.0,,0,0,1,0.0
1771542000000,GB,initialTransmissionSystemDemandOutturn,31743.0,,0,0,1,0.0
1771543800000,GB,initialTransmissionSystemDemandOutturn,31112.0,,0,0,1,0.0
1771545600000,GB,initialTransmissionSystemDemandOutturn,31229.0,,0,0,1,0.0
1771547400000,GB,initialTransmissionSystemDemandOutturn,31512.0,,0,0,1,0.0
1771549200000,GB,initialTransmissionSystemDemandOutturn,30443.0,,0,0,1,0.0
1771551000000,GB,initialTransmissionSystemDemandOutturn,55806.90782185595,29597.0,1,1,1,0.8855596115098135
1771552800000,GB,initialTransmissionSystemDemandOutturn,29422.0,,0,0,1,0.0
1771554600000,GB,initialTransmissionSystemDemandOutturn,29058.0,,0,0,1,0.0
1771556400000,GB,initialTransmissionSystemDemandOutturn,28719.0,,0,0,1,0.0
1771558200000,GB,initialTransmissionSystemDemandOutturn,28684.0,,0,0,1,0.0
1771560000000,GB,initialTransmissionSystemDemandOutturn,29041.0,,0,0,1,0.0
1771561800000,GB,initialTransmissionSystemDemandOutturn,28928.0,,0,0,1,0.0
1771563600000,GB,initialTransmissionSystemDemandOutturn,30034.0,,0,0,1,0.0
1771565400000,GB,initialTransmissionSystemDemandOutturn,30703.0,,0,0,1,0.0
1771567200000,GB,initialTransmissionSystemDemandOutturn,32438.0,,0,0,1,0.0
1771569000000,GB,initialTransmissionSystemDemandOutturn,33933.0,,0,0,1,0.0
1771570800000,GB,initialTransmissionSystemDemandOutturn,34268.0,,0,0,1,0.0
1771572600000,GB,initialTransmissionSystemDemandOutturn,35122.0,,0,0,1,0.0
1771574400000,GB,initialTransmissionSystemDemandOutturn,36370.0,,0,0,1,0.0
1771576200000,GB,initialTransmissionSystemDemandOutturn,37061.0,,0,0,1,0.0
1771578000000,GB,initialTransmissionSystemDemandOutturn,36457.0,,0,0,1,0.0
1771579800000,GB,initialTransmissionSystemDemandOutturn,35999.0,,0,0,1,0.0
1771581600000,GB,initialTransmissionSystemDemandOutturn,35820.0,,0,0,1,0.0
1771583400000,GB,initialTransmissionSystemDemandOutturn,35852.0,,0,0,1,0.0
1771585200000,GB,initialTransmissionSystemDemandOutturn,36057.0,,0,0,1,0.0
1771587000000,GB,initialTransmissionSystemDemandOutturn,35974.0,,0,0,1,0.0
1771588800000,GB,initialTransmissionSystemDemandOutturn,35946.0,,0,0,1,0.0
1771590600000,GB,initialTransmissionSystemDemandOutturn,35923.0,,0,0,1,0.0
1771592400000,GB,initialTransmissionSystemDemandOutturn,35933.0,,0,0,1,0.0
1771594200000,GB,initialTransmissionSystemDemandOutturn,35548.0,,0,0,1,0.0
1771596000000,GB,initialTransmissionSystemDemandOutturn,35836.0,,0,0,1,0.0
1771597800000,GB,initialTransmissionSystemDemandOutturn,35512.0,,0,0,1,0.0
1771599600000,GB,initialTransmissionSystemDemandOutturn,35900.0,,0,0,1,0.0
1771601400000,GB,initialTransmissionSystemDemandOutturn,36389.0,,0,0,1,0.0
1771603200000,GB,initialTransmissionSystemDemandOutturn,36637.0,,0,0,1,0.0
1771605000000,GB,initialTransmissionSystemDemandOutturn,37788.0,,0,0,1,0.0
1771606800000,GB,initialTransmissionSystemDemandOutturn,39393.0,,0,0,1,0.0
1771608600000,GB,initialTransmissionSystemDemandOutturn,39898.0,,0,0,1,0.0
1771610400000,GB,initialTransmissionSystemDemandOutturn,39875.0,,0,0,1,0.0
1771612200000,GB,initialTransmissionSystemDemandOutturn,39211.0,,0,0,1,0.0
1771614000000,GB,initialTransmissionSystemDemandOutturn,38350.0,,0,0,1,0.0
1771615800000,GB,initialTransmissionSystemDemandOutturn,36565.0,,0,0,1,0.0
1771617600000,GB,initialTransmissionSystemDemandOutturn,35392.0,,0,0,1,0.0
1771619400000,GB,initialTransmissionSystemDemandOutturn,34351.0,,0,0,1,0.0
1771621200000,GB,initialTransmissionSystemDemandOutturn,33217.0,,0,0,1,0.0
1771623000000,GB,initialTransmissionSystemDemandOutturn,31922.0,,0,0,1,0.0
1771624800000,GB,initialTransmissionSystemDemandOutturn,30706.0,,0,0,1,0.0
1771626600000,GB,initialTransmissionSystemDemandOutturn,29497.0,,0,0,1,0.0
1771628400000,GB,initialTransmissionSystemDemandOutturn,28778.0,,0,0,1,0.0
1771630200000,GB,initialTransmissionSystemDemandOutturn,28571.0,,0,0,1,0.0
1771632000000,GB,initialTransmissionSystemDemandOutturn,28277.0,,0,0,1,0.0
1771633800000,GB,initialTransmissionSystemDemandOutturn,28809.0,,0,0,1,0.0
1771635600000,GB,initialTransmissionSystemDemandOutturn,28497.0,,0,0,1,0.0
1771637400000,GB,initialTransmissionSystemDemandOutturn,27871.0,,0,0,1,0.0
1771639200000,GB,initialTransmissionSystemDemandOutturn,27613.0,,0,0,1,0.0
1771641000000,GB,initialTransmissionSystemDemandOutturn,26631.0,,0,0,1,0.0
1771642800000,GB,initialTransmissionSystemDemandOutturn,25840.0,,0,0,1,0.0
1771644600000,GB,initialTransmissionSystemDemandOutturn,25255.0,,0,0,1,0.0
1771646400000,GB,initialTransmissionSystemDemandOutturn,24728.0,,0,0,1,0.0
1771648200000,GB,initialTransmissionSystemDemandOutturn,24885.0,,0,0,1,0.0
1771650000000,GB,initialTransmissionSystemDemandOutturn,24441.0,,0,0,1,0.0
1771651800000,GB,initialTransmissionSystemDemandOutturn,23725.0,,0,0,1,0.0
1771653600000,GB,initialTransmissionSystemDemandOutturn,24146.0,,0,0,1,0.0
1771655400000,GB,initialTransmissionSystemDemandOutturn,24971.0,,0,0,1,0.0
1771657200000,GB,initialTransmissionSystemDemandOutturn,26440.0,,0,0,1,0.0
1771659000000,GB,initialTransmissionSystemDemandOutturn,27078.0,,0,0,1,0.0
1771660800000,GB,initialTransmissionSystemDemandOutturn,28796.0,,0,0,1,0.0
1771662600000,GB,initialTransmissionSystemDemandOutturn,29697.0,,0,0,1,0.0
1771664400000,GB,initialTransmissionSystemDemandOutturn,30364.0,,0,0,1,0.0
1771666200000,GB,initialTransmissionSystemDemandOutturn,30370.0,,0,0,1,0.0
1771668000000,GB,initialTransmissionSystemDemandOutturn,53943.540967310095,30353.0,1,1,1,0.7772062388333969
1771669800000,GB,initialTransmissionSystemDemandOutturn,29924.0,,0,0,1,0.0
1771671600000,GB,initialTransmissionSystemDemandOutturn,10254.618122327882,29462.0,1,1,1,0.6519374746341768
1771673400000,GB,initialTransmissionSystemDemandOutturn,29398.0,,0,0,1,0.0
1771675200000,GB,initialTransmissionSystemDemandOutturn,29671.0,,0,0,1,0.0
1771677000000,GB,initialTransmissionSystemDemandOutturn,29789.0,,0,0,1,0.0
1771678800000,GB,initialTransmissionSystemDemandOutturn,29991.0,,0,0,1,0.0
1771680600000,GB,initialTransmissionSystemDemandOutturn,30273.0,,0,0,1,0.0
1771682400000,GB,initialTransmissionSystemDemandOutturn,30308.0,,0,0,1,0.0
1771684200000,GB,initialTransmissionSystemDemandOutturn,30456.0,,0,0,1,0.0
1771686000000,GB,initialTransmissionSystemDemandOutturn,31020.0,,0,0,1,0.0
1771687800000,GB,initialTransmissionSystemDemandOutturn,31523.0,,0,0,1,0.0
1771689600000,GB,initialTransmissionSystemDemandOutturn,31964.0,,0,0,1,0.0
1771691400000,GB,initialTransmissionSystemDemandOutturn,33104.0,,0,0,1,0.0
1771693200000,GB,initialTransmissionSystemDemandOutturn,34461.0,,0,0,1,0.0
1771695000000,GB,initialTransmissionSystemDemandOutturn,35214.0,,0,0,1,0.0
1771696800000,GB,initialTransmissionSystemDemandOutturn,35211.0,,0,0,1,0.0
1771698600000,GB,initialTransmissionSystemDemandOutturn,35009.0,,0,0,1,0.0
1771700400000,GB,initialTransmissionSystemDemandOutturn,34466.0,,0,0,1,0.0
1771702200000,GB,initialTransmissionSystemDemandOutturn,32867.0,,0,0,1,0.0
1771704000000,GB,initialTransmissionSystemDemandOutturn,31573.0,,0,0,1,0.0
1771705800000,GB,initialTransmissionSystemDemandOutturn,30378.0,,0,0,1,0.0
1771707600000,GB,initialTransmissionSystemDemandOutturn,29534.0,,0,0,1,0.0
1771709400000,GB,initialTransmissionSystemDemandOutturn,28521.0,,0,0,1,0.0
1771711200000,GB,initialTransmissionSystemDemandOutturn,27593.0,,0,0,1,0.0
1771713000000,GB,initialTransmissionSystemDemandOutturn,27074.0,,0,0,1,0.0
1771714800000,GB,initialTransmissionSystemDemandOutturn,27712.0,,0,0,1,0.0
1771716600000,GB,initialTransmissionSystemDemandOutturn,27472.0,,0,0,1,0.0
1771718400000,GB,initialTransmissionSystemDemandOutturn,27058.0,,0,0,1,0.0
1771720200000,GB,initialTransmissionSystemDemandOutturn,27657.0,,0,0,1,0.0
1771722000000,GB,initialTransmissionSystemDemandOutturn,26969.0,,0,0,1,0.0
1771723800000,GB,initialTransmissionSystemDemandOutturn,26284.0,,0,0,1,0.0
1771725600000,GB,initialTransmissionSystemDemandOutturn,26066.0,,0,0,1,0.0
1771727400000,GB,initialTransmissionSystemDemandOutturn,25629.0,,0,0,1,0.0
1771729200000,GB,initialTransmissionSystemDemandOutturn,26661.0,,0,0,1,0.0
1771731000000,GB,initialTransmissionSystemDemandOutturn,26068.0,,0,0,1,0.0
1771732800000,GB,initialTransmissionSystemDemandOutturn,25726.0,,0,0,1,0.0
1771734600000,GB,initialTransmissionSystemDemandOutturn,25766.0,,0,0,1,0.0
1771736400000,GB,initialTransmissionSystemDemandOutturn,25277.0,,0,0,1,0.0
1771738200000,GB,initialTransmissionSystemDemandOutturn,25346.0,,0,0,1,0.0
1771740000000,GB,initialTransmissionSystemDemandOutturn,26183.0,,0,0,1,0.0
1771741800000,GB,initialTransmissionSystemDemandOutturn,26700.0,,0,0,1,0.0
1771743600000,GB,initialTransmissionSystemDemandOutturn,27275.0,,0,0,1,0.0
1771745400000,GB,initialTransmissionSystemDemandOutturn,27689.0,,0,0,1,0.0
1771747200000,GB,initialTransmissionSystemDemandOutturn,28198.0,,0,0,1,0.0
1771749000000,GB,initialTransmissionSystemDemandOutturn,28666.0,,0,0,1,0.0
1771750800000,GB,initialTransmissionSystemDemandOutturn,28149.0,,0,0,1,0.0
1771752600000,GB,initialTransmissionSystemDemandOutturn,28126.0,,0,0,1,0.0
1771754400000,GB,initialTransmissionSystemDemandOutturn,28652.0,,0,0,1,0.0
1771756200000,GB,initialTransmissionSystemDemandOutturn,28275.0,,0,0,1,0.0
1771758000000,GB,initialTransmissionSystemDemandOutturn,28435.0,,0,0,1,0.0
1771759800000,GB,initialTransmissionSystemDemandOutturn,28373.0,,0,0,1,0.0
1771761600000,GB,initialTransmissionSystemDemandOutturn,28265.0,,0,0,1,0.0
1771763400000,GB,initialTransmissionSystemDemandOutturn,28090.0,,0,0,1,0.0
1771765200000,GB,initialTransmissionSystemDemandOutturn,27676.0,,0,0,1,0.0
1771767000000,GB,initialTransmissionSystemDemandOutturn,27121.0,,0,0,1,0.0
1771768800000,GB,initialTransmissionSystemDemandOutturn,26774.0,,0,0,1,0.0
1771770600000,GB,initialTransmissionSystemDemandOutturn,27051.0,,0,0,1,0.0
1771772400000,GB,initialTransmissionSystemDemandOutturn,26898.0,,0,0,1,0.0
1771774200000,GB,initialTransmissionSystemDemandOutturn,28228.0,,0,0,1,0.0
1771776000000,GB,initialTransmissionSystemDemandOutturn,30242.0,,0,0,1,0.0
1771777800000,GB,initialTransmissionSystemDemandOutturn,31651.0,,0,0,1,0.0
1771779600000,GB,initialTransmissionSystemDemandOutturn,33380.0,,0,0,1,0.0
1771781400000,GB,initialTransmissionSystemDemandOutturn,35198.0,,0,0,1,0.0
1771783200000,GB,initialTransmissionSystemDemandOutturn,35398.0,,0,0,1,0.0
1771785000000,GB,initialTransmissionSystemDemandOutturn,34796.0,,0,0,1,0.0
1771786800000,GB,initialTransmissionSystemDemandOutturn,33697.0,,0,0,1,0.0
1771788600000,GB,initialTransmissionSystemDemandOutturn,32792.0,,0,0,1,0.0
1771790400000,GB,initialTransmissionSystemDemandOutturn,32120.0,,0,0,1,0.0
1771792200000,GB,initialTransmissionSystemDemandOutturn,31114.0,,0,0,1,0.0
1771794000000,GB,initialTransmissionSystemDemandOutturn,29845.0,,0,0,1,0.0
1771795800000,GB,initialTransmissionSystemDemandOutturn,28777.0,,0,0,1,0.0
1771797600000,GB,initialTransmissionSystemDemandOutturn,27811.0,,0,0,1,0.0
1771799400000,GB,initialTransmissionSystemDemandOutturn,27234.0,,0,0,1,0.0
1771801200000,GB,initialTransmissionSystemDemandOutturn,26900.0,,0,0,1,0.0
1771803000000,GB,initialTransmissionSystemDemandOutturn,26711.0,,0,0,1,0.0
1771804800000,GB,initialTransmissionSystemDemandOutturn,27505.0,,0,0,1,0.0
1771806600000,GB,initialTransmissionSystemDemandOutturn,27987.0,,0,0,1,0.0
1771808400000,GB,initialTransmissionSystemDemandOutturn,27702.0,,0,0,1,0.0
1771810200000,GB,initialTransmissionSystemDemandOutturn,27088.0,,0,0,1,0.0
1771812000000,GB,initialTransmissionSystemDemandOutturn,26960.0,,0,0,1,0.0
1771813800000,GB,initialTransmissionSystemDemandOutturn,26801.0,,0,0,1,0.0
1771815600000,GB,initialTransmissionSystemDemandOutturn,26737.0,,0,0,1,0.0
1771817400000,GB,initialTransmissionSystemDemandOutturn,26292.0,,0,0,1,0.0
1771819200000,GB,initialTransmissionSystemDemandOutturn,26169.0,,0,0,1,0.0
1771821000000,GB,initialTransmissionSystemDemandOutturn,26132.0,,0,0,1,0.0
1771822800000,GB,initialTransmissionSystemDemandOutturn,26705.0,,0,0,1,0.0
1771824600000,GB,initialTransmissionSystemDemandOutturn,27079.0,,0,0,1,0.0
1771826400000,GB,initialTransmissionSystemDemandOutturn,28023.0,,0,0,1,0.0
1771828200000,GB,initialTransmissionSystemDemandOutturn,29351.0,,0,0,1,0.0
1771830000000,GB,initialTransmissionSystemDemandOutturn,30783.0,,0,0,1,0.0
1771831800000,GB,initialTransmissionSystemDemandOutturn,31985.0,,0,0,1,0.0
1771833600000,GB,initialTransmissionSystemDemandOutturn,32852.0,,0,0,1,0.0
1771835400000,GB,initialTransmissionSystemDemandOutturn,32692.0,,0,0,1,0.0
1771837200000,GB,initialTransmissionSystemDemandOutturn,62558.76016845127,33215.0,1,1,1,0.8834490491781204
1771839000000,GB,initialTransmissionSystemDemandOutturn,32964.0,,0,0,1,0.0
1771840800000,GB,initialTransmissionSystemDemandOutturn,32884.0,,0,0,1,0.0
1771842600000,GB,initialTransmissionSystemDemandOutturn,32762.0,,0,0,1,0.0
1771844400000,GB,initialTransmissionSystemDemandOutturn,32610.0,,0,0,1,0.0
1771846200000,GB,initialTransmissionSystemDemandOutturn,32939.0,,0,0,1,0.0
1771848000000,GB,initialTransmissionSystemDemandOutturn,33035.0,,0,0,1,0.0
1771849800000,GB,initialTransmissionSystemDemandOutturn,33461.0,,0,0,1,0.0
1771851600000,GB,initialTransmissionSystemDemandOutturn,33670.0,,0,0,1,0.0
1771853400000,GB,initialTransmissionSystemDemandOutturn,34206.0,,0,0,1,0.0
1771855200000,GB,initialTransmissionSystemDemandOutturn,34799.0,,0,0,1,0.0
1771857000000,GB,initialTransmissionSystemDemandOutturn,35424.0,,0,0,1,0.0
1771858800000,GB,initialTransmissionSystemDemandOutturn,37025.0,,0,0,1,0.0
1771860600000,GB,initialTransmissionSystemDemandOutturn,37997.0,,0,0,1,0.0
1771862400000,GB,initialTransmissionSystemDemandOutturn,38567.0,,0,0,1,0.0
1771864200000,GB,initialTransmissionSystemDemandOutturn,39264.0,,0,0,1,0.0
1771866000000,GB,initialTransmissionSystemDemandOutturn,40086.0,,0,0,1,0.0
1771867800000,GB,initialTransmissionSystemDemandOutturn,40540.0,,0,0,1,0.0
1771869600000,GB,initialTransmissionSystemDemandOutturn,40779.0,,0,0,1,0.0
1771871400000,GB,initialTransmissionSystemDemandOutturn,39759.0,,0,0,1,0.0
1771873200000,GB,initialTransmissionSystemDemandOutturn,38816.0,,0,0,1,0.0
1771875000000,GB,initialTransmissionSystemDemandOutturn,37312.0,,0,0,1,0.0
1771876800000,GB,initialTransmissionSystemDemandOutturn,35954.0,,0,0,1,0.0
1771878600000,GB,initialTransmissionSystemDemandOutturn,34875.0,,0,0,1,0.0
1771880400000,GB,initialTransmissionSystemDemandOutturn,33877.0,,0,0,1,0.0
1771882200000,GB,initialTransmissionSystemDemandOutturn,32953.0,,0,0,1,0.0
1771884000000,GB,initialTransmissionSystemDemandOutturn,30312.0,,0,0,1,0.0
1771885800000,GB,initialTransmissionSystemDemandOutturn,28730.0,,0,0,1,0.0
1771887600000,GB,initialTransmissionSystemDemandOutturn,27239.0,,0,0,1,0.0
1771889400000,GB,initialTransmissionSystemDemandOutturn,26280.0,,0,0,1,0.0
1771891200000,GB,initialTransmissionSystemDemandOutturn,26418.0,,0,0,1,0.0
1771893000000,GB,initialTransmissionSystemDemandOutturn,44881.20733077878,26904.0,1,1,1,0.6681983099456876
1771894800000,GB,initialTransmissionSystemDemandOutturn,26957.0,,0,0,1,0.0
1771896600000,GB,initialTransmissionSystemDemandOutturn,26614.0,,0,0,1,0.0
1771898400000,GB,initialTransmissionSystemDemandOutturn,26146.0,,0,0,1,0.0
1771900200000,GB,initialTransmissionSystemDemandOutturn,25625.0,,0,0,1,0.0
1771902000000,GB,initialTransmissionSystemDemandOutturn,25454.0,,0,0,1,0.0
1771903800000,GB,initialTransmissionSystemDemandOutturn,25180.0,,0,0,1,0.0
1771905600000,GB,initialTransmissionSystemDemandOutturn,25121.0,,0,0,1,0.0
1771907400000,GB,initialTransmissionSystemDemandOutturn,25125.0,,0,0,1,0.0
1771909200000,GB,initialTransmissionSystemDemandOutturn,27001.0,,0,0,1,0.0
1771911000000,GB,initialTransmissionSystemDemandOutturn,27962.0,,0,0,1,0.0
1771912800000,GB,initialTransmissionSystemDemandOutturn,30393.0,,0,0,1,0.0
1771914600000,GB,initialTransmissionSystemDemandOutturn,32545.0,,0,0,1,0.0
1771916400000,GB,initialTransmissionSystemDemandOutturn,34657.0,,0,0,1,0.0
1771918200000,GB,initialTransmissionSystemDemandOutturn,35578.0,,0,0,1,0.0
1771920000000,GB,initialTransmissionSystemDemandOutturn,36199.0,,0,0,1,0.0
1771921800000,GB,initialTransmissionSystemDemandOutturn,35904.0,,0,0,1,0.0
1771923600000,GB,initialTransmissionSystemDemandOutturn,34874.0,,0,0,1,0.0
1771925400000,GB,initialTransmissionSystemDemandOutturn,34826.0,,0,0,1,0.0
1771927200000,GB,initialTransmissionSystemDemandOutturn,34509.0,,0,0,1,0.0
1771929000000,GB,initialTransmissionSystemDemandOutturn,34249.0,,0,0,1,0.0
1771930800000,GB,initialTransmissionSystemDemandOutturn,34374.0,,0,0,1,0.0
1771932600000,GB,initialTransmissionSystemDemandOutturn,33116.0,,0,0,1,0.0
1771934400000,GB,initialTransmissionSystemDemandOutturn,33059.0,,0,0,1,0.0
1771936200000,GB,initialTransmissionSystemDemandOutturn,32518.0,,0,0,1,0.0
1771938000000,GB,initialTransmissionSystemDemandOutturn,32060.0,,0,0,1,0.0
1771939800000,GB,initialTransmissionSystemDemandOutturn,31325.0,,0,0,1,0.0
1771941600000,GB,initialTransmissionSystemDemandOutturn,31016.0,,0,0,1,0.0
1771943400000,GB,initialTransmissionSystemDemandOutturn,30951.0,,0,0,1,0.0
1771945200000,GB,initialTransmissionSystemDemandOutturn,31232.0,,0,0,1,0.0
1771947000000,GB,initialTransmissionSystemDemandOutturn,33190.0,,0,0,1,0.0
1771948800000,GB,initialTransmissionSystemDemandOutturn,35813.0,,0,0,1,0.0
1771950600000,GB,initialTransmissionSystemDemandOutturn,38310.0,,0,0,1,0.0
1771952400000,GB,initialTransmissionSystemDemandOutturn,40375.0,,0,0,1,0.0
1771954200000,GB,initialTransmissionSystemDemandOutturn,41852.0,,0,0,1,0.0
1771956000000,GB,initialTransmissionSystemDemandOutturn,41676.0,,0,0,1,0.0
1771957800000,GB,initialTransmissionSystemDemandOutturn,41666.0,,0,0,1,0.0
1771959600000,GB,initialTransmissionSystemDemandOutturn,41374.0,,0,0,1,0.0
1771961400000,GB,initialTransmissionSystemDemandOutturn,40821.0,,0,0,1,0.0
1771963200000,GB,initialTransmissionSystemDemandOutturn,39516.0,,0,0,1,0.0
1771965000000,GB,initialTransmissionSystemDemandOutturn,38413.0,,0,0,1,0.0
1771966800000,GB,initialTransmissionSystemDemandOutturn,36002.0,,0,0,1,0.0
1771968600000,GB,initialTransmissionSystemDemandOutturn,34174.0,,0,0,1,0.0
1771970400000,GB,initialTransmissionSystemDemandOutturn,32220.0,,0,0,1,0.0
1771972200000,GB,initialTransmissionSystemDemandOutturn,30692.0,,0,0,1,0.0
1771974000000,GB,initialTransmissionSystemDemandOutturn,29577.0,,0,0,1,0.0
1771975800000,GB,initialTransmissionSystemDemandOutturn,28740.0,,0,0,1,0.0
1771977600000,GB,initialTransmissionSystemDemandOutturn,29330.0,,0,0,1,0.0
1771979400000,GB,initialTransmissionSystemDemandOutturn,29328.0,,0,0,1,0.0
1771981200000,GB,initialTransmissionSystemDemandOutturn,29219.0,,0,0,1,0.0
1771983000000,GB,initialTransmissionSystemDemandOutturn,28478.0,,0,0,1,0.0
1771984800000,GB,initialTransmissionSystemDemandOutturn,28338.0,,0,0,1,0.0
1771986600000,GB,initialTransmissionSystemDemandOutturn,27915.0,,0,0,1,0.0
1771988400000,GB,initialTransmissionSystemDemandOutturn,27785.0,,0,0,1,0.0
1771990200000,GB,initialTransmissionSystemDemandOutturn,27242.0,,0,0,1,0.0
1771992000000,GB,initialTransmissionSystemDemandOutturn,27180.0,,0,0,1,0.0
1771993800000,GB,initialTransmissionSystemDemandOutturn,27463.0,,0,0,1,0.0
1771995600000,GB,initialTransmissionSystemDemandOutturn,28075.0,,0,0,1,0.0
1771997400000,GB,initialTransmissionSystemDemandOutturn,29012.0,,0,0,1,0.0
1771999200000,GB,initialTransmissionSystemDemandOutturn,31206.0,,0,0,1,0.0
1772001000000,GB,initialTransmissionSystemDemandOutturn,33737.0,,0,0,1,0.0
1772002800000,GB,initialTransmissionSystemDemandOutturn,35091.0,,0,0,1,0.0
1772004600000,GB,initialTransmissionSystemDemandOutturn,36118.0,,0,0,1,0.0
1772006400000,GB,initialTransmissionSystemDemandOutturn,35478.0,,0,0,1,0.0
1772008200000,GB,initialTransmissionSystemDemandOutturn,34963.0,,0,0,1,0.0
1772010000000,GB,initialTransmissionSystemDemandOutturn,34795.0,,0,0,1,0.0
1772011800000,GB,initialTransmissionSystemDemandOutturn,34193.0,,0,0,1,0.0
1772013600000,GB,initialTransmissionSystemDemandOutturn,32971.0,,0,0,1,0.0
1772015400000,GB,initialTransmissionSystemDemandOutturn,32096.0,,0,0,1,0.0
1772017200000,GB,initialTransmissionSystemDemandOutturn,31449.0,,0,0,1,0.0
1772019000000,GB,initialTransmissionSystemDemandOutturn,30689.0,,0,0,1,0.0
1772020800000,GB,initialTransmissionSystemDemandOutturn,30606.0,,0,0,1,0.0
1772022600000,GB,initialTransmissionSystemDemandOutturn,30237.0,,0,0,1,0.0
1772024400000,GB,initialTransmissionSystemDemandOutturn,30519.0,,0,0,1,0.0
1772026200000,GB,initialTransmissionSystemDemandOutturn,30661.0,,0,0,1,0.0
1772028000000,GB,initialTransmissionSystemDemandOutturn,30501.0,,0,0,1,0.0
1772029800000,GB,initialTransmissionSystemDemandOutturn,30946.0,,0,0,1,0.0
1772031600000,GB,initialTransmissionSystemDemandOutturn,31839.0,,0,0,1,0.0
1772033400000,GB,initialTransmissionSystemDemandOutturn,33509.0,,0,0,1,0.0
1772035200000,GB,initialTransmissionSystemDemandOutturn,35172.0,,0,0,1,0.0
1772037000000,GB,initialTransmissionSystemDemandOutturn,37216.0,,0,0,1,0.0
1772038800000,GB,initialTransmissionSystemDemandOutturn,38225.0,,0,0,1,0.0
1772040600000,GB,initialTransmissionSystemDemandOutturn,39282.0,,0,0,1,0.0
1772042400000,GB,initialTransmissionSystemDemandOutturn,39358.0,,0,0,1,0.0
1772044200000,GB,initialTransmissionSystemDemandOutturn,38679.0,,0,0,1,0.0
1772046000000,GB,initialTransmissionSystemDemandOutturn,37182.0,,0,0,1,0.0
1772047800000,GB,initialTransmissionSystemDemandOutturn,36169.0,,0,0,1,0.0
1772049600000,GB,initialTransmissionSystemDemandOutturn,34967.0,,0,0,1,0.0
1772051400000,GB,initialTransmissionSystemDemandOutturn,33639.0,,0,0,1,0.0
1772053200000,GB,initialTransmissionSystemDemandOutturn,31516.0,,0,0,1,0.0
1772055000000,GB,initialTransmissionSystemDemandOutturn,29572.0,,0,0,1,0.0
1772056800000,GB,initialTransmissionSystemDemandOutturn,28306.0,,0,0,1,0.0
1772058600000,GB,initialTransmissionSystemDemandOutturn,26923.0,,0,0,1,0.0
1772060400000,GB,initialTransmissionSystemDemandOutturn,25109.0,,0,0,1,0.0
1772062200000,GB,initialTransmissionSystemDemandOutturn,24172.0,,0,0,1,0.0
1772064000000,GB,initialTransmissionSystemDemandOutturn,24727.0,,0,0,1,0.0
1772065800000,GB,initialTransmissionSystemDemandOutturn,25578.0,,0,0,1,0.0
1772067600000,GB,initialTransmissionSystemDemandOutturn,25648.0,,0,0,1,0.0
1772069400000,GB,initialTransmissionSystemDemandOutturn,25668.0,,0,0,1,0.0
1772071200000,GB,initialTransmissionSystemDemandOutturn,25788.0,,0,0,1,0.0
1772073000000,GB,initialTransmissionSystemDemandOutturn,25414.0,,0,0,1,0.0
1772074800000,GB,initialTransmissionSystemDemandOutturn,25508.0,,0,0,1,0.0
1772076600000,GB,initialTransmissionSystemDemandOutturn,25100.0,,0,0,1,0.0
1772078400000,GB,initialTransmissionSystemDemandOutturn,25028.0,,0,0,1,0.0
1772080200000,GB,initialTransmissionSystemDemandOutturn,25134.0,,0,0,1,0.0
1772082000000,GB,initialTransmissionSystemDemandOutturn,25459.0,,0,0,1,0.0
1772083800000,GB,initialTransmissionSystemDemandOutturn,25993.0,,0,0,1,0.0
1772085600000,GB,initialTransmissionSystemDemandOutturn,27286.0,,0,0,1,0.0
1772087400000,GB,initialTransmissionSystemDemandOutturn,28512.0,,0,0,1,0.0
1772089200000,GB,initialTransmissionSystemDemandOutturn,30414.0,,0,0,1,0.0
1772091000000,GB,initialTransmissionSystemDemandOutturn,31518.0,,0,0,1,0.0
1772092800000,GB,initialTransmissionSystemDemandOutturn,31953.0,,0,0,1,0.0
1772094600000,GB,initialTransmissionSystemDemandOutturn,32389.0,,0,0,1,0.0
1772096400000,GB,initialTransmissionSystemDemandOutturn,32973.0,,0,0,1,0.0
1772098200000,GB,initialTransmissionSystemDemandOutturn,32885.0,,0,0,1,0.0
1772100000000,GB,initialTransmissionSystemDemandOutturn,32951.0,,0,0,1,0.0
1772101800000,GB,initialTransmissionSystemDemandOutturn,32776.0,,0,0,1,0.0
1772103600000,GB,initialTransmissionSystemDemandOutturn,32689.0,,0,0,1,0.0
1772105400000,GB,initialTransmissionSystemDemandOutturn,32733.0,,0,0,1,0.0
1772107200000,GB,initialTransmissionSystemDemandOutturn,32996.0,,0,0,1,0.0
1772109000000,GB,initialTransmissionSystemDemandOutturn,32710.0,,0,0,1,0.0
1772110800000,GB,initialTransmissionSystemDemandOutturn,32981.0,,0,0,1,0.0
1772112600000,GB,initialTransmissionSystemDemandOutturn,33068.0,,0,0,1,0.0
1772114400000,GB,initialTransmissionSystemDemandOutturn,33469.0,,0,0,1,0.0
1772116200000,GB,initialTransmissionSystemDemandOutturn,33415.0,,0,0,1,0.0
1772118000000,GB,initialTransmissionSystemDemandOutturn,34024.0,,0,0,1,0.0
1772119800000,GB,initialTransmissionSystemDemandOutturn,35020.0,,0,0,1,0.0
1772121600000,GB,initialTransmissionSystemDemandOutturn,35851.0,,0,0,1,0.0
1772123400000,GB,initialTransmissionSystemDemandOutturn,36976.0,,0,0,1,0.0
1772125200000,GB,initialTransmissionSystemDemandOutturn,37965.0,,0,0,1,0.0
1772127000000,GB,initialTransmissionSystemDemandOutturn,38373.0,,0,0,1,0.0
1772128800000,GB,initialTransmissionSystemDemandOutturn,38469.0,,0,0,1,0.0
1772130600000,GB,initialTransmissionSystemDemandOutturn,38230.0,,0,0,1,0.0
1772132400000,GB,initialTransmissionSystemDemandOutturn,38372.0,,0,0,1,0.0
1772134200000,GB,initialTransmissionSystemDemandOutturn,37209.0,,0,0,1,0.0
1772136000000,GB,initialTransmissionSystemDemandOutturn,36155.0,,0,0,1,0.0
1772137800000,GB,initialTransmissionSystemDemandOutturn,34690.0,,0,0,1,0.0
1772139600000,GB,initialTransmissionSystemDemandOutturn,33095.0,,0,0,1,0.0
1772141400000,GB,initialTransmissionSystemDemandOutturn,31506.0,,0,0,1,0.0
1772143200000,GB,initialTransmissionSystemDemandOutturn,30107.0,,0,0,1,0.0
1772145000000,GB,initialTransmissionSystemDemandOutturn,29221.0,,0,0,1,0.0
1772146800000,GB,initialTransmissionSystemDemandOutturn,28531.0,,0,0,1,0.0
1772148600000,GB,initialTransmissionSystemDemandOutturn,28323.0,,0,0,1,0.0
1772150400000,GB,initialTransmissionSystemDemandOutturn,29102.0,,0,0,1,0.0
1772152200000,GB,initialTransmissionSystemDemandOutturn,29687.0,,0,0,1,0.0
1772154000000,GB,initialTransmissionSystemDemandOutturn,28879.0,,0,0,1,0.0
1772155800000,GB,initialTransmissionSystemDemandOutturn,28098.0,,0,0,1,0.0
1772157600000,GB,initialTransmissionSystemDemandOutturn,27699.0,,0,0,1,0.0
1772159400000,GB,initialTransmissionSystemDemandOutturn,27227.0,,0,0,1,0.0
1772161200000,GB,initialTransmissionSystemDemandOutturn,26291.0,,0,0,1,0.0
1772163000000,GB,initialTransmissionSystemDemandOutturn,25175.0,,0,0,1,0.0
1772164800000,GB,initialTransmissionSystemDemandOutturn,25173.0,,0,0,1,0.0
1772166600000,GB,initialTransmissionSystemDemandOutturn,25109.0,,0,0,1,0.0
1772168400000,GB,initialTransmissionSystemDemandOutturn,25437.0,,0,0,1,0.0
1772170200000,GB,initialTransmissionSystemDemandOutturn,26238.0,,0,0,1,0.0
1772172000000,GB,initialTransmissionSystemDemandOutturn,28280.0,,0,0,1,0.0
1772173800000,GB,initialTransmissionSystemDemandOutturn,30988.0,,0,0,1,0.0
1772175600000,GB,initialTransmissionSystemDemandOutturn,33773.0,,0,0,1,0.0
1772177400000,GB,initialTransmissionSystemDemandOutturn,35436.0,,0,0,1,0.0
1772179200000,GB,initialTransmissionSystemDemandOutturn,36345.0,,0,0,1,0.0
1772181000000,GB,initialTransmissionSystemDemandOutturn,36372.0,,0,0,1,0.0
1772182800000,GB,initialTransmissionSystemDemandOutturn,36433.0,,0,0,1,0.0
1772184600000,GB,initialTransmissionSystemDemandOutturn,36210.0,,0,0,1,0.0
1772186400000,GB,initialTransmissionSystemDemandOutturn,35667.0,,0,0,1,0.0
1772188200000,GB,initialTransmissionSystemDemandOutturn,35324.0,,0,0,1,0.0
1772190000000,GB,initialTransmissionSystemDemandOutturn,35114.0,,0,0,1,0.0
1772191800000,GB,initialTransmissionSystemDemandOutturn,34965.0,,0,0,1,0.0
1772193600000,GB,initialTransmissionSystemDemandOutturn,34781.0,,0,0,1,0.0
1772195400000,GB,initialTransmissionSystemDemandOutturn,34527.0,,0,0,1,0.0
1772197200000,GB,initialTransmissionSystemDemandOutturn,34635.0,,0,0,1,0.0
1772199000000,GB,initialTransmissionSystemDemandOutturn,34342.0,,0,0,1,0.0
1772200800000,GB,initialTransmissionSystemDemandOutturn,34042.0,,0,0,1,0.0
1772202600000,GB,initialTransmissionSystemDemandOutturn,33711.0,,0,0,1,0.0
1772204400000,GB,initialTransmissionSystemDemandOutturn,33825.0,,0,0,1,0.0
1772206200000,GB,initialTransmissionSystemDemandOutturn,34703.0,,0,0,1,0.0
1772208000000,GB,initialTransmissionSystemDemandOutturn,35242.0,,0,0,1,0.0
1772209800000,GB,initialTransmissionSystemDemandOutturn,65328.7700432463,36330.0,1,1,1,0.7982045153659869
1772211600000,GB,initialTransmissionSystemDemandOutturn,37562.0,,0,0,1,0.0
1772213400000,GB,initialTransmissionSystemDemandOutturn,38161.0,,0,0,1,0.0
1772215200000,GB,initialTransmissionSystemDemandOutturn,39110.0,,0,0,1,0.0
1772217000000,GB,initialTransmissionSystemDemandOutturn,38641.0,,0,0,1,0.0
1772218800000,GB,initialTransmissionSystemDemandOutturn,37819.0,,0,0,1,0.0
1772220600000,GB,initialTransmissionSystemDemandOutturn,36690.0,,0,0,1,0.0
1772222400000,GB,initialTransmissionSystemDemandOutturn,35940.0,,0,0,1,0.0
1772224200000,GB,initialTransmissionSystemDemandOutturn,35059.0,,0,0,1,0.0
1772226000000,GB,initialTransmissionSystemDemandOutturn,33553.0,,0,0,1,0.0
1772227800000,GB,initialTransmissionSystemDemandOutturn,31944.0,,0,0,1,0.0
1772229600000,GB,initialTransmissionSystemDemandOutturn,30614.0,,0,0,1,0.0
1772231400000,GB,initialTransmissionSystemDemandOutturn,29154.0,,0,0,1,0.0
1772233200000,GB,initialTransmissionSystemDemandOutturn,28010.0,,0,0,1,0.0
1772235000000,GB,initialTransmissionSystemDemandOutturn,27180.0,,0,0,1,0.0
1772236800000,GB,initialTransmissionSystemDemandOutturn,27270.0,,0,0,1,0.0
1772238600000,GB,initialTransmissionSystemDemandOutturn,27651.0,,0,0,1,0.0
1772240400000,GB,initialTransmissionSystemDemandOutturn,27312.0,,0,0,1,0.0
1772242200000,GB,initialTransmissionSystemDemandOutturn,26982.0,,0,0,1,0.0
1772244000000,GB,initialTransmissionSystemDemandOutturn,26588.0,,0,0,1,0.0
1772245800000,GB,initialTransmissionSystemDemandOutturn,26038.0,,0,0,1,0.0
1772247600000,GB,initialTransmissionSystemDemandOutturn,25943.0,,0,0,1,0.0
1772249400000,GB,initialTransmissionSystemDemandOutturn,25547.0,,0,0,1,0.0
1772251200000,GB,initialTransmissionSystemDemandOutturn,25613.0,,0,0,1,0.0
1772253000000,GB,initialTransmissionSystemDemandOutturn,25436.0,,0,0,1,0.0
1772254800000,GB,initialTransmissionSystemDemandOutturn,24853.0,,0,0,1,0.0
1772256600000,GB,initialTransmissionSystemDemandOutturn,24311.0,,0,0,1,0.0
1772258400000,GB,initialTransmissionSystemDemandOutturn,25228.0,,0,0,1,0.0
1772260200000,GB,initialTransmissionSystemDemandOutturn,25651.0,,0,0,1,0.0
1772262000000,GB,initialTransmissionSystemDemandOutturn,27021.0,,0,0,1,0.0
1772263800000,GB,initialTransmissionSystemDemandOutturn,27973.0,,0,0,1,0.0
1772265600000,GB,initialTransmissionSystemDemandOutturn,28973.0,,0,0,1,0.0
1772267400000,GB,initialTransmissionSystemDemandOutturn,29674.0,,0,0,1,0.0
1772269200000,GB,initialTransmissionSystemDemandOutturn,30540.0,,0,0,1,0.0
1772271000000,GB,initialTransmissionSystemDemandOutturn,30022.0,,0,0,1,0.0
1772272800000,GB,initialTransmissionSystemDemandOutturn,29257.0,,0,0,1,0.0
1772274600000,GB,initialTransmissionSystemDemandOutturn,28645.0,,0,0,1,0.0
1772276400000,GB,initialTransmissionSystemDemandOutturn,28236.0,,0,0,1,0.0
1772278200000,GB,initialTransmissionSystemDemandOutturn,28219.0,,0,0,1,0.0
1772280000000,GB,initialTransmissionSystemDemandOutturn,27841.0,,0,0,1,0.0
1772281800000,GB,initialTransmissionSystemDemandOutturn,27539.0,,0,0,1,0.0
1772283600000,GB,initialTransmissionSystemDemandOutturn,27259.0,,0,0,1,0.0
1772285400000,GB,initialTransmissionSystemDemandOutturn,27462.0,,0,0,1,0.0
1772287200000,GB,initialTransmissionSystemDemandOutturn,27602.0,,0,0,1,0.0
1772289000000,GB,initialTransmissionSystemDemandOutturn,28047.0,,0,0,1,0.0
1772290800000,GB,initialTransmissionSystemDemandOutturn,28642.0,,0,0,1,0.0
1772292600000,GB,initialTransmissionSystemDemandOutturn,29976.0,,0,0,1,0.0
1772294400000,GB,initialTransmissionSystemDemandOutturn,31216.0,,0,0,1,0.0
1772296200000,GB,initialTransmissionSystemDemandOutturn,32707.0,,0,0,1,0.0
1772298000000,GB,initialTransmissionSystemDemandOutturn,35248.0,,0,0,1,0.0
1772299800000,GB,initialTransmissionSystemDemandOutturn,36631.0,,0,0,1,0.0
1772301600000,GB,initialTransmissionSystemDemandOutturn,37253.0,,0,0,1,0.0
1772303400000,GB,initialTransmissionSystemDemandOutturn,37488.0,,0,0,1,0.0
1772305200000,GB,initialTransmissionSystemDemandOutturn,36781.0,,0,0,1,0.0
1772307000000,GB,initialTransmissionSystemDemandOutturn,35983.0,,0,0,1,0.0
1772308800000,GB,initialTransmissionSystemDemandOutturn,35131.0,,0,0,1,0.0
1772310600000,GB,initialTransmissionSystemDemandOutturn,33857.0,,0,0,1,0.0
1772312400000,GB,initialTransmissionSystemDemandOutturn,32922.0,,0,0,1,0.0
1772314200000,GB,initialTransmissionSystemDemandOutturn,31099.0,,0,0,1,0.0
1772316000000,GB,initialTransmissionSystemDemandOutturn,29162.0,,0,0,1,0.0
1772317800000,GB,initialTransmissionSystemDemandOutturn,27899.0,,0,0,1,0.0
1772319600000,GB,initialTransmissionSystemDemandOutturn,27069.0,,0,0,1,0.0
1772321400000,GB,initialTransmissionSystemDemandOutturn,26353.0,,0,0,1,0.0
1772323200000,GB,initialTransmissionSystemDemandOutturn,26777.0,,0,0,1,0.0
1772325000000,GB,initialTransmissionSystemDemandOutturn,26873.0,,0,0,1,0.0
1772326800000,GB,initialTransmissionSystemDemandOutturn,26074.0,,0,0,1,0.0
1772328600000,GB,initialTransmissionSystemDemandOutturn,25308.0,,0,0,1,0.0
1772330400000,GB,initialTransmissionSystemDemandOutturn,24316.0,,0,0,1,0.0
1772332200000,GB,initialTransmissionSystemDemandOutturn,24018.0,,0,0,1,0.0
1772334000000,GB,initialTransmissionSystemDemandOutturn,23769.0,,0,0,1,0.0
1772335800000,GB,initialTransmissionSystemDemandOutturn,23853.0,,0,0,1,0.0
1772337600000,GB,initialTransmissionSystemDemandOutturn,23945.0,,0,0,1,0.0
1772339400000,GB,initialTransmissionSystemDemandOutturn,24033.0,,0,0,1,0.0
1772341200000,GB,initialTransmissionSystemDemandOutturn,25172.0,,0,0,1,0.0
1772343000000,GB,initialTransmissionSystemDemandOutturn,25343.0,,0,0,1,0.0
1772344800000,GB,initialTransmissionSystemDemandOutturn,25881.0,,0,0,1,0.0
1772346600000,GB,initialTransmissionSystemDemandOutturn,26534.0,,0,0,1,0.0
1772348400000,GB,initialTransmissionSystemDemandOutturn,27206.0,,0,0,1,0.0
1772350200000,GB,initialTransmissionSystemDemandOutturn,27590.0,,0,0,1,0.0
1772352000000,GB,initialTransmissionSystemDemandOutturn,28159.0,,0,0,1,0.0
1772353800000,GB,initialTransmissionSystemDemandOutturn,28749.0,,0,0,1,0.0
1772355600000,GB,initialTransmissionSystemDemandOutturn,29088.0,,0,0,1,0.0
1772357400000,GB,initialTransmissionSystemDemandOutturn,29256.0,,0,0,1,0.0
1772359200000,GB,initialTransmissionSystemDemandOutturn,29209.0,,0,0,1,0.0
1772361000000,GB,initialTransmissionSystemDemandOutturn,28928.0,,0,0,1,0.0
1772362800000,GB,initialTransmissionSystemDemandOutturn,28584.0,,0,0,1,0.0
1772364600000,GB,initialTransmissionSystemDemandOutturn,29375.0,,0,0,1,0.0
1772366400000,GB,initialTransmissionSystemDemandOutturn,30062.0,,0,0,1,0.0
1772368200000,GB,initialTransmissionSystemDemandOutturn,30143.0,,0,0,1,0.0
1772370000000,GB,initialTransmissionSystemDemandOutturn,30476.0,,0,0,1,0.0
1772371800000,GB,initialTransmissionSystemDemandOutturn,30423.0,,0,0,1,0.0
1772373600000,GB,initialTransmissionSystemDemandOutturn,29552.0,,0,0,1,0.0
1772375400000,GB,initialTransmissionSystemDemandOutturn,29382.0,,0,0,1,0.0
1772377200000,GB,initialTransmissionSystemDemandOutturn,29957.0,,0,0,1,0.0
1772379000000,GB,initialTransmissionSystemDemandOutturn,30989.0,,0,0,1,0.0
1772380800000,GB,initialTransmissionSystemDemandOutturn,32312.0,,0,0,1,0.0
1772382600000,GB,initialTransmissionSystemDemandOutturn,33282.0,,0,0,1,0.0
1772384400000,GB,initialTransmissionSystemDemandOutturn,33916.0,,0,0,1,0.0
1772386200000,GB,initialTransmissionSystemDemandOutturn,34438.0,,0,0,1,0.0
1772388000000,GB,initialTransmissionSystemDemandOutturn,35250.0,,0,0,1,0.0
1772389800000,GB,initialTransmissionSystemDemandOutturn,34546.0,,0,0,1,0.0
1772391600000,GB,initialTransmissionSystemDemandOutturn,33776.0,,0,0,1,0.0
1772393400000,GB,initialTransmissionSystemDemandOutturn,32495.0,,0,0,1,0.0
1772395200000,GB,initialTransmissionSystemDemandOutturn,32526.0,,0,0,1,0.0
1772397000000,GB,initialTransmissionSystemDemandOutturn,31984.0,,0,0,1,0.0
1772398800000,GB,initialTransmissionSystemDemandOutturn,32200.0,,0,0,1,0.0
1772400600000,GB,initialTransmissionSystemDemandOutturn,31467.0,,0,0,1,0.0
1772402400000,GB,initialTransmissionSystemDemandOutturn,30213.0,,0,0,1,0.0
1772404200000,GB,initialTransmissionSystemDemandOutturn,28892.0,,0,0,1,0.0
1772406000000,GB,initialTransmissionSystemDemandOutturn,29300.0,,0,0,1,0.0
1772407800000,GB,initialTransmissionSystemDemandOutturn,28546.0,,0,0,1,0.0
1772409600000,GB,initialTransmissionSystemDemandOutturn,28963.0,,0,0,1,0.0
1772411400000,GB,initialTransmissionSystemDemandOutturn,29693.0,,0,0,1,0.0
1772413200000,GB,initialTransmissionSystemDemandOutturn,29960.0,,0,0,1,0.0
1772415000000,GB,initialTransmissionSystemDemandOutturn,29413.0,,0,0,1,0.0
1772416800000,GB,initialTransmissionSystemDemandOutturn,28997.0,,0,0,1,0.0
1772418600000,GB,initialTransmissionSystemDemandOutturn,28735.0,,0,0,1,0.0
1772420400000,GB,initialTransmissionSystemDemandOutturn,28180.0,,0,0,1,0.0
1772422200000,GB,initialTransmissionSystemDemandOutturn,28044.0,,0,0,1,0.0
1772424000000,GB,initialTransmissionSystemDemandOutturn,27678.0,,0,0,1,0.0
1772425800000,GB,initialTransmissionSystemDemandOutturn,27876.0,,0,0,1,0.0
1772427600000,GB,initialTransmissionSystemDemandOutturn,27843.0,,0,0,1,0.0
1772429400000,GB,initialTransmissionSystemDemandOutturn,27996.0,,0,0,1,0.0
1772431200000,GB,initialTransmissionSystemDemandOutturn,29170.0,,0,0,1,0.0
1772433000000,GB,initialTransmissionSystemDemandOutturn,30185.0,,0,0,1,0.0
1772434800000,GB,initialTransmissionSystemDemandOutturn,30873.0,,0,0,1,0.0
1772436600000,GB,initialTransmissionSystemDemandOutturn,31792.0,,0,0,1,0.0
1772438400000,GB,initialTransmissionSystemDemandOutturn,32258.0,,0,0,1,0.0
1772440200000,GB,initialTransmissionSystemDemandOutturn,32326.0,,0,0,1,0.0
1772442000000,GB,initialTransmissionSystemDemandOutturn,31794.0,,0,0,1,0.0
1772443800000,GB,initialTransmissionSystemDemandOutturn,30830.0,,0,0,1,0.0
1772445600000,GB,initialTransmissionSystemDemandOutturn,29860.0,,0,0,1,0.0
1772447400000,GB,initialTransmissionSystemDemandOutturn,29071.0,,0,0,1,0.0
1772449200000,GB,initialTransmissionSystemDemandOutturn,28365.0,,0,0,1,0.0
1772451000000,GB,initialTransmissionSystemDemandOutturn,27761.0,,0,0,1,0.0
1772452800000,GB,initialTransmissionSystemDemandOutturn,27798.0,,0,0,1,0.0
1772454600000,GB,initialTransmissionSystemDemandOutturn,27731.0,,0,0,1,0.0
1772456400000,GB,initialTransmissionSystemDemandOutturn,27391.0,,0,0,1,0.0
1772458200000,GB,initialTransmissionSystemDemandOutturn,27090.0,,0,0,1,0.0
1772460000000,GB,initialTransmissionSystemDemandOutturn,27115.0,,0,0,1,0.0
1772461800000,GB,initialTransmissionSystemDemandOutturn,27738.0,,0,0,1,0.0
1772463600000,GB,initialTransmissionSystemDemandOutturn,30048.0,,0,0,1,0.0
1772465400000,GB,initialTransmissionSystemDemandOutturn,32097.0,,0,0,1,0.0
1772467200000,GB,initialTransmissionSystemDemandOutturn,34842.0,,0,0,1,0.0
1772469000000,GB,initialTransmissionSystemDemandOutturn,37258.0,,0,0,1,0.0
1772470800000,GB,initialTransmissionSystemDemandOutturn,39494.0,,0,0,1,0.0
1772472600000,GB,initialTransmissionSystemDemandOutturn,40879.0,,0,0,1,0.0
1772474400000,GB,initialTransmissionSystemDemandOutturn,40474.0,,0,0,1,0.0
1772476200000,GB,initialTransmissionSystemDemandOutturn,40331.0,,0,0,1,0.0
1772478000000,GB,initialTransmissionSystemDemandOutturn,39965.0,,0,0,1,0.0
1772479800000,GB,initialTransmissionSystemDemandOutturn,38576.0,,0,0,1,0.0
1772481600000,GB,initialTransmissionSystemDemandOutturn,37586.0,,0,0,1,0.0
1772483400000,GB,initialTransmissionSystemDemandOutturn,36336.0,,0,0,1,0.0
1772485200000,GB,initialTransmissionSystemDemandOutturn,34957.0,,0,0,1,0.0
1772487000000,GB,initialTransmissionSystemDemandOutturn,33384.0,,0,0,1,0.0
1772488800000,GB,initialTransmissionSystemDemandOutturn,31513.0,,0,0,1,0.0
1772490600000,GB,initialTransmissionSystemDemandOutturn,29601.0,,0,0,1,0.0
1772492400000,GB,initialTransmissionSystemDemandOutturn,28000.0,,0,0,1,0.0
1772494200000,GB,initialTransmissionSystemDemandOutturn,27036.0,,0,0,1,0.0
1772496000000,GB,initialTransmissionSystemDemandOutturn,27792.0,,0,0,1,0.0
1772497800000,GB,initialTransmissionSystemDemandOutturn,28033.0,,0,0,1,0.0
1772499600000,GB,initialTransmissionSystemDemandOutturn,27607.0,,0,0,1,0.0
1772501400000,GB,initialTransmissionSystemDemandOutturn,27111.0,,0,0,1,0.0
1772503200000,GB,initialTransmissionSystemDemandOutturn,26922.0,,0,0,1,0.0
1772505000000,GB,initialTransmissionSystemDemandOutturn,26388.0,,0,0,1,0.0
1772506800000,GB,initialTransmissionSystemDemandOutturn,25975.0,,0,0,1,0.0
1772508600000,GB,initialTransmissionSystemDemandOutturn,25233.0,,0,0,1,0.0
1772510400000,GB,initialTransmissionSystemDemandOutturn,25457.0,,0,0,1,0.0
1772512200000,GB,initialTransmissionSystemDemandOutturn,25846.0,,0,0,1,0.0
1772514000000,GB,initialTransmissionSystemDemandOutturn,27692.0,,0,0,1,0.0
1772515800000,GB,initialTransmissionSystemDemandOutturn,28815.0,,0,0,1,0.0
1772517600000,GB,initialTransmissionSystemDemandOutturn,30982.0,,0,0,1,0.0
1772519400000,GB,initialTransmissionSystemDemandOutturn,32817.0,,0,0,1,0.0
1772521200000,GB,initialTransmissionSystemDemandOutturn,34138.0,,0,0,1,0.0
1772523000000,GB,initialTransmissionSystemDemandOutturn,34646.0,,0,0,1,0.0
1772524800000,GB,initialTransmissionSystemDemandOutturn,35304.0,,0,0,1,0.0
1772526600000,GB,initialTransmissionSystemDemandOutturn,34798.0,,0,0,1,0.0
1772528400000,GB,initialTransmissionSystemDemandOutturn,33904.0,,0,0,1,0.0
1772530200000,GB,initialTransmissionSystemDemandOutturn,33203.0,,0,0,1,0.0
1772532000000,GB,initialTransmissionSystemDemandOutturn,32213.0,,0,0,1,0.0
1772533800000,GB,initialTransmissionSystemDemandOutturn,31798.0,,0,0,1,0.0
1772535600000,GB,initialTransmissionSystemDemandOutturn,31176.0,,0,0,1,0.0
1772537400000,GB,initialTransmissionSystemDemandOutturn,31179.0,,0,0,1,0.0
1772539200000,GB,initialTransmissionSystemDemandOutturn,30958.0,,0,0,1,0.0
1772541000000,GB,initialTransmissionSystemDemandOutturn,30732.0,,0,0,1,0.0
1772542800000,GB,initialTransmissionSystemDemandOutturn,30534.0,,0,0,1,0.0
1772544600000,GB,initialTransmissionSystemDemandOutturn,30353.0,,0,0,1,0.0
1772546400000,GB,initialTransmissionSystemDemandOutturn,30647.0,,0,0,1,0.0
1772548200000,GB,initialTransmissionSystemDemandOutturn,31119.0,,0,0,1,0.0
1772550000000,GB,initialTransmissionSystemDemandOutturn,31694.0,,0,0,1,0.0
1772551800000,GB,initialTransmissionSystemDemandOutturn,33346.0,,0,0,1,0.0
1772553600000,GB,initialTransmissionSystemDemandOutturn,35841.0,,0,0,1,0.0
1772555400000,GB,initialTransmissionSystemDemandOutturn,37668.0,,0,0,1,0.0
1772557200000,GB,initialTransmissionSystemDemandOutturn,39137.0,,0,0,1,0.0
1772559000000,GB,initialTransmissionSystemDemandOutturn,40458.0,,0,0,1,0.0
1772560800000,GB,initialTransmissionSystemDemandOutturn,40440.0,,0,0,1,0.0
1772562600000,GB,initialTransmissionSystemDemandOutturn,40271.0,,0,0,1,0.0
1772564400000,GB,initialTransmissionSystemDemandOutturn,40132.0,,0,0,1,0.0
1772566200000,GB,initialTransmissionSystemDemandOutturn,39053.0,,0,0,1,0.0
1772568000000,GB,initialTransmissionSystemDemandOutturn,37896.0,,0,0,1,0.0
1772569800000,GB,initialTransmissionSystemDemandOutturn,36363.0,,0,0,1,0.0
1772571600000,GB,initialTransmissionSystemDemandOutturn,35307.0,,0,0,1,0.0
1772573400000,GB,initialTransmissionSystemDemandOutturn,33077.0,,0,0,1,0.0
1772575200000,GB,initialTransmissionSystemDemandOutturn,31097.0,,0,0,1,0.0
1772577000000,GB,initialTransmissionSystemDemandOutturn,29278.0,,0,0,1,0.0
1772578800000,GB,initialTransmissionSystemDemandOutturn,27934.0,,0,0,1,0.0
1772580600000,GB,initialTransmissionSystemDemandOutturn,26977.0,,0,0,1,0.0
1772582400000,GB,initialTransmissionSystemDemandOutturn,27556.0,,0,0,1,0.0
1772584200000,GB,initialTransmissionSystemDemandOutturn,28193.0,,0,0,1,0.0
1772586000000,GB,initialTransmissionSystemDemandOutturn,27913.0,,0,0,1,0.0
1772587800000,GB,initialTransmissionSystemDemandOutturn,47768.76206621239,27241.0,1,1,1,0.7535612520176346
1772589600000,GB,initialTransmissionSystemDemandOutturn,27016.0,,0,0,1,0.0
1772591400000,GB,initialTransmissionSystemDemandOutturn,26706.0,,0,0,1,0.0
1772593200000,GB,initialTransmissionSystemDemandOutturn,26457.0,,0,0,1,0.0
1772595000000,GB,initialTransmissionSystemDemandOutturn,26039.0,,0,0,1,0.0
1772596800000,GB,initialTransmissionSystemDemandOutturn,25798.0,,0,0,1,0.0
1772598600000,GB,initialTransmissionSystemDemandOutturn,26019.0,,0,0,1,0.0
1772600400000,GB,initialTransmissionSystemDemandOutturn,27576.0,,0,0,1,0.0
1772602200000,GB,initialTransmissionSystemDemandOutturn,28527.0,,0,0,1,0.0
1772604000000,GB,initialTransmissionSystemDemandOutturn,30308.0,,0,0,1,0.0
1772605800000,GB,initialTransmissionSystemDemandOutturn,32780.0,,0,0,1,0.0
1772607600000,GB,initialTransmissionSystemDemandOutturn,33930.0,,0,0,1,0.0
1772609400000,GB,initialTransmissionSystemDemandOutturn,34853.0,,0,0,1,0.0
1772611200000,GB,initialTransmissionSystemDemandOutturn,34905.0,,0,0,1,0.0
1772613000000,GB,initialTransmissionSystemDemandOutturn,34966.0,,0,0,1,0.0
1772614800000,GB,initialTransmissionSystemDemandOutturn,34663.0,,0,0,1,0.0
1772616600000,GB,initialTransmissionSystemDemandOutturn,33540.0,,0,0,1,0.0
1772618400000,GB,initialTransmissionSystemDemandOutturn,33163.0,,0,0,1,0.0
1772620200000,GB,initialTransmissionSystemDemandOutturn,32064.0,,0,0,1,0.0
1772622000000,GB,initialTransmissionSystemDemandOutturn,30989.0,,0,0,1,0.0
1772623800000,GB,initialTransmissionSystemDemandOutturn,29911.0,,0,0,1,0.0
1772625600000,GB,initialTransmissionSystemDemandOutturn,29265.0,,0,0,1,0.0
1772627400000,GB,initialTransmissionSystemDemandOutturn,28641.0,,0,0,1,0.0
1772629200000,GB,initialTransmissionSystemDemandOutturn,28371.0,,0,0,1,0.0
1772631000000,GB,initialTransmissionSystemDemandOutturn,28447.0,,0,0,1,0.0
1772632800000,GB,initialTransmissionSystemDemandOutturn,28489.0,,0,0,1,0.0
1772634600000,GB,initialTransmissionSystemDemandOutturn,28560.0,,0,0,1,0.0
1772636400000,GB,initialTransmissionSystemDemandOutturn,29505.0,,0,0,1,0.0
1772638200000,GB,initialTransmissionSystemDemandOutturn,31609.0,,0,0,1,0.0
1772640000000,GB,initialTransmissionSystemDemandOutturn,33760.0,,0,0,1,0.0
1772641800000,GB,initialTransmissionSystemDemandOutturn,5178.249518579931,36154.0,1,1,1,0.8567724313055283
1772643600000,GB,initialTransmissionSystemDemandOutturn,38737.0,,0,0,1,0.0
1772645400000,GB,initialTransmissionSystemDemandOutturn,40531.0,,0,0,1,0.0
1772647200000,GB,initialTransmissionSystemDemandOutturn,40335.0,,0,0,1,0.0
1772649000000,GB,initialTransmissionSystemDemandOutturn,40277.0,,0,0,1,0.0
1772650800000,GB,initialTransmissionSystemDemandOutturn,39058.0,,0,0,1,0.0
1772652600000,GB,initialTransmissionSystemDemandOutturn,38036.0,,0,0,1,0.0
1772654400000,GB,initialTransmissionSystemDemandOutturn,37221.0,,0,0,1,0.0
1772656200000,GB,initialTransmissionSystemDemandOutturn,35759.0,,0,0,1,0.0
1772658000000,GB,initialTransmissionSystemDemandOutturn,34225.0,,0,0,1,0.0
1772659800000,GB,initialTransmissionSystemDemandOutturn,32591.0,,0,0,1,0.0
1772661600000,GB,initialTransmissionSystemDemandOutturn,30542.0,,0,0,1,0.0
1772663400000,GB,initialTransmissionSystemDemandOutturn,29383.0,,0,0,1,0.0
1772665200000,GB,initialTransmissionSystemDemandOutturn,27587.0,,0,0,1,0.0
1772667000000,GB,initialTransmissionSystemDemandOutturn,26803.0,,0,0,1,0.0
1772668800000,GB,initialTransmissionSystemDemandOutturn,27403.0,,0,0,1,0.0
1772670600000,GB,initialTransmissionSystemDemandOutturn,27899.0,,0,0,1,0.0
1772672400000,GB,initialTransmissionSystemDemandOutturn,27650.0,,0,0,1,0.0
1772674200000,GB,initialTransmissionSystemDemandOutturn,27020.0,,0,0,1,0.0
1772676000000,GB,initialTransmissionSystemDemandOutturn,26639.0,,0,0,1,0.0
1772677800000,GB,initialTransmissionSystemDemandOutturn,26304.0,,0,0,1,0.0
1772679600000,GB,initialTransmissionSystemDemandOutturn,26074.0,,0,0,1,0.0
1772681400000,GB,initialTransmissionSystemDemandOutturn,25958.0,,0,0,1,0.0
1772683200000,GB,initialTransmissionSystemDemandOutturn,26389.0,,0,0,1,0.0
1772685000000,GB,initialTransmissionSystemDemandOutturn,25798.0,,0,0,1,0.0
1772686800000,GB,initialTransmissionSystemDemandOutturn,26335.0,,0,0,1,0.0
1772688600000,GB,initialTransmissionSystemDemandOutturn,27091.0,,0,0,1,0.0
1772690400000,GB,initialTransmissionSystemDemandOutturn,28986.0,,0,0,1,0.0
1772692200000,GB,initialTransmissionSystemDemandOutturn,30864.0,,0,0,1,0.0
1772694000000,GB,initialTransmissionSystemDemandOutturn,32569.0,,0,0,1,0.0
1772695800000,GB,initialTransmissionSystemDemandOutturn,33461.0,,0,0,1,0.0
1772697600000,GB,initialTransmissionSystemDemandOutturn,32789.0,,0,0,1,0.0
1772699400000,GB,initialTransmissionSystemDemandOutturn,32229.0,,0,0,1,0.0
1772701200000,GB,initialTransmissionSystemDemandOutturn,31190.0,,0,0,1,0.0
1772703000000,GB,initialTransmissionSystemDemandOutturn,30265.0,,0,0,1,0.0
1772704800000,GB,initialTransmissionSystemDemandOutturn,29307.0,,0,0,1,0.0
1772706600000,GB,initialTransmissionSystemDemandOutturn,28618.0,,0,0,1,0.0
1772708400000,GB,initialTransmissionSystemDemandOutturn,27643.0,,0,0,1,0.0
1772710200000,GB,initialTransmissionSystemDemandOutturn,27014.0,,0,0,1,0.0
1772712000000,GB,initialTransmissionSystemDemandOutturn,26997.0,,0,0,1,0.0
1772713800000,GB,initialTransmissionSystemDemandOutturn,26822.0,,0,0,1,0.0
1772715600000,GB,initialTransmissionSystemDemandOutturn,27121.0,,0,0,1,0.0
1772717400000,GB,initialTransmissionSystemDemandOutturn,27322.0,,0,0,1,0.0
1772719200000,GB,initialTransmissionSystemDemandOutturn,28060.0,,0,0,1,0.0
1772721000000,GB,initialTransmissionSystemDemandOutturn,28873.0,,0,0,1,0.0
1772722800000,GB,initialTransmissionSystemDemandOutturn,29873.0,,0,0,1,0.0
1772724600000,GB,initialTransmissionSystemDemandOutturn,31892.0,,0,0,1,0.0
1772726400000,GB,initialTransmissionSystemDemandOutturn,34375.0,,0,0,1,0.0
1772728200000,GB,initialTransmissionSystemDemandOutturn,36203.0,,0,0,1,0.0
1772730000000,GB,initialTransmissionSystemDemandOutturn,37828.0,,0,0,1,0.0
1772731800000,GB,initialTransmissionSystemDemandOutturn,39290.0,,0,0,1,0.0
1772733600000,GB,initialTransmissionSystemDemandOutturn,39441.0,,0,0,1,0.0
1772735400000,GB,initialTransmissionSystemDemandOutturn,39421.0,,0,0,1,0.0
1772737200000,GB,initialTransmissionSystemDemandOutturn,39578.0,,0,0,1,0.0
1772739000000,GB,initialTransmissionSystemDemandOutturn,38489.0,,0,0,1,0.0
1772740800000,GB,initialTransmissionSystemDemandOutturn,36890.0,,0,0,1,0.0
1772742600000,GB,initialTransmissionSystemDemandOutturn,35228.0,,0,0,1,0.0
1772744400000,GB,initialTransmissionSystemDemandOutturn,33614.0,,0,0,1,0.0
1772746200000,GB,initialTransmissionSystemDemandOutturn,32025.0,,0,0,1,0.0
1772748000000,GB,initialTransmissionSystemDemandOutturn,30047.0,,0,0,1,0.0
1772749800000,GB,initialTransmissionSystemDemandOutturn,28894.0,,0,0,1,0.0
1772751600000,GB,initialTransmissionSystemDemandOutturn,27579.0,,0,0,1,0.0
1772753400000,GB,initialTransmissionSystemDemandOutturn,26801.0,,0,0,1,0.0
1772755200000,GB,initialTransmissionSystemDemandOutturn,27439.0,,0,0,1,0.0
1772757000000,GB,initialTransmissionSystemDemandOutturn,28024.0,,0,0,1,0.0
1772758800000,GB,initialTransmissionSystemDemandOutturn,27708.0,,0,0,1,0.0
1772760600000,GB,initialTransmissionSystemDemandOutturn,26946.0,,0,0,1,0.0
1772762400000,GB,initialTransmissionSystemDemandOutturn,26422.0,,0,0,1,0.0
1772764200000,GB,initialTransmissionSystemDemandOutturn,25704.0,,0,0,1,0.0
1772766000000,GB,initialTransmissionSystemDemandOutturn,25347.0,,0,0,1,0.0
1772767800000,GB,initialTransmissionSystemDemandOutturn,24869.0,,0,0,1,0.0
1772769600000,GB,initialTransmissionSystemDemandOutturn,25078.0,,0,0,1,0.0
1772771400000,GB,initialTransmissionSystemDemandOutturn,25346.0,,0,0,1,0.0
1772773200000,GB,initialTransmissionSystemDemandOutturn,27454.0,,0,0,1,0.0
1772775000000,GB,initialTransmissionSystemDemandOutturn,28555.0,,0,0,1,0.0
1772776800000,GB,initialTransmissionSystemDemandOutturn,30950.0,,0,0,1,0.0
1772778600000,GB,initialTransmissionSystemDemandOutturn,33162.0,,0,0,1,0.0
1772780400000,GB,initialTransmissionSystemDemandOutturn,33845.0,,0,0,1,0.0
1772782200000,GB,initialTransmissionSystemDemandOutturn,35145.0,,0,0,1,0.0
1772784000000,GB,initialTransmissionSystemDemandOutturn,35937.0,,0,0,1,0.0
1772785800000,GB,initialTransmissionSystemDemandOutturn,36365.0,,0,0,1,0.0
1772787600000,GB,initialTransmissionSystemDemandOutturn,36889.0,,0,0,1,0.0
1772789400000,GB,initialTransmissionSystemDemandOutturn,36606.0,,0,0,1,0.0
1772791200000,GB,initialTransmissionSystemDemandOutturn,36515.0,,0,0,1,0.0
1772793000000,GB,initialTransmissionSystemDemandOutturn,36662.0,,0,0,1,0.0
1772794800000,GB,initialTransmissionSystemDemandOutturn,37032.0,,0,0,1,0.0
1772796600000,GB,initialTransmissionSystemDemandOutturn,36763.0,,0,0,1,0.0
1772798400000,GB,initialTransmissionSystemDemandOutturn,36432.0,,0,0,1,0.0
1772800200000,GB,initialTransmissionSystemDemandOutturn,36466.0,,0,0,1,0.0
1772802000000,GB,initialTransmissionSystemDemandOutturn,36421.0,,0,0,1,0.0
1772803800000,GB,initialTransmissionSystemDemandOutturn,36099.0,,0,0,1,0.0
1772805600000,GB,initialTransmissionSystemDemandOutturn,36004.0,,0,0,1,0.0
1772807400000,GB,initialTransmissionSystemDemandOutturn,35713.0,,0,0,1,0.0
1772809200000,GB,initialTransmissionSystemDemandOutturn,3028.0528030659957,35778.0,1,1,1,0.9153655094453017
1772811000000,GB,initialTransmissionSystemDemandOutturn,36556.0,,0,0,1,0.0
1772812800000,GB,initialTransmissionSystemDemandOutturn,38433.0,,0,0,1,0.0
1772814600000,GB,initialTransmissionSystemDemandOutturn,39700.0,,0,0,1,0.0
1772816400000,GB,initialTransmissionSystemDemandOutturn,40361.0,,0,0,1,0.0
1772818200000,GB,initialTransmissionSystemDemandOutturn,41398.0,,0,0,1,0.0
1772820000000,GB,initialTransmissionSystemDemandOutturn,41121.0,,0,0,1,0.0
1772821800000,GB,initialTransmissionSystemDemandOutturn,40721.0,,0,0,1,0.0
1772823600000,GB,initialTransmissionSystemDemandOutturn,40028.0,,0,0,1,0.0
1772825400000,GB,initialTransmissionSystemDemandOutturn,38757.0,,0,0,1,0.0
1772827200000,GB,initialTransmissionSystemDemandOutturn,37079.0,,0,0,1,0.0
1772829000000,GB,initialTransmissionSystemDemandOutturn,35896.0,,0,0,1,0.0
1772830800000,GB,initialTransmissionSystemDemandOutturn,34267.0,,0,0,1,0.0
1772832600000,GB,initialTransmissionSystemDemandOutturn,32323.0,,0,0,1,0.0
1772834400000,GB,initialTransmissionSystemDemandOutturn,30726.0,,0,0,1,0.0
1772836200000,GB,initialTransmissionSystemDemandOutturn,29251.0,,0,0,1,0.0
1772838000000,GB,initialTransmissionSystemDemandOutturn,28028.0,,0,0,1,0.0
1772839800000,GB,initialTransmissionSystemDemandOutturn,26988.0,,0,0,1,0.0
1772841600000,GB,initialTransmissionSystemDemandOutturn,27335.0,,0,0,1,0.0
1772843400000,GB,initialTransmissionSystemDemandOutturn,28019.0,,0,0,1,0.0
1772845200000,GB,initialTransmissionSystemDemandOutturn,27356.0,,0,0,1,0.0
1772847000000,GB,initialTransmissionSystemDemandOutturn,27178.0,,0,0,1,0.0
1772848800000,GB,initialTransmissionSystemDemandOutturn,26247.0,,0,0,1,0.0
1772850600000,GB,initialTransmissionSystemDemandOutturn,26056.0,,0,0,1,0.0
1772852400000,GB,initialTransmissionSystemDemandOutturn,25706.0,,0,0,1,0.0
1772854200000,GB,initialTransmissionSystemDemandOutturn,25247.0,,0,0,1,0.0
1772856000000,GB,initialTransmissionSystemDemandOutturn,25304.0,,0,0,1,0.0
1772857800000,GB,initialTransmissionSystemDemandOutturn,25014.0,,0,0,1,0.0
1772859600000,GB,initialTransmissionSystemDemandOutturn,25472.0,,0,0,1,0.0
1772861400000,GB,initialTransmissionSystemDemandOutturn,25498.0,,0,0,1,0.0
1772863200000,GB,initialTransmissionSystemDemandOutturn,9356.666908119943,25787.0,1,1,1,0.6371556633916337
1772865000000,GB,initialTransmissionSystemDemandOutturn,26302.0,,0,0,1,0.0
1772866800000,GB,initialTransmissionSystemDemandOutturn,27638.0,,0,0,1,0.0
1772868600000,GB,initialTransmissionSystemDemandOutturn,28532.0,,0,0,1,0.0
1772870400000,GB,initialTransmissionSystemDemandOutturn,29719.0,,0,0,1,0.0
1772872200000,GB,initialTransmissionSystemDemandOutturn,30535.0,,0,0,1,0.0
1772874000000,GB,initialTransmissionSystemDemandOutturn,31235.0,,0,0,1,0.0
1772875800000,GB,initialTransmissionSystemDemandOutturn,31522.0,,0,0,1,0.0
1772877600000,GB,initialTransmissionSystemDemandOutturn,31293.0,,0,0,1,0.0
1772879400000,GB,initialTransmissionSystemDemandOutturn,31171.0,,0,0,1,0.0
1772881200000,GB,initialTransmissionSystemDemandOutturn,31232.0,,0,0,1,0.0
1772883000000,GB,initialTransmissionSystemDemandOutturn,31187.0,,0,0,1,0.0
1772884800000,GB,initialTransmissionSystemDemandOutturn,31188.0,,0,0,1,0.0
1772886600000,GB,initialTransmissionSystemDemandOutturn,31187.0,,0,0,1,0.0
1772888400000,GB,initialTransmissionSystemDemandOutturn,31459.0,,0,0,1,0.0
1772890200000,GB,initialTransmissionSystemDemandOutturn,31401.0,,0,0,1,0.0
1772892000000,GB,initialTransmissionSystemDemandOutturn,31373.0,,0,0,1,0.0
1772893800000,GB,initialTransmissionSystemDemandOutturn,31341.0,,0,0,1,0.0
1772895600000,GB,initialTransmissionSystemDemandOutturn,31805.0,,0,0,1,0.0
1772897400000,GB,initialTransmissionSystemDemandOutturn,32623.0,,0,0,1,0.0
1772899200000,GB,initialTransmissionSystemDemandOutturn,33636.0,,0,0,1,0.0
1772901000000,GB,initialTransmissionSystemDemandOutturn,34841.0,,0,0,1,0.0
1772902800000,GB,initialTransmissionSystemDemandOutturn,36031.0,,0,0,1,0.0
1772904600000,GB,initialTransmissionSystemDemandOutturn,36989.0,,0,0,1,0.0
1772906400000,GB,initialTransmissionSystemDemandOutturn,37588.0,,0,0,1,0.0
1772908200000,GB,initialTransmissionSystemDemandOutturn,37474.0,,0,0,1,0.0
1772910000000,GB,initialTransmissionSystemDemandOutturn,36874.0,,0,0,1,0.0
1772911800000,GB,initialTransmissionSystemDemandOutturn,35772.0,,0,0,1,0.0
1772913600000,GB,initialTransmissionSystemDemandOutturn,34908.0,,0,0,1,0.0
1772915400000,GB,initialTransmissionSystemDemandOutturn,33983.0,,0,0,1,0.0
1772917200000,GB,initialTransmissionSystemDemandOutturn,32505.0,,0,0,1,0.0
1772919000000,GB,initialTransmissionSystemDemandOutturn,31168.0,,0,0,1,0.0
1772920800000,GB,initialTransmissionSystemDemandOutturn,29580.0,,0,0,1,0.0
1772922600000,GB,initialTransmissionSystemDemandOutturn,27996.0,,0,0,1,0.0
1772924400000,GB,initialTransmissionSystemDemandOutturn,27026.0,,0,0,1,0.0
1772926200000,GB,initialTransmissionSystemDemandOutturn,26405.0,,0,0,1,0.0
1772928000000,GB,initialTransmissionSystemDemandOutturn,26269.0,,0,0,1,0.0
1772929800000,GB,initialTransmissionSystemDemandOutturn,26549.0,,0,0,1,0.0
1772931600000,GB,initialTransmissionSystemDemandOutturn,26203.0,,0,0,1,0.0
1772933400000,GB,initialTransmissionSystemDemandOutturn,25526.0,,0,0,1,0.0
1772935200000,GB,initialTransmissionSystemDemandOutturn,25145.0,,0,0,1,0.0
1772937000000,GB,initialTransmissionSystemDemandOutturn,24631.0,,0,0,1,0.0
1772938800000,GB,initialTransmissionSystemDemandOutturn,24589.0,,0,0,1,0.0
1772940600000,GB,initialTransmissionSystemDemandOutturn,24363.0,,0,0,1,0.0
1772942400000,GB,initialTransmissionSystemDemandOutturn,24432.0,,0,0,1,0.0
1772944200000,GB,initialTransmissionSystemDemandOutturn,23707.0,,0,0,1,0.0
1772946000000,GB,initialTransmissionSystemDemandOutturn,23349.0,,0,0,1,0.0
1772947800000,GB,initialTransmissionSystemDemandOutturn,23381.0,,0,0,1,0.0
1772949600000,GB,initialTransmissionSystemDemandOutturn,9345.633249681447,24321.0,1,0,0,0.615738117278013
1772951400000,GB,initialTransmissionSystemDemandOutturn,24473.0,,0,0,1,0.0
1772953200000,GB,initialTransmissionSystemDemandOutturn,25522.0,,0,0,1,0.0
1772955000000,GB,initialTransmissionSystemDemandOutturn,25905.0,,0,0,1,0.0
1772956800000,GB,initialTransmissionSystemDemandOutturn,27091.0,,0,0,1,0.0
1772958600000,GB,initialTransmissionSystemDemandOutturn,27813.0,,0,0,1,0.0
1772960400000,GB,initialTransmissionSystemDemandOutturn,29113.0,,0,0,1,0.0
1772962200000,GB,initialTransmissionSystemDemandOutturn,29645.0,,0,0,1,0.0
1772964000000,GB,initialTransmissionSystemDemandOutturn,29899.0,,0,0,1,0.0
1772965800000,GB,initialTransmissionSystemDemandOutturn,30280.0,,0,0,1,0.0
1772967600000,GB,initialTransmissionSystemDemandOutturn,30664.0,,0,0,1,0.0
1772969400000,GB,initialTransmissionSystemDemandOutturn,31007.0,,0,0,1,0.0
1772971200000,GB,initialTransmissionSystemDemandOutturn,31557.0,,0,0,1,0.0
1772973000000,GB,initialTransmissionSystemDemandOutturn,31963.0,,0,0,1,0.0
1772974800000,GB,initialTransmissionSystemDemandOutturn,32063.0,,0,0,1,0.0
1772976600000,GB,initialTransmissionSystemDemandOutturn,32125.0,,0,0,1,0.0
1772978400000,GB,initialTransmissionSystemDemandOutturn,32216.0,,0,0,1,0.0
1772980200000,GB,initialTransmissionSystemDemandOutturn,32243.0,,0,0,1,0.0
1772982000000,GB,initialTransmissionSystemDemandOutturn,32775.0,,0,0,1,0.0
1772983800000,GB,initialTransmissionSystemDemandOutturn,33569.0,,0,0,1,0.0
1772985600000,GB,initialTransmissionSystemDemandOutturn,34466.0,,0,0,1,0.0
1772987400000,GB,initialTransmissionSystemDemandOutturn,35735.0,,0,0,1,0.0
1772989200000,GB,initialTransmissionSystemDemandOutturn,37099.0,,0,0,1,0.0
1772991000000,GB,initialTransmissionSystemDemandOutturn,38000.0,,0,0,1,0.0
1772992800000,GB,initialTransmissionSystemDemandOutturn,38663.0,,0,0,1,0.0
1772994600000,GB,initialTransmissionSystemDemandOutturn,38344.0,,0,0,1,0.0
1772996400000,GB,initialTransmissionSystemDemandOutturn,37535.0,,0,0,1,0.0
1772998200000,GB,initialTransmissionSystemDemandOutturn,36589.0,,0,0,1,0.0
1773000000000,GB,initialTransmissionSystemDemandOutturn,35119.0,,0,0,1,0.0
1773001800000,GB,initialTransmissionSystemDemandOutturn,34050.0,,0,0,1,0.0
1773003600000,GB,initialTransmissionSystemDemandOutturn,32940.0,,0,0,1,0.0
1773005400000,GB,initialTransmissionSystemDemandOutturn,31452.0,,0,0,1,0.0
1773007200000,GB,initialTransmissionSystemDemandOutturn,29846.0,,0,0,1,0.0
1773009000000,GB,initialTransmissionSystemDemandOutturn,28078.0,,0,0,1,0.0
1773010800000,GB,initialTransmissionSystemDemandOutturn,26819.0,,0,0,1,0.0
1773012600000,GB,initialTransmissionSystemDemandOutturn,25802.0,,0,0,1,0.0
1773014400000,GB,initialTransmissionSystemDemandOutturn,26155.0,,0,0,1,0.0
1773016200000,GB,initialTransmissionSystemDemandOutturn,26671.0,,0,0,1,0.0
1773018000000,GB,initialTransmissionSystemDemandOutturn,26504.0,,0,0,1,0.0
1773019800000,GB,initialTransmissionSystemDemandOutturn,25822.0,,0,0,1,0.0
1773021600000,GB,initialTransmissionSystemDemandOutturn,25687.0,,0,0,1,0.0
1773023400000,GB,initialTransmissionSystemDemandOutturn,25693.0,,0,0,1,0.0
1773025200000,GB,initialTransmissionSystemDemandOutturn,25586.0,,0,0,1,0.0
1773027000000,GB,initialTransmissionSystemDemandOutturn,25346.0,,0,0,1,0.0
1773028800000,GB,initialTransmissionSystemDemandOutturn,25040.0,,0,0,1,0.0
1773030600000,GB,initialTransmissionSystemDemandOutturn,24891.0,,0,0,1,0.0
1773032400000,GB,initialTransmissionSystemDemandOutturn,25420.0,,0,0,1,0.0
1773034200000,GB,initialTransmissionSystemDemandOutturn,26786.0,,0,0,1,0.0
1773036000000,GB,initialTransmissionSystemDemandOutturn,30542.0,,0,0,1,0.0
1773037800000,GB,initialTransmissionSystemDemandOutturn,32841.0,,0,0,1,0.0
1773039600000,GB,initialTransmissionSystemDemandOutturn,34131.0,,0,0,1,0.0
1773041400000,GB,initialTransmissionSystemDemandOutturn,35228.0,,0,0,1,0.0
1773043200000,GB,initialTransmissionSystemDemandOutturn,36674.0,,0,0,1,0.0
1773045000000,GB,initialTransmissionSystemDemandOutturn,37311.0,,0,0,1,0.0
1773046800000,GB,initialTransmissionSystemDemandOutturn,37702.0,,0,0,1,0.0
1773048600000,GB,initialTransmissionSystemDemandOutturn,37782.0,,0,0,1,0.0
1773050400000,GB,initialTransmissionSystemDemandOutturn,37547.0,,0,0,1,0.0
1773052200000,GB,initialTransmissionSystemDemandOutturn,37240.0,,0,0,1,0.0
1773054000000,GB,initialTransmissionSystemDemandOutturn,36875.0,,0,0,1,0.0
1773055800000,GB,initialTransmissionSystemDemandOutturn,36500.0,,0,0,1,0.0
1773057600000,GB,initialTransmissionSystemDemandOutturn,36744.0,,0,0,1,0.0
1773059400000,GB,initialTransmissionSystemDemandOutturn,36290.0,,0,0,1,0.0
1773061200000,GB,initialTransmissionSystemDemandOutturn,36015.0,,0,0,1,0.0
1773063000000,GB,initialTransmissionSystemDemandOutturn,35420.0,,0,0,1,0.0
1773064800000,GB,initialTransmissionSystemDemandOutturn,35139.0,,0,0,1,0.0
1773066600000,GB,initialTransmissionSystemDemandOutturn,34823.0,,0,0,1,0.0
1773068400000,GB,initialTransmissionSystemDemandOutturn,34768.0,,0,0,1,0.0
1773070200000,GB,initialTransmissionSystemDemandOutturn,35684.0,,0,0,1,0.0
1773072000000,GB,initialTransmissionSystemDemandOutturn,37515.0,,0,0,1,0.0
1773073800000,GB,initialTransmissionSystemDemandOutturn,38854.0,,0,0,1,0.0
1773075600000,GB,initialTransmissionSystemDemandOutturn,40160.0,,0,0,1,0.0
1773077400000,GB,initialTransmissionSystemDemandOutturn,41158.0,,0,0,1,0.0
1773079200000,GB,initialTransmissionSystemDemandOutturn,41094.0,,0,0,1,0.0
1773081000000,GB,initialTransmissionSystemDemandOutturn,40731.0,,0,0,1,0.0
1773082800000,GB,initialTransmissionSystemDemandOutturn,40319.0,,0,0,1,0.0
1773084600000,GB,initialTransmissionSystemDemandOutturn,39453.0,,0,0,1,0.0
1773086400000,GB,initialTransmissionSystemDemandOutturn,37561.0,,0,0,1,0.0
1773088200000,GB,initialTransmissionSystemDemandOutturn,35644.0,,0,0,1,0.0
1773090000000,GB,initialTransmissionSystemDemandOutturn,34398.0,,0,0,1,0.0
1773091800000,GB,initialTransmissionSystemDemandOutturn,32385.0,,0,0,1,0.0
1773093600000,GB,initialTransmissionSystemDemandOutturn,30100.0,,0,0,1,0.0
1773095400000,GB,initialTransmissionSystemDemandOutturn,28235.0,,0,0,1,0.0
1773097200000,GB,initialTransmissionSystemDemandOutturn,26410.0,,0,0,1,0.0
1773099000000,GB,initialTransmissionSystemDemandOutturn,25274.0,,0,0,1,0.0
1773100800000,GB,initialTransmissionSystemDemandOutturn,25937.0,,0,0,1,0.0
1773102600000,GB,initialTransmissionSystemDemandOutturn,26646.0,,0,0,1,0.0
1773104400000,GB,initialTransmissionSystemDemandOutturn,26390.0,,0,0,1,0.0
1773106200000,GB,initialTransmissionSystemDemandOutturn,25761.0,,0,0,1,0.0
1773108000000,GB,initialTransmissionSystemDemandOutturn,25691.0,,0,0,1,0.0
1773109800000,GB,initialTransmissionSystemDemandOutturn,26099.0,,0,0,1,0.0
1773111600000,GB,initialTransmissionSystemDemandOutturn,25701.0,,0,0,1,0.0
1773113400000,GB,initialTransmissionSystemDemandOutturn,25116.0,,0,0,1,0.0
1773115200000,GB,initialTransmissionSystemDemandOutturn,26181.0,,0,0,1,0.0
1773117000000,GB,initialTransmissionSystemDemandOutturn,26234.0,,0,0,1,0.0
1773118800000,GB,initialTransmissionSystemDemandOutturn,27126.0,,0,0,1,0.0
1773120600000,GB,initialTransmissionSystemDemandOutturn,27699.0,,0,0,1,0.0
1773122400000,GB,initialTransmissionSystemDemandOutturn,29814.0,,0,0,1,0.0
1773124200000,GB,initialTransmissionSystemDemandOutturn,31333.0,,0,0,1,0.0
1773126000000,GB,initialTransmissionSystemDemandOutturn,32140.0,,0,0,1,0.0
1773127800000,GB,initialTransmissionSystemDemandOutturn,33184.0,,0,0,1,0.0
1773129600000,GB,initialTransmissionSystemDemandOutturn,33477.0,,0,0,1,0.0
1773131400000,GB,initialTransmissionSystemDemandOutturn,33132.0,,0,0,1,0.0
1773133200000,GB,initialTransmissionSystemDemandOutturn,32831.0,,0,0,1,0.0
1773135000000,GB,initialTransmissionSystemDemandOutturn,31616.0,,0,0,1,0.0
1773136800000,GB,initialTransmissionSystemDemandOutturn,30388.0,,0,0,1,0.0
1773138600000,GB,initialTransmissionSystemDemandOutturn,28818.0,,0,0,1,0.0
1773140400000,GB,initialTransmissionSystemDemandOutturn,28928.0,,0,0,1,0.0
1773142200000,GB,initialTransmissionSystemDemandOutturn,28978.0,,0,0,1,0.0
1773144000000,GB,initialTransmissionSystemDemandOutturn,28601.0,,0,0,1,0.0
1773145800000,GB,initialTransmissionSystemDemandOutturn,28576.0,,0,0,1,0.0
1773147600000,GB,initialTransmissionSystemDemandOutturn,28872.0,,0,0,1,0.0
1773149400000,GB,initialTransmissionSystemDemandOutturn,28768.0,,0,0,1,0.0
1773151200000,GB,initialTransmissionSystemDemandOutturn,4726.123585508903,29697.0,1,1,1,0.8408551845132874
1773153000000,GB,initialTransmissionSystemDemandOutturn,30213.0,,0,0,1,0.0
1773154800000,GB,initialTransmissionSystemDemandOutturn,31892.0,,0,0,1,0.0
1773156600000,GB,initialTransmissionSystemDemandOutturn,33118.0,,0,0,1,0.0
1773158400000,GB,initialTransmissionSystemDemandOutturn,34673.0,,0,0,1,0.0
1773160200000,GB,initialTransmissionSystemDemandOutturn,35869.0,,0,0,1,0.0
1773162000000,GB,initialTransmissionSystemDemandOutturn,37309.0,,0,0,1,0.0
1773163800000,GB,initialTransmissionSystemDemandOutturn,38360.0,,0,0,1,0.0
1773165600000,GB,initialTransmissionSystemDemandOutturn,39136.0,,0,0,1,0.0
1773167400000,GB,initialTransmissionSystemDemandOutturn,39001.0,,0,0,1,0.0
1773169200000,GB,initialTransmissionSystemDemandOutturn,37489.0,,0,0,1,0.0
1773171000000,GB,initialTransmissionSystemDemandOutturn,36275.0,,0,0,1,0.0
1773172800000,GB,initialTransmissionSystemDemandOutturn,34872.0,,0,0,1,0.0
1773174600000,GB,initialTransmissionSystemDemandOutturn,33540.0,,0,0,1,0.0
1773176400000,GB,initialTransmissionSystemDemandOutturn,32404.0,,0,0,1,0.0
1773178200000,GB,initialTransmissionSystemDemandOutturn,30936.0,,0,0,1,0.0
1773180000000,GB,initialTransmissionSystemDemandOutturn,29622.0,,0,0,1,0.0
1773181800000,GB,initialTransmissionSystemDemandOutturn,28040.0,,0,0,1,0.0
1773183600000,GB,initialTransmissionSystemDemandOutturn,27547.0,,0,0,1,0.0
1773185400000,GB,initialTransmissionSystemDemandOutturn,27044.0,,0,0,1,0.0
1773187200000,GB,initialTransmissionSystemDemandOutturn,27678.0,,0,0,1,0.0
1773189000000,GB,initialTransmissionSystemDemandOutturn,28328.0,,0,0,1,0.0
1773190800000,GB,initialTransmissionSystemDemandOutturn,28439.0,,0,0,1,0.0
1773192600000,GB,initialTransmissionSystemDemandOutturn,27932.0,,0,0,1,0.0
1773194400000,GB,initialTransmissionSystemDemandOutturn,28161.0,,0,0,1,0.0
1773196200000,GB,initialTransmissionSystemDemandOutturn,27790.0,,0,0,1,0.0
1773198000000,GB,initialTransmissionSystemDemandOutturn,26853.0,,0,0,1,0.0
1773199800000,GB,initialTransmissionSystemDemandOutturn,26560.0,,0,0,1,0.0
1773201600000,GB,initialTransmissionSystemDemandOutturn,26469.0,,0,0,1,0.0
1773203400000,GB,initialTransmissionSystemDemandOutturn,26316.0,,0,0,1,0.0
1773205200000,GB,initialTransmissionSystemDemandOutturn,26797.0,,0,0,1,0.0
1773207000000,GB,initialTransmissionSystemDemandOutturn,27231.0,,0,0,1,0.0
1773208800000,GB,initialTransmissionSystemDemandOutturn,28316.0,,0,0,1,0.0
1773210600000,GB,initialTransmissionSystemDemandOutturn,29997.0,,0,0,1,0.0
1773212400000,GB,initialTransmissionSystemDemandOutturn,30606.0,,0,0,1,0.0
1773214200000,GB,initialTransmissionSystemDemandOutturn,31320.0,,0,0,1,0.0
1773216000000,GB,initialTransmissionSystemDemandOutturn,31192.0,,0,0,1,0.0
1773217800000,GB,initialTransmissionSystemDemandOutturn,30334.0,,0,0,1,0.0
1773219600000,GB,initialTransmissionSystemDemandOutturn,29796.0,,0,0,1,0.0
1773221400000,GB,initialTransmissionSystemDemandOutturn,29731.0,,0,0,1,0.0
1773223200000,GB,initialTransmissionSystemDemandOutturn,29234.0,,0,0,1,0.0
1773225000000,GB,initialTransmissionSystemDemandOutturn,28716.0,,0,0,1,0.0
1773226800000,GB,initialTransmissionSystemDemandOutturn,28348.0,,0,0,1,0.0
1773228600000,GB,initialTransmissionSystemDemandOutturn,28235.0,,0,0,1,0.0
1773230400000,GB,initialTransmissionSystemDemandOutturn,27858.0,,0,0,1,0.0
1773232200000,GB,initialTransmissionSystemDemandOutturn,27229.0,,0,0,1,0.0
1773234000000,GB,initialTransmissionSystemDemandOutturn,26728.0,,0,0,1,0.0
1773235800000,GB,initialTransmissionSystemDemandOutturn,26555.0,,0,0,1,0.0
1773237600000,GB,initialTransmissionSystemDemandOutturn,27551.0,,0,0,1,0.0
1773239400000,GB,initialTransmissionSystemDemandOutturn,27852.0,,0,0,1,0.0
1773241200000,GB,initialTransmissionSystemDemandOutturn,28167.0,,0,0,1,0.0
1773243000000,GB,initialTransmissionSystemDemandOutturn,29042.0,,0,0,1,0.0
1773244800000,GB,initialTransmissionSystemDemandOutturn,30218.0,,0,0,1,0.0
1773246600000,GB,initialTransmissionSystemDemandOutturn,32327.0,,0,0,1,0.0
1773248400000,GB,initialTransmissionSystemDemandOutturn,34558.0,,0,0,1,0.0
1773250200000,GB,initialTransmissionSystemDemandOutturn,35876.0,,0,0,1,0.0
1773252000000,GB,initialTransmissionSystemDemandOutturn,36332.0,,0,0,1,0.0
1773253800000,GB,initialTransmissionSystemDemandOutturn,36514.0,,0,0,1,0.0
1773255600000,GB,initialTransmissionSystemDemandOutturn,36494.0,,0,0,1,0.0
1773257400000,GB,initialTransmissionSystemDemandOutturn,35946.0,,0,0,1,0.0
1773259200000,GB,initialTransmissionSystemDemandOutturn,34734.0,,0,0,1,0.0
1773261000000,GB,initialTransmissionSystemDemandOutturn,33395.0,,0,0,1,0.0
1773262800000,GB,initialTransmissionSystemDemandOutturn,31232.0,,0,0,1,0.0
1773264600000,GB,initialTransmissionSystemDemandOutturn,29376.0,,0,0,1,0.0
1773266400000,GB,initialTransmissionSystemDemandOutturn,28243.0,,0,0,1,0.0
1773268200000,GB,initialTransmissionSystemDemandOutturn,26976.0,,0,0,1,0.0
1773270000000,GB,initialTransmissionSystemDemandOutturn,27614.0,,0,0,1,0.0
1773271800000,GB,initialTransmissionSystemDemandOutturn,27371.0,,0,0,1,0.0
1773273600000,GB,initialTransmissionSystemDemandOutturn,27908.0,,0,0,1,0.0
1773275400000,GB,initialTransmissionSystemDemandOutturn,28257.0,,0,0,1,0.0
1773277200000,GB,initialTransmissionSystemDemandOutturn,28185.0,,0,0,1,0.0
1773279000000,GB,initialTransmissionSystemDemandOutturn,27752.0,,0,0,1,0.0
1773280800000,GB,initialTransmissionSystemDemandOutturn,27514.0,,0,0,1,0.0
1773282600000,GB,initialTransmissionSystemDemandOutturn,27163.0,,0,0,1,0.0
1773284400000,GB,initialTransmissionSystemDemandOutturn,26375.0,,0,0,1,0.0
1773286200000,GB,initialTransmissionSystemDemandOutturn,26245.0,,0,0,1,0.0
1773288000000,GB,initialTransmissionSystemDemandOutturn,26085.0,,0,0,1,0.0
1773289800000,GB,initialTransmissionSystemDemandOutturn,25901.0,,0,0,1,0.0
1773291600000,GB,initialTransmissionSystemDemandOutturn,26353.0,,0,0,1,0.0
1773293400000,GB,initialTransmissionSystemDemandOutturn,26977.0,,0,0,1,0.0
1773295200000,GB,initialTransmissionSystemDemandOutturn,27880.0,,0,0,1,0.0
1773297000000,GB,initialTransmissionSystemDemandOutturn,29517.0,,0,0,1,0.0
1773298800000,GB,initialTransmissionSystemDemandOutturn,30135.0,,0,0,1,0.0
1773300600000,GB,initialTransmissionSystemDemandOutturn,30317.0,,0,0,1,0.0
1773302400000,GB,initialTransmissionSystemDemandOutturn,31230.0,,0,0,1,0.0
1773304200000,GB,initialTransmissionSystemDemandOutturn,31379.0,,0,0,1,0.0
1773306000000,GB,initialTransmissionSystemDemandOutturn,31576.0,,0,0,1,0.0
1773307800000,GB,initialTransmissionSystemDemandOutturn,32378.0,,0,0,1,0.0
1773309600000,GB,initialTransmissionSystemDemandOutturn,32368.0,,0,0,1,0.0
1773311400000,GB,initialTransmissionSystemDemandOutturn,32147.0,,0,0,1,0.0
1773313200000,GB,initialTransmissionSystemDemandOutturn,32206.0,,0,0,1,0.0
1773315000000,GB,initialTransmissionSystemDemandOutturn,32811.0,,0,0,1,0.0
1773316800000,GB,initialTransmissionSystemDemandOutturn,33148.0,,0,0,1,0.0
1773318600000,GB,initialTransmissionSystemDemandOutturn,33171.0,,0,0,1,0.0
1773320400000,GB,initialTransmissionSystemDemandOutturn,33095.0,,0,0,1,0.0
1773322200000,GB,initialTransmissionSystemDemandOutturn,33023.0,,0,0,1,0.0
1773324000000,GB,initialTransmissionSystemDemandOutturn,33223.0,,0,0,1,0.0
1773325800000,GB,initialTransmissionSystemDemandOutturn,33137.0,,0,0,1,0.0
1773327600000,GB,initialTransmissionSystemDemandOutturn,33359.0,,0,0,1,0.0
1773329400000,GB,initialTransmissionSystemDemandOutturn,33946.0,,0,0,1,0.0
1773331200000,GB,initialTransmissionSystemDemandOutturn,34527.0,,0,0,1,0.0
1773333000000,GB,initialTransmissionSystemDemandOutturn,35433.0,,0,0,1,0.0
1773334800000,GB,initialTransmissionSystemDemandOutturn,36940.0,,0,0,1,0.0
1773336600000,GB,initialTransmissionSystemDemandOutturn,37798.0,,0,0,1,0.0
1773338400000,GB,initialTransmissionSystemDemandOutturn,38121.0,,0,0,1,0.0
1773340200000,GB,initialTransmissionSystemDemandOutturn,38424.0,,0,0,1,0.0
1773342000000,GB,initialTransmissionSystemDemandOutturn,37390.0,,0,0,1,0.0
1773343800000,GB,initialTransmissionSystemDemandOutturn,36105.0,,0,0,1,0.0
1773345600000,GB,initialTransmissionSystemDemandOutturn,35137.0,,0,0,1,0.0
1773347400000,GB,initialTransmissionSystemDemandOutturn,34107.0,,0,0,1,0.0
1773349200000,GB,initialTransmissionSystemDemandOutturn,32415.0,,0,0,1,0.0
1773351000000,GB,initialTransmissionSystemDemandOutturn,31441.0,,0,0,1,0.0
1773352800000,GB,initialTransmissionSystemDemandOutturn,30252.0,,0,0,1,0.0
1773354600000,GB,initialTransmissionSystemDemandOutturn,29496.0,,0,0,1,0.0
1773356400000,GB,initialTransmissionSystemDemandOutturn,27750.0,,0,0,1,0.0
1773358200000,GB,initialTransmissionSystemDemandOutturn,27588.0,,0,0,1,0.0
1773360000000,GB,initialTransmissionSystemDemandOutturn,27231.0,,0,0,1,0.0
1773361800000,GB,initialTransmissionSystemDemandOutturn,27635.0,,0,0,1,0.0
1773363600000,GB,initialTransmissionSystemDemandOutturn,27704.0,,0,0,1,0.0
1773365400000,GB,initialTransmissionSystemDemandOutturn,26788.0,,0,0,1,0.0
1773367200000,GB,initialTransmissionSystemDemandOutturn,26196.0,,0,0,1,0.0
1773369000000,GB,initialTransmissionSystemDemandOutturn,26312.0,,0,0,1,0.0
1773370800000,GB,initialTransmissionSystemDemandOutturn,26340.0,,0,0,1,0.0
1773372600000,GB,initialTransmissionSystemDemandOutturn,26079.0,,0,0,1,0.0
1773374400000,GB,initialTransmissionSystemDemandOutturn,26005.0,,0,0,1,0.0
1773376200000,GB,initialTransmissionSystemDemandOutturn,25985.0,,0,0,1,0.0
1773378000000,GB,initialTransmissionSystemDemandOutturn,25825.0,,0,0,1,0.0
1773379800000,GB,initialTransmissionSystemDemandOutturn,26557.0,,0,0,1,0.0
1773381600000,GB,initialTransmissionSystemDemandOutturn,28420.0,,0,0,1,0.0
1773383400000,GB,initialTransmissionSystemDemandOutturn,29895.0,,0,0,1,0.0
1773385200000,GB,initialTransmissionSystemDemandOutturn,31663.0,,0,0,1,0.0
1773387000000,GB,initialTransmissionSystemDemandOutturn,32309.0,,0,0,1,0.0
1773388800000,GB,initialTransmissionSystemDemandOutturn,33001.0,,0,0,1,0.0
1773390600000,GB,initialTransmissionSystemDemandOutturn,33291.0,,0,0,1,0.0
1773392400000,GB,initialTransmissionSystemDemandOutturn,32783.0,,0,0,1,0.0
1773394200000,GB,initialTransmissionSystemDemandOutturn,32217.0,,0,0,1,0.0
1773396000000,GB,initialTransmissionSystemDemandOutturn,32028.0,,0,0,1,0.0
1773397800000,GB,initialTransmissionSystemDemandOutturn,31452.0,,0,0,1,0.0
1773399600000,GB,initialTransmissionSystemDemandOutturn,30989.0,,0,0,1,0.0
1773401400000,GB,initialTransmissionSystemDemandOutturn,30746.0,,0,0,1,0.0
1773403200000,GB,initialTransmissionSystemDemandOutturn,30545.0,,0,0,1,0.0
1773405000000,GB,initialTransmissionSystemDemandOutturn,53548.6857093226,30154.0,1,1,1,0.7758402105631956
1773406800000,GB,initialTransmissionSystemDemandOutturn,29855.0,,0,0,1,0.0
1773408600000,GB,initialTransmissionSystemDemandOutturn,29654.0,,0,0,1,0.0
1773410400000,GB,initialTransmissionSystemDemandOutturn,29037.0,,0,0,1,0.0
1773412200000,GB,initialTransmissionSystemDemandOutturn,29360.0,,0,0,1,0.0
1773414000000,GB,initialTransmissionSystemDemandOutturn,29973.0,,0,0,1,0.0
1773415800000,GB,initialTransmissionSystemDemandOutturn,31450.0,,0,0,1,0.0
1773417600000,GB,initialTransmissionSystemDemandOutturn,33098.0,,0,0,1,0.0
1773419400000,GB,initialTransmissionSystemDemandOutturn,35042.0,,0,0,1,0.0
1773421200000,GB,initialTransmissionSystemDemandOutturn,37218.0,,0,0,1,0.0
1773423000000,GB,initialTransmissionSystemDemandOutturn,38437.0,,0,0,1,0.0
1773424800000,GB,initialTransmissionSystemDemandOutturn,38852.0,,0,0,1,0.0
1773426600000,GB,initialTransmissionSystemDemandOutturn,39171.0,,0,0,1,0.0
1773428400000,GB,initialTransmissionSystemDemandOutturn,38761.0,,0,0,1,0.0
1773430200000,GB,initialTransmissionSystemDemandOutturn,38094.0,,0,0,1,0.0
1773432000000,GB,initialTransmissionSystemDemandOutturn,37064.0,,0,0,1,0.0
1773433800000,GB,initialTransmissionSystemDemandOutturn,35783.0,,0,0,1,0.0
1773435600000,GB,initialTransmissionSystemDemandOutturn,34568.0,,0,0,1,0.0
1773437400000,GB,initialTransmissionSystemDemandOutturn,33534.0,,0,0,1,0.0
1773439200000,GB,initialTransmissionSystemDemandOutturn,32177.0,,0,0,1,0.0
1773441000000,GB,initialTransmissionSystemDemandOutturn,30387.0,,0,0,1,0.0
1773442800000,GB,initialTransmissionSystemDemandOutturn,29095.0,,0,0,1,0.0
1773444600000,GB,initialTransmissionSystemDemandOutturn,28410.0,,0,0,1,0.0
1773446400000,GB,initialTransmissionSystemDemandOutturn,28584.0,,0,0,1,0.0
1773448200000,GB,initialTransmissionSystemDemandOutturn,29016.0,,0,0,1,0.0
1773450000000,GB,initialTransmissionSystemDemandOutturn,28456.0,,0,0,1,0.0
1773451800000,GB,initialTransmissionSystemDemandOutturn,27875.0,,0,0,1,0.0
1773453600000,GB,initialTransmissionSystemDemandOutturn,27383.0,,0,0,1,0.0
1773455400000,GB,initialTransmissionSystemDemandOutturn,27006.0,,0,0,1,0.0
1773457200000,GB,initialTransmissionSystemDemandOutturn,26243.0,,0,0,1,0.0
1773459000000,GB,initialTransmissionSystemDemandOutturn,25987.0,,0,0,1,0.0
1773460800000,GB,initialTransmissionSystemDemandOutturn,25799.0,,0,0,1,0.0
1773462600000,GB,initialTransmissionSystemDemandOutturn,25794.0,,0,0,1,0.0
1773464400000,GB,initialTransmissionSystemDemandOutturn,25377.0,,0,0,1,0.0
1773466200000,GB,initialTransmissionSystemDemandOutturn,25516.0,,0,0,1,0.0
1773468000000,GB,initialTransmissionSystemDemandOutturn,26301.0,,0,0,1,0.0
1773469800000,GB,initialTransmissionSystemDemandOutturn,26844.0,,0,0,1,0.0
1773471600000,GB,initialTransmissionSystemDemandOutturn,27755.0,,0,0,1,0.0
1773473400000,GB,initialTransmissionSystemDemandOutturn,27625.0,,0,0,1,0.0
1773475200000,GB,initialTransmissionSystemDemandOutturn,27465.0,,0,0,1,0.0
1773477000000,GB,initialTransmissionSystemDemandOutturn,26867.0,,0,0,1,0.0
1773478800000,GB,initialTransmissionSystemDemandOutturn,25808.0,,0,0,1,0.0
1773480600000,GB,initialTransmissionSystemDemandOutturn,24654.0,,0,0,1,0.0
1773482400000,GB,initialTransmissionSystemDemandOutturn,23942.0,,0,0,1,0.0
1773484200000,GB,initialTransmissionSystemDemandOutturn,23196.0,,0,0,1,0.0
1773486000000,GB,initialTransmissionSystemDemandOutturn,22127.0,,0,0,1,0.0
1773487800000,GB,initialTransmissionSystemDemandOutturn,22174.0,,0,0,1,0.0
1773489600000,GB,initialTransmissionSystemDemandOutturn,21389.0,,0,0,1,0.0
1773491400000,GB,initialTransmissionSystemDemandOutturn,21320.0,,0,0,1,0.0
1773493200000,GB,initialTransmissionSystemDemandOutturn,22087.0,,0,0,1,0.0
1773495000000,GB,initialTransmissionSystemDemandOutturn,22766.0,,0,0,1,0.0
1773496800000,GB,initialTransmissionSystemDemandOutturn,23237.0,,0,0,1,0.0
1773498600000,GB,initialTransmissionSystemDemandOutturn,23766.0,,0,0,1,0.0
1773500400000,GB,initialTransmissionSystemDemandOutturn,25513.0,,0,0,1,0.0
1773502200000,GB,initialTransmissionSystemDemandOutturn,26966.0,,0,0,1,0.0
1773504000000,GB,initialTransmissionSystemDemandOutturn,28904.0,,0,0,1,0.0
1773505800000,GB,initialTransmissionSystemDemandOutturn,31514.0,,0,0,1,0.0
1773507600000,GB,initialTransmissionSystemDemandOutturn,33584.0,,0,0,1,0.0
1773509400000,GB,initialTransmissionSystemDemandOutturn,35179.0,,0,0,1,0.0
1773511200000,GB,initialTransmissionSystemDemandOutturn,36566.0,,0,0,1,0.0
1773513000000,GB,initialTransmissionSystemDemandOutturn,36845.0,,0,0,1,0.0
1773514800000,GB,initialTransmissionSystemDemandOutturn,37002.0,,0,0,1,0.0
1773516600000,GB,initialTransmissionSystemDemandOutturn,36189.0,,0,0,1,0.0
1773518400000,GB,initialTransmissionSystemDemandOutturn,35368.0,,0,0,1,0.0
1773520200000,GB,initialTransmissionSystemDemandOutturn,34495.0,,0,0,1,0.0
1773522000000,GB,initialTransmissionSystemDemandOutturn,33336.0,,0,0,1,0.0
1773523800000,GB,initialTransmissionSystemDemandOutturn,32289.0,,0,0,1,0.0
1773525600000,GB,initialTransmissionSystemDemandOutturn,30087.0,,0,0,1,0.0
1773527400000,GB,initialTransmissionSystemDemandOutturn,28814.0,,0,0,1,0.0
1773529200000,GB,initialTransmissionSystemDemandOutturn,26894.0,,0,0,1,0.0
1773531000000,GB,initialTransmissionSystemDemandOutturn,25777.0,,0,0,1,0.0
1773532800000,GB,initialTransmissionSystemDemandOutturn,26123.0,,0,0,1,0.0
1773534600000,GB,initialTransmissionSystemDemandOutturn,26707.0,,0,0,1,0.0
1773536400000,GB,initialTransmissionSystemDemandOutturn,26141.0,,0,0,1,0.0
1773538200000,GB,initialTransmissionSystemDemandOutturn,25320.0,,0,0,1,0.0
1773540000000,GB,initialTransmissionSystemDemandOutturn,24433.0,,0,0,1,0.0
1773541800000,GB,initialTransmissionSystemDemandOutturn,23940.0,,0,0,1,0.0
1773543600000,GB,initialTransmissionSystemDemandOutturn,23273.0,,0,0,1,0.0
1773545400000,GB,initialTransmissionSystemDemandOutturn,22936.0,,0,0,1,0.0
1773547200000,GB,initialTransmissionSystemDemandOutturn,23641.0,,0,0,1,0.0
1773549000000,GB,initialTransmissionSystemDemandOutturn,23822.0,,0,0,1,0.0
1773550800000,GB,initialTransmissionSystemDemandOutturn,23547.0,,0,0,1,0.0
1773552600000,GB,initialTransmissionSystemDemandOutturn,23544.0,,0,0,1,0.0
1773554400000,GB,initialTransmissionSystemDemandOutturn,23631.0,,0,0,1,0.0
1773556200000,GB,initialTransmissionSystemDemandOutturn,24034.0,,0,0,1,0.0
1773558000000,GB,initialTransmissionSystemDemandOutturn,25142.0,,0,0,1,0.0
1773559800000,GB,initialTransmissionSystemDemandOutturn,25031.0,,0,0,1,0.0
1773561600000,GB,initialTransmissionSystemDemandOutturn,25355.0,,0,0,1,0.0
1773563400000,GB,initialTransmissionSystemDemandOutturn,25622.0,,0,0,1,0.0
1773565200000,GB,initialTransmissionSystemDemandOutturn,25367.0,,0,0,1,0.0
1773567000000,GB,initialTransmissionSystemDemandOutturn,25284.0,,0,0,1,0.0
1773568800000,GB,initialTransmissionSystemDemandOutturn,24492.0,,0,0,1,0.0
1773570600000,GB,initialTransmissionSystemDemandOutturn,24232.0,,0,0,1,0.0
1773572400000,GB,initialTransmissionSystemDemandOutturn,24256.0,,0,0,1,0.0
1773574200000,GB,initialTransmissionSystemDemandOutturn,24858.0,,0,0,1,0.0
1773576000000,GB,initialTransmissionSystemDemandOutturn,25943.0,,0,0,1,0.0
1773577800000,GB,initialTransmissionSystemDemandOutturn,26869.0,,0,0,1,0.0
1773579600000,GB,initialTransmissionSystemDemandOutturn,28078.0,,0,0,1,0.0
1773581400000,GB,initialTransmissionSystemDemandOutturn,28741.0,,0,0,1,0.0
1773583200000,GB,initialTransmissionSystemDemandOutturn,29263.0,,0,0,1,0.0
1773585000000,GB,initialTransmissionSystemDemandOutturn,29068.0,,0,0,1,0.0
1773586800000,GB,initialTransmissionSystemDemandOutturn,28477.0,,0,0,1,0.0
1773588600000,GB,initialTransmissionSystemDemandOutturn,29151.0,,0,0,1,0.0
1773590400000,GB,initialTransmissionSystemDemandOutturn,29692.0,,0,0,1,0.0
1773592200000,GB,initialTransmissionSystemDemandOutturn,30557.0,,0,0,1,0.0
1773594000000,GB,initialTransmissionSystemDemandOutturn,31843.0,,0,0,1,0.0
1773595800000,GB,initialTransmissionSystemDemandOutturn,32954.0,,0,0,1,0.0
1773597600000,GB,initialTransmissionSystemDemandOutturn,33783.0,,0,0,1,0.0
1773599400000,GB,initialTransmissionSystemDemandOutturn,34368.0,,0,0,1,0.0
1773601200000,GB,initialTransmissionSystemDemandOutturn,34630.0,,0,0,1,0.0
1773603000000,GB,initialTransmissionSystemDemandOutturn,33819.0,,0,0,1,0.0
1773604800000,GB,initialTransmissionSystemDemandOutturn,32692.0,,0,0,1,0.0
1773606600000,GB,initialTransmissionSystemDemandOutturn,31892.0,,0,0,1,0.0
1773608400000,GB,initialTransmissionSystemDemandOutturn,30620.0,,0,0,1,0.0
1773610200000,GB,initialTransmissionSystemDemandOutturn,29943.0,,0,0,1,0.0
1773612000000,GB,initialTransmissionSystemDemandOutturn,28590.0,,0,0,1,0.0
1773613800000,GB,initialTransmissionSystemDemandOutturn,27997.0,,0,0,1,0.0
1773615600000,GB,initialTransmissionSystemDemandOutturn,27375.0,,0,0,1,0.0
1773617400000,GB,initialTransmissionSystemDemandOutturn,26899.0,,0,0,1,0.0
1773619200000,GB,initialTransmissionSystemDemandOutturn,27241.0,,0,0,1,0.0
1773621000000,GB,initialTransmissionSystemDemandOutturn,27742.0,,0,0,1,0.0
1773622800000,GB,initialTransmissionSystemDemandOutturn,27892.0,,0,0,1,0.0
1773624600000,GB,initialTransmissionSystemDemandOutturn,27287.0,,0,0,1,0.0
1773626400000,GB,initialTransmissionSystemDemandOutturn,26591.0,,0,0,1,0.0
1773628200000,GB,initialTransmissionSystemDemandOutturn,26566.0,,0,0,1,0.0
1773630000000,GB,initialTransmissionSystemDemandOutturn,26782.0,,0,0,1,0.0
1773631800000,GB,initialTransmissionSystemDemandOutturn,26261.0,,0,0,1,0.0
1773633600000,GB,initialTransmissionSystemDemandOutturn,26391.0,,0,0,1,0.0
1773635400000,GB,initialTransmissionSystemDemandOutturn,26236.0,,0,0,1,0.0
1773637200000,GB,initialTransmissionSystemDemandOutturn,26012.0,,0,0,1,0.0
1773639000000,GB,initialTransmissionSystemDemandOutturn,26715.0,,0,0,1,0.0
1773640800000,GB,initialTransmissionSystemDemandOutturn,27929.0,,0,0,1,0.0
1773642600000,GB,initialTransmissionSystemDemandOutturn,30003.0,,0,0,1,0.0
1773644400000,GB,initialTransmissionSystemDemandOutturn,32398.0,,0,0,1,0.0
1773646200000,GB,initialTransmissionSystemDemandOutturn,33601.0,,0,0,1,0.0
1773648000000,GB,initialTransmissionSystemDemandOutturn,34375.0,,0,0,1,0.0
1773649800000,GB,initialTransmissionSystemDemandOutturn,34253.0,,0,0,1,0.0
1773651600000,GB,initialTransmissionSystemDemandOutturn,33890.0,,0,0,1,0.0
1773653400000,GB,initialTransmissionSystemDemandOutturn,33261.0,,0,0,1,0.0
1773655200000,GB,initialTransmissionSystemDemandOutturn,33343.0,,0,0,1,0.0
1773657000000,GB,initialTransmissionSystemDemandOutturn,32932.0,,0,0,1,0.0
1773658800000,GB,initialTransmissionSystemDemandOutturn,32338.0,,0,0,1,0.0
1773660600000,GB,initialTransmissionSystemDemandOutturn,31943.0,,0,0,1,0.0
1773662400000,GB,initialTransmissionSystemDemandOutturn,31890.0,,0,0,1,0.0
1773664200000,GB,initialTransmissionSystemDemandOutturn,32255.0,,0,0,1,0.0
1773666000000,GB,initialTransmissionSystemDemandOutturn,32489.0,,0,0,1,0.0
1773667800000,GB,initialTransmissionSystemDemandOutturn,32978.0,,0,0,1,0.0
1773669600000,GB,initialTransmissionSystemDemandOutturn,33262.0,,0,0,1,0.0
1773671400000,GB,initialTransmissionSystemDemandOutturn,33439.0,,0,0,1,0.0
1773673200000,GB,initialTransmissionSystemDemandOutturn,33904.0,,0,0,1,0.0
1773675000000,GB,initialTransmissionSystemDemandOutturn,34814.0,,0,0,1,0.0
1773676800000,GB,initialTransmissionSystemDemandOutturn,35964.0,,0,0,1,0.0
1773678600000,GB,initialTransmissionSystemDemandOutturn,37239.0,,0,0,1,0.0
1773680400000,GB,initialTransmissionSystemDemandOutturn,38687.0,,0,0,1,0.0
1773682200000,GB,initialTransmissionSystemDemandOutturn,39823.0,,0,0,1,0.0
1773684000000,GB,initialTransmissionSystemDemandOutturn,39110.0,,0,0,1,0.0
1773685800000,GB,initialTransmissionSystemDemandOutturn,37918.0,,0,0,1,0.0
1773687600000,GB,initialTransmissionSystemDemandOutturn,38931.0,,0,0,1,0.0
1773689400000,GB,initialTransmissionSystemDemandOutturn,38239.0,,0,0,1,0.0
1773691200000,GB,initialTransmissionSystemDemandOutturn,37010.0,,0,0,1,0.0
1773693000000,GB,initialTransmissionSystemDemandOutturn,35916.0,,0,0,1,0.0
1773694800000,GB,initialTransmissionSystemDemandOutturn,33639.0,,0,0,1,0.0
1773696600000,GB,initialTransmissionSystemDemandOutturn,31937.0,,0,0,1,0.0
1773698400000,GB,initialTransmissionSystemDemandOutturn,30654.0,,0,0,1,0.0
1773700200000,GB,initialTransmissionSystemDemandOutturn,29216.0,,0,0,1,0.0
1773702000000,GB,initialTransmissionSystemDemandOutturn,28477.0,,0,0,1,0.0
1773703800000,GB,initialTransmissionSystemDemandOutturn,28137.0,,0,0,1,0.0
1773705600000,GB,initialTransmissionSystemDemandOutturn,28980.0,,0,0,1,0.0
1773707400000,GB,initialTransmissionSystemDemandOutturn,29116.0,,0,0,1,0.0
1773709200000,GB,initialTransmissionSystemDemandOutturn,29314.0,,0,0,1,0.0
1773711000000,GB,initialTransmissionSystemDemandOutturn,28765.0,,0,0,1,0.0
1773712800000,GB,initialTransmissionSystemDemandOutturn,28965.0,,0,0,1,0.0
1773714600000,GB,initialTransmissionSystemDemandOutturn,28649.0,,0,0,1,0.0
1773716400000,GB,initialTransmissionSystemDemandOutturn,28016.0,,0,0,1,0.0
1773718200000,GB,initialTransmissionSystemDemandOutturn,27784.0,,0,0,1,0.0
1773720000000,GB,initialTransmissionSystemDemandOutturn,27147.0,,0,0,1,0.0
1773721800000,GB,initialTransmissionSystemDemandOutturn,27222.0,,0,0,1,0.0
1773723600000,GB,initialTransmissionSystemDemandOutturn,26818.0,,0,0,1,0.0
1773725400000,GB,initialTransmissionSystemDemandOutturn,27130.0,,0,0,1,0.0
1773727200000,GB,initialTransmissionSystemDemandOutturn,27887.0,,0,0,1,0.0
1773729000000,GB,initialTransmissionSystemDemandOutturn,29719.0,,0,0,1,0.0
1773730800000,GB,initialTransmissionSystemDemandOutturn,32268.0,,0,0,1,0.0
1773732600000,GB,initialTransmissionSystemDemandOutturn,33182.0,,0,0,1,0.0
1773734400000,GB,initialTransmissionSystemDemandOutturn,32153.0,,0,0,1,0.0
1773736200000,GB,initialTransmissionSystemDemandOutturn,31372.0,,0,0,1,0.0
1773738000000,GB,initialTransmissionSystemDemandOutturn,30913.0,,0,0,1,0.0
1773739800000,GB,initialTransmissionSystemDemandOutturn,29796.0,,0,0,1,0.0
1773741600000,GB,initialTransmissionSystemDemandOutturn,29865.0,,0,0,1,0.0
1773743400000,GB,initialTransmissionSystemDemandOutturn,29515.0,,0,0,1,0.0
1773745200000,GB,initialTransmissionSystemDemandOutturn,28570.0,,0,0,1,0.0
1773747000000,GB,initialTransmissionSystemDemandOutturn,27917.0,,0,0,1,0.0
1773748800000,GB,initialTransmissionSystemDemandOutturn,27144.0,,0,0,1,0.0
1773750600000,GB,initialTransmissionSystemDemandOutturn,26788.0,,0,0,1,0.0
1773752400000,GB,initialTransmissionSystemDemandOutturn,26551.0,,0,0,1,0.0
1773754200000,GB,initialTransmissionSystemDemandOutturn,26501.0,,0,0,1,0.0
1773756000000,GB,initialTransmissionSystemDemandOutturn,6441.183557272645,26651.0,1,1,1,0.7583136258574671
1773757800000,GB,initialTransmissionSystemDemandOutturn,26968.0,,0,0,1,0.0
1773759600000,GB,initialTransmissionSystemDemandOutturn,27342.0,,0,0,1,0.0
1773761400000,GB,initialTransmissionSystemDemandOutturn,28681.0,,0,0,1,0.0
1773763200000,GB,initialTransmissionSystemDemandOutturn,31214.0,,0,0,1,0.0
1773765000000,GB,initialTransmissionSystemDemandOutturn,32836.0,,0,0,1,0.0
1773766800000,GB,initialTransmissionSystemDemandOutturn,33908.0,,0,0,1,0.0
1773768600000,GB,initialTransmissionSystemDemandOutturn,36833.0,,0,0,1,0.0
1773770400000,GB,initialTransmissionSystemDemandOutturn,37037.0,,0,0,1,0.0
1773772200000,GB,initialTransmissionSystemDemandOutturn,37869.0,,0,0,1,0.0
1773774000000,GB,initialTransmissionSystemDemandOutturn,37258.0,,0,0,1,0.0
1773775800000,GB,initialTransmissionSystemDemandOutturn,36572.0,,0,0,1,0.0
1773777600000,GB,initialTransmissionSystemDemandOutturn,35939.0,,0,0,1,0.0
1773779400000,GB,initialTransmissionSystemDemandOutturn,34867.0,,0,0,1,0.0
1773781200000,GB,initialTransmissionSystemDemandOutturn,34023.0,,0,0,1,0.0
1773783000000,GB,initialTransmissionSystemDemandOutturn,32606.0,,0,0,1,0.0
1773784800000,GB,initialTransmissionSystemDemandOutturn,31122.0,,0,0,1,0.0
1773786600000,GB,initialTransmissionSystemDemandOutturn,29717.0,,0,0,1,0.0
1773788400000,GB,initialTransmissionSystemDemandOutturn,27959.0,,0,0,1,0.0
1773790200000,GB,initialTransmissionSystemDemandOutturn,27031.0,,0,0,1,0.0
1773792000000,GB,initialTransmissionSystemDemandOutturn,474.85593748765046,27526.0,1,1,1,0.9827488215691473
1773793800000,GB,initialTransmissionSystemDemandOutturn,27535.0,,0,0,1,0.0
1773795600000,GB,initialTransmissionSystemDemandOutturn,27438.0,,0,0,1,0.0
1773797400000,GB,initialTransmissionSystemDemandOutturn,26804.0,,0,0,1,0.0
1773799200000,GB,initialTransmissionSystemDemandOutturn,26698.0,,0,0,1,0.0
1773801000000,GB,initialTransmissionSystemDemandOutturn,25985.0,,0,0,1,0.0
1773802800000,GB,initialTransmissionSystemDemandOutturn,39588.030188552126,25756.0,1,1,1,0.5370410851278199
1773804600000,GB,initialTransmissionSystemDemandOutturn,25211.0,,0,0,1,0.0
1773806400000,GB,initialTransmissionSystemDemandOutturn,25070.0,,0,0,1,0.0
1773808200000,GB,initialTransmissionSystemDemandOutturn,25160.0,,0,0,1,0.0
1773810000000,GB,initialTransmissionSystemDemandOutturn,25738.0,,0,0,1,0.0
1773811800000,GB,initialTransmissionSystemDemandOutturn,26585.0,,0,0,1,0.0
1773813600000,GB,initialTransmissionSystemDemandOutturn,28362.0,,0,0,1,0.0
1773815400000,GB,initialTransmissionSystemDemandOutturn,30630.0,,0,0,1,0.0
1773817200000,GB,initialTransmissionSystemDemandOutturn,31888.0,,0,0,1,0.0
1773819000000,GB,initialTransmissionSystemDemandOutturn,31932.0,,0,0,1,0.0
1773820800000,GB,initialTransmissionSystemDemandOutturn,31369.0,,0,0,1,0.0
1773822600000,GB,initialTransmissionSystemDemandOutturn,30000.0,,0,0,1,0.0
1773824400000,GB,initialTransmissionSystemDemandOutturn,29072.0,,0,0,1,0.0
1773826200000,GB,initialTransmissionSystemDemandOutturn,27818.0,,0,0,1,0.0
1773828000000,GB,initialTransmissionSystemDemandOutturn,26439.0,,0,0,1,0.0
1773829800000,GB,initialTransmissionSystemDemandOutturn,25627.0,,0,0,1,0.0
1773831600000,GB,initialTransmissionSystemDemandOutturn,25095.0,,0,0,1,0.0
1773833400000,GB,initialTransmissionSystemDemandOutturn,24845.0,,0,0,1,0.0
1773835200000,GB,initialTransmissionSystemDemandOutturn,24577.0,,0,0,1,0.0
1773837000000,GB,initialTransmissionSystemDemandOutturn,24563.0,,0,0,1,0.0
1773838800000,GB,initialTransmissionSystemDemandOutturn,24065.0,,0,0,1,0.0
1773840600000,GB,initialTransmissionSystemDemandOutturn,24351.0,,0,0,1,0.0
1773842400000,GB,initialTransmissionSystemDemandOutturn,24579.0,,0,0,1,0.0
1773844200000,GB,initialTransmissionSystemDemandOutturn,24977.0,,0,0,1,0.0
1773846000000,GB,initialTransmissionSystemDemandOutturn,25948.0,,0,0,1,0.0
1773847800000,GB,initialTransmissionSystemDemandOutturn,28014.0,,0,0,1,0.0
1773849600000,GB,initialTransmissionSystemDemandOutturn,30718.0,,0,0,1,0.0
1773851400000,GB,initialTransmissionSystemDemandOutturn,33139.0,,0,0,1,0.0
1773853200000,GB,initialTransmissionSystemDemandOutturn,35097.0,,0,0,1,0.0
1773855000000,GB,initialTransmissionSystemDemandOutturn,36583.0,,0,0,1,0.0
1773856800000,GB,initialTransmissionSystemDemandOutturn,37342.0,,0,0,1,0.0
1773858600000,GB,initialTransmissionSystemDemandOutturn,38069.0,,0,0,1,0.0
1773860400000,GB,initialTransmissionSystemDemandOutturn,38161.0,,0,0,1,0.0
1773862200000,GB,initialTransmissionSystemDemandOutturn,37821.0,,0,0,1,0.0
1773864000000,GB,initialTransmissionSystemDemandOutturn,36435.0,,0,0,1,0.0
1773865800000,GB,initialTransmissionSystemDemandOutturn,35315.0,,0,0,1,0.0
1773867600000,GB,initialTransmissionSystemDemandOutturn,33753.0,,0,0,1,0.0
1773869400000,GB,initialTransmissionSystemDemandOutturn,31969.0,,0,0,1,0.0
1773871200000,GB,initialTransmissionSystemDemandOutturn,30283.0,,0,0,1,0.0
1773873000000,GB,initialTransmissionSystemDemandOutturn,28498.0,,0,0,1,0.0
1773874800000,GB,initialTransmissionSystemDemandOutturn,28072.0,,0,0,1,0.0
1773876600000,GB,initialTransmissionSystemDemandOutturn,27390.0,,0,0,1,0.0
1773878400000,GB,initialTransmissionSystemDemandOutturn,27077.0,,0,0,1,0.0
1773880200000,GB,initialTransmissionSystemDemandOutturn,27489.0,,0,0,1,0.0
1773882000000,GB,initialTransmissionSystemDemandOutturn,27040.0,,0,0,1,0.0
1773883800000,GB,initialTransmissionSystemDemandOutturn,26694.0,,0,0,1,0.0
1773885600000,GB,initialTransmissionSystemDemandOutturn,26126.0,,0,0,1,0.0
1773887400000,GB,initialTransmissionSystemDemandOutturn,25502.0,,0,0,1,0.0
1773889200000,GB,initialTransmissionSystemDemandOutturn,25552.0,,0,0,1,0.0
1773891000000,GB,initialTransmissionSystemDemandOutturn,25289.0,,0,0,1,0.0
1773892800000,GB,initialTransmissionSystemDemandOutturn,25979.0,,0,0,1,0.0
1773894600000,GB,initialTransmissionSystemDemandOutturn,26048.0,,0,0,1,0.0
1773896400000,GB,initialTransmissionSystemDemandOutturn,27484.0,,0,0,1,0.0
1773898200000,GB,initialTransmissionSystemDemandOutturn,28281.0,,0,0,1,0.0
1773900000000,GB,initialTransmissionSystemDemandOutturn,30230.0,,0,0,1,0.0
1773901800000,GB,initialTransmissionSystemDemandOutturn,31934.0,,0,0,1,0.0
1773903600000,GB,initialTransmissionSystemDemandOutturn,31913.0,,0,0,1,0.0
1773905400000,GB,initialTransmissionSystemDemandOutturn,31847.0,,0,0,1,0.0
1773907200000,GB,initialTransmissionSystemDemandOutturn,31337.0,,0,0,1,0.0
1773909000000,GB,initialTransmissionSystemDemandOutturn,29880.0,,0,0,1,0.0
1773910800000,GB,initialTransmissionSystemDemandOutturn,28377.0,,0,0,1,0.0
1773912600000,GB,initialTransmissionSystemDemandOutturn,26854.0,,0,0,1,0.0
1773914400000,GB,initialTransmissionSystemDemandOutturn,25475.0,,0,0,1,0.0
1773916200000,GB,initialTransmissionSystemDemandOutturn,24264.0,,0,0,1,0.0
1773918000000,GB,initialTransmissionSystemDemandOutturn,23679.0,,0,0,1,0.0
1773919800000,GB,initialTransmissionSystemDemandOutturn,23130.0,,0,0,1,0.0
1773921600000,GB,initialTransmissionSystemDemandOutturn,22804.0,,0,0,1,0.0
1773923400000,GB,initialTransmissionSystemDemandOutturn,22614.0,,0,0,1,0.0
1773925200000,GB,initialTransmissionSystemDemandOutturn,22596.0,,0,0,1,0.0
1773927000000,GB,initialTransmissionSystemDemandOutturn,22744.0,,0,0,1,0.0
1773928800000,GB,initialTransmissionSystemDemandOutturn,23257.0,,0,0,1,0.0
1773930600000,GB,initialTransmissionSystemDemandOutturn,24134.0,,0,0,1,0.0
1773932400000,GB,initialTransmissionSystemDemandOutturn,25406.0,,0,0,1,0.0
1773934200000,GB,initialTransmissionSystemDemandOutturn,27936.0,,0,0,1,0.0
1773936000000,GB,initialTransmissionSystemDemandOutturn,30993.0,,0,0,1,0.0
1773937800000,GB,initialTransmissionSystemDemandOutturn,33658.0,,0,0,1,0.0
1773939600000,GB,initialTransmissionSystemDemandOutturn,35617.0,,0,0,1,0.0
1773941400000,GB,initialTransmissionSystemDemandOutturn,36998.0,,0,0,1,0.0
1773943200000,GB,initialTransmissionSystemDemandOutturn,38245.0,,0,0,1,0.0
1773945000000,GB,initialTransmissionSystemDemandOutturn,38569.0,,0,0,1,0.0
1773946800000,GB,initialTransmissionSystemDemandOutturn,38297.0,,0,0,1,0.0
1773948600000,GB,initialTransmissionSystemDemandOutturn,37861.0,,0,0,1,0.0
1773950400000,GB,initialTransmissionSystemDemandOutturn,36614.0,,0,0,1,0.0
1773952200000,GB,initialTransmissionSystemDemandOutturn,35532.0,,0,0,1,0.0
1773954000000,GB,initialTransmissionSystemDemandOutturn,34067.0,,0,0,1,0.0
1773955800000,GB,initialTransmissionSystemDemandOutturn,32606.0,,0,0,1,0.0
1773957600000,GB,initialTransmissionSystemDemandOutturn,30801.0,,0,0,1,0.0
1773959400000,GB,initialTransmissionSystemDemandOutturn,29219.0,,0,0,1,0.0
1773961200000,GB,initialTransmissionSystemDemandOutturn,28019.0,,0,0,1,0.0
1773963000000,GB,initialTransmissionSystemDemandOutturn,26998.0,,0,0,1,0.0
1773964800000,GB,initialTransmissionSystemDemandOutturn,27270.0,,0,0,1,0.0
1773966600000,GB,initialTransmissionSystemDemandOutturn,27656.0,,0,0,1,0.0
1773968400000,GB,initialTransmissionSystemDemandOutturn,27498.0,,0,0,1,0.0
1773970200000,GB,initialTransmissionSystemDemandOutturn,26834.0,,0,0,1,0.0
1773972000000,GB,initialTransmissionSystemDemandOutturn,26411.0,,0,0,1,0.0
1773973800000,GB,initialTransmissionSystemDemandOutturn,26018.0,,0,0,1,0.0
1773975600000,GB,initialTransmissionSystemDemandOutturn,25976.0,,0,0,1,0.0
1773977400000,GB,initialTransmissionSystemDemandOutturn,25495.0,,0,0,1,0.0
1773979200000,GB,initialTransmissionSystemDemandOutturn,26011.0,,0,0,1,0.0
1773981000000,GB,initialTransmissionSystemDemandOutturn,25912.0,,0,0,1,0.0
1773982800000,GB,initialTransmissionSystemDemandOutturn,27118.0,,0,0,1,0.0
1773984600000,GB,initialTransmissionSystemDemandOutturn,28219.0,,0,0,1,0.0
1773986400000,GB,initialTransmissionSystemDemandOutturn,29702.0,,0,0,1,0.0
1773988200000,GB,initialTransmissionSystemDemandOutturn,31216.0,,0,0,1,0.0
1773990000000,GB,initialTransmissionSystemDemandOutturn,32442.0,,0,0,1,0.0
1773991800000,GB,initialTransmissionSystemDemandOutturn,33005.0,,0,0,1,0.0
1773993600000,GB,initialTransmissionSystemDemandOutturn,33323.0,,0,0,1,0.0
1773995400000,GB,initialTransmissionSystemDemandOutturn,33196.0,,0,0,1,0.0
1773997200000,GB,initialTransmissionSystemDemandOutturn,32544.0,,0,0,1,0.0
1773999000000,GB,initialTransmissionSystemDemandOutturn,31379.0,,0,0,1,0.0
1774000800000,GB,initialTransmissionSystemDemandOutturn,29959.0,,0,0,1,0.0
1774002600000,GB,initialTransmissionSystemDemandOutturn,28703.0,,0,0,1,0.0
1774004400000,GB,initialTransmissionSystemDemandOutturn,27962.0,,0,0,1,0.0
1774006200000,GB,initialTransmissionSystemDemandOutturn,27171.0,,0,0,1,0.0
1774008000000,GB,initialTransmissionSystemDemandOutturn,26508.0,,0,0,1,0.0
1774009800000,GB,initialTransmissionSystemDemandOutturn,26536.0,,0,0,1,0.0
1774011600000,GB,initialTransmissionSystemDemandOutturn,26340.0,,0,0,1,0.0
1774013400000,GB,initialTransmissionSystemDemandOutturn,26202.0,,0,0,1,0.0
1774015200000,GB,initialTransmissionSystemDemandOutturn,26571.0,,0,0,1,0.0
1774017000000,GB,initialTransmissionSystemDemandOutturn,26703.0,,0,0,1,0.0
1774018800000,GB,initialTransmissionSystemDemandOutturn,26719.0,,0,0,1,0.0
1774020600000,GB,initialTransmissionSystemDemandOutturn,28103.0,,0,0,1,0.0
1774022400000,GB,initialTransmissionSystemDemandOutturn,30825.0,,0,0,1,0.0
1774024200000,GB,initialTransmissionSystemDemandOutturn,32914.0,,0,0,1,0.0
1774026000000,GB,initialTransmissionSystemDemandOutturn,35277.0,,0,0,1,0.0
1774027800000,GB,initialTransmissionSystemDemandOutturn,36860.0,,0,0,1,0.0
1774029600000,GB,initialTransmissionSystemDemandOutturn,37082.0,,0,0,1,0.0
1774031400000,GB,initialTransmissionSystemDemandOutturn,37450.0,,0,0,1,0.0
1774033200000,GB,initialTransmissionSystemDemandOutturn,37067.0,,0,0,1,0.0
1774035000000,GB,initialTransmissionSystemDemandOutturn,36447.0,,0,0,1,0.0
1774036800000,GB,initialTransmissionSystemDemandOutturn,35343.0,,0,0,1,0.0
1774038600000,GB,initialTransmissionSystemDemandOutturn,34390.0,,0,0,1,0.0
1774040400000,GB,initialTransmissionSystemDemandOutturn,32910.0,,0,0,1,0.0
1774042200000,GB,initialTransmissionSystemDemandOutturn,31465.0,,0,0,1,0.0
1774044000000,GB,initialTransmissionSystemDemandOutturn,30069.0,,0,0,1,0.0
1774045800000,GB,initialTransmissionSystemDemandOutturn,28774.0,,0,0,1,0.0
1774047600000,GB,initialTransmissionSystemDemandOutturn,27893.0,,0,0,1,0.0
1774049400000,GB,initialTransmissionSystemDemandOutturn,26897.0,,0,0,1,0.0
1774051200000,GB,initialTransmissionSystemDemandOutturn,27134.0,,0,0,1,0.0
1774053000000,GB,initialTransmissionSystemDemandOutturn,27067.0,,0,0,1,0.0
1774054800000,GB,initialTransmissionSystemDemandOutturn,26943.0,,0,0,1,0.0
1774056600000,GB,initialTransmissionSystemDemandOutturn,26375.0,,0,0,1,0.0
1774058400000,GB,initialTransmissionSystemDemandOutturn,25916.0,,0,0,1,0.0
1774060200000,GB,initialTransmissionSystemDemandOutturn,25663.0,,0,0,1,0.0
1774062000000,GB,initialTransmissionSystemDemandOutturn,25472.0,,0,0,1,0.0
1774063800000,GB,initialTransmissionSystemDemandOutturn,24881.0,,0,0,1,0.0
1774065600000,GB,initialTransmissionSystemDemandOutturn,24813.0,,0,0,1,0.0
1774067400000,GB,initialTransmissionSystemDemandOutturn,24710.0,,0,0,1,0.0
1774069200000,GB,initialTransmissionSystemDemandOutturn,24625.0,,0,0,1,0.0
1774071000000,GB,initialTransmissionSystemDemandOutturn,24681.0,,0,0,1,0.0
1774072800000,GB,initialTransmissionSystemDemandOutturn,25713.0,,0,0,1,0.0
1774074600000,GB,initialTransmissionSystemDemandOutturn,26261.0,,0,0,1,0.0
1774076400000,GB,initialTransmissionSystemDemandOutturn,26910.0,,0,0,1,0.0
1774078200000,GB,initialTransmissionSystemDemandOutturn,27120.0,,0,0,1,0.0
1774080000000,GB,initialTransmissionSystemDemandOutturn,27234.0,,0,0,1,0.0
1774081800000,GB,initialTransmissionSystemDemandOutturn,26906.0,,0,0,1,0.0
1774083600000,GB,initialTransmissionSystemDemandOutturn,26154.0,,0,0,1,0.0
1774085400000,GB,initialTransmissionSystemDemandOutturn,24970.0,,0,0,1,0.0
1774087200000,GB,initialTransmissionSystemDemandOutturn,23464.0,,0,0,1,0.0
1774089000000,GB,initialTransmissionSystemDemandOutturn,22271.0,,0,0,1,0.0
1774090800000,GB,initialTransmissionSystemDemandOutturn,21691.0,,0,0,1,0.0
1774092600000,GB,initialTransmissionSystemDemandOutturn,21198.0,,0,0,1,0.0
1774094400000,GB,initialTransmissionSystemDemandOutturn,21111.0,,0,0,1,0.0
1774096200000,GB,initialTransmissionSystemDemandOutturn,21196.0,,0,0,1,0.0
1774098000000,GB,initialTransmissionSystemDemandOutturn,21099.0,,0,0,1,0.0
1774099800000,GB,initialTransmissionSystemDemandOutturn,21233.0,,0,0,1,0.0
1774101600000,GB,initialTransmissionSystemDemandOutturn,21331.0,,0,0,1,0.0
1774103400000,GB,initialTransmissionSystemDemandOutturn,21803.0,,0,0,1,0.0
1774105200000,GB,initialTransmissionSystemDemandOutturn,22575.0,,0,0,1,0.0
1774107000000,GB,initialTransmissionSystemDemandOutturn,23554.0,,0,0,1,0.0
1774108800000,GB,initialTransmissionSystemDemandOutturn,25246.0,,0,0,1,0.0
1774110600000,GB,initialTransmissionSystemDemandOutturn,27772.0,,0,0,1,0.0
1774112400000,GB,initialTransmissionSystemDemandOutturn,30344.0,,0,0,1,0.0
1774114200000,GB,initialTransmissionSystemDemandOutturn,32235.0,,0,0,1,0.0
1774116000000,GB,initialTransmissionSystemDemandOutturn,33741.0,,0,0,1,0.0
1774117800000,GB,initialTransmissionSystemDemandOutturn,34510.0,,0,0,1,0.0
1774119600000,GB,initialTransmissionSystemDemandOutturn,34638.0,,0,0,1,0.0
1774121400000,GB,initialTransmissionSystemDemandOutturn,33847.0,,0,0,1,0.0
1774123200000,GB,initialTransmissionSystemDemandOutturn,32861.0,,0,0,1,0.0
1774125000000,GB,initialTransmissionSystemDemandOutturn,32383.0,,0,0,1,0.0
1774126800000,GB,initialTransmissionSystemDemandOutturn,31697.0,,0,0,1,0.0
1774128600000,GB,initialTransmissionSystemDemandOutturn,30066.0,,0,0,1,0.0
1774130400000,GB,initialTransmissionSystemDemandOutturn,28568.0,,0,0,1,0.0
1774132200000,GB,initialTransmissionSystemDemandOutturn,27162.0,,0,0,1,0.0
1774134000000,GB,initialTransmissionSystemDemandOutturn,26352.0,,0,0,1,0.0
1774135800000,GB,initialTransmissionSystemDemandOutturn,25562.0,,0,0,1,0.0
1774137600000,GB,initialTransmissionSystemDemandOutturn,26072.0,,0,0,1,0.0
1774139400000,GB,initialTransmissionSystemDemandOutturn,26180.0,,0,0,1,0.0
1774141200000,GB,initialTransmissionSystemDemandOutturn,25574.0,,0,0,1,0.0
1774143000000,GB,initialTransmissionSystemDemandOutturn,25161.0,,0,0,1,0.0
1774144800000,GB,initialTransmissionSystemDemandOutturn,24405.0,,0,0,1,0.0
1774146600000,GB,initialTransmissionSystemDemandOutturn,24197.0,,0,0,1,0.0
1774148400000,GB,initialTransmissionSystemDemandOutturn,23952.0,,0,0,1,0.0
1774150200000,GB,initialTransmissionSystemDemandOutturn,23847.0,,0,0,1,0.0
1774152000000,GB,initialTransmissionSystemDemandOutturn,23719.0,,0,0,1,0.0
1774153800000,GB,initialTransmissionSystemDemandOutturn,23501.0,,0,0,1,0.0
1774155600000,GB,initialTransmissionSystemDemandOutturn,23518.0,,0,0,1,0.0
1774157400000,GB,initialTransmissionSystemDemandOutturn,23347.0,,0,0,1,0.0
1774159200000,GB,initialTransmissionSystemDemandOutturn,23584.0,,0,0,1,0.0
1774161000000,GB,initialTransmissionSystemDemandOutturn,23773.0,,0,0,1,0.0
1774162800000,GB,initialTransmissionSystemDemandOutturn,23968.0,,0,0,1,0.0
1774164600000,GB,initialTransmissionSystemDemandOutturn,23975.0,,0,0,1,0.0
1774166400000,GB,initialTransmissionSystemDemandOutturn,24218.0,,0,0,1,0.0
1774168200000,GB,initialTransmissionSystemDemandOutturn,23997.0,,0,0,1,0.0
1774170000000,GB,initialTransmissionSystemDemandOutturn,23832.0,,0,0,1,0.0
1774171800000,GB,initialTransmissionSystemDemandOutturn,23654.0,,0,0,1,0.0
1774173600000,GB,initialTransmissionSystemDemandOutturn,23497.0,,0,0,1,0.0
1774175400000,GB,initialTransmissionSystemDemandOutturn,23149.0,,0,0,1,0.0
1774177200000,GB,initialTransmissionSystemDemandOutturn,23188.0,,0,0,1,0.0
1774179000000,GB,initialTransmissionSystemDemandOutturn,23242.0,,0,0,1,0.0
1774180800000,GB,initialTransmissionSystemDemandOutturn,23592.0,,0,0,1,0.0
1774182600000,GB,initialTransmissionSystemDemandOutturn,23762.0,,0,0,1,0.0
1774184400000,GB,initialTransmissionSystemDemandOutturn,24233.0,,0,0,1,0.0
1774186200000,GB,initialTransmissionSystemDemandOutturn,24677.0,,0,0,1,0.0
1774188000000,GB,initialTransmissionSystemDemandOutturn,24877.0,,0,0,1,0.0
1774189800000,GB,initialTransmissionSystemDemandOutturn,25640.0,,0,0,1,0.0
1774191600000,GB,initialTransmissionSystemDemandOutturn,26928.0,,0,0,1,0.0
1774193400000,GB,initialTransmissionSystemDemandOutturn,44620.420350568194,28419.0,1,1,1,0.5700911485473872
1774195200000,GB,initialTransmissionSystemDemandOutturn,30192.0,,0,0,1,0.0
1774197000000,GB,initialTransmissionSystemDemandOutturn,32137.0,,0,0,1,0.0
1774198800000,GB,initialTransmissionSystemDemandOutturn,33718.0,,0,0,1,0.0
1774200600000,GB,initialTransmissionSystemDemandOutturn,34837.0,,0,0,1,0.0
1774202400000,GB,initialTransmissionSystemDemandOutturn,35469.0,,0,0,1,0.0
1774204200000,GB,initialTransmissionSystemDemandOutturn,35685.0,,0,0,1,0.0
1774206000000,GB,initialTransmissionSystemDemandOutturn,35331.0,,0,0,1,0.0
1774207800000,GB,initialTransmissionSystemDemandOutturn,34570.0,,0,0,1,0.0
1774209600000,GB,initialTransmissionSystemDemandOutturn,33769.0,,0,0,1,0.0
1774211400000,GB,initialTransmissionSystemDemandOutturn,32874.0,,0,0,1,0.0
1774213200000,GB,initialTransmissionSystemDemandOutturn,31757.0,,0,0,1,0.0
1774215000000,GB,initialTransmissionSystemDemandOutturn,30494.0,,0,0,1,0.0
1774216800000,GB,initialTransmissionSystemDemandOutturn,28796.0,,0,0,1,0.0
1774218600000,GB,initialTransmissionSystemDemandOutturn,27088.0,,0,0,1,0.0
1774220400000,GB,initialTransmissionSystemDemandOutturn,26070.0,,0,0,1,0.0
1774222200000,GB,initialTransmissionSystemDemandOutturn,25543.0,,0,0,1,0.0
1774224000000,GB,initialTransmissionSystemDemandOutturn,25743.0,,0,0,1,0.0
1774225800000,GB,initialTransmissionSystemDemandOutturn,26496.0,,0,0,1,0.0
1774227600000,GB,initialTransmissionSystemDemandOutturn,26520.0,,0,0,1,0.0
1774229400000,GB,initialTransmissionSystemDemandOutturn,25995.0,,0,0,1,0.0
1774231200000,GB,initialTransmissionSystemDemandOutturn,25350.0,,0,0,1,0.0
1774233000000,GB,initialTransmissionSystemDemandOutturn,24852.0,,0,0,1,0.0
1774234800000,GB,initialTransmissionSystemDemandOutturn,24881.0,,0,0,1,0.0
1774236600000,GB,initialTransmissionSystemDemandOutturn,24649.0,,0,0,1,0.0
1774238400000,GB,initialTransmissionSystemDemandOutturn,25419.0,,0,0,1,0.0
1774240200000,GB,initialTransmissionSystemDemandOutturn,25657.0,,0,0,1,0.0
1774242000000,GB,initialTransmissionSystemDemandOutturn,27208.0,,0,0,1,0.0
1774243800000,GB,initialTransmissionSystemDemandOutturn,28174.0,,0,0,1,0.0
1774245600000,GB,initialTransmissionSystemDemandOutturn,29859.0,,0,0,1,0.0
1774247400000,GB,initialTransmissionSystemDemandOutturn,31146.0,,0,0,1,0.0
1774249200000,GB,initialTransmissionSystemDemandOutturn,32336.0,,0,0,1,0.0
1774251000000,GB,initialTransmissionSystemDemandOutturn,33206.0,,0,0,1,0.0
1774252800000,GB,initialTransmissionSystemDemandOutturn,33594.0,,0,0,1,0.0
1774254600000,GB,initialTransmissionSystemDemandOutturn,33204.0,,0,0,1,0.0
1774256400000,GB,initialTransmissionSystemDemandOutturn,32987.0,,0,0,1,0.0
1774258200000,GB,initialTransmissionSystemDemandOutturn,31913.0,,0,0,1,0.0
1774260000000,GB,initialTransmissionSystemDemandOutturn,30628.0,,0,0,1,0.0
1774261800000,GB,initialTransmissionSystemDemandOutturn,29534.0,,0,0,1,0.0
1774263600000,GB,initialTransmissionSystemDemandOutturn,29139.0,,0,0,1,0.0
1774265400000,GB,initialTransmissionSystemDemandOutturn,28303.0,,0,0,1,0.0
1774267200000,GB,initialTransmissionSystemDemandOutturn,28242.0,,0,0,1,0.0
1774269000000,GB,initialTransmissionSystemDemandOutturn,28494.0,,0,0,1,0.0
1774270800000,GB,initialTransmissionSystemDemandOutturn,28737.0,,0,0,1,0.0
1774272600000,GB,initialTransmissionSystemDemandOutturn,29115.0,,0,0,1,0.0
1774274400000,GB,initialTransmissionSystemDemandOutturn,29372.0,,0,0,1,0.0
1774276200000,GB,initialTransmissionSystemDemandOutturn,29771.0,,0,0,1,0.0
1774278000000,GB,initialTransmissionSystemDemandOutturn,30645.0,,0,0,1,0.0
1774279800000,GB,initialTransmissionSystemDemandOutturn,32147.0,,0,0,1,0.0
1774281600000,GB,initialTransmissionSystemDemandOutturn,33802.0,,0,0,1,0.0
1774283400000,GB,initialTransmissionSystemDemandOutturn,35052.0,,0,0,1,0.0
1774285200000,GB,initialTransmissionSystemDemandOutturn,36789.0,,0,0,1,0.0
1774287000000,GB,initialTransmissionSystemDemandOutturn,37880.0,,0,0,1,0.0
1774288800000,GB,initialTransmissionSystemDemandOutturn,38105.0,,0,0,1,0.0
1774290600000,GB,initialTransmissionSystemDemandOutturn,38663.0,,0,0,1,0.0
1774292400000,GB,initialTransmissionSystemDemandOutturn,38492.0,,0,0,1,0.0
1774294200000,GB,initialTransmissionSystemDemandOutturn,37016.0,,0,0,1,0.0
1774296000000,GB,initialTransmissionSystemDemandOutturn,36588.0,,0,0,1,0.0
1774297800000,GB,initialTransmissionSystemDemandOutturn,35152.0,,0,0,1,0.0
1774299600000,GB,initialTransmissionSystemDemandOutturn,33551.0,,0,0,1,0.0
1774301400000,GB,initialTransmissionSystemDemandOutturn,31842.0,,0,0,1,0.0
1774303200000,GB,initialTransmissionSystemDemandOutturn,29871.0,,0,0,1,0.0
1774305000000,GB,initialTransmissionSystemDemandOutturn,28388.0,,0,0,1,0.0
1774306800000,GB,initialTransmissionSystemDemandOutturn,27414.0,,0,0,1,0.0
1774308600000,GB,initialTransmissionSystemDemandOutturn,26763.0,,0,0,1,0.0
1774310400000,GB,initialTransmissionSystemDemandOutturn,27604.0,,0,0,1,0.0
1774312200000,GB,initialTransmissionSystemDemandOutturn,28411.0,,0,0,1,0.0
1774314000000,GB,initialTransmissionSystemDemandOutturn,28497.0,,0,0,1,0.0
1774315800000,GB,initialTransmissionSystemDemandOutturn,27957.0,,0,0,1,0.0
1774317600000,GB,initialTransmissionSystemDemandOutturn,27735.0,,0,0,1,0.0
1774319400000,GB,initialTransmissionSystemDemandOutturn,27500.0,,0,0,1,0.0
1774321200000,GB,initialTransmissionSystemDemandOutturn,26823.0,,0,0,1,0.0
1774323000000,GB,initialTransmissionSystemDemandOutturn,25855.0,,0,0,1,0.0
1774324800000,GB,initialTransmissionSystemDemandOutturn,25313.0,,0,0,1,0.0
1774326600000,GB,initialTransmissionSystemDemandOutturn,25324.0,,0,0,1,0.0
1774328400000,GB,initialTransmissionSystemDemandOutturn,25368.0,,0,0,1,0.0
1774330200000,GB,initialTransmissionSystemDemandOutturn,25948.0,,0,0,1,0.0
1774332000000,GB,initialTransmissionSystemDemandOutturn,28331.0,,0,0,1,0.0
1774333800000,GB,initialTransmissionSystemDemandOutturn,30394.0,,0,0,1,0.0
1774335600000,GB,initialTransmissionSystemDemandOutturn,30533.0,,0,0,1,0.0
1774337400000,GB,initialTransmissionSystemDemandOutturn,31217.0,,0,0,1,0.0
1774339200000,GB,initialTransmissionSystemDemandOutturn,31774.0,,0,0,1,0.0
1774341000000,GB,initialTransmissionSystemDemandOutturn,31830.0,,0,0,1,0.0
1774342800000,GB,initialTransmissionSystemDemandOutturn,32063.0,,0,0,1,0.0
1774344600000,GB,initialTransmissionSystemDemandOutturn,15305.346734039747,31947.0,1,1,1,0.520914429084429
1774346400000,GB,initialTransmissionSystemDemandOutturn,32298.0,,0,0,1,0.0
1774348200000,GB,initialTransmissionSystemDemandOutturn,32437.0,,0,0,1,0.0
1774350000000,GB,initialTransmissionSystemDemandOutturn,32341.0,,0,0,1,0.0
1774351800000,GB,initialTransmissionSystemDemandOutturn,32003.0,,0,0,1,0.0
1774353600000,GB,initialTransmissionSystemDemandOutturn,32190.0,,0,0,1,0.0
1774355400000,GB,initialTransmissionSystemDemandOutturn,31896.0,,0,0,1,0.0
1774357200000,GB,initialTransmissionSystemDemandOutturn,31157.0,,0,0,1,0.0
1774359000000,GB,initialTransmissionSystemDemandOutturn,31343.0,,0,0,1,0.0
1774360800000,GB,initialTransmissionSystemDemandOutturn,30850.0,,0,0,1,0.0
1774362600000,GB,initialTransmissionSystemDemandOutturn,30320.0,,0,0,1,0.0
1774364400000,GB,initialTransmissionSystemDemandOutturn,30757.0,,0,0,1,0.0
1774366200000,GB,initialTransmissionSystemDemandOutturn,31687.0,,0,0,1,0.0
1774368000000,GB,initialTransmissionSystemDemandOutturn,32855.0,,0,0,1,0.0
1774369800000,GB,initialTransmissionSystemDemandOutturn,34519.0,,0,0,1,0.0
1774371600000,GB,initialTransmissionSystemDemandOutturn,35828.0,,0,0,1,0.0
1774373400000,GB,initialTransmissionSystemDemandOutturn,36645.0,,0,0,1,0.0
1774375200000,GB,initialTransmissionSystemDemandOutturn,37000.0,,0,0,1,0.0
1774377000000,GB,initialTransmissionSystemDemandOutturn,37143.0,,0,0,1,0.0
1774378800000,GB,initialTransmissionSystemDemandOutturn,37244.0,,0,0,1,0.0
1774380600000,GB,initialTransmissionSystemDemandOutturn,36458.0,,0,0,1,0.0
1774382400000,GB,initialTransmissionSystemDemandOutturn,34625.0,,0,0,1,0.0
1774384200000,GB,initialTransmissionSystemDemandOutturn,33624.0,,0,0,1,0.0
1774386000000,GB,initialTransmissionSystemDemandOutturn,31870.0,,0,0,1,0.0
1774387800000,GB,initialTransmissionSystemDemandOutturn,29904.0,,0,0,1,0.0
1774389600000,GB,initialTransmissionSystemDemandOutturn,28281.0,,0,0,1,0.0
1774391400000,GB,initialTransmissionSystemDemandOutturn,27615.0,,0,0,1,0.0
1774393200000,GB,initialTransmissionSystemDemandOutturn,26825.0,,0,0,1,0.0
1774395000000,GB,initialTransmissionSystemDemandOutturn,26734.0,,0,0,1,0.0
1774396800000,GB,initialTransmissionSystemDemandOutturn,27087.0,,0,0,1,0.0
1774398600000,GB,initialTransmissionSystemDemandOutturn,27352.0,,0,0,1,0.0
1774400400000,GB,initialTransmissionSystemDemandOutturn,26654.0,,0,0,1,0.0
1774402200000,GB,initialTransmissionSystemDemandOutturn,26678.0,,0,0,1,0.0
1774404000000,GB,initialTransmissionSystemDemandOutturn,26502.0,,0,0,1,0.0
1774405800000,GB,initialTransmissionSystemDemandOutturn,26093.0,,0,0,1,0.0
1774407600000,GB,initialTransmissionSystemDemandOutturn,25827.0,,0,0,1,0.0
1774409400000,GB,initialTransmissionSystemDemandOutturn,25265.0,,0,0,1,0.0
1774411200000,GB,initialTransmissionSystemDemandOutturn,25427.0,,0,0,1,0.0
1774413000000,GB,initialTransmissionSystemDemandOutturn,25060.0,,0,0,1,0.0
1774414800000,GB,initialTransmissionSystemDemandOutturn,25676.0,,0,0,1,0.0
1774416600000,GB,initialTransmissionSystemDemandOutturn,26642.0,,0,0,1,0.0
1774418400000,GB,initialTransmissionSystemDemandOutturn,28613.0,,0,0,1,0.0
1774420200000,GB,initialTransmissionSystemDemandOutturn,29737.0,,0,0,1,0.0
1774422000000,GB,initialTransmissionSystemDemandOutturn,31448.0,,0,0,1,0.0
1774423800000,GB,initialTransmissionSystemDemandOutturn,32049.0,,0,0,1,0.0
1774425600000,GB,initialTransmissionSystemDemandOutturn,31986.0,,0,0,1,0.0
1774427400000,GB,initialTransmissionSystemDemandOutturn,31495.0,,0,0,1,0.0
1774429200000,GB,initialTransmissionSystemDemandOutturn,30756.0,,0,0,1,0.0
1774431000000,GB,initialTransmissionSystemDemandOutturn,29902.0,,0,0,1,0.0
1774432800000,GB,initialTransmissionSystemDemandOutturn,29042.0,,0,0,1,0.0
1774434600000,GB,initialTransmissionSystemDemandOutturn,28430.0,,0,0,1,0.0
1774436400000,GB,initialTransmissionSystemDemandOutturn,28379.0,,0,0,1,0.0
1774438200000,GB,initialTransmissionSystemDemandOutturn,28237.0,,0,0,1,0.0
1774440000000,GB,initialTransmissionSystemDemandOutturn,28597.0,,0,0,1,0.0
1774441800000,GB,initialTransmissionSystemDemandOutturn,28646.0,,0,0,1,0.0
1774443600000,GB,initialTransmissionSystemDemandOutturn,28872.0,,0,0,1,0.0
1774445400000,GB,initialTransmissionSystemDemandOutturn,28784.0,,0,0,1,0.0
1774447200000,GB,initialTransmissionSystemDemandOutturn,28530.0,,0,0,1,0.0
1774449000000,GB,initialTransmissionSystemDemandOutturn,28231.0,,0,0,1,0.0
1774450800000,GB,initialTransmissionSystemDemandOutturn,27960.0,,0,0,1,0.0
1774452600000,GB,initialTransmissionSystemDemandOutturn,29024.0,,0,0,1,0.0
1774454400000,GB,initialTransmissionSystemDemandOutturn,31097.0,,0,0,1,0.0
1774456200000,GB,initialTransmissionSystemDemandOutturn,32661.0,,0,0,1,0.0
1774458000000,GB,initialTransmissionSystemDemandOutturn,33575.0,,0,0,1,0.0
1774459800000,GB,initialTransmissionSystemDemandOutturn,35672.0,,0,0,1,0.0
1774461600000,GB,initialTransmissionSystemDemandOutturn,37289.0,,0,0,1,0.0
1774463400000,GB,initialTransmissionSystemDemandOutturn,38318.0,,0,0,1,0.0
1774465200000,GB,initialTransmissionSystemDemandOutturn,38933.0,,0,0,1,0.0
1774467000000,GB,initialTransmissionSystemDemandOutturn,38584.0,,0,0,1,0.0
1774468800000,GB,initialTransmissionSystemDemandOutturn,37813.0,,0,0,1,0.0
1774470600000,GB,initialTransmissionSystemDemandOutturn,36806.0,,0,0,1,0.0
1774472400000,GB,initialTransmissionSystemDemandOutturn,35199.0,,0,0,1,0.0
1774474200000,GB,initialTransmissionSystemDemandOutturn,33678.0,,0,0,1,0.0
1774476000000,GB,initialTransmissionSystemDemandOutturn,31918.0,,0,0,1,0.0
1774477800000,GB,initialTransmissionSystemDemandOutturn,30462.0,,0,0,1,0.0
1774479600000,GB,initialTransmissionSystemDemandOutturn,29189.0,,0,0,1,0.0
1774481400000,GB,initialTransmissionSystemDemandOutturn,29011.0,,0,0,1,0.0
1774483200000,GB,initialTransmissionSystemDemandOutturn,29730.0,,0,0,1,0.0
1774485000000,GB,initialTransmissionSystemDemandOutturn,30235.0,,0,0,1,0.0
1774486800000,GB,initialTransmissionSystemDemandOutturn,30047.0,,0,0,1,0.0
1774488600000,GB,initialTransmissionSystemDemandOutturn,29399.0,,0,0,1,0.0
1774490400000,GB,initialTransmissionSystemDemandOutturn,28736.0,,0,0,1,0.0
1774492200000,GB,initialTransmissionSystemDemandOutturn,28502.0,,0,0,1,0.0
1774494000000,GB,initialTransmissionSystemDemandOutturn,27978.0,,0,0,1,0.0
1774495800000,GB,initialTransmissionSystemDemandOutturn,27340.0,,0,0,1,0.0
1774497600000,GB,initialTransmissionSystemDemandOutturn,26870.0,,0,0,1,0.0
1774499400000,GB,initialTransmissionSystemDemandOutturn,26410.0,,0,0,1,0.0
1774501200000,GB,initialTransmissionSystemDemandOutturn,27749.0,,0,0,1,0.0
1774503000000,GB,initialTransmissionSystemDemandOutturn,28284.0,,0,0,1,0.0
1774504800000,GB,initialTransmissionSystemDemandOutturn,29769.0,,0,0,1,0.0
1774506600000,GB,initialTransmissionSystemDemandOutturn,31231.0,,0,0,1,0.0
1774508400000,GB,initialTransmissionSystemDemandOutturn,33162.0,,0,0,1,0.0
1774510200000,GB,initialTransmissionSystemDemandOutturn,33084.0,,0,0,1,0.0
1774512000000,GB,initialTransmissionSystemDemandOutturn,32854.0,,0,0,1,0.0
1774513800000,GB,initialTransmissionSystemDemandOutturn,31605.0,,0,0,1,0.0
1774515600000,GB,initialTransmissionSystemDemandOutturn,30691.0,,0,0,1,0.0
1774517400000,GB,initialTransmissionSystemDemandOutturn,29766.0,,0,0,1,0.0
1774519200000,GB,initialTransmissionSystemDemandOutturn,28766.0,,0,0,1,0.0
1774521000000,GB,initialTransmissionSystemDemandOutturn,28071.0,,0,0,1,0.0
1774522800000,GB,initialTransmissionSystemDemandOutturn,27254.0,,0,0,1,0.0
1774524600000,GB,initialTransmissionSystemDemandOutturn,27072.0,,0,0,1,0.0
1774526400000,GB,initialTransmissionSystemDemandOutturn,26677.0,,0,0,1,0.0
1774528200000,GB,initialTransmissionSystemDemandOutturn,26466.0,,0,0,1,0.0
1774530000000,GB,initialTransmissionSystemDemandOutturn,26272.0,,0,0,1,0.0
1774531800000,GB,initialTransmissionSystemDemandOutturn,26237.0,,0,0,1,0.0
1774533600000,GB,initialTransmissionSystemDemandOutturn,26487.0,,0,0,1,0.0
1774535400000,GB,initialTransmissionSystemDemandOutturn,26975.0,,0,0,1,0.0
1774537200000,GB,initialTransmissionSystemDemandOutturn,28292.0,,0,0,1,0.0
1774539000000,GB,initialTransmissionSystemDemandOutturn,29989.0,,0,0,1,0.0
1774540800000,GB,initialTransmissionSystemDemandOutturn,32011.0,,0,0,1,0.0
1774542600000,GB,initialTransmissionSystemDemandOutturn,34282.0,,0,0,1,0.0
1774544400000,GB,initialTransmissionSystemDemandOutturn,36013.0,,0,0,1,0.0
1774546200000,GB,initialTransmissionSystemDemandOutturn,37496.0,,0,0,1,0.0
1774548000000,GB,initialTransmissionSystemDemandOutturn,37831.0,,0,0,1,0.0
1774549800000,GB,initialTransmissionSystemDemandOutturn,38336.0,,0,0,1,0.0
1774551600000,GB,initialTransmissionSystemDemandOutturn,39650.0,,0,0,1,0.0
1774553400000,GB,initialTransmissionSystemDemandOutturn,38417.0,,0,0,1,0.0
1774555200000,GB,initialTransmissionSystemDemandOutturn,36942.0,,0,0,1,0.0
1774557000000,GB,initialTransmissionSystemDemandOutturn,35777.0,,0,0,1,0.0
1774558800000,GB,initialTransmissionSystemDemandOutturn,33945.0,,0,0,1,0.0
1774560600000,GB,initialTransmissionSystemDemandOutturn,32384.0,,0,0,1,0.0
1774562400000,GB,initialTransmissionSystemDemandOutturn,30105.0,,0,0,1,0.0
1774564200000,GB,initialTransmissionSystemDemandOutturn,28568.0,,0,0,1,0.0
1774566000000,GB,initialTransmissionSystemDemandOutturn,27410.0,,0,0,1,0.0
1774567800000,GB,initialTransmissionSystemDemandOutturn,26990.0,,0,0,1,0.0
1774569600000,GB,initialTransmissionSystemDemandOutturn,27276.0,,0,0,1,0.0
1774571400000,GB,initialTransmissionSystemDemandOutturn,27644.0,,0,0,1,0.0
1774573200000,GB,initialTransmissionSystemDemandOutturn,27596.0,,0,0,1,0.0
1774575000000,GB,initialTransmissionSystemDemandOutturn,26804.0,,0,0,1,0.0
1774576800000,GB,initialTransmissionSystemDemandOutturn,26077.0,,0,0,1,0.0
1774578600000,GB,initialTransmissionSystemDemandOutturn,25617.0,,0,0,1,0.0
1774580400000,GB,initialTransmissionSystemDemandOutturn,25454.0,,0,0,1,0.0
1774582200000,GB,initialTransmissionSystemDemandOutturn,25075.0,,0,0,1,0.0
1774584000000,GB,initialTransmissionSystemDemandOutturn,26334.0,,0,0,1,0.0
1774585800000,GB,initialTransmissionSystemDemandOutturn,26443.0,,0,0,1,0.0
1774587600000,GB,initialTransmissionSystemDemandOutturn,26681.0,,0,0,1,0.0
1774589400000,GB,initialTransmissionSystemDemandOutturn,27804.0,,0,0,1,0.0
1774591200000,GB,initialTransmissionSystemDemandOutturn,29542.0,,0,0,1,0.0
1774593000000,GB,initialTransmissionSystemDemandOutturn,30995.0,,0,0,1,0.0
1774594800000,GB,initialTransmissionSystemDemandOutturn,32097.0,,0,0,1,0.0
1774596600000,GB,initialTransmissionSystemDemandOutturn,32701.0,,0,0,1,0.0
1774598400000,GB,initialTransmissionSystemDemandOutturn,34151.0,,0,0,1,0.0
1774600200000,GB,initialTransmissionSystemDemandOutturn,33750.0,,0,0,1,0.0
1774602000000,GB,initialTransmissionSystemDemandOutturn,33744.0,,0,0,1,0.0
1774603800000,GB,initialTransmissionSystemDemandOutturn,32896.0,,0,0,1,0.0
1774605600000,GB,initialTransmissionSystemDemandOutturn,32160.0,,0,0,1,0.0
1774607400000,GB,initialTransmissionSystemDemandOutturn,31641.0,,0,0,1,0.0
1774609200000,GB,initialTransmissionSystemDemandOutturn,31723.0,,0,0,1,0.0
1774611000000,GB,initialTransmissionSystemDemandOutturn,31457.0,,0,0,1,0.0
1774612800000,GB,initialTransmissionSystemDemandOutturn,31225.0,,0,0,1,0.0
1774614600000,GB,initialTransmissionSystemDemandOutturn,31263.0,,0,0,1,0.0
1774616400000,GB,initialTransmissionSystemDemandOutturn,31184.0,,0,0,1,0.0
1774618200000,GB,initialTransmissionSystemDemandOutturn,30860.0,,0,0,1,0.0
1774620000000,GB,initialTransmissionSystemDemandOutturn,30821.0,,0,0,1,0.0
1774621800000,GB,initialTransmissionSystemDemandOutturn,30374.0,,0,0,1,0.0
1774623600000,GB,initialTransmissionSystemDemandOutturn,29986.0,,0,0,1,0.0
1774625400000,GB,initialTransmissionSystemDemandOutturn,30464.0,,0,0,1,0.0
1774627200000,GB,initialTransmissionSystemDemandOutturn,31575.0,,0,0,1,0.0
1774629000000,GB,initialTransmissionSystemDemandOutturn,32690.0,,0,0,1,0.0
1774630800000,GB,initialTransmissionSystemDemandOutturn,34304.0,,0,0,1,0.0
1774632600000,GB,initialTransmissionSystemDemandOutturn,34860.0,,0,0,1,0.0
1774634400000,GB,initialTransmissionSystemDemandOutturn,35234.0,,0,0,1,0.0
1774636200000,GB,initialTransmissionSystemDemandOutturn,36175.0,,0,0,1,0.0
1774638000000,GB,initialTransmissionSystemDemandOutturn,36407.0,,0,0,1,0.0
1774639800000,GB,initialTransmissionSystemDemandOutturn,35488.0,,0,0,1,0.0
1774641600000,GB,initialTransmissionSystemDemandOutturn,34348.0,,0,0,1,0.0
1774643400000,GB,initialTransmissionSystemDemandOutturn,33023.0,,0,0,1,0.0
1774645200000,GB,initialTransmissionSystemDemandOutturn,31358.0,,0,0,1,0.0
1774647000000,GB,initialTransmissionSystemDemandOutturn,30138.0,,0,0,1,0.0
1774648800000,GB,initialTransmissionSystemDemandOutturn,28782.0,,0,0,1,0.0
1774650600000,GB,initialTransmissionSystemDemandOutturn,27520.0,,0,0,1,0.0
1774652400000,GB,initialTransmissionSystemDemandOutturn,26982.0,,0,0,1,0.0
1774654200000,GB,initialTransmissionSystemDemandOutturn,26683.0,,0,0,1,0.0
1774656000000,GB,initialTransmissionSystemDemandOutturn,27184.0,,0,0,1,0.0
1774657800000,GB,initialTransmissionSystemDemandOutturn,27856.0,,0,0,1,0.0
1774659600000,GB,initialTransmissionSystemDemandOutturn,28544.0,,0,0,1,0.0
1774661400000,GB,initialTransmissionSystemDemandOutturn,28031.0,,0,0,1,0.0
1774663200000,GB,initialTransmissionSystemDemandOutturn,28222.0,,0,0,1,0.0
1774665000000,GB,initialTransmissionSystemDemandOutturn,27703.0,,0,0,1,0.0
1774666800000,GB,initialTransmissionSystemDemandOutturn,27290.0,,0,0,1,0.0
1774668600000,GB,initialTransmissionSystemDemandOutturn,26680.0,,0,0,1,0.0
1774670400000,GB,initialTransmissionSystemDemandOutturn,26974.0,,0,0,1,0.0
1774672200000,GB,initialTransmissionSystemDemandOutturn,26872.0,,0,0,1,0.0
1774674000000,GB,initialTransmissionSystemDemandOutturn,26881.0,,0,0,1,0.0
1774675800000,GB,initialTransmissionSystemDemandOutturn,26809.0,,0,0,1,0.0
1774677600000,GB,initialTransmissionSystemDemandOutturn,27025.0,,0,0,1,0.0
1774679400000,GB,initialTransmissionSystemDemandOutturn,27393.0,,0,0,1,0.0
1774681200000,GB,initialTransmissionSystemDemandOutturn,27336.0,,0,0,1,0.0
1774683000000,GB,initialTransmissionSystemDemandOutturn,26831.0,,0,0,1,0.0
1774684800000,GB,initialTransmissionSystemDemandOutturn,26566.0,,0,0,1,0.0
1774686600000,GB,initialTransmissionSystemDemandOutturn,26259.0,,0,0,1,0.0
1774688400000,GB,initialTransmissionSystemDemandOutturn,25759.0,,0,0,1,0.0
1774690200000,GB,initialTransmissionSystemDemandOutturn,25570.0,,0,0,1,0.0
1774692000000,GB,initialTransmissionSystemDemandOutturn,24932.0,,0,0,1,0.0
1774693800000,GB,initialTransmissionSystemDemandOutturn,24768.0,,0,0,1,0.0
1774695600000,GB,initialTransmissionSystemDemandOutturn,24424.0,,0,0,1,0.0
1774697400000,GB,initialTransmissionSystemDemandOutturn,24300.0,,0,0,1,0.0
1774699200000,GB,initialTransmissionSystemDemandOutturn,24897.0,,0,0,1,0.0
1774701000000,GB,initialTransmissionSystemDemandOutturn,24692.0,,0,0,1,0.0
1774702800000,GB,initialTransmissionSystemDemandOutturn,24536.0,,0,0,1,0.0
1774704600000,GB,initialTransmissionSystemDemandOutturn,24322.0,,0,0,1,0.0
1774706400000,GB,initialTransmissionSystemDemandOutturn,24933.0,,0,0,1,0.0
1774708200000,GB,initialTransmissionSystemDemandOutturn,25045.0,,0,0,1,0.0
1774710000000,GB,initialTransmissionSystemDemandOutturn,25673.0,,0,0,1,0.0
1774711800000,GB,initialTransmissionSystemDemandOutturn,26595.0,,0,0,1,0.0
1774713600000,GB,initialTransmissionSystemDemandOutturn,28091.0,,0,0,1,0.0
1774715400000,GB,initialTransmissionSystemDemandOutturn,29543.0,,0,0,1,0.0
1774717200000,GB,initialTransmissionSystemDemandOutturn,31002.0,,0,0,1,0.0
1774719000000,GB,initialTransmissionSystemDemandOutturn,32079.0,,0,0,1,0.0
1774720800000,GB,initialTransmissionSystemDemandOutturn,32913.0,,0,0,1,0.0
1774722600000,GB,initialTransmissionSystemDemandOutturn,33473.0,,0,0,1,0.0
1774724400000,GB,initialTransmissionSystemDemandOutturn,33834.0,,0,0,1,0.0
1774726200000,GB,initialTransmissionSystemDemandOutturn,33997.0,,0,0,1,0.0
1774728000000,GB,initialTransmissionSystemDemandOutturn,33498.0,,0,0,1,0.0
1774729800000,GB,initialTransmissionSystemDemandOutturn,32157.0,,0,0,1,0.0
1774731600000,GB,initialTransmissionSystemDemandOutturn,31301.0,,0,0,1,0.0
1774733400000,GB,initialTransmissionSystemDemandOutturn,30479.0,,0,0,1,0.0
1774735200000,GB,initialTransmissionSystemDemandOutturn,29416.0,,0,0,1,0.0
1774737000000,GB,initialTransmissionSystemDemandOutturn,28540.0,,0,0,1,0.0
1774738800000,GB,initialTransmissionSystemDemandOutturn,27128.0,,0,0,1,0.0
1774740600000,GB,initialTransmissionSystemDemandOutturn,26725.0,,0,0,1,0.0
1774742400000,GB,initialTransmissionSystemDemandOutturn,26687.0,,0,0,1,0.0
1774744200000,GB,initialTransmissionSystemDemandOutturn,26498.0,,0,0,1,0.0
1774746000000,GB,initialTransmissionSystemDemandOutturn,25607.0,,0,0,1,0.0
1774747800000,GB,initialTransmissionSystemDemandOutturn,24757.0,,0,0,1,0.0
1774749600000,GB,initialTransmissionSystemDemandOutturn,24045.0,,0,0,1,0.0
1774751400000,GB,initialTransmissionSystemDemandOutturn,24110.0,,0,0,1,0.0
1774753200000,GB,initialTransmissionSystemDemandOutturn,23760.0,,0,0,1,0.0
1774755000000,GB,initialTransmissionSystemDemandOutturn,23464.0,,0,0,1,0.0
1774756800000,GB,initialTransmissionSystemDemandOutturn,23663.0,,0,0,1,0.0
1774758600000,GB,initialTransmissionSystemDemandOutturn,23602.0,,0,0,1,0.0
1774760400000,GB,initialTransmissionSystemDemandOutturn,25156.0,,0,0,1,0.0
1774762200000,GB,initialTransmissionSystemDemandOutturn,25483.0,,0,0,1,0.0
1774764000000,GB,initialTransmissionSystemDemandOutturn,25544.0,,0,0,1,0.0
1774765800000,GB,initialTransmissionSystemDemandOutturn,25529.0,,0,0,1,0.0
1774767600000,GB,initialTransmissionSystemDemandOutturn,26094.0,,0,0,1,0.0
1774769400000,GB,initialTransmissionSystemDemandOutturn,26673.0,,0,0,1,0.0
1774771200000,GB,initialTransmissionSystemDemandOutturn,27235.0,,0,0,1,0.0
1774773000000,GB,initialTransmissionSystemDemandOutturn,27753.0,,0,0,1,0.0
1774774800000,GB,initialTransmissionSystemDemandOutturn,27957.0,,0,0,1,0.0
1774776600000,GB,initialTransmissionSystemDemandOutturn,28147.0,,0,0,1,0.0
1774778400000,GB,initialTransmissionSystemDemandOutturn,28620.0,,0,0,1,0.0
1774780200000,GB,initialTransmissionSystemDemandOutturn,29559.0,,0,0,1,0.0
1774782000000,GB,initialTransmissionSystemDemandOutturn,29881.0,,0,0,1,0.0
1774783800000,GB,initialTransmissionSystemDemandOutturn,30803.0,,0,0,1,0.0
1774785600000,GB,initialTransmissionSystemDemandOutturn,31327.0,,0,0,1,0.0
1774787400000,GB,initialTransmissionSystemDemandOutturn,31733.0,,0,0,1,0.0
1774789200000,GB,initialTransmissionSystemDemandOutturn,32108.0,,0,0,1,0.0
1774791000000,GB,initialTransmissionSystemDemandOutturn,31802.0,,0,0,1,0.0
1774792800000,GB,initialTransmissionSystemDemandOutturn,31996.0,,0,0,1,0.0
1774794600000,GB,initialTransmissionSystemDemandOutturn,32011.0,,0,0,1,0.0
1774796400000,GB,initialTransmissionSystemDemandOutturn,32283.0,,0,0,1,0.0
1774798200000,GB,initialTransmissionSystemDemandOutturn,32688.0,,0,0,1,0.0
1774800000000,GB,initialTransmissionSystemDemandOutturn,33501.0,,0,0,1,0.0
1774801800000,GB,initialTransmissionSystemDemandOutturn,34304.0,,0,0,1,0.0
1774803600000,GB,initialTransmissionSystemDemandOutturn,33778.0,,0,0,1,0.0
1774805400000,GB,initialTransmissionSystemDemandOutturn,33842.0,,0,0,1,0.0
1774807200000,GB,initialTransmissionSystemDemandOutturn,34307.0,,0,0,1,0.0
1774809000000,GB,initialTransmissionSystemDemandOutturn,34490.0,,0,0,1,0.0
1774810800000,GB,initialTransmissionSystemDemandOutturn,33904.0,,0,0,1,0.0
1774812600000,GB,initialTransmissionSystemDemandOutturn,33113.0,,0,0,1,0.0
1774814400000,GB,initialTransmissionSystemDemandOutturn,32361.0,,0,0,1,0.0
1774816200000,GB,initialTransmissionSystemDemandOutturn,30893.0,,0,0,1,0.0
1774818000000,GB,initialTransmissionSystemDemandOutturn,29972.0,,0,0,1,0.0
1774819800000,GB,initialTransmissionSystemDemandOutturn,29448.0,,0,0,1,0.0
1774821600000,GB,initialTransmissionSystemDemandOutturn,27425.0,,0,0,1,0.0
1774823400000,GB,initialTransmissionSystemDemandOutturn,26604.0,,0,0,1,0.0
1774828800000,GB,initialTransmissionSystemDemandOutturn,26745.0,,0,0,1,0.0
1774830600000,GB,initialTransmissionSystemDemandOutturn,26400.0,,0,0,1,0.0
1774832400000,GB,initialTransmissionSystemDemandOutturn,26584.0,,0,0,1,0.0
1774834200000,GB,initialTransmissionSystemDemandOutturn,26841.0,,0,0,1,0.0
1774836000000,GB,initialTransmissionSystemDemandOutturn,26616.0,,0,0,1,0.0
1774837800000,GB,initialTransmissionSystemDemandOutturn,25958.0,,0,0,1,0.0
1774839600000,GB,initialTransmissionSystemDemandOutturn,26029.0,,0,0,1,0.0
1774841400000,GB,initialTransmissionSystemDemandOutturn,25970.0,,0,0,1,0.0
1774843200000,GB,initialTransmissionSystemDemandOutturn,26875.0,,0,0,1,0.0
1774845000000,GB,initialTransmissionSystemDemandOutturn,26481.0,,0,0,1,0.0
1774846800000,GB,initialTransmissionSystemDemandOutturn,26770.0,,0,0,1,0.0
1774848600000,GB,initialTransmissionSystemDemandOutturn,27371.0,,0,0,1,0.0
1774850400000,GB,initialTransmissionSystemDemandOutturn,29025.0,,0,0,1,0.0
1774852200000,GB,initialTransmissionSystemDemandOutturn,30598.0,,0,0,1,0.0
1774854000000,GB,initialTransmissionSystemDemandOutturn,30743.0,,0,0,1,0.0
1774855800000,GB,initialTransmissionSystemDemandOutturn,31899.0,,0,0,1,0.0
1774857600000,GB,initialTransmissionSystemDemandOutturn,33158.0,,0,0,1,0.0
1774859400000,GB,initialTransmissionSystemDemandOutturn,32607.0,,0,0,1,0.0
1774861200000,GB,initialTransmissionSystemDemandOutturn,32325.0,,0,0,1,0.0
1774863000000,GB,initialTransmissionSystemDemandOutturn,31727.0,,0,0,1,0.0
1774864800000,GB,initialTransmissionSystemDemandOutturn,30877.0,,0,0,1,0.0
1774866600000,GB,initialTransmissionSystemDemandOutturn,30558.0,,0,0,1,0.0
1774868400000,GB,initialTransmissionSystemDemandOutturn,30424.0,,0,0,1,0.0
1774870200000,GB,initialTransmissionSystemDemandOutturn,29956.0,,0,0,1,0.0
1774872000000,GB,initialTransmissionSystemDemandOutturn,30106.0,,0,0,1,0.0
1774873800000,GB,initialTransmissionSystemDemandOutturn,29926.0,,0,0,1,0.0
1774875600000,GB,initialTransmissionSystemDemandOutturn,29775.0,,0,0,1,0.0
1774877400000,GB,initialTransmissionSystemDemandOutturn,29310.0,,0,0,1,0.0
1774879200000,GB,initialTransmissionSystemDemandOutturn,28825.0,,0,0,1,0.0
1774881000000,GB,initialTransmissionSystemDemandOutturn,28645.0,,0,0,1,0.0
1774882800000,GB,initialTransmissionSystemDemandOutturn,28309.0,,0,0,1,0.0
1774884600000,GB,initialTransmissionSystemDemandOutturn,28704.0,,0,0,1,0.0
1774886400000,GB,initialTransmissionSystemDemandOutturn,29533.0,,0,0,1,0.0
1774888200000,GB,initialTransmissionSystemDemandOutturn,30363.0,,0,0,1,0.0
1774890000000,GB,initialTransmissionSystemDemandOutturn,31104.0,,0,0,1,0.0
1774891800000,GB,initialTransmissionSystemDemandOutturn,32546.0,,0,0,1,0.0
1774893600000,GB,initialTransmissionSystemDemandOutturn,33894.0,,0,0,1,0.0
1774895400000,GB,initialTransmissionSystemDemandOutturn,34579.0,,0,0,1,0.0
1774897200000,GB,initialTransmissionSystemDemandOutturn,35771.0,,0,0,1,0.0
1774899000000,GB,initialTransmissionSystemDemandOutturn,35789.0,,0,0,1,0.0
1774900800000,GB,initialTransmissionSystemDemandOutturn,35922.0,,0,0,1,0.0
1774902600000,GB,initialTransmissionSystemDemandOutturn,34806.0,,0,0,1,0.0
1774904400000,GB,initialTransmissionSystemDemandOutturn,33208.0,,0,0,1,0.0
1774906200000,GB,initialTransmissionSystemDemandOutturn,32184.0,,0,0,1,0.0
1774908000000,GB,initialTransmissionSystemDemandOutturn,30881.0,,0,0,1,0.0
1774909800000,GB,initialTransmissionSystemDemandOutturn,29750.0,,0,0,1,0.0
1774911600000,GB,initialTransmissionSystemDemandOutturn,28121.0,,0,0,1,0.0
1774913400000,GB,initialTransmissionSystemDemandOutturn,27319.0,,0,0,1,0.0
1774915200000,GB,initialTransmissionSystemDemandOutturn,26640.0,,0,0,1,0.0
1774917000000,GB,initialTransmissionSystemDemandOutturn,26427.0,,0,0,1,0.0
1774918800000,GB,initialTransmissionSystemDemandOutturn,26818.0,,0,0,1,0.0
1774920600000,GB,initialTransmissionSystemDemandOutturn,27036.0,,0,0,1,0.0
1774922400000,GB,initialTransmissionSystemDemandOutturn,26881.0,,0,0,1,0.0
1774924200000,GB,initialTransmissionSystemDemandOutturn,26404.0,,0,0,1,0.0
1774926000000,GB,initialTransmissionSystemDemandOutturn,25648.0,,0,0,1,0.0
1774927800000,GB,initialTransmissionSystemDemandOutturn,25132.0,,0,0,1,0.0
1774929600000,GB,initialTransmissionSystemDemandOutturn,24373.0,,0,0,1,0.0
1774931400000,GB,initialTransmissionSystemDemandOutturn,24129.0,,0,0,1,0.0
1774933200000,GB,initialTransmissionSystemDemandOutturn,25035.0,,0,0,1,0.0
1774935000000,GB,initialTransmissionSystemDemandOutturn,26228.0,,0,0,1,0.0
1774936800000,GB,initialTransmissionSystemDemandOutturn,27918.0,,0,0,1,0.0
1774938600000,GB,initialTransmissionSystemDemandOutturn,29903.0,,0,0,1,0.0
1774940400000,GB,initialTransmissionSystemDemandOutturn,31907.0,,0,0,1,0.0
1774942200000,GB,initialTransmissionSystemDemandOutturn,33278.0,,0,0,1,0.0
1774944000000,GB,initialTransmissionSystemDemandOutturn,35090.0,,0,0,1,0.0
1774945800000,GB,initialTransmissionSystemDemandOutturn,34751.0,,0,0,1,0.0
1774947600000,GB,initialTransmissionSystemDemandOutturn,34665.0,,0,0,1,0.0
1774949400000,GB,initialTransmissionSystemDemandOutturn,34053.0,,0,0,1,0.0
1774951200000,GB,initialTransmissionSystemDemandOutturn,33145.0,,0,0,1,0.0
1774953000000,GB,initialTransmissionSystemDemandOutturn,31832.0,,0,0,1,0.0
1774954800000,GB,initialTransmissionSystemDemandOutturn,31172.0,,0,0,1,0.0
1774956600000,GB,initialTransmissionSystemDemandOutturn,30022.0,,0,0,1,0.0
1774958400000,GB,initialTransmissionSystemDemandOutturn,29341.0,,0,0,1,0.0
1774960200000,GB,initialTransmissionSystemDemandOutturn,28474.0,,0,0,1,0.0
1774962000000,GB,initialTransmissionSystemDemandOutturn,27425.0,,0,0,1,0.0
1774963800000,GB,initialTransmissionSystemDemandOutturn,26804.0,,0,0,1,0.0
1774965600000,GB,initialTransmissionSystemDemandOutturn,26333.0,,0,0,1,0.0
1774967400000,GB,initialTransmissionSystemDemandOutturn,26426.0,,0,0,1,0.0
1774969200000,GB,initialTransmissionSystemDemandOutturn,26518.0,,0,0,1,0.0
1774971000000,GB,initialTransmissionSystemDemandOutturn,27296.0,,0,0,1,0.0
1774972800000,GB,initialTransmissionSystemDemandOutturn,28585.0,,0,0,1,0.0
1774974600000,GB,initialTransmissionSystemDemandOutturn,29824.0,,0,0,1,0.0
1774976400000,GB,initialTransmissionSystemDemandOutturn,31334.0,,0,0,1,0.0
1774978200000,GB,initialTransmissionSystemDemandOutturn,32923.0,,0,0,1,0.0
1774980000000,GB,initialTransmissionSystemDemandOutturn,34289.0,,0,0,1,0.0
1774981800000,GB,initialTransmissionSystemDemandOutturn,35325.0,,0,0,1,0.0
1774983600000,GB,initialTransmissionSystemDemandOutturn,35969.0,,0,0,1,0.0
1774985400000,GB,initialTransmissionSystemDemandOutturn,35893.0,,0,0,1,0.0
1774987200000,GB,initialTransmissionSystemDemandOutturn,35247.0,,0,0,1,0.0
1774989000000,GB,initialTransmissionSystemDemandOutturn,34277.0,,0,0,1,0.0
1774990800000,GB,initialTransmissionSystemDemandOutturn,33916.0,,0,0,1,0.0
1774992600000,GB,initialTransmissionSystemDemandOutturn,33359.0,,0,0,1,0.0
1774994400000,GB,initialTransmissionSystemDemandOutturn,32817.0,,0,0,1,0.0
1774996200000,GB,initialTransmissionSystemDemandOutturn,31164.0,,0,0,1,0.0
1774998000000,GB,initialTransmissionSystemDemandOutturn,29651.0,,0,0,1,0.0
1774999800000,GB,initialTransmissionSystemDemandOutturn,28967.0,,0,0,1,0.0
1775001600000,GB,initialTransmissionSystemDemandOutturn,28778.0,,0,0,1,0.0
1775003400000,GB,initialTransmissionSystemDemandOutturn,28396.0,,0,0,1,0.0
1775005200000,GB,initialTransmissionSystemDemandOutturn,28654.0,,0,0,1,0.0
1775007000000,GB,initialTransmissionSystemDemandOutturn,28653.0,,0,0,1,0.0
1775008800000,GB,initialTransmissionSystemDemandOutturn,28483.0,,0,0,1,0.0
1775010600000,GB,initialTransmissionSystemDemandOutturn,27891.0,,0,0,1,0.0
1775012400000,GB,initialTransmissionSystemDemandOutturn,27392.0,,0,0,1,0.0
1775014200000,GB,initialTransmissionSystemDemandOutturn,27010.0,,0,0,1,0.0
1775016000000,GB,initialTransmissionSystemDemandOutturn,26813.0,,0,0,1,0.0
1775017800000,GB,initialTransmissionSystemDemandOutturn,26576.0,,0,0,1,0.0
1775019600000,GB,initialTransmissionSystemDemandOutturn,26460.0,,0,0,1,0.0
1775021400000,GB,initialTransmissionSystemDemandOutturn,27188.0,,0,0,1,0.0
1775023200000,GB,initialTransmissionSystemDemandOutturn,28809.0,,0,0,1,0.0
1775025000000,GB,initialTransmissionSystemDemandOutturn,30455.0,,0,0,1,0.0
1775026800000,GB,initialTransmissionSystemDemandOutturn,31396.0,,0,0,1,0.0
1775028600000,GB,initialTransmissionSystemDemandOutturn,32492.0,,0,0,1,0.0
1775030400000,GB,initialTransmissionSystemDemandOutturn,33080.0,,0,0,1,0.0
1775032200000,GB,initialTransmissionSystemDemandOutturn,33190.0,,0,0,1,0.0
1775034000000,GB,initialTransmissionSystemDemandOutturn,33522.0,,0,0,1,0.0
1775035800000,GB,initialTransmissionSystemDemandOutturn,33003.0,,0,0,1,0.0
1775037600000,GB,initialTransmissionSystemDemandOutturn,32847.0,,0,0,1,0.0
1775039400000,GB,initialTransmissionSystemDemandOutturn,32420.0,,0,0,1,0.0
1775041200000,GB,initialTransmissionSystemDemandOutturn,31884.0,,0,0,1,0.0
1775043000000,GB,initialTransmissionSystemDemandOutturn,31743.0,,0,0,1,0.0
1775044800000,GB,initialTransmissionSystemDemandOutturn,31848.0,,0,0,1,0.0
1775046600000,GB,initialTransmissionSystemDemandOutturn,31579.0,,0,0,1,0.0
1775048400000,GB,initialTransmissionSystemDemandOutturn,31293.0,,0,0,1,0.0
1775050200000,GB,initialTransmissionSystemDemandOutturn,31145.0,,0,0,1,0.0
1775052000000,GB,initialTransmissionSystemDemandOutturn,30775.0,,0,0,1,0.0
1775053800000,GB,initialTransmissionSystemDemandOutturn,30846.0,,0,0,1,0.0
1775055600000,GB,initialTransmissionSystemDemandOutturn,30853.0,,0,0,1,0.0
1775057400000,GB,initialTransmissionSystemDemandOutturn,31039.0,,0,0,1,0.0
1775059200000,GB,initialTransmissionSystemDemandOutturn,31068.0,,0,0,1,0.0
1775061000000,GB,initialTransmissionSystemDemandOutturn,32101.0,,0,0,1,0.0
1775062800000,GB,initialTransmissionSystemDemandOutturn,34214.0,,0,0,1,0.0
1775064600000,GB,initialTransmissionSystemDemandOutturn,35502.0,,0,0,1,0.0
1775066400000,GB,initialTransmissionSystemDemandOutturn,36255.0,,0,0,1,0.0
1775068200000,GB,initialTransmissionSystemDemandOutturn,36990.0,,0,0,1,0.0
1775070000000,GB,initialTransmissionSystemDemandOutturn,37835.0,,0,0,1,0.0
1775071800000,GB,initialTransmissionSystemDemandOutturn,37435.0,,0,0,1,0.0
1775073600000,GB,initialTransmissionSystemDemandOutturn,36863.0,,0,0,1,0.0
1775075400000,GB,initialTransmissionSystemDemandOutturn,36240.0,,0,0,1,0.0
1775077200000,GB,initialTransmissionSystemDemandOutturn,35161.0,,0,0,1,0.0
1775079000000,GB,initialTransmissionSystemDemandOutturn,33788.0,,0,0,1,0.0
1775080800000,GB,initialTransmissionSystemDemandOutturn,32633.0,,0,0,1,0.0
1775082600000,GB,initialTransmissionSystemDemandOutturn,31207.0,,0,0,1,0.0
1775084400000,GB,initialTransmissionSystemDemandOutturn,29196.0,,0,0,1,0.0
1775086200000,GB,initialTransmissionSystemDemandOutturn,27776.0,,0,0,1,0.0
1775088000000,GB,initialTransmissionSystemDemandOutturn,27382.0,,0,0,1,0.0
1775089800000,GB,initialTransmissionSystemDemandOutturn,27033.0,,0,0,1,0.0
1775091600000,GB,initialTransmissionSystemDemandOutturn,26848.0,,0,0,1,0.0
1775093400000,GB,initialTransmissionSystemDemandOutturn,27338.0,,0,0,1,0.0
1775095200000,GB,initialTransmissionSystemDemandOutturn,27461.0,,0,0,1,0.0
1775097000000,GB,initialTransmissionSystemDemandOutturn,27382.0,,0,0,1,0.0
1775098800000,GB,initialTransmissionSystemDemandOutturn,27526.0,,0,0,1,0.0
1775100600000,GB,initialTransmissionSystemDemandOutturn,27008.0,,0,0,1,0.0
1775102400000,GB,initialTransmissionSystemDemandOutturn,27393.0,,0,0,1,0.0
1775104200000,GB,initialTransmissionSystemDemandOutturn,27494.0,,0,0,1,0.0
1775106000000,GB,initialTransmissionSystemDemandOutturn,27448.0,,0,0,1,0.0
1775107800000,GB,initialTransmissionSystemDemandOutturn,27984.0,,0,0,1,0.0
1775109600000,GB,initialTransmissionSystemDemandOutturn,29784.0,,0,0,1,0.0
1775111400000,GB,initialTransmissionSystemDemandOutturn,31036.0,,0,0,1,0.0
1775113200000,GB,initialTransmissionSystemDemandOutturn,32369.0,,0,0,1,0.0
1775115000000,GB,initialTransmissionSystemDemandOutturn,32967.0,,0,0,1,0.0
1775116800000,GB,initialTransmissionSystemDemandOutturn,33475.0,,0,0,1,0.0
1775118600000,GB,initialTransmissionSystemDemandOutturn,32845.0,,0,0,1,0.0
1775120400000,GB,initialTransmissionSystemDemandOutturn,32286.0,,0,0,1,0.0
1775122200000,GB,initialTransmissionSystemDemandOutturn,31435.0,,0,0,1,0.0
1775124000000,GB,initialTransmissionSystemDemandOutturn,29957.0,,0,0,1,0.0
1775125800000,GB,initialTransmissionSystemDemandOutturn,28719.0,,0,0,1,0.0
1775127600000,GB,initialTransmissionSystemDemandOutturn,27785.0,,0,0,1,0.0
1775129400000,GB,initialTransmissionSystemDemandOutturn,26947.0,,0,0,1,0.0
1775131200000,GB,initialTransmissionSystemDemandOutturn,26311.0,,0,0,1,0.0
1775133000000,GB,initialTransmissionSystemDemandOutturn,25363.0,,0,0,1,0.0
1775134800000,GB,initialTransmissionSystemDemandOutturn,25044.0,,0,0,1,0.0
1775136600000,GB,initialTransmissionSystemDemandOutturn,24437.0,,0,0,1,0.0
1775138400000,GB,initialTransmissionSystemDemandOutturn,24082.0,,0,0,1,0.0
1775140200000,GB,initialTransmissionSystemDemandOutturn,23439.0,,0,0,1,0.0
1775142000000,GB,initialTransmissionSystemDemandOutturn,23484.0,,0,0,1,0.0
1775143800000,GB,initialTransmissionSystemDemandOutturn,24008.0,,0,0,1,0.0
1775145600000,GB,initialTransmissionSystemDemandOutturn,24993.0,,0,0,1,0.0
1775147400000,GB,initialTransmissionSystemDemandOutturn,26065.0,,0,0,1,0.0
1775149200000,GB,initialTransmissionSystemDemandOutturn,28337.0,,0,0,1,0.0
1775151000000,GB,initialTransmissionSystemDemandOutturn,30217.0,,0,0,1,0.0
1775152800000,GB,initialTransmissionSystemDemandOutturn,31335.0,,0,0,1,0.0
1775154600000,GB,initialTransmissionSystemDemandOutturn,32433.0,,0,0,1,0.0
1775156400000,GB,initialTransmissionSystemDemandOutturn,33150.0,,0,0,1,0.0
1775158200000,GB,initialTransmissionSystemDemandOutturn,33803.0,,0,0,1,0.0
1775160000000,GB,initialTransmissionSystemDemandOutturn,33629.0,,0,0,1,0.0
1775161800000,GB,initialTransmissionSystemDemandOutturn,33237.0,,0,0,1,0.0
1775163600000,GB,initialTransmissionSystemDemandOutturn,32019.0,,0,0,1,0.0
1775165400000,GB,initialTransmissionSystemDemandOutturn,30474.0,,0,0,1,0.0
1775167200000,GB,initialTransmissionSystemDemandOutturn,28873.0,,0,0,1,0.0
1775169000000,GB,initialTransmissionSystemDemandOutturn,27895.0,,0,0,1,0.0
1775170800000,GB,initialTransmissionSystemDemandOutturn,26900.0,,0,0,1,0.0
1775172600000,GB,initialTransmissionSystemDemandOutturn,26065.0,,0,0,1,0.0
1775174400000,GB,initialTransmissionSystemDemandOutturn,26152.0,,0,0,1,0.0
1775176200000,GB,initialTransmissionSystemDemandOutturn,25969.0,,0,0,1,0.0
1775178000000,GB,initialTransmissionSystemDemandOutturn,26495.0,,0,0,1,0.0
1775179800000,GB,initialTransmissionSystemDemandOutturn,26438.0,,0,0,1,0.0
1775181600000,GB,initialTransmissionSystemDemandOutturn,26377.0,,0,0,1,0.0
1775183400000,GB,initialTransmissionSystemDemandOutturn,25722.0,,0,0,1,0.0
1775185200000,GB,initialTransmissionSystemDemandOutturn,25742.0,,0,0,1,0.0
1775187000000,GB,initialTransmissionSystemDemandOutturn,25348.0,,0,0,1,0.0
1775188800000,GB,initialTransmissionSystemDemandOutturn,25497.0,,0,0,1,0.0
1775190600000,GB,initialTransmissionSystemDemandOutturn,25090.0,,0,0,1,0.0
1775192400000,GB,initialTransmissionSystemDemandOutturn,25685.0,,0,0,1,0.0
1775194200000,GB,initialTransmissionSystemDemandOutturn,25790.0,,0,0,1,0.0
1775196000000,GB,initialTransmissionSystemDemandOutturn,26596.0,,0,0,1,0.0
1775197800000,GB,initialTransmissionSystemDemandOutturn,27017.0,,0,0,1,0.0
1775199600000,GB,initialTransmissionSystemDemandOutturn,27709.0,,0,0,1,0.0
1775201400000,GB,initialTransmissionSystemDemandOutturn,28384.0,,0,0,1,0.0
1775203200000,GB,initialTransmissionSystemDemandOutturn,27531.0,,0,0,1,0.0
1775205000000,GB,initialTransmissionSystemDemandOutturn,27668.0,,0,0,1,0.0
1775206800000,GB,initialTransmissionSystemDemandOutturn,28540.0,,0,0,1,0.0
1775208600000,GB,initialTransmissionSystemDemandOutturn,28602.0,,0,0,1,0.0
1775210400000,GB,initialTransmissionSystemDemandOutturn,29308.0,,0,0,1,0.0
1775212200000,GB,initialTransmissionSystemDemandOutturn,29356.0,,0,0,1,0.0
1775214000000,GB,initialTransmissionSystemDemandOutturn,29133.0,,0,0,1,0.0
1775215800000,GB,initialTransmissionSystemDemandOutturn,28745.0,,0,0,1,0.0
1775217600000,GB,initialTransmissionSystemDemandOutturn,28631.0,,0,0,1,0.0
1775219400000,GB,initialTransmissionSystemDemandOutturn,28396.0,,0,0,1,0.0
1775221200000,GB,initialTransmissionSystemDemandOutturn,28378.0,,0,0,1,0.0
1775223000000,GB,initialTransmissionSystemDemandOutturn,28125.0,,0,0,1,0.0
1775224800000,GB,initialTransmissionSystemDemandOutturn,28000.0,,0,0,1,0.0
1775226600000,GB,initialTransmissionSystemDemandOutturn,27677.0,,0,0,1,0.0
1775228400000,GB,initialTransmissionSystemDemandOutturn,26740.0,,0,0,1,0.0
1775230200000,GB,initialTransmissionSystemDemandOutturn,26352.0,,0,0,1,0.0
1775232000000,GB,initialTransmissionSystemDemandOutturn,27150.0,,0,0,1,0.0
1775233800000,GB,initialTransmissionSystemDemandOutturn,28122.0,,0,0,1,0.0
1775235600000,GB,initialTransmissionSystemDemandOutturn,28837.0,,0,0,1,0.0
1775237400000,GB,initialTransmissionSystemDemandOutturn,29483.0,,0,0,1,0.0
1775239200000,GB,initialTransmissionSystemDemandOutturn,29964.0,,0,0,1,0.0
1775241000000,GB,initialTransmissionSystemDemandOutturn,30355.0,,0,0,1,0.0
1775242800000,GB,initialTransmissionSystemDemandOutturn,31562.0,,0,0,1,0.0
1775244600000,GB,initialTransmissionSystemDemandOutturn,31732.0,,0,0,1,0.0
1775246400000,GB,initialTransmissionSystemDemandOutturn,31237.0,,0,0,1,0.0
1775248200000,GB,initialTransmissionSystemDemandOutturn,30572.0,,0,0,1,0.0
1775250000000,GB,initialTransmissionSystemDemandOutturn,29865.0,,0,0,1,0.0
1775251800000,GB,initialTransmissionSystemDemandOutturn,29565.0,,0,0,1,0.0
1775253600000,GB,initialTransmissionSystemDemandOutturn,27987.0,,0,0,1,0.0
1775255400000,GB,initialTransmissionSystemDemandOutturn,27131.0,,0,0,1,0.0
1775257200000,GB,initialTransmissionSystemDemandOutturn,26243.0,,0,0,1,0.0
1775259000000,GB,initialTransmissionSystemDemandOutturn,26103.0,,0,0,1,0.0
1775260800000,GB,initialTransmissionSystemDemandOutturn,26149.0,,0,0,1,0.0
1775262600000,GB,initialTransmissionSystemDemandOutturn,26104.0,,0,0,1,0.0
1775264400000,GB,initialTransmissionSystemDemandOutturn,26501.0,,0,0,1,0.0
1775266200000,GB,initialTransmissionSystemDemandOutturn,26486.0,,0,0,1,0.0
1775268000000,GB,initialTransmissionSystemDemandOutturn,26174.0,,0,0,1,0.0
1775269800000,GB,initialTransmissionSystemDemandOutturn,25429.0,,0,0,1,0.0
1775271600000,GB,initialTransmissionSystemDemandOutturn,24562.0,,0,0,1,0.0
1775273400000,GB,initialTransmissionSystemDemandOutturn,23947.0,,0,0,1,0.0
1775275200000,GB,initialTransmissionSystemDemandOutturn,23597.0,,0,0,1,0.0
1775277000000,GB,initialTransmissionSystemDemandOutturn,23216.0,,0,0,1,0.0
1775278800000,GB,initialTransmissionSystemDemandOutturn,23247.0,,0,0,1,0.0
1775280600000,GB,initialTransmissionSystemDemandOutturn,23250.0,,0,0,1,0.0
1775282400000,GB,initialTransmissionSystemDemandOutturn,24201.0,,0,0,1,0.0
1775284200000,GB,initialTransmissionSystemDemandOutturn,24729.0,,0,0,1,0.0
1775286000000,GB,initialTransmissionSystemDemandOutturn,24835.0,,0,0,1,0.0
1775287800000,GB,initialTransmissionSystemDemandOutturn,25380.0,,0,0,1,0.0
1775289600000,GB,initialTransmissionSystemDemandOutturn,25670.0,,0,0,1,0.0
1775291400000,GB,initialTransmissionSystemDemandOutturn,25902.0,,0,0,1,0.0
1775293200000,GB,initialTransmissionSystemDemandOutturn,26356.0,,0,0,1,0.0
1775295000000,GB,initialTransmissionSystemDemandOutturn,25749.0,,0,0,1,0.0
1775296800000,GB,initialTransmissionSystemDemandOutturn,25641.0,,0,0,1,0.0
1775298600000,GB,initialTransmissionSystemDemandOutturn,25329.0,,0,0,1,0.0
1775300400000,GB,initialTransmissionSystemDemandOutturn,24623.0,,0,0,1,0.0
1775302200000,GB,initialTransmissionSystemDemandOutturn,24153.0,,0,0,1,0.0
1775304000000,GB,initialTransmissionSystemDemandOutturn,23752.0,,0,0,1,0.0
1775305800000,GB,initialTransmissionSystemDemandOutturn,23323.0,,0,0,1,0.0
1775307600000,GB,initialTransmissionSystemDemandOutturn,23802.0,,0,0,1,0.0
1775309400000,GB,initialTransmissionSystemDemandOutturn,24341.0,,0,0,1,0.0
1775311200000,GB,initialTransmissionSystemDemandOutturn,24324.0,,0,0,1,0.0
1775313000000,GB,initialTransmissionSystemDemandOutturn,24608.0,,0,0,1,0.0
1775314800000,GB,initialTransmissionSystemDemandOutturn,24700.0,,0,0,1,0.0
1775316600000,GB,initialTransmissionSystemDemandOutturn,25378.0,,0,0,1,0.0
1775318400000,GB,initialTransmissionSystemDemandOutturn,26784.0,,0,0,1,0.0
1775320200000,GB,initialTransmissionSystemDemandOutturn,28295.0,,0,0,1,0.0
1775322000000,GB,initialTransmissionSystemDemandOutturn,30690.0,,0,0,1,0.0
1775323800000,GB,initialTransmissionSystemDemandOutturn,32081.0,,0,0,1,0.0
1775325600000,GB,initialTransmissionSystemDemandOutturn,32943.0,,0,0,1,0.0
1775327400000,GB,initialTransmissionSystemDemandOutturn,33015.0,,0,0,1,0.0
1775329200000,GB,initialTransmissionSystemDemandOutturn,32758.0,,0,0,1,0.0
1775331000000,GB,initialTransmissionSystemDemandOutturn,32584.0,,0,0,1,0.0
1775332800000,GB,initialTransmissionSystemDemandOutturn,32001.0,,0,0,1,0.0
1775334600000,GB,initialTransmissionSystemDemandOutturn,30959.0,,0,0,1,0.0
1775336400000,GB,initialTransmissionSystemDemandOutturn,30323.0,,0,0,1,0.0
1775338200000,GB,initialTransmissionSystemDemandOutturn,29439.0,,0,0,1,0.0
1775340000000,GB,initialTransmissionSystemDemandOutturn,28411.0,,0,0,1,0.0
1775341800000,GB,initialTransmissionSystemDemandOutturn,27229.0,,0,0,1,0.0
1775343600000,GB,initialTransmissionSystemDemandOutturn,25757.0,,0,0,1,0.0
1775345400000,GB,initialTransmissionSystemDemandOutturn,24694.0,,0,0,1,0.0
1775347200000,GB,initialTransmissionSystemDemandOutturn,23432.0,,0,0,1,0.0
1775349000000,GB,initialTransmissionSystemDemandOutturn,23425.0,,0,0,1,0.0
1775350800000,GB,initialTransmissionSystemDemandOutturn,23526.0,,0,0,1,0.0
1775352600000,GB,initialTransmissionSystemDemandOutturn,23900.0,,0,0,1,0.0
1775354400000,GB,initialTransmissionSystemDemandOutturn,23387.0,,0,0,1,0.0
1775356200000,GB,initialTransmissionSystemDemandOutturn,22838.0,,0,0,1,0.0
1775358000000,GB,initialTransmissionSystemDemandOutturn,22542.0,,0,0,1,0.0
1775359800000,GB,initialTransmissionSystemDemandOutturn,21941.0,,0,0,1,0.0
1775361600000,GB,initialTransmissionSystemDemandOutturn,22460.0,,0,0,1,0.0
1775363400000,GB,initialTransmissionSystemDemandOutturn,22226.0,,0,0,1,0.0
1775365200000,GB,initialTransmissionSystemDemandOutturn,22343.0,,0,0,1,0.0
1775367000000,GB,initialTransmissionSystemDemandOutturn,22345.0,,0,0,1,0.0
1775368800000,GB,initialTransmissionSystemDemandOutturn,22689.0,,0,0,1,0.0
1775370600000,GB,initialTransmissionSystemDemandOutturn,22925.0,,0,0,1,0.0
1775372400000,GB,initialTransmissionSystemDemandOutturn,23279.0,,0,0,1,0.0
1775374200000,GB,initialTransmissionSystemDemandOutturn,23680.0,,0,0,1,0.0
1775376000000,GB,initialTransmissionSystemDemandOutturn,24056.0,,0,0,1,0.0
1775377800000,GB,initialTransmissionSystemDemandOutturn,23455.0,,0,0,1,0.0
1775379600000,GB,initialTransmissionSystemDemandOutturn,23967.0,,0,0,1,0.0
1775381400000,GB,initialTransmissionSystemDemandOutturn,23599.0,,0,0,1,0.0
1775383200000,GB,initialTransmissionSystemDemandOutturn,23376.0,,0,0,1,0.0
1775385000000,GB,initialTransmissionSystemDemandOutturn,22776.0,,0,0,1,0.0
1775386800000,GB,initialTransmissionSystemDemandOutturn,22262.0,,0,0,1,0.0
1775388600000,GB,initialTransmissionSystemDemandOutturn,21950.0,,0,0,1,0.0
1775390400000,GB,initialTransmissionSystemDemandOutturn,22065.0,,0,0,1,0.0
1775392200000,GB,initialTransmissionSystemDemandOutturn,22531.0,,0,0,1,0.0
1775394000000,GB,initialTransmissionSystemDemandOutturn,22253.0,,0,0,1,0.0
1775395800000,GB,initialTransmissionSystemDemandOutturn,21731.0,,0,0,1,0.0
1775397600000,GB,initialTransmissionSystemDemandOutturn,21483.0,,0,0,1,0.0
1775399400000,GB,initialTransmissionSystemDemandOutturn,21362.0,,0,0,1,0.0
1775401200000,GB,initialTransmissionSystemDemandOutturn,21176.0,,0,0,1,0.0
1775403000000,GB,initialTransmissionSystemDemandOutturn,21223.0,,0,0,1,0.0
1775404800000,GB,initialTransmissionSystemDemandOutturn,21625.0,,0,0,1,0.0
1775406600000,GB,initialTransmissionSystemDemandOutturn,22588.0,,0,0,1,0.0
1775408400000,GB,initialTransmissionSystemDemandOutturn,24085.0,,0,0,1,0.0
1775410200000,GB,initialTransmissionSystemDemandOutturn,25362.0,,0,0,1,0.0
1775412000000,GB,initialTransmissionSystemDemandOutturn,27438.0,,0,0,1,0.0
1775413800000,GB,initialTransmissionSystemDemandOutturn,28227.0,,0,0,1,0.0
1775415600000,GB,initialTransmissionSystemDemandOutturn,29477.0,,0,0,1,0.0
1775417400000,GB,initialTransmissionSystemDemandOutturn,30290.0,,0,0,1,0.0
1775419200000,GB,initialTransmissionSystemDemandOutturn,31166.0,,0,0,1,0.0
1775421000000,GB,initialTransmissionSystemDemandOutturn,31024.0,,0,0,1,0.0
1775422800000,GB,initialTransmissionSystemDemandOutturn,30362.0,,0,0,1,0.0
1775424600000,GB,initialTransmissionSystemDemandOutturn,29781.0,,0,0,1,0.0
1775426400000,GB,initialTransmissionSystemDemandOutturn,28937.0,,0,0,1,0.0
1775428200000,GB,initialTransmissionSystemDemandOutturn,27695.0,,0,0,1,0.0
1775430000000,GB,initialTransmissionSystemDemandOutturn,26542.0,,0,0,1,0.0
1775431800000,GB,initialTransmissionSystemDemandOutturn,25632.0,,0,0,1,0.0
1775433600000,GB,initialTransmissionSystemDemandOutturn,25239.0,,0,0,1,0.0
1775435400000,GB,initialTransmissionSystemDemandOutturn,24656.0,,0,0,1,0.0
1775437200000,GB,initialTransmissionSystemDemandOutturn,24048.0,,0,0,1,0.0
1775439000000,GB,initialTransmissionSystemDemandOutturn,24231.0,,0,0,1,0.0
1775440800000,GB,initialTransmissionSystemDemandOutturn,24057.0,,0,0,1,0.0
1775442600000,GB,initialTransmissionSystemDemandOutturn,23475.0,,0,0,1,0.0
1775444400000,GB,initialTransmissionSystemDemandOutturn,23124.0,,0,0,1,0.0
1775446200000,GB,initialTransmissionSystemDemandOutturn,22828.0,,0,0,1,0.0
1775448000000,GB,initialTransmissionSystemDemandOutturn,22694.0,,0,0,1,0.0
1775449800000,GB,initialTransmissionSystemDemandOutturn,43387.89719943283,22519.0,1,1,1,0.9267239752845523
1775451600000,GB,initialTransmissionSystemDemandOutturn,22979.0,,0,0,1,0.0
1775453400000,GB,initialTransmissionSystemDemandOutturn,22951.0,,0,0,1,0.0
1775455200000,GB,initialTransmissionSystemDemandOutturn,23777.0,,0,0,1,0.0
1775457000000,GB,initialTransmissionSystemDemandOutturn,24446.0,,0,0,1,0.0
1775458800000,GB,initialTransmissionSystemDemandOutturn,24665.0,,0,0,1,0.0
1775460600000,GB,initialTransmissionSystemDemandOutturn,25288.0,,0,0,1,0.0
1775462400000,GB,initialTransmissionSystemDemandOutturn,25436.0,,0,0,1,0.0
1775464200000,GB,initialTransmissionSystemDemandOutturn,24711.0,,0,0,1,0.0
1775466000000,GB,initialTransmissionSystemDemandOutturn,24035.0,,0,0,1,0.0
1775467800000,GB,initialTransmissionSystemDemandOutturn,22639.0,,0,0,1,0.0
1775469600000,GB,initialTransmissionSystemDemandOutturn,21219.0,,0,0,1,0.0
1775471400000,GB,initialTransmissionSystemDemandOutturn,19708.0,,0,0,1,0.0
1775473200000,GB,initialTransmissionSystemDemandOutturn,19207.0,,0,0,1,0.0
1775475000000,GB,initialTransmissionSystemDemandOutturn,18369.0,,0,0,1,0.0
1775476800000,GB,initialTransmissionSystemDemandOutturn,17970.0,,0,0,1,0.0
1775478600000,GB,initialTransmissionSystemDemandOutturn,17731.0,,0,0,1,0.0
1775480400000,GB,initialTransmissionSystemDemandOutturn,28963.519577296673,17412.0,1,0,0,0.6634229024406543
1775482200000,GB,initialTransmissionSystemDemandOutturn,16991.0,,0,0,1,0.0
1775484000000,GB,initialTransmissionSystemDemandOutturn,16785.0,,0,0,1,0.0
1775485800000,GB,initialTransmissionSystemDemandOutturn,16977.0,,0,0,1,0.0
1775487600000,GB,initialTransmissionSystemDemandOutturn,17257.0,,0,0,1,0.0
1775489400000,GB,initialTransmissionSystemDemandOutturn,18335.0,,0,0,1,0.0
1775491200000,GB,initialTransmissionSystemDemandOutturn,19577.0,,0,0,1,0.0
1775493000000,GB,initialTransmissionSystemDemandOutturn,21442.0,,0,0,1,0.0
1775494800000,GB,initialTransmissionSystemDemandOutturn,23409.0,,0,0,1,0.0
1775496600000,GB,initialTransmissionSystemDemandOutturn,25355.0,,0,0,1,0.0
1775498400000,GB,initialTransmissionSystemDemandOutturn,27112.0,,0,0,1,0.0
1775500200000,GB,initialTransmissionSystemDemandOutturn,28269.0,,0,0,1,0.0
1775502000000,GB,initialTransmissionSystemDemandOutturn,29720.0,,0,0,1,0.0
1775503800000,GB,initialTransmissionSystemDemandOutturn,30671.0,,0,0,1,0.0
1775505600000,GB,initialTransmissionSystemDemandOutturn,30889.0,,0,0,1,0.0
1775507400000,GB,initialTransmissionSystemDemandOutturn,30275.0,,0,0,1,0.0
1775509200000,GB,initialTransmissionSystemDemandOutturn,28921.0,,0,0,1,0.0
1775511000000,GB,initialTransmissionSystemDemandOutturn,27721.0,,0,0,1,0.0
1775512800000,GB,initialTransmissionSystemDemandOutturn,26268.0,,0,0,1,0.0
1775514600000,GB,initialTransmissionSystemDemandOutturn,24839.0,,0,0,1,0.0
1775516400000,GB,initialTransmissionSystemDemandOutturn,23680.0,,0,0,1,0.0
1775518200000,GB,initialTransmissionSystemDemandOutturn,22764.0,,0,0,1,0.0
1775520000000,GB,initialTransmissionSystemDemandOutturn,22370.0,,0,0,1,0.0
1775521800000,GB,initialTransmissionSystemDemandOutturn,22633.0,,0,0,1,0.0
1775523600000,GB,initialTransmissionSystemDemandOutturn,22643.0,,0,0,1,0.0
1775525400000,GB,initialTransmissionSystemDemandOutturn,23193.0,,0,0,1,0.0
1775527200000,GB,initialTransmissionSystemDemandOutturn,22784.0,,0,0,1,0.0
1775529000000,GB,initialTransmissionSystemDemandOutturn,22234.0,,0,0,1,0.0
1775530800000,GB,initialTransmissionSystemDemandOutturn,22260.0,,0,0,1,0.0
1775532600000,GB,initialTransmissionSystemDemandOutturn,21964.0,,0,0,1,0.0
1775534400000,GB,initialTransmissionSystemDemandOutturn,22351.0,,0,0,1,0.0
1775536200000,GB,initialTransmissionSystemDemandOutturn,22684.0,,0,0,1,0.0
1775538000000,GB,initialTransmissionSystemDemandOutturn,23819.0,,0,0,1,0.0
1775539800000,GB,initialTransmissionSystemDemandOutturn,24091.0,,0,0,1,0.0
1775541600000,GB,initialTransmissionSystemDemandOutturn,25711.0,,0,0,1,0.0
1775543400000,GB,initialTransmissionSystemDemandOutturn,26955.0,,0,0,1,0.0
1775545200000,GB,initialTransmissionSystemDemandOutturn,27138.0,,0,0,1,0.0
1775547000000,GB,initialTransmissionSystemDemandOutturn,27431.0,,0,0,1,0.0
1775548800000,GB,initialTransmissionSystemDemandOutturn,28392.0,,0,0,1,0.0
1775550600000,GB,initialTransmissionSystemDemandOutturn,27586.0,,0,0,1,0.0
1775552400000,GB,initialTransmissionSystemDemandOutturn,26517.0,,0,0,1,0.0
1775554200000,GB,initialTransmissionSystemDemandOutturn,25251.0,,0,0,1,0.0
1775556000000,GB,initialTransmissionSystemDemandOutturn,24614.0,,0,0,1,0.0
1775557800000,GB,initialTransmissionSystemDemandOutturn,24001.0,,0,0,1,0.0
1775559600000,GB,initialTransmissionSystemDemandOutturn,22877.0,,0,0,1,0.0
1775561400000,GB,initialTransmissionSystemDemandOutturn,22163.0,,0,0,1,0.0
1775563200000,GB,initialTransmissionSystemDemandOutturn,21974.0,,0,0,1,0.0
1775565000000,GB,initialTransmissionSystemDemandOutturn,21943.0,,0,0,1,0.0
1775566800000,GB,initialTransmissionSystemDemandOutturn,21967.0,,0,0,1,0.0
1775568600000,GB,initialTransmissionSystemDemandOutturn,21900.0,,0,0,1,0.0
1775570400000,GB,initialTransmissionSystemDemandOutturn,22237.0,,0,0,1,0.0
1775572200000,GB,initialTransmissionSystemDemandOutturn,22321.0,,0,0,1,0.0
1775574000000,GB,initialTransmissionSystemDemandOutturn,23200.0,,0,0,1,0.0
1775575800000,GB,initialTransmissionSystemDemandOutturn,23808.0,,0,0,1,0.0
1775577600000,GB,initialTransmissionSystemDemandOutturn,25297.0,,0,0,1,0.0
1775579400000,GB,initialTransmissionSystemDemandOutturn,26624.0,,0,0,1,0.0
1775581200000,GB,initialTransmissionSystemDemandOutturn,27453.0,,0,0,1,0.0
1775583000000,GB,initialTransmissionSystemDemandOutturn,29324.0,,0,0,1,0.0
1775584800000,GB,initialTransmissionSystemDemandOutturn,31493.0,,0,0,1,0.0
1775586600000,GB,initialTransmissionSystemDemandOutturn,32478.0,,0,0,1,0.0
1775588400000,GB,initialTransmissionSystemDemandOutturn,33819.0,,0,0,1,0.0
1775590200000,GB,initialTransmissionSystemDemandOutturn,33936.0,,0,0,1,0.0
1775592000000,GB,initialTransmissionSystemDemandOutturn,32830.0,,0,0,1,0.0
1775593800000,GB,initialTransmissionSystemDemandOutturn,32140.0,,0,0,1,0.0
1775595600000,GB,initialTransmissionSystemDemandOutturn,31065.0,,0,0,1,0.0
1775597400000,GB,initialTransmissionSystemDemandOutturn,29635.0,,0,0,1,0.0
1775599200000,GB,initialTransmissionSystemDemandOutturn,28036.0,,0,0,1,0.0
1775601000000,GB,initialTransmissionSystemDemandOutturn,27087.0,,0,0,1,0.0
1775602800000,GB,initialTransmissionSystemDemandOutturn,26432.0,,0,0,1,0.0
1775604600000,GB,initialTransmissionSystemDemandOutturn,26106.0,,0,0,1,0.0
1775606400000,GB,initialTransmissionSystemDemandOutturn,25055.0,,0,0,1,0.0
1775608200000,GB,initialTransmissionSystemDemandOutturn,25220.0,,0,0,1,0.0
1775610000000,GB,initialTransmissionSystemDemandOutturn,3871.7147261662094,25028.0,1,1,1,0.8453046697232616
1775611800000,GB,initialTransmissionSystemDemandOutturn,24897.0,,0,0,1,0.0
1775613600000,GB,initialTransmissionSystemDemandOutturn,24912.0,,0,0,1,0.0
1775615400000,GB,initialTransmissionSystemDemandOutturn,23996.0,,0,0,1,0.0
1775617200000,GB,initialTransmissionSystemDemandOutturn,23619.0,,0,0,1,0.0
1775619000000,GB,initialTransmissionSystemDemandOutturn,23124.0,,0,0,1,0.0
1775620800000,GB,initialTransmissionSystemDemandOutturn,23818.0,,0,0,1,0.0
1775622600000,GB,initialTransmissionSystemDemandOutturn,23893.0,,0,0,1,0.0
1775624400000,GB,initialTransmissionSystemDemandOutturn,25063.0,,0,0,1,0.0
1775626200000,GB,initialTransmissionSystemDemandOutturn,26189.0,,0,0,1,0.0
1775628000000,GB,initialTransmissionSystemDemandOutturn,28442.0,,0,0,1,0.0
1775629800000,GB,initialTransmissionSystemDemandOutturn,29240.0,,0,0,1,0.0
1775631600000,GB,initialTransmissionSystemDemandOutturn,29006.0,,0,0,1,0.0
1775633400000,GB,initialTransmissionSystemDemandOutturn,29531.0,,0,0,1,0.0
1775635200000,GB,initialTransmissionSystemDemandOutturn,29959.0,,0,0,1,0.0
1775637000000,GB,initialTransmissionSystemDemandOutturn,28829.0,,0,0,1,0.0
1775638800000,GB,initialTransmissionSystemDemandOutturn,27690.0,,0,0,1,0.0
1775640600000,GB,initialTransmissionSystemDemandOutturn,26543.0,,0,0,1,0.0
1775642400000,GB,initialTransmissionSystemDemandOutturn,25023.0,,0,0,1,0.0
1775644200000,GB,initialTransmissionSystemDemandOutturn,23752.0,,0,0,1,0.0
1775646000000,GB,initialTransmissionSystemDemandOutturn,22990.0,,0,0,1,0.0
1775647800000,GB,initialTransmissionSystemDemandOutturn,22396.0,,0,0,1,0.0
1775649600000,GB,initialTransmissionSystemDemandOutturn,22172.0,,0,0,1,0.0
1775651400000,GB,initialTransmissionSystemDemandOutturn,21781.0,,0,0,1,0.0
1775653200000,GB,initialTransmissionSystemDemandOutturn,21007.0,,0,0,1,0.0
1775655000000,GB,initialTransmissionSystemDemandOutturn,20650.0,,0,0,1,0.0
1775656800000,GB,initialTransmissionSystemDemandOutturn,20375.0,,0,0,1,0.0
1775658600000,GB,initialTransmissionSystemDemandOutturn,20316.0,,0,0,1,0.0
1775660400000,GB,initialTransmissionSystemDemandOutturn,21113.0,,0,0,1,0.0
1775662200000,GB,initialTransmissionSystemDemandOutturn,21916.0,,0,0,1,0.0
1775664000000,GB,initialTransmissionSystemDemandOutturn,22900.0,,0,0,1,0.0
1775665800000,GB,initialTransmissionSystemDemandOutturn,24597.0,,0,0,1,0.0
1775667600000,GB,initialTransmissionSystemDemandOutturn,26856.0,,0,0,1,0.0
1775669400000,GB,initialTransmissionSystemDemandOutturn,28896.0,,0,0,1,0.0
1775671200000,GB,initialTransmissionSystemDemandOutturn,30796.0,,0,0,1,0.0
1775673000000,GB,initialTransmissionSystemDemandOutturn,31956.0,,0,0,1,0.0
1775674800000,GB,initialTransmissionSystemDemandOutturn,32801.0,,0,0,1,0.0
1775676600000,GB,initialTransmissionSystemDemandOutturn,33827.0,,0,0,1,0.0
1775678400000,GB,initialTransmissionSystemDemandOutturn,33406.0,,0,0,1,0.0
1775680200000,GB,initialTransmissionSystemDemandOutturn,32495.0,,0,0,1,0.0
1775682000000,GB,initialTransmissionSystemDemandOutturn,31307.0,,0,0,1,0.0
1775683800000,GB,initialTransmissionSystemDemandOutturn,30013.0,,0,0,1,0.0
1775685600000,GB,initialTransmissionSystemDemandOutturn,28165.0,,0,0,1,0.0
1775687400000,GB,initialTransmissionSystemDemandOutturn,26375.0,,0,0,1,0.0
1775689200000,GB,initialTransmissionSystemDemandOutturn,25278.0,,0,0,1,0.0
1775691000000,GB,initialTransmissionSystemDemandOutturn,24174.0,,0,0,1,0.0
1775692800000,GB,initialTransmissionSystemDemandOutturn,24048.0,,0,0,1,0.0
1775694600000,GB,initialTransmissionSystemDemandOutturn,23613.0,,0,0,1,0.0
1775696400000,GB,initialTransmissionSystemDemandOutturn,23347.0,,0,0,1,0.0
1775698200000,GB,initialTransmissionSystemDemandOutturn,23538.0,,0,0,1,0.0
1775700000000,GB,initialTransmissionSystemDemandOutturn,23011.0,,0,0,1,0.0
1775701800000,GB,initialTransmissionSystemDemandOutturn,22435.0,,0,0,1,0.0
1775703600000,GB,initialTransmissionSystemDemandOutturn,21970.0,,0,0,1,0.0
1775705400000,GB,initialTransmissionSystemDemandOutturn,21277.0,,0,0,1,0.0
1775707200000,GB,initialTransmissionSystemDemandOutturn,21293.0,,0,0,1,0.0
1775709000000,GB,initialTransmissionSystemDemandOutturn,21091.0,,0,0,1,0.0
1775710800000,GB,initialTransmissionSystemDemandOutturn,22114.0,,0,0,1,0.0
1775712600000,GB,initialTransmissionSystemDemandOutturn,23011.0,,0,0,1,0.0
1775714400000,GB,initialTransmissionSystemDemandOutturn,7207.213377137574,24370.0,1,1,1,0.7042587863300134
1775716200000,GB,initialTransmissionSystemDemandOutturn,26052.0,,0,0,1,0.0
1775718000000,GB,initialTransmissionSystemDemandOutturn,27000.0,,0,0,1,0.0
1775719800000,GB,initialTransmissionSystemDemandOutturn,27758.0,,0,0,1,0.0
1775721600000,GB,initialTransmissionSystemDemandOutturn,28841.0,,0,0,1,0.0
1775723400000,GB,initialTransmissionSystemDemandOutturn,28425.0,,0,0,1,0.0
1775725200000,GB,initialTransmissionSystemDemandOutturn,27863.0,,0,0,1,0.0
1775727000000,GB,initialTransmissionSystemDemandOutturn,27409.0,,0,0,1,0.0
1775728800000,GB,initialTransmissionSystemDemandOutturn,27154.0,,0,0,1,0.0
1775730600000,GB,initialTransmissionSystemDemandOutturn,26776.0,,0,0,1,0.0
1775732400000,GB,initialTransmissionSystemDemandOutturn,26453.0,,0,0,1,0.0
1775734200000,GB,initialTransmissionSystemDemandOutturn,26229.0,,0,0,1,0.0
1775736000000,GB,initialTransmissionSystemDemandOutturn,26156.0,,0,0,1,0.0
1775737800000,GB,initialTransmissionSystemDemandOutturn,25922.0,,0,0,1,0.0
1775739600000,GB,initialTransmissionSystemDemandOutturn,25742.0,,0,0,1,0.0
1775741400000,GB,initialTransmissionSystemDemandOutturn,25448.0,,0,0,1,0.0
1775743200000,GB,initialTransmissionSystemDemandOutturn,25918.0,,0,0,1,0.0
1775745000000,GB,initialTransmissionSystemDemandOutturn,26451.0,,0,0,1,0.0
1775746800000,GB,initialTransmissionSystemDemandOutturn,25927.0,,0,0,1,0.0
1775748600000,GB,initialTransmissionSystemDemandOutturn,26072.0,,0,0,1,0.0
1775750400000,GB,initialTransmissionSystemDemandOutturn,26350.0,,0,0,1,0.0
1775752200000,GB,initialTransmissionSystemDemandOutturn,26491.0,,0,0,1,0.0
1775754000000,GB,initialTransmissionSystemDemandOutturn,27041.0,,0,0,1,0.0
1775755800000,GB,initialTransmissionSystemDemandOutturn,27613.0,,0,0,1,0.0
1775757600000,GB,initialTransmissionSystemDemandOutturn,29074.0,,0,0,1,0.0
1775759400000,GB,initialTransmissionSystemDemandOutturn,29703.0,,0,0,1,0.0
1775761200000,GB,initialTransmissionSystemDemandOutturn,30525.0,,0,0,1,0.0
1775763000000,GB,initialTransmissionSystemDemandOutturn,31134.0,,0,0,1,0.0
1775764800000,GB,initialTransmissionSystemDemandOutturn,31274.0,,0,0,1,0.0
1775766600000,GB,initialTransmissionSystemDemandOutturn,30968.0,,0,0,1,0.0
1775768400000,GB,initialTransmissionSystemDemandOutturn,30042.0,,0,0,1,0.0
1775770200000,GB,initialTransmissionSystemDemandOutturn,28915.0,,0,0,1,0.0
1775772000000,GB,initialTransmissionSystemDemandOutturn,28294.0,,0,0,1,0.0
1775773800000,GB,initialTransmissionSystemDemandOutturn,27960.0,,0,0,1,0.0
1775775600000,GB,initialTransmissionSystemDemandOutturn,27546.0,,0,0,1,0.0
1775777400000,GB,initialTransmissionSystemDemandOutturn,26806.0,,0,0,1,0.0
1775779200000,GB,initialTransmissionSystemDemandOutturn,27151.0,,0,0,1,0.0
1775781000000,GB,initialTransmissionSystemDemandOutturn,27177.0,,0,0,1,0.0
1775782800000,GB,initialTransmissionSystemDemandOutturn,27284.0,,0,0,1,0.0
1775784600000,GB,initialTransmissionSystemDemandOutturn,27181.0,,0,0,1,0.0
1775786400000,GB,initialTransmissionSystemDemandOutturn,27117.0,,0,0,1,0.0
1775788200000,GB,initialTransmissionSystemDemandOutturn,26418.0,,0,0,1,0.0
1775790000000,GB,initialTransmissionSystemDemandOutturn,25940.0,,0,0,1,0.0
1775791800000,GB,initialTransmissionSystemDemandOutturn,25636.0,,0,0,1,0.0
1775793600000,GB,initialTransmissionSystemDemandOutturn,25068.0,,0,0,1,0.0
1775795400000,GB,initialTransmissionSystemDemandOutturn,25022.0,,0,0,1,0.0
1775797200000,GB,initialTransmissionSystemDemandOutturn,25034.0,,0,0,1,0.0
1775799000000,GB,initialTransmissionSystemDemandOutturn,25246.0,,0,0,1,0.0
1775800800000,GB,initialTransmissionSystemDemandOutturn,26816.0,,0,0,1,0.0
1775802600000,GB,initialTransmissionSystemDemandOutturn,28268.0,,0,0,1,0.0
1775804400000,GB,initialTransmissionSystemDemandOutturn,29764.0,,0,0,1,0.0
1775806200000,GB,initialTransmissionSystemDemandOutturn,30513.0,,0,0,1,0.0
1775808000000,GB,initialTransmissionSystemDemandOutturn,31175.0,,0,0,1,0.0
1775809800000,GB,initialTransmissionSystemDemandOutturn,30519.0,,0,0,1,0.0
1775811600000,GB,initialTransmissionSystemDemandOutturn,29520.0,,0,0,1,0.0
1775813400000,GB,initialTransmissionSystemDemandOutturn,28006.0,,0,0,1,0.0
1775815200000,GB,initialTransmissionSystemDemandOutturn,26826.0,,0,0,1,0.0
1775817000000,GB,initialTransmissionSystemDemandOutturn,25985.0,,0,0,1,0.0
1775818800000,GB,initialTransmissionSystemDemandOutturn,25371.0,,0,0,1,0.0
1775820600000,GB,initialTransmissionSystemDemandOutturn,24328.0,,0,0,1,0.0
1775822400000,GB,initialTransmissionSystemDemandOutturn,23571.0,,0,0,1,0.0
1775824200000,GB,initialTransmissionSystemDemandOutturn,22617.0,,0,0,1,0.0
1775826000000,GB,initialTransmissionSystemDemandOutturn,21733.0,,0,0,1,0.0
1775827800000,GB,initialTransmissionSystemDemandOutturn,21372.0,,0,0,1,0.0
1775829600000,GB,initialTransmissionSystemDemandOutturn,21653.0,,0,0,1,0.0
1775831400000,GB,initialTransmissionSystemDemandOutturn,22644.0,,0,0,1,0.0
1775833200000,GB,initialTransmissionSystemDemandOutturn,23014.0,,0,0,1,0.0
1775835000000,GB,initialTransmissionSystemDemandOutturn,23768.0,,0,0,1,0.0
1775836800000,GB,initialTransmissionSystemDemandOutturn,24574.0,,0,0,1,0.0
1775838600000,GB,initialTransmissionSystemDemandOutturn,26412.0,,0,0,1,0.0
1775840400000,GB,initialTransmissionSystemDemandOutturn,28973.0,,0,0,1,0.0
1775842200000,GB,initialTransmissionSystemDemandOutturn,29904.0,,0,0,1,0.0
1775844000000,GB,initialTransmissionSystemDemandOutturn,31462.0,,0,0,1,0.0
1775845800000,GB,initialTransmissionSystemDemandOutturn,32032.0,,0,0,1,0.0
1775847600000,GB,initialTransmissionSystemDemandOutturn,32967.0,,0,0,1,0.0
1775849400000,GB,initialTransmissionSystemDemandOutturn,1202.693496298101,33257.0,1,1,1,0.9638363804222239
1775851200000,GB,initialTransmissionSystemDemandOutturn,33308.0,,0,0,1,0.0
1775853000000,GB,initialTransmissionSystemDemandOutturn,33184.0,,0,0,1,0.0
1775854800000,GB,initialTransmissionSystemDemandOutturn,32871.0,,0,0,1,0.0
1775856600000,GB,initialTransmissionSystemDemandOutturn,31305.0,,0,0,1,0.0
1775858400000,GB,initialTransmissionSystemDemandOutturn,30165.0,,0,0,1,0.0
1775860200000,GB,initialTransmissionSystemDemandOutturn,29361.0,,0,0,1,0.0
1775862000000,GB,initialTransmissionSystemDemandOutturn,28167.0,,0,0,1,0.0
1775863800000,GB,initialTransmissionSystemDemandOutturn,27492.0,,0,0,1,0.0
1775865600000,GB,initialTransmissionSystemDemandOutturn,27347.0,,0,0,1,0.0
1775867400000,GB,initialTransmissionSystemDemandOutturn,27214.0,,0,0,1,0.0
1775869200000,GB,initialTransmissionSystemDemandOutturn,27228.0,,0,0,1,0.0
1775871000000,GB,initialTransmissionSystemDemandOutturn,27522.0,,0,0,1,0.0
1775872800000,GB,initialTransmissionSystemDemandOutturn,27006.0,,0,0,1,0.0
1775874600000,GB,initialTransmissionSystemDemandOutturn,26032.0,,0,0,1,0.0
1775876400000,GB,initialTransmissionSystemDemandOutturn,25637.0,,0,0,1,0.0
1775878200000,GB,initialTransmissionSystemDemandOutturn,25513.0,,0,0,1,0.0
1775880000000,GB,initialTransmissionSystemDemandOutturn,25396.0,,0,0,1,0.0
1775881800000,GB,initialTransmissionSystemDemandOutturn,25143.0,,0,0,1,0.0
1775883600000,GB,initialTransmissionSystemDemandOutturn,25373.0,,0,0,1,0.0
1775885400000,GB,initialTransmissionSystemDemandOutturn,25428.0,,0,0,1,0.0
1775887200000,GB,initialTransmissionSystemDemandOutturn,26195.0,,0,0,1,0.0
1775889000000,GB,initialTransmissionSystemDemandOutturn,26606.0,,0,0,1,0.0
1775890800000,GB,initialTransmissionSystemDemandOutturn,27409.0,,0,0,1,0.0
1775892600000,GB,initialTransmissionSystemDemandOutturn,27905.0,,0,0,1,0.0
1775894400000,GB,initialTransmissionSystemDemandOutturn,28510.0,,0,0,1,0.0
1775896200000,GB,initialTransmissionSystemDemandOutturn,28743.0,,0,0,1,0.0
1775898000000,GB,initialTransmissionSystemDemandOutturn,28943.0,,0,0,1,0.0
1775899800000,GB,initialTransmissionSystemDemandOutturn,28783.0,,0,0,1,0.0
1775901600000,GB,initialTransmissionSystemDemandOutturn,28649.0,,0,0,1,0.0
1775903400000,GB,initialTransmissionSystemDemandOutturn,28142.0,,0,0,1,0.0
1775905200000,GB,initialTransmissionSystemDemandOutturn,27287.0,,0,0,1,0.0
1775907000000,GB,initialTransmissionSystemDemandOutturn,26527.0,,0,0,1,0.0
1775908800000,GB,initialTransmissionSystemDemandOutturn,25740.0,,0,0,1,0.0
1775910600000,GB,initialTransmissionSystemDemandOutturn,24610.0,,0,0,1,0.0
1775912400000,GB,initialTransmissionSystemDemandOutturn,23317.0,,0,0,1,0.0
1775914200000,GB,initialTransmissionSystemDemandOutturn,22696.0,,0,0,1,0.0
1775916000000,GB,initialTransmissionSystemDemandOutturn,22100.0,,0,0,1,0.0
1775917800000,GB,initialTransmissionSystemDemandOutturn,21838.0,,0,0,1,0.0
1775919600000,GB,initialTransmissionSystemDemandOutturn,21748.0,,0,0,1,0.0
1775921400000,GB,initialTransmissionSystemDemandOutturn,21890.0,,0,0,1,0.0
1775923200000,GB,initialTransmissionSystemDemandOutturn,22818.0,,0,0,1,0.0
1775925000000,GB,initialTransmissionSystemDemandOutturn,24239.0,,0,0,1,0.0
1775926800000,GB,initialTransmissionSystemDemandOutturn,27067.0,,0,0,1,0.0
1775928600000,GB,initialTransmissionSystemDemandOutturn,28299.0,,0,0,1,0.0
1775930400000,GB,initialTransmissionSystemDemandOutturn,29395.0,,0,0,1,0.0
1775932200000,GB,initialTransmissionSystemDemandOutturn,31094.0,,0,0,1,0.0
1775934000000,GB,initialTransmissionSystemDemandOutturn,32084.0,,0,0,1,0.0
1775935800000,GB,initialTransmissionSystemDemandOutturn,32464.0,,0,0,1,0.0
1775937600000,GB,initialTransmissionSystemDemandOutturn,32452.0,,0,0,1,0.0
1775939400000,GB,initialTransmissionSystemDemandOutturn,32046.0,,0,0,1,0.0
1775941200000,GB,initialTransmissionSystemDemandOutturn,31128.0,,0,0,1,0.0
1775943000000,GB,initialTransmissionSystemDemandOutturn,30111.0,,0,0,1,0.0
1775944800000,GB,initialTransmissionSystemDemandOutturn,28653.0,,0,0,1,0.0
1775946600000,GB,initialTransmissionSystemDemandOutturn,27319.0,,0,0,1,0.0
1775948400000,GB,initialTransmissionSystemDemandOutturn,27196.0,,0,0,1,0.0
1775950200000,GB,initialTransmissionSystemDemandOutturn,27132.0,,0,0,1,0.0
1775952000000,GB,initialTransmissionSystemDemandOutturn,27114.0,,0,0,1,0.0
1775953800000,GB,initialTransmissionSystemDemandOutturn,26770.0,,0,0,1,0.0
1775955600000,GB,initialTransmissionSystemDemandOutturn,26051.0,,0,0,1,0.0
1775957400000,GB,initialTransmissionSystemDemandOutturn,26143.0,,0,0,1,0.0
1775959200000,GB,initialTransmissionSystemDemandOutturn,26538.0,,0,0,1,0.0
1775961000000,GB,initialTransmissionSystemDemandOutturn,25797.0,,0,0,1,0.0
1775962800000,GB,initialTransmissionSystemDemandOutturn,25047.0,,0,0,1,0.0
1775964600000,GB,initialTransmissionSystemDemandOutturn,24827.0,,0,0,1,0.0
1775966400000,GB,initialTransmissionSystemDemandOutturn,24543.0,,0,0,1,0.0
1775968200000,GB,initialTransmissionSystemDemandOutturn,24096.0,,0,0,1,0.0
1775970000000,GB,initialTransmissionSystemDemandOutturn,24402.0,,0,0,1,0.0
1775971800000,GB,initialTransmissionSystemDemandOutturn,24191.0,,0,0,1,0.0
1775973600000,GB,initialTransmissionSystemDemandOutturn,23545.0,,0,0,1,0.0
1775975400000,GB,initialTransmissionSystemDemandOutturn,23884.0,,0,0,1,0.0
1775977200000,GB,initialTransmissionSystemDemandOutturn,24662.0,,0,0,1,0.0
1775979000000,GB,initialTransmissionSystemDemandOutturn,24991.0,,0,0,1,0.0
1775980800000,GB,initialTransmissionSystemDemandOutturn,24622.0,,0,0,1,0.0
1775982600000,GB,initialTransmissionSystemDemandOutturn,24137.0,,0,0,1,0.0
1775984400000,GB,initialTransmissionSystemDemandOutturn,24399.0,,0,0,1,0.0
1775986200000,GB,initialTransmissionSystemDemandOutturn,24369.0,,0,0,1,0.0
1775988000000,GB,initialTransmissionSystemDemandOutturn,25327.0,,0,0,1,0.0
1775989800000,GB,initialTransmissionSystemDemandOutturn,25230.0,,0,0,1,0.0
1775991600000,GB,initialTransmissionSystemDemandOutturn,25460.0,,0,0,1,0.0
1775993400000,GB,initialTransmissionSystemDemandOutturn,25280.0,,0,0,1,0.0
1775995200000,GB,initialTransmissionSystemDemandOutturn,24721.0,,0,0,1,0.0
1775997000000,GB,initialTransmissionSystemDemandOutturn,24658.0,,0,0,1,0.0
1775998800000,GB,initialTransmissionSystemDemandOutturn,24256.0,,0,0,1,0.0
1776000600000,GB,initialTransmissionSystemDemandOutturn,24136.0,,0,0,1,0.0
1776002400000,GB,initialTransmissionSystemDemandOutturn,24451.0,,0,0,1,0.0
1776004200000,GB,initialTransmissionSystemDemandOutturn,24732.0,,0,0,1,0.0
1776006000000,GB,initialTransmissionSystemDemandOutturn,25157.0,,0,0,1,0.0
1776007800000,GB,initialTransmissionSystemDemandOutturn,25384.0,,0,0,1,0.0
1776009600000,GB,initialTransmissionSystemDemandOutturn,27601.0,,0,0,1,0.0
1776011400000,GB,initialTransmissionSystemDemandOutturn,28352.0,,0,0,1,0.0
1776013200000,GB,initialTransmissionSystemDemandOutturn,29431.0,,0,0,1,0.0
1776015000000,GB,initialTransmissionSystemDemandOutturn,30600.0,,0,0,1,0.0
1776016800000,GB,initialTransmissionSystemDemandOutturn,31095.0,,0,0,1,0.0
1776018600000,GB,initialTransmissionSystemDemandOutturn,31821.0,,0,0,1,0.0
1776020400000,GB,initialTransmissionSystemDemandOutturn,31775.0,,0,0,1,0.0
1776022200000,GB,initialTransmissionSystemDemandOutturn,32008.0,,0,0,1,0.0
1776024000000,GB,initialTransmissionSystemDemandOutturn,31090.0,,0,0,1,0.0
1776025800000,GB,initialTransmissionSystemDemandOutturn,31301.0,,0,0,1,0.0
1776027600000,GB,initialTransmissionSystemDemandOutturn,30760.0,,0,0,1,0.0
1776029400000,GB,initialTransmissionSystemDemandOutturn,30104.0,,0,0,1,0.0
1776031200000,GB,initialTransmissionSystemDemandOutturn,28689.0,,0,0,1,0.0
1776033000000,GB,initialTransmissionSystemDemandOutturn,27613.0,,0,0,1,0.0
1776034800000,GB,initialTransmissionSystemDemandOutturn,26425.0,,0,0,1,0.0
1776036600000,GB,initialTransmissionSystemDemandOutturn,25630.0,,0,0,1,0.0
1776038400000,GB,initialTransmissionSystemDemandOutturn,25619.0,,0,0,1,0.0
1776040200000,GB,initialTransmissionSystemDemandOutturn,25453.0,,0,0,1,0.0
1776042000000,GB,initialTransmissionSystemDemandOutturn,25317.0,,0,0,1,0.0
1776043800000,GB,initialTransmissionSystemDemandOutturn,25206.0,,0,0,1,0.0
1776045600000,GB,initialTransmissionSystemDemandOutturn,24983.0,,0,0,1,0.0
1776047400000,GB,initialTransmissionSystemDemandOutturn,24213.0,,0,0,1,0.0
1776049200000,GB,initialTransmissionSystemDemandOutturn,24198.0,,0,0,1,0.0
1776051000000,GB,initialTransmissionSystemDemandOutturn,23958.0,,0,0,1,0.0
1776052800000,GB,initialTransmissionSystemDemandOutturn,24182.0,,0,0,1,0.0
1776054600000,GB,initialTransmissionSystemDemandOutturn,24184.0,,0,0,1,0.0
1776056400000,GB,initialTransmissionSystemDemandOutturn,26094.0,,0,0,1,0.0
1776058200000,GB,initialTransmissionSystemDemandOutturn,27248.0,,0,0,1,0.0
1776060000000,GB,initialTransmissionSystemDemandOutturn,28722.0,,0,0,1,0.0
1776061800000,GB,initialTransmissionSystemDemandOutturn,30564.0,,0,0,1,0.0
1776063600000,GB,initialTransmissionSystemDemandOutturn,31454.0,,0,0,1,0.0
1776065400000,GB,initialTransmissionSystemDemandOutturn,31745.0,,0,0,1,0.0
1776067200000,GB,initialTransmissionSystemDemandOutturn,31776.0,,0,0,1,0.0
1776069000000,GB,initialTransmissionSystemDemandOutturn,30649.0,,0,0,1,0.0
1776070800000,GB,initialTransmissionSystemDemandOutturn,29862.0,,0,0,1,0.0
1776072600000,GB,initialTransmissionSystemDemandOutturn,28905.0,,0,0,1,0.0
1776074400000,GB,initialTransmissionSystemDemandOutturn,27705.0,,0,0,1,0.0
1776076200000,GB,initialTransmissionSystemDemandOutturn,27374.0,,0,0,1,0.0
1776078000000,GB,initialTransmissionSystemDemandOutturn,26976.0,,0,0,1,0.0
1776079800000,GB,initialTransmissionSystemDemandOutturn,26700.0,,0,0,1,0.0
1776081600000,GB,initialTransmissionSystemDemandOutturn,26467.0,,0,0,1,0.0
1776083400000,GB,initialTransmissionSystemDemandOutturn,26013.0,,0,0,1,0.0
1776085200000,GB,initialTransmissionSystemDemandOutturn,25864.0,,0,0,1,0.0
1776087000000,GB,initialTransmissionSystemDemandOutturn,45284.84975038347,25856.0,1,1,1,0.7514251914597567
1776088800000,GB,initialTransmissionSystemDemandOutturn,26114.0,,0,0,1,0.0
1776090600000,GB,initialTransmissionSystemDemandOutturn,26437.0,,0,0,1,0.0
1776092400000,GB,initialTransmissionSystemDemandOutturn,26322.0,,0,0,1,0.0
1776094200000,GB,initialTransmissionSystemDemandOutturn,26859.0,,0,0,1,0.0
1776096000000,GB,initialTransmissionSystemDemandOutturn,28367.0,,0,0,1,0.0
1776097800000,GB,initialTransmissionSystemDemandOutturn,29534.0,,0,0,1,0.0
1776099600000,GB,initialTransmissionSystemDemandOutturn,30882.0,,0,0,1,0.0
1776101400000,GB,initialTransmissionSystemDemandOutturn,32258.0,,0,0,1,0.0
1776103200000,GB,initialTransmissionSystemDemandOutturn,33290.0,,0,0,1,0.0
1776105000000,GB,initialTransmissionSystemDemandOutturn,33913.0,,0,0,1,0.0
1776106800000,GB,initialTransmissionSystemDemandOutturn,34737.0,,0,0,1,0.0
1776108600000,GB,initialTransmissionSystemDemandOutturn,34792.0,,0,0,1,0.0
1776110400000,GB,initialTransmissionSystemDemandOutturn,34356.0,,0,0,1,0.0
1776112200000,GB,initialTransmissionSystemDemandOutturn,34006.0,,0,0,1,0.0
1776114000000,GB,initialTransmissionSystemDemandOutturn,33078.0,,0,0,1,0.0
1776115800000,GB,initialTransmissionSystemDemandOutturn,32332.0,,0,0,1,0.0
1776117600000,GB,initialTransmissionSystemDemandOutturn,30622.0,,0,0,1,0.0
1776119400000,GB,initialTransmissionSystemDemandOutturn,28588.0,,0,0,1,0.0
1776121200000,GB,initialTransmissionSystemDemandOutturn,27116.0,,0,0,1,0.0
1776123000000,GB,initialTransmissionSystemDemandOutturn,26701.0,,0,0,1,0.0
1776124800000,GB,initialTransmissionSystemDemandOutturn,26097.0,,0,0,1,0.0
1776126600000,GB,initialTransmissionSystemDemandOutturn,25557.0,,0,0,1,0.0
1776128400000,GB,initialTransmissionSystemDemandOutturn,25320.0,,0,0,1,0.0
1776130200000,GB,initialTransmissionSystemDemandOutturn,25587.0,,0,0,1,0.0
1776132000000,GB,initialTransmissionSystemDemandOutturn,25446.0,,0,0,1,0.0
1776133800000,GB,initialTransmissionSystemDemandOutturn,25084.0,,0,0,1,0.0
1776135600000,GB,initialTransmissionSystemDemandOutturn,24258.0,,0,0,1,0.0
1776137400000,GB,initialTransmissionSystemDemandOutturn,24167.0,,0,0,1,0.0
1776139200000,GB,initialTransmissionSystemDemandOutturn,24489.0,,0,0,1,0.0
1776141000000,GB,initialTransmissionSystemDemandOutturn,24627.0,,0,0,1,0.0
1776142800000,GB,initialTransmissionSystemDemandOutturn,25623.0,,0,0,1,0.0
1776144600000,GB,initialTransmissionSystemDemandOutturn,26180.0,,0,0,1,0.0
1776146400000,GB,initialTransmissionSystemDemandOutturn,26733.0,,0,0,1,0.0
1776148200000,GB,initialTransmissionSystemDemandOutturn,28359.0,,0,0,1,0.0
1776150000000,GB,initialTransmissionSystemDemandOutturn,29909.0,,0,0,1,0.0
1776151800000,GB,initialTransmissionSystemDemandOutturn,30478.0,,0,0,1,0.0
1776153600000,GB,initialTransmissionSystemDemandOutturn,30536.0,,0,0,1,0.0
1776155400000,GB,initialTransmissionSystemDemandOutturn,30422.0,,0,0,1,0.0
1776157200000,GB,initialTransmissionSystemDemandOutturn,30207.0,,0,0,1,0.0
1776159000000,GB,initialTransmissionSystemDemandOutturn,28968.0,,0,0,1,0.0
1776160800000,GB,initialTransmissionSystemDemandOutturn,27780.0,,0,0,1,0.0
1776162600000,GB,initialTransmissionSystemDemandOutturn,27031.0,,0,0,1,0.0
1776164400000,GB,initialTransmissionSystemDemandOutturn,26328.0,,0,0,1,0.0
1776166200000,GB,initialTransmissionSystemDemandOutturn,26165.0,,0,0,1,0.0
1776168000000,GB,initialTransmissionSystemDemandOutturn,26479.0,,0,0,1,0.0
1776169800000,GB,initialTransmissionSystemDemandOutturn,26264.0,,0,0,1,0.0
1776171600000,GB,initialTransmissionSystemDemandOutturn,26504.0,,0,0,1,0.0
1776173400000,GB,initialTransmissionSystemDemandOutturn,26857.0,,0,0,1,0.0
1776175200000,GB,initialTransmissionSystemDemandOutturn,27292.0,,0,0,1,0.0
1776177000000,GB,initialTransmissionSystemDemandOutturn,27613.0,,0,0,1,0.0
1776178800000,GB,initialTransmissionSystemDemandOutturn,28322.0,,0,0,1,0.0
1776180600000,GB,initialTransmissionSystemDemandOutturn,29576.0,,0,0,1,0.0
1776182400000,GB,initialTransmissionSystemDemandOutturn,30595.0,,0,0,1,0.0
1776184200000,GB,initialTransmissionSystemDemandOutturn,32024.0,,0,0,1,0.0
1776186000000,GB,initialTransmissionSystemDemandOutturn,33945.0,,0,0,1,0.0
1776187800000,GB,initialTransmissionSystemDemandOutturn,35208.0,,0,0,1,0.0
1776189600000,GB,initialTransmissionSystemDemandOutturn,36208.0,,0,0,1,0.0
1776191400000,GB,initialTransmissionSystemDemandOutturn,36219.0,,0,0,1,0.0
1776193200000,GB,initialTransmissionSystemDemandOutturn,37359.0,,0,0,1,0.0
1776195000000,GB,initialTransmissionSystemDemandOutturn,37360.0,,0,0,1,0.0
1776196800000,GB,initialTransmissionSystemDemandOutturn,37005.0,,0,0,1,0.0
1776198600000,GB,initialTransmissionSystemDemandOutturn,36599.0,,0,0,1,0.0
1776200400000,GB,initialTransmissionSystemDemandOutturn,35784.0,,0,0,1,0.0
1776202200000,GB,initialTransmissionSystemDemandOutturn,34272.0,,0,0,1,0.0
1776204000000,GB,initialTransmissionSystemDemandOutturn,33074.0,,0,0,1,0.0
1776205800000,GB,initialTransmissionSystemDemandOutturn,31309.0,,0,0,1,0.0
1776207600000,GB,initialTransmissionSystemDemandOutturn,29546.0,,0,0,1,0.0
1776209400000,GB,initialTransmissionSystemDemandOutturn,28653.0,,0,0,1,0.0
1776211200000,GB,initialTransmissionSystemDemandOutturn,28339.0,,0,0,1,0.0
1776213000000,GB,initialTransmissionSystemDemandOutturn,28321.0,,0,0,1,0.0
1776214800000,GB,initialTransmissionSystemDemandOutturn,28046.0,,0,0,1,0.0
1776216600000,GB,initialTransmissionSystemDemandOutturn,28200.0,,0,0,1,0.0
1776218400000,GB,initialTransmissionSystemDemandOutturn,27982.0,,0,0,1,0.0
1776220200000,GB,initialTransmissionSystemDemandOutturn,27601.0,,0,0,1,0.0
1776222000000,GB,initialTransmissionSystemDemandOutturn,27319.0,,0,0,1,0.0
1776223800000,GB,initialTransmissionSystemDemandOutturn,27003.0,,0,0,1,0.0
1776225600000,GB,initialTransmissionSystemDemandOutturn,26685.0,,0,0,1,0.0
1776227400000,GB,initialTransmissionSystemDemandOutturn,26667.0,,0,0,1,0.0
1776229200000,GB,initialTransmissionSystemDemandOutturn,26499.0,,0,0,1,0.0
1776231000000,GB,initialTransmissionSystemDemandOutturn,26793.0,,0,0,1,0.0
1776232800000,GB,initialTransmissionSystemDemandOutturn,28656.0,,0,0,1,0.0
1776234600000,GB,initialTransmissionSystemDemandOutturn,30312.0,,0,0,1,0.0
1776236400000,GB,initialTransmissionSystemDemandOutturn,31957.0,,0,0,1,0.0
1776238200000,GB,initialTransmissionSystemDemandOutturn,32803.0,,0,0,1,0.0
1776240000000,GB,initialTransmissionSystemDemandOutturn,32057.0,,0,0,1,0.0
1776241800000,GB,initialTransmissionSystemDemandOutturn,31766.0,,0,0,1,0.0
1776243600000,GB,initialTransmissionSystemDemandOutturn,32088.0,,0,0,1,0.0
1776245400000,GB,initialTransmissionSystemDemandOutturn,31084.0,,0,0,1,0.0
1776247200000,GB,initialTransmissionSystemDemandOutturn,31308.0,,0,0,1,0.0
1776249000000,GB,initialTransmissionSystemDemandOutturn,30900.0,,0,0,1,0.0
1776250800000,GB,initialTransmissionSystemDemandOutturn,30094.0,,0,0,1,0.0
1776252600000,GB,initialTransmissionSystemDemandOutturn,29858.0,,0,0,1,0.0
1776254400000,GB,initialTransmissionSystemDemandOutturn,29870.0,,0,0,1,0.0
1776256200000,GB,initialTransmissionSystemDemandOutturn,30051.0,,0,0,1,0.0
1776258000000,GB,initialTransmissionSystemDemandOutturn,30286.0,,0,0,1,0.0
1776259800000,GB,initialTransmissionSystemDemandOutturn,29641.0,,0,0,1,0.0
1776261600000,GB,initialTransmissionSystemDemandOutturn,30224.0,,0,0,1,0.0
1776263400000,GB,initialTransmissionSystemDemandOutturn,55360.003086276156,30559.0,1,1,1,0.8115777049732046
1776265200000,GB,initialTransmissionSystemDemandOutturn,30816.0,,0,0,1,0.0
1776267000000,GB,initialTransmissionSystemDemandOutturn,30897.0,,0,0,1,0.0
1776268800000,GB,initialTransmissionSystemDemandOutturn,30361.0,,0,0,1,0.0
1776270600000,GB,initialTransmissionSystemDemandOutturn,31342.0,,0,0,1,0.0
1776272400000,GB,initialTransmissionSystemDemandOutturn,31967.0,,0,0,1,0.0
1776274200000,GB,initialTransmissionSystemDemandOutturn,33278.0,,0,0,1,0.0
1776276000000,GB,initialTransmissionSystemDemandOutturn,33563.0,,0,0,1,0.0
1776277800000,GB,initialTransmissionSystemDemandOutturn,34276.0,,0,0,1,0.0
1776279600000,GB,initialTransmissionSystemDemandOutturn,35221.0,,0,0,1,0.0
1776281400000,GB,initialTransmissionSystemDemandOutturn,35146.0,,0,0,1,0.0
1776283200000,GB,initialTransmissionSystemDemandOutturn,34629.0,,0,0,1,0.0
1776285000000,GB,initialTransmissionSystemDemandOutturn,34324.0,,0,0,1,0.0
1776286800000,GB,initialTransmissionSystemDemandOutturn,34012.0,,0,0,1,0.0
1776288600000,GB,initialTransmissionSystemDemandOutturn,32437.0,,0,0,1,0.0
1776290400000,GB,initialTransmissionSystemDemandOutturn,31072.0,,0,0,1,0.0
1776292200000,GB,initialTransmissionSystemDemandOutturn,29552.0,,0,0,1,0.0
1776294000000,GB,initialTransmissionSystemDemandOutturn,28133.0,,0,0,1,0.0
1776295800000,GB,initialTransmissionSystemDemandOutturn,27357.0,,0,0,1,0.0
1776297600000,GB,initialTransmissionSystemDemandOutturn,27080.0,,0,0,1,0.0
1776299400000,GB,initialTransmissionSystemDemandOutturn,27229.0,,0,0,1,0.0
1776301200000,GB,initialTransmissionSystemDemandOutturn,27412.0,,0,0,1,0.0
1776303000000,GB,initialTransmissionSystemDemandOutturn,27513.0,,0,0,1,0.0
1776304800000,GB,initialTransmissionSystemDemandOutturn,27299.0,,0,0,1,0.0
1776306600000,GB,initialTransmissionSystemDemandOutturn,26684.0,,0,0,1,0.0
1776308400000,GB,initialTransmissionSystemDemandOutturn,26579.0,,0,0,1,0.0
1776310200000,GB,initialTransmissionSystemDemandOutturn,26303.0,,0,0,1,0.0
1776312000000,GB,initialTransmissionSystemDemandOutturn,26006.0,,0,0,1,0.0
1776313800000,GB,initialTransmissionSystemDemandOutturn,25726.0,,0,0,1,0.0
1776315600000,GB,initialTransmissionSystemDemandOutturn,26219.0,,0,0,1,0.0
1776317400000,GB,initialTransmissionSystemDemandOutturn,27196.0,,0,0,1,0.0
1776319200000,GB,initialTransmissionSystemDemandOutturn,28337.0,,0,0,1,0.0
1776321000000,GB,initialTransmissionSystemDemandOutturn,29623.0,,0,0,1,0.0
1776322800000,GB,initialTransmissionSystemDemandOutturn,30581.0,,0,0,1,0.0
1776324600000,GB,initialTransmissionSystemDemandOutturn,31206.0,,0,0,1,0.0
1776326400000,GB,initialTransmissionSystemDemandOutturn,30702.0,,0,0,1,0.0
1776328200000,GB,initialTransmissionSystemDemandOutturn,29944.0,,0,0,1,0.0
1776330000000,GB,initialTransmissionSystemDemandOutturn,29634.0,,0,0,1,0.0
1776331800000,GB,initialTransmissionSystemDemandOutturn,28836.0,,0,0,1,0.0
1776333600000,GB,initialTransmissionSystemDemandOutturn,28444.0,,0,0,1,0.0
1776335400000,GB,initialTransmissionSystemDemandOutturn,28016.0,,0,0,1,0.0
1776337200000,GB,initialTransmissionSystemDemandOutturn,27642.0,,0,0,1,0.0
1776339000000,GB,initialTransmissionSystemDemandOutturn,27193.0,,0,0,1,0.0
1776340800000,GB,initialTransmissionSystemDemandOutturn,26629.0,,0,0,1,0.0
1776342600000,GB,initialTransmissionSystemDemandOutturn,26423.0,,0,0,1,0.0
1776344400000,GB,initialTransmissionSystemDemandOutturn,26357.0,,0,0,1,0.0
1776346200000,GB,initialTransmissionSystemDemandOutturn,26288.0,,0,0,1,0.0
1776348000000,GB,initialTransmissionSystemDemandOutturn,25665.0,,0,0,1,0.0
1776349800000,GB,initialTransmissionSystemDemandOutturn,25534.0,,0,0,1,0.0
1776351600000,GB,initialTransmissionSystemDemandOutturn,25328.0,,0,0,1,0.0
1776353400000,GB,initialTransmissionSystemDemandOutturn,26475.0,,0,0,1,0.0
1776355200000,GB,initialTransmissionSystemDemandOutturn,28119.0,,0,0,1,0.0
1776357000000,GB,initialTransmissionSystemDemandOutturn,29991.0,,0,0,1,0.0
1776358800000,GB,initialTransmissionSystemDemandOutturn,31440.0,,0,0,1,0.0
1776360600000,GB,initialTransmissionSystemDemandOutturn,32812.0,,0,0,1,0.0
1776362400000,GB,initialTransmissionSystemDemandOutturn,33203.0,,0,0,1,0.0
1776364200000,GB,initialTransmissionSystemDemandOutturn,33429.0,,0,0,1,0.0
1776366000000,GB,initialTransmissionSystemDemandOutturn,34997.0,,0,0,1,0.0
1776367800000,GB,initialTransmissionSystemDemandOutturn,34822.0,,0,0,1,0.0
1776369600000,GB,initialTransmissionSystemDemandOutturn,34924.0,,0,0,1,0.0
1776371400000,GB,initialTransmissionSystemDemandOutturn,34218.0,,0,0,1,0.0
1776373200000,GB,initialTransmissionSystemDemandOutturn,33247.0,,0,0,1,0.0
1776375000000,GB,initialTransmissionSystemDemandOutturn,32019.0,,0,0,1,0.0
1776376800000,GB,initialTransmissionSystemDemandOutturn,31156.0,,0,0,1,0.0
1776378600000,GB,initialTransmissionSystemDemandOutturn,29753.0,,0,0,1,0.0
1776380400000,GB,initialTransmissionSystemDemandOutturn,26645.0,,0,0,1,0.0
1776382200000,GB,initialTransmissionSystemDemandOutturn,25566.0,,0,0,1,0.0
1776384000000,GB,initialTransmissionSystemDemandOutturn,25899.0,,0,0,1,0.0
1776385800000,GB,initialTransmissionSystemDemandOutturn,25678.0,,0,0,1,0.0
1776387600000,GB,initialTransmissionSystemDemandOutturn,25525.0,,0,0,1,0.0
1776389400000,GB,initialTransmissionSystemDemandOutturn,25474.0,,0,0,1,0.0
1776391200000,GB,initialTransmissionSystemDemandOutturn,25499.0,,0,0,1,0.0
1776393000000,GB,initialTransmissionSystemDemandOutturn,24972.0,,0,0,1,0.0
1776394800000,GB,initialTransmissionSystemDemandOutturn,25343.0,,0,0,1,0.0
1776396600000,GB,initialTransmissionSystemDemandOutturn,25075.0,,0,0,1,0.0
1776398400000,GB,initialTransmissionSystemDemandOutturn,24789.0,,0,0,1,0.0
1776400200000,GB,initialTransmissionSystemDemandOutturn,24886.0,,0,0,1,0.0
1776402000000,GB,initialTransmissionSystemDemandOutturn,25344.0,,0,0,1,0.0
1776403800000,GB,initialTransmissionSystemDemandOutturn,25772.0,,0,0,1,0.0
1776405600000,GB,initialTransmissionSystemDemandOutturn,27233.0,,0,0,1,0.0
1776407400000,GB,initialTransmissionSystemDemandOutturn,28384.0,,0,0,1,0.0
1776409200000,GB,initialTransmissionSystemDemandOutturn,28814.0,,0,0,1,0.0
1776411000000,GB,initialTransmissionSystemDemandOutturn,29519.0,,0,0,1,0.0
1776412800000,GB,initialTransmissionSystemDemandOutturn,29573.0,,0,0,1,0.0
1776414600000,GB,initialTransmissionSystemDemandOutturn,29330.0,,0,0,1,0.0
1776416400000,GB,initialTransmissionSystemDemandOutturn,29051.0,,0,0,1,0.0
1776418200000,GB,initialTransmissionSystemDemandOutturn,28719.0,,0,0,1,0.0
1776420000000,GB,initialTransmissionSystemDemandOutturn,28818.0,,0,0,1,0.0
1776421800000,GB,initialTransmissionSystemDemandOutturn,28263.0,,0,0,1,0.0
1776423600000,GB,initialTransmissionSystemDemandOutturn,27704.0,,0,0,1,0.0
1776425400000,GB,initialTransmissionSystemDemandOutturn,27640.0,,0,0,1,0.0
1776427200000,GB,initialTransmissionSystemDemandOutturn,27318.0,,0,0,1,0.0
1776429000000,GB,initialTransmissionSystemDemandOutturn,27283.0,,0,0,1,0.0
1776430800000,GB,initialTransmissionSystemDemandOutturn,27034.0,,0,0,1,0.0
1776432600000,GB,initialTransmissionSystemDemandOutturn,27142.0,,0,0,1,0.0
1776434400000,GB,initialTransmissionSystemDemandOutturn,26936.0,,0,0,1,0.0
1776436200000,GB,initialTransmissionSystemDemandOutturn,26867.0,,0,0,1,0.0
1776438000000,GB,initialTransmissionSystemDemandOutturn,26695.0,,0,0,1,0.0
1776439800000,GB,initialTransmissionSystemDemandOutturn,26981.0,,0,0,1,0.0
1776441600000,GB,initialTransmissionSystemDemandOutturn,28066.0,,0,0,1,0.0
1776443400000,GB,initialTransmissionSystemDemandOutturn,28802.0,,0,0,1,0.0
1776445200000,GB,initialTransmissionSystemDemandOutturn,30161.0,,0,0,1,0.0
1776447000000,GB,initialTransmissionSystemDemandOutturn,31132.0,,0,0,1,0.0
1776448800000,GB,initialTransmissionSystemDemandOutturn,31652.0,,0,0,1,0.0
1776450600000,GB,initialTransmissionSystemDemandOutturn,49742.012389520336,32008.0,1,1,1,0.5540493748288033
1776452400000,GB,initialTransmissionSystemDemandOutturn,32254.0,,0,0,1,0.0
1776454200000,GB,initialTransmissionSystemDemandOutturn,32735.0,,0,0,1,0.0
1776456000000,GB,initialTransmissionSystemDemandOutturn,32135.0,,0,0,1,0.0
1776457800000,GB,initialTransmissionSystemDemandOutturn,32139.0,,0,0,1,0.0
1776459600000,GB,initialTransmissionSystemDemandOutturn,30955.0,,0,0,1,0.0
1776461400000,GB,initialTransmissionSystemDemandOutturn,29710.0,,0,0,1,0.0
1776463200000,GB,initialTransmissionSystemDemandOutturn,29753.0,,0,0,1,0.0
1776465000000,GB,initialTransmissionSystemDemandOutturn,28788.0,,0,0,1,0.0
1776466800000,GB,initialTransmissionSystemDemandOutturn,28565.0,,0,0,1,0.0
1776468600000,GB,initialTransmissionSystemDemandOutturn,27773.0,,0,0,1,0.0
1776470400000,GB,initialTransmissionSystemDemandOutturn,26680.0,,0,0,1,0.0
1776472200000,GB,initialTransmissionSystemDemandOutturn,26411.0,,0,0,1,0.0
1776474000000,GB,initialTransmissionSystemDemandOutturn,26126.0,,0,0,1,0.0
1776475800000,GB,initialTransmissionSystemDemandOutturn,8600.26399394384,26349.0,1,1,1,0.6736018826542245
1776477600000,GB,initialTransmissionSystemDemandOutturn,25854.0,,0,0,1,0.0
1776479400000,GB,initialTransmissionSystemDemandOutturn,25206.0,,0,0,1,0.0
1776481200000,GB,initialTransmissionSystemDemandOutturn,25475.0,,0,0,1,0.0
1776483000000,GB,initialTransmissionSystemDemandOutturn,24849.0,,0,0,1,0.0
1776484800000,GB,initialTransmissionSystemDemandOutturn,24850.0,,0,0,1,0.0
1776486600000,GB,initialTransmissionSystemDemandOutturn,24470.0,,0,0,1,0.0
1776488400000,GB,initialTransmissionSystemDemandOutturn,24807.0,,0,0,1,0.0
1776490200000,GB,initialTransmissionSystemDemandOutturn,24734.0,,0,0,1,0.0
1776492000000,GB,initialTransmissionSystemDemandOutturn,25040.0,,0,0,1,0.0
1776493800000,GB,initialTransmissionSystemDemandOutturn,25413.0,,0,0,1,0.0
1776495600000,GB,initialTransmissionSystemDemandOutturn,25378.0,,0,0,1,0.0
1776497400000,GB,initialTransmissionSystemDemandOutturn,25243.0,,0,0,1,0.0
1776499200000,GB,initialTransmissionSystemDemandOutturn,24888.0,,0,0,1,0.0
1776501000000,GB,initialTransmissionSystemDemandOutturn,24236.0,,0,0,1,0.0
1776502800000,GB,initialTransmissionSystemDemandOutturn,24165.0,,0,0,1,0.0
1776504600000,GB,initialTransmissionSystemDemandOutturn,23760.0,,0,0,1,0.0
1776506400000,GB,initialTransmissionSystemDemandOutturn,23330.0,,0,0,1,0.0
1776508200000,GB,initialTransmissionSystemDemandOutturn,22951.0,,0,0,1,0.0
1776510000000,GB,initialTransmissionSystemDemandOutturn,22348.0,,0,0,1,0.0
1776511800000,GB,initialTransmissionSystemDemandOutturn,22096.0,,0,0,1,0.0
1776513600000,GB,initialTransmissionSystemDemandOutturn,21997.0,,0,0,1,0.0
1776515400000,GB,initialTransmissionSystemDemandOutturn,21973.0,,0,0,1,0.0
1776517200000,GB,initialTransmissionSystemDemandOutturn,22062.0,,0,0,1,0.0
1776519000000,GB,initialTransmissionSystemDemandOutturn,21652.0,,0,0,1,0.0
1776520800000,GB,initialTransmissionSystemDemandOutturn,21533.0,,0,0,1,0.0
1776522600000,GB,initialTransmissionSystemDemandOutturn,21405.0,,0,0,1,0.0
1776524400000,GB,initialTransmissionSystemDemandOutturn,21855.0,,0,0,1,0.0
1776526200000,GB,initialTransmissionSystemDemandOutturn,22058.0,,0,0,1,0.0
1776528000000,GB,initialTransmissionSystemDemandOutturn,23406.0,,0,0,1,0.0
1776529800000,GB,initialTransmissionSystemDemandOutturn,24720.0,,0,0,1,0.0
1776531600000,GB,initialTransmissionSystemDemandOutturn,25424.0,,0,0,1,0.0
1776533400000,GB,initialTransmissionSystemDemandOutturn,26860.0,,0,0,1,0.0
1776535200000,GB,initialTransmissionSystemDemandOutturn,28421.0,,0,0,1,0.0
1776537000000,GB,initialTransmissionSystemDemandOutturn,29568.0,,0,0,1,0.0
1776538800000,GB,initialTransmissionSystemDemandOutturn,29996.0,,0,0,1,0.0
1776540600000,GB,initialTransmissionSystemDemandOutturn,30403.0,,0,0,1,0.0
1776542400000,GB,initialTransmissionSystemDemandOutturn,29542.0,,0,0,1,0.0
1776544200000,GB,initialTransmissionSystemDemandOutturn,29470.0,,0,0,1,0.0
1776546000000,GB,initialTransmissionSystemDemandOutturn,28800.0,,0,0,1,0.0
1776547800000,GB,initialTransmissionSystemDemandOutturn,27920.0,,0,0,1,0.0
1776549600000,GB,initialTransmissionSystemDemandOutturn,26904.0,,0,0,1,0.0
1776551400000,GB,initialTransmissionSystemDemandOutturn,25778.0,,0,0,1,0.0
1776553200000,GB,initialTransmissionSystemDemandOutturn,24573.0,,0,0,1,0.0
1776555000000,GB,initialTransmissionSystemDemandOutturn,24169.0,,0,0,1,0.0
1776556800000,GB,initialTransmissionSystemDemandOutturn,23470.0,,0,0,1,0.0
1776558600000,GB,initialTransmissionSystemDemandOutturn,23278.0,,0,0,1,0.0
1776560400000,GB,initialTransmissionSystemDemandOutturn,23019.0,,0,0,1,0.0
1776562200000,GB,initialTransmissionSystemDemandOutturn,23200.0,,0,0,1,0.0
1776564000000,GB,initialTransmissionSystemDemandOutturn,22790.0,,0,0,1,0.0
1776565800000,GB,initialTransmissionSystemDemandOutturn,22223.0,,0,0,1,0.0
1776567600000,GB,initialTransmissionSystemDemandOutturn,21858.0,,0,0,1,0.0
1776569400000,GB,initialTransmissionSystemDemandOutturn,21575.0,,0,0,1,0.0
1776571200000,GB,initialTransmissionSystemDemandOutturn,21571.0,,0,0,1,0.0
1776573000000,GB,initialTransmissionSystemDemandOutturn,21169.0,,0,0,1,0.0
1776574800000,GB,initialTransmissionSystemDemandOutturn,20794.0,,0,0,1,0.0
1776576600000,GB,initialTransmissionSystemDemandOutturn,20772.0,,0,0,1,0.0
1776578400000,GB,initialTransmissionSystemDemandOutturn,21658.0,,0,0,1,0.0
1776580200000,GB,initialTransmissionSystemDemandOutturn,21619.0,,0,0,1,0.0
1776582000000,GB,initialTransmissionSystemDemandOutturn,22138.0,,0,0,1,0.0
1776583800000,GB,initialTransmissionSystemDemandOutturn,22313.0,,0,0,1,0.0
1776585600000,GB,initialTransmissionSystemDemandOutturn,21908.0,,0,0,1,0.0
1776587400000,GB,initialTransmissionSystemDemandOutturn,21350.0,,0,0,1,0.0
1776589200000,GB,initialTransmissionSystemDemandOutturn,21163.0,,0,0,1,0.0
1776591000000,GB,initialTransmissionSystemDemandOutturn,20633.0,,0,0,1,0.0
1776592800000,GB,initialTransmissionSystemDemandOutturn,20035.0,,0,0,1,0.0
1776594600000,GB,initialTransmissionSystemDemandOutturn,20206.0,,0,0,1,0.0
1776596400000,GB,initialTransmissionSystemDemandOutturn,20307.0,,0,0,1,0.0
1776598200000,GB,initialTransmissionSystemDemandOutturn,19546.0,,0,0,1,0.0
1776600000000,GB,initialTransmissionSystemDemandOutturn,20301.0,,0,0,1,0.0
1776601800000,GB,initialTransmissionSystemDemandOutturn,20543.0,,0,0,1,0.0
1776603600000,GB,initialTransmissionSystemDemandOutturn,20302.0,,0,0,1,0.0
1776605400000,GB,initialTransmissionSystemDemandOutturn,20191.0,,0,0,1,0.0
1776607200000,GB,initialTransmissionSystemDemandOutturn,20250.0,,0,0,1,0.0
1776609000000,GB,initialTransmissionSystemDemandOutturn,20562.0,,0,0,1,0.0
1776610800000,GB,initialTransmissionSystemDemandOutturn,21134.0,,0,0,1,0.0
1776612600000,GB,initialTransmissionSystemDemandOutturn,22375.0,,0,0,1,0.0
1776614400000,GB,initialTransmissionSystemDemandOutturn,23998.0,,0,0,1,0.0
1776616200000,GB,initialTransmissionSystemDemandOutturn,25437.0,,0,0,1,0.0
1776618000000,GB,initialTransmissionSystemDemandOutturn,27282.0,,0,0,1,0.0
1776619800000,GB,initialTransmissionSystemDemandOutturn,28755.0,,0,0,1,0.0
1776621600000,GB,initialTransmissionSystemDemandOutturn,29468.0,,0,0,1,0.0
1776623400000,GB,initialTransmissionSystemDemandOutturn,29680.0,,0,0,1,0.0
1776625200000,GB,initialTransmissionSystemDemandOutturn,30432.0,,0,0,1,0.0
1776627000000,GB,initialTransmissionSystemDemandOutturn,31003.0,,0,0,1,0.0
1776628800000,GB,initialTransmissionSystemDemandOutturn,30726.0,,0,0,1,0.0
1776630600000,GB,initialTransmissionSystemDemandOutturn,30748.0,,0,0,1,0.0
1776632400000,GB,initialTransmissionSystemDemandOutturn,30240.0,,0,0,1,0.0
1776634200000,GB,initialTransmissionSystemDemandOutturn,29138.0,,0,0,1,0.0
1776636000000,GB,initialTransmissionSystemDemandOutturn,27685.0,,0,0,1,0.0
1776637800000,GB,initialTransmissionSystemDemandOutturn,26457.0,,0,0,1,0.0
1776639600000,GB,initialTransmissionSystemDemandOutturn,25087.0,,0,0,1,0.0
1776641400000,GB,initialTransmissionSystemDemandOutturn,24332.0,,0,0,1,0.0
1776643200000,GB,initialTransmissionSystemDemandOutturn,24382.0,,0,0,1,0.0
1776645000000,GB,initialTransmissionSystemDemandOutturn,24332.0,,0,0,1,0.0
1776646800000,GB,initialTransmissionSystemDemandOutturn,24088.0,,0,0,1,0.0
1776648600000,GB,initialTransmissionSystemDemandOutturn,24325.0,,0,0,1,0.0
1776650400000,GB,initialTransmissionSystemDemandOutturn,24233.0,,0,0,1,0.0
1776652200000,GB,initialTransmissionSystemDemandOutturn,23828.0,,0,0,1,0.0
1776654000000,GB,initialTransmissionSystemDemandOutturn,23119.0,,0,0,1,0.0
1776655800000,GB,initialTransmissionSystemDemandOutturn,22787.0,,0,0,1,0.0
1776657600000,GB,initialTransmissionSystemDemandOutturn,22601.0,,0,0,1,0.0
1776659400000,GB,initialTransmissionSystemDemandOutturn,22578.0,,0,0,1,0.0
1776661200000,GB,initialTransmissionSystemDemandOutturn,23512.0,,0,0,1,0.0
1776663000000,GB,initialTransmissionSystemDemandOutturn,24358.0,,0,0,1,0.0
1776664800000,GB,initialTransmissionSystemDemandOutturn,26956.0,,0,0,1,0.0
1776666600000,GB,initialTransmissionSystemDemandOutturn,28279.0,,0,0,1,0.0
1776668400000,GB,initialTransmissionSystemDemandOutturn,29088.0,,0,0,1,0.0
1776670200000,GB,initialTransmissionSystemDemandOutturn,29505.0,,0,0,1,0.0
1776672000000,GB,initialTransmissionSystemDemandOutturn,29606.0,,0,0,1,0.0
1776673800000,GB,initialTransmissionSystemDemandOutturn,28689.0,,0,0,1,0.0
1776675600000,GB,initialTransmissionSystemDemandOutturn,27946.0,,0,0,1,0.0
1776677400000,GB,initialTransmissionSystemDemandOutturn,26663.0,,0,0,1,0.0
1776679200000,GB,initialTransmissionSystemDemandOutturn,25570.0,,0,0,1,0.0
1776681000000,GB,initialTransmissionSystemDemandOutturn,24654.0,,0,0,1,0.0
1776682800000,GB,initialTransmissionSystemDemandOutturn,24447.0,,0,0,1,0.0
1776684600000,GB,initialTransmissionSystemDemandOutturn,24528.0,,0,0,1,0.0
1776686400000,GB,initialTransmissionSystemDemandOutturn,24644.0,,0,0,1,0.0
1776688200000,GB,initialTransmissionSystemDemandOutturn,24940.0,,0,0,1,0.0
1776690000000,GB,initialTransmissionSystemDemandOutturn,25260.0,,0,0,1,0.0
1776691800000,GB,initialTransmissionSystemDemandOutturn,25315.0,,0,0,1,0.0
1776693600000,GB,initialTransmissionSystemDemandOutturn,25396.0,,0,0,1,0.0
1776695400000,GB,initialTransmissionSystemDemandOutturn,25710.0,,0,0,1,0.0
1776697200000,GB,initialTransmissionSystemDemandOutturn,25582.0,,0,0,1,0.0
1776699000000,GB,initialTransmissionSystemDemandOutturn,26406.0,,0,0,1,0.0
1776700800000,GB,initialTransmissionSystemDemandOutturn,27507.0,,0,0,1,0.0
1776702600000,GB,initialTransmissionSystemDemandOutturn,28475.0,,0,0,1,0.0
1776704400000,GB,initialTransmissionSystemDemandOutturn,29684.0,,0,0,1,0.0
1776706200000,GB,initialTransmissionSystemDemandOutturn,30847.0,,0,0,1,0.0
1776708000000,GB,initialTransmissionSystemDemandOutturn,31127.0,,0,0,1,0.0
1776709800000,GB,initialTransmissionSystemDemandOutturn,32354.0,,0,0,1,0.0
1776711600000,GB,initialTransmissionSystemDemandOutturn,32669.0,,0,0,1,0.0
1776713400000,GB,initialTransmissionSystemDemandOutturn,32812.0,,0,0,1,0.0
1776715200000,GB,initialTransmissionSystemDemandOutturn,32580.0,,0,0,1,0.0
1776717000000,GB,initialTransmissionSystemDemandOutturn,32375.0,,0,0,1,0.0
1776718800000,GB,initialTransmissionSystemDemandOutturn,31456.0,,0,0,1,0.0
1776720600000,GB,initialTransmissionSystemDemandOutturn,30341.0,,0,0,1,0.0
1776722400000,GB,initialTransmissionSystemDemandOutturn,28702.0,,0,0,1,0.0
1776724200000,GB,initialTransmissionSystemDemandOutturn,26881.0,,0,0,1,0.0
1776726000000,GB,initialTransmissionSystemDemandOutturn,25906.0,,0,0,1,0.0
1776727800000,GB,initialTransmissionSystemDemandOutturn,25173.0,,0,0,1,0.0
1776729600000,GB,initialTransmissionSystemDemandOutturn,24399.0,,0,0,1,0.0
1776731400000,GB,initialTransmissionSystemDemandOutturn,24625.0,,0,0,1,0.0
1776733200000,GB,initialTransmissionSystemDemandOutturn,24611.0,,0,0,1,0.0
1776735000000,GB,initialTransmissionSystemDemandOutturn,24928.0,,0,0,1,0.0
1776736800000,GB,initialTransmissionSystemDemandOutturn,24334.0,,0,0,1,0.0
1776738600000,GB,initialTransmissionSystemDemandOutturn,24087.0,,0,0,1,0.0
1776740400000,GB,initialTransmissionSystemDemandOutturn,24608.0,,0,0,1,0.0
1776742200000,GB,initialTransmissionSystemDemandOutturn,24351.0,,0,0,1,0.0
1776744000000,GB,initialTransmissionSystemDemandOutturn,24154.0,,0,0,1,0.0
1776745800000,GB,initialTransmissionSystemDemandOutturn,24097.0,,0,0,1,0.0
1776747600000,GB,initialTransmissionSystemDemandOutturn,24427.0,,0,0,1,0.0
1776749400000,GB,initialTransmissionSystemDemandOutturn,25069.0,,0,0,1,0.0
1776751200000,GB,initialTransmissionSystemDemandOutturn,26830.0,,0,0,1,0.0
1776753000000,GB,initialTransmissionSystemDemandOutturn,28190.0,,0,0,1,0.0
1776754800000,GB,initialTransmissionSystemDemandOutturn,28905.0,,0,0,1,0.0
1776756600000,GB,initialTransmissionSystemDemandOutturn,29587.0,,0,0,1,0.0
1776758400000,GB,initialTransmissionSystemDemandOutturn,29502.0,,0,0,1,0.0
1776760200000,GB,initialTransmissionSystemDemandOutturn,28463.0,,0,0,1,0.0
1776762000000,GB,initialTransmissionSystemDemandOutturn,27657.0,,0,0,1,0.0
1776763800000,GB,initialTransmissionSystemDemandOutturn,26871.0,,0,0,1,0.0
1776765600000,GB,initialTransmissionSystemDemandOutturn,26450.0,,0,0,1,0.0
1776767400000,GB,initialTransmissionSystemDemandOutturn,26013.0,,0,0,1,0.0
1776769200000,GB,initialTransmissionSystemDemandOutturn,25263.0,,0,0,1,0.0
1776771000000,GB,initialTransmissionSystemDemandOutturn,24377.0,,0,0,1,0.0
1776772800000,GB,initialTransmissionSystemDemandOutturn,24211.0,,0,0,1,0.0
1776774600000,GB,initialTransmissionSystemDemandOutturn,23608.0,,0,0,1,0.0
1776776400000,GB,initialTransmissionSystemDemandOutturn,22795.0,,0,0,1,0.0
1776778200000,GB,initialTransmissionSystemDemandOutturn,22656.0,,0,0,1,0.0
1776780000000,GB,initialTransmissionSystemDemandOutturn,22461.0,,0,0,1,0.0
1776781800000,GB,initialTransmissionSystemDemandOutturn,22062.0,,0,0,1,0.0
1776783600000,GB,initialTransmissionSystemDemandOutturn,21868.0,,0,0,1,0.0
1776785400000,GB,initialTransmissionSystemDemandOutturn,22694.0,,0,0,1,0.0
1776787200000,GB,initialTransmissionSystemDemandOutturn,23785.0,,0,0,1,0.0
1776789000000,GB,initialTransmissionSystemDemandOutturn,25072.0,,0,0,1,0.0
1776790800000,GB,initialTransmissionSystemDemandOutturn,25829.0,,0,0,1,0.0
1776792600000,GB,initialTransmissionSystemDemandOutturn,26973.0,,0,0,1,0.0
1776794400000,GB,initialTransmissionSystemDemandOutturn,28710.0,,0,0,1,0.0
1776796200000,GB,initialTransmissionSystemDemandOutturn,29867.0,,0,0,1,0.0
1776798000000,GB,initialTransmissionSystemDemandOutturn,31077.0,,0,0,1,0.0
1776799800000,GB,initialTransmissionSystemDemandOutturn,32285.0,,0,0,1,0.0
1776801600000,GB,initialTransmissionSystemDemandOutturn,32104.0,,0,0,1,0.0
1776803400000,GB,initialTransmissionSystemDemandOutturn,32315.0,,0,0,1,0.0
1776805200000,GB,initialTransmissionSystemDemandOutturn,31119.0,,0,0,1,0.0
1776807000000,GB,initialTransmissionSystemDemandOutturn,29356.0,,0,0,1,0.0
1776808800000,GB,initialTransmissionSystemDemandOutturn,28761.0,,0,0,1,0.0
1776810600000,GB,initialTransmissionSystemDemandOutturn,26841.0,,0,0,1,0.0
1776812400000,GB,initialTransmissionSystemDemandOutturn,26015.0,,0,0,1,0.0
1776814200000,GB,initialTransmissionSystemDemandOutturn,24934.0,,0,0,1,0.0
1776816000000,GB,initialTransmissionSystemDemandOutturn,25161.0,,0,0,1,0.0
1776817800000,GB,initialTransmissionSystemDemandOutturn,24759.0,,0,0,1,0.0
1776819600000,GB,initialTransmissionSystemDemandOutturn,24693.0,,0,0,1,0.0
1776821400000,GB,initialTransmissionSystemDemandOutturn,24495.0,,0,0,1,0.0
1776823200000,GB,initialTransmissionSystemDemandOutturn,24342.0,,0,0,1,0.0
1776825000000,GB,initialTransmissionSystemDemandOutturn,23802.0,,0,0,1,0.0
1776826800000,GB,initialTransmissionSystemDemandOutturn,23847.0,,0,0,1,0.0
1776828600000,GB,initialTransmissionSystemDemandOutturn,23621.0,,0,0,1,0.0
1776830400000,GB,initialTransmissionSystemDemandOutturn,23371.0,,0,0,1,0.0
1776832200000,GB,initialTransmissionSystemDemandOutturn,23274.0,,0,0,1,0.0
1776834000000,GB,initialTransmissionSystemDemandOutturn,23965.0,,0,0,1,0.0
1776835800000,GB,initialTransmissionSystemDemandOutturn,24844.0,,0,0,1,0.0
1776837600000,GB,initialTransmissionSystemDemandOutturn,26812.0,,0,0,1,0.0
1776839400000,GB,initialTransmissionSystemDemandOutturn,27998.0,,0,0,1,0.0
1776841200000,GB,initialTransmissionSystemDemandOutturn,27848.0,,0,0,1,0.0
1776843000000,GB,initialTransmissionSystemDemandOutturn,43592.84595207823,28020.0,1,1,1,0.5557760867979382
1776844800000,GB,initialTransmissionSystemDemandOutturn,27579.0,,0,0,1,0.0
1776846600000,GB,initialTransmissionSystemDemandOutturn,26133.0,,0,0,1,0.0
1776848400000,GB,initialTransmissionSystemDemandOutturn,24650.0,,0,0,1,0.0
1776850200000,GB,initialTransmissionSystemDemandOutturn,24111.0,,0,0,1,0.0
1776852000000,GB,initialTransmissionSystemDemandOutturn,22904.0,,0,0,1,0.0
1776853800000,GB,initialTransmissionSystemDemandOutturn,21825.0,,0,0,1,0.0
1776855600000,GB,initialTransmissionSystemDemandOutturn,20843.0,,0,0,1,0.0
1776857400000,GB,initialTransmissionSystemDemandOutturn,20533.0,,0,0,1,0.0
1776859200000,GB,initialTransmissionSystemDemandOutturn,20672.0,,0,0,1,0.0
1776861000000,GB,initialTransmissionSystemDemandOutturn,20548.0,,0,0,1,0.0
1776862800000,GB,initialTransmissionSystemDemandOutturn,20275.0,,0,0,1,0.0
1776864600000,GB,initialTransmissionSystemDemandOutturn,19604.0,,0,0,1,0.0
1776866400000,GB,initialTransmissionSystemDemandOutturn,19220.0,,0,0,1,0.0
1776868200000,GB,initialTransmissionSystemDemandOutturn,19118.0,,0,0,1,0.0
1776870000000,GB,initialTransmissionSystemDemandOutturn,18999.0,,0,0,1,0.0
1776871800000,GB,initialTransmissionSystemDemandOutturn,20041.0,,0,0,1,0.0
1776873600000,GB,initialTransmissionSystemDemandOutturn,21172.0,,0,0,1,0.0
1776875400000,GB,initialTransmissionSystemDemandOutturn,22327.0,,0,0,1,0.0
1776877200000,GB,initialTransmissionSystemDemandOutturn,24628.0,,0,0,1,0.0
1776879000000,GB,initialTransmissionSystemDemandOutturn,25956.0,,0,0,1,0.0
1776880800000,GB,initialTransmissionSystemDemandOutturn,28087.0,,0,0,1,0.0
1776882600000,GB,initialTransmissionSystemDemandOutturn,29312.0,,0,0,1,0.0
1776884400000,GB,initialTransmissionSystemDemandOutturn,30617.0,,0,0,1,0.0
1776886200000,GB,initialTransmissionSystemDemandOutturn,31104.0,,0,0,1,0.0
1776888000000,GB,initialTransmissionSystemDemandOutturn,31346.0,,0,0,1,0.0
1776889800000,GB,initialTransmissionSystemDemandOutturn,31222.0,,0,0,1,0.0
1776891600000,GB,initialTransmissionSystemDemandOutturn,30636.0,,0,0,1,0.0
1776893400000,GB,initialTransmissionSystemDemandOutturn,29630.0,,0,0,1,0.0
1776895200000,GB,initialTransmissionSystemDemandOutturn,27755.0,,0,0,1,0.0
1776897000000,GB,initialTransmissionSystemDemandOutturn,26250.0,,0,0,1,0.0
1776898800000,GB,initialTransmissionSystemDemandOutturn,25068.0,,0,0,1,0.0
1776900600000,GB,initialTransmissionSystemDemandOutturn,24074.0,,0,0,1,0.0
1776902400000,GB,initialTransmissionSystemDemandOutturn,23680.0,,0,0,1,0.0
1776904200000,GB,initialTransmissionSystemDemandOutturn,23369.0,,0,0,1,0.0
1776906000000,GB,initialTransmissionSystemDemandOutturn,23406.0,,0,0,1,0.0
1776907800000,GB,initialTransmissionSystemDemandOutturn,23449.0,,0,0,1,0.0
1776909600000,GB,initialTransmissionSystemDemandOutturn,23199.0,,0,0,1,0.0
1776911400000,GB,initialTransmissionSystemDemandOutturn,22558.0,,0,0,1,0.0
1776913200000,GB,initialTransmissionSystemDemandOutturn,22698.0,,0,0,1,0.0
1776915000000,GB,initialTransmissionSystemDemandOutturn,22339.0,,0,0,1,0.0
1776916800000,GB,initialTransmissionSystemDemandOutturn,21971.0,,0,0,1,0.0
1776918600000,GB,initialTransmissionSystemDemandOutturn,22101.0,,0,0,1,0.0
1776920400000,GB,initialTransmissionSystemDemandOutturn,22891.0,,0,0,1,0.0
1776922200000,GB,initialTransmissionSystemDemandOutturn,23619.0,,0,0,1,0.0
1776924000000,GB,initialTransmissionSystemDemandOutturn,25830.0,,0,0,1,0.0
1776925800000,GB,initialTransmissionSystemDemandOutturn,26881.0,,0,0,1,0.0
1776927600000,GB,initialTransmissionSystemDemandOutturn,28356.0,,0,0,1,0.0
1776929400000,GB,initialTransmissionSystemDemandOutturn,29545.0,,0,0,1,0.0
1776931200000,GB,initialTransmissionSystemDemandOutturn,29151.0,,0,0,1,0.0
1776933000000,GB,initialTransmissionSystemDemandOutturn,27818.0,,0,0,1,0.0
1776934800000,GB,initialTransmissionSystemDemandOutturn,26513.0,,0,0,1,0.0
1776936600000,GB,initialTransmissionSystemDemandOutturn,25086.0,,0,0,1,0.0
1776938400000,GB,initialTransmissionSystemDemandOutturn,23375.0,,0,0,1,0.0
1776940200000,GB,initialTransmissionSystemDemandOutturn,21561.0,,0,0,1,0.0
1776942000000,GB,initialTransmissionSystemDemandOutturn,20091.0,,0,0,1,0.0
1776943800000,GB,initialTransmissionSystemDemandOutturn,19846.0,,0,0,1,0.0
1776945600000,GB,initialTransmissionSystemDemandOutturn,20037.0,,0,0,1,0.0
1776947400000,GB,initialTransmissionSystemDemandOutturn,33999.37740710165,19613.0,1,0,0,0.7335123340183375
1776949200000,GB,initialTransmissionSystemDemandOutturn,19413.0,,0,0,1,0.0
1776951000000,GB,initialTransmissionSystemDemandOutturn,19104.0,,0,0,1,0.0
1776952800000,GB,initialTransmissionSystemDemandOutturn,19058.0,,0,0,1,0.0
1776954600000,GB,initialTransmissionSystemDemandOutturn,18964.0,,0,0,1,0.0
1776956400000,GB,initialTransmissionSystemDemandOutturn,18948.0,,0,0,1,0.0
1776958200000,GB,initialTransmissionSystemDemandOutturn,19726.0,,0,0,1,0.0
1776960000000,GB,initialTransmissionSystemDemandOutturn,20279.0,,0,0,1,0.0
1776961800000,GB,initialTransmissionSystemDemandOutturn,21905.0,,0,0,1,0.0
1776963600000,GB,initialTransmissionSystemDemandOutturn,23885.0,,0,0,1,0.0
1776965400000,GB,initialTransmissionSystemDemandOutturn,25847.0,,0,0,1,0.0
1776967200000,GB,initialTransmissionSystemDemandOutturn,27701.0,,0,0,1,0.0
1776969000000,GB,initialTransmissionSystemDemandOutturn,28953.0,,0,0,1,0.0
1776970800000,GB,initialTransmissionSystemDemandOutturn,30379.0,,0,0,1,0.0
1776972600000,GB,initialTransmissionSystemDemandOutturn,30582.0,,0,0,1,0.0
1776974400000,GB,initialTransmissionSystemDemandOutturn,30690.0,,0,0,1,0.0
1776976200000,GB,initialTransmissionSystemDemandOutturn,31006.0,,0,0,1,0.0
1776978000000,GB,initialTransmissionSystemDemandOutturn,30680.0,,0,0,1,0.0
1776979800000,GB,initialTransmissionSystemDemandOutturn,29454.0,,0,0,1,0.0
1776981600000,GB,initialTransmissionSystemDemandOutturn,28201.0,,0,0,1,0.0
1776983400000,GB,initialTransmissionSystemDemandOutturn,26873.0,,0,0,1,0.0
1776985200000,GB,initialTransmissionSystemDemandOutturn,26191.0,,0,0,1,0.0
1776987000000,GB,initialTransmissionSystemDemandOutturn,25567.0,,0,0,1,0.0
1776988800000,GB,initialTransmissionSystemDemandOutturn,24937.0,,0,0,1,0.0
1776990600000,GB,initialTransmissionSystemDemandOutturn,24443.0,,0,0,1,0.0
1776992400000,GB,initialTransmissionSystemDemandOutturn,24942.0,,0,0,1,0.0
1776994200000,GB,initialTransmissionSystemDemandOutturn,24856.0,,0,0,1,0.0
1776996000000,GB,initialTransmissionSystemDemandOutturn,24585.0,,0,0,1,0.0
1776997800000,GB,initialTransmissionSystemDemandOutturn,23999.0,,0,0,1,0.0
1776999600000,GB,initialTransmissionSystemDemandOutturn,23545.0,,0,0,1,0.0
1777001400000,GB,initialTransmissionSystemDemandOutturn,23209.0,,0,0,1,0.0
1777003200000,GB,initialTransmissionSystemDemandOutturn,22911.0,,0,0,1,0.0
1777005000000,GB,initialTransmissionSystemDemandOutturn,22891.0,,0,0,1,0.0
1777006800000,GB,initialTransmissionSystemDemandOutturn,23434.0,,0,0,1,0.0
1777008600000,GB,initialTransmissionSystemDemandOutturn,24077.0,,0,0,1,0.0
1777010400000,GB,initialTransmissionSystemDemandOutturn,1886.3144421284428,25378.0,1,1,1,0.9256712726720607
1777012200000,GB,initialTransmissionSystemDemandOutturn,27032.0,,0,0,1,0.0
1777014000000,GB,initialTransmissionSystemDemandOutturn,29129.0,,0,0,1,0.0
1777015800000,GB,initialTransmissionSystemDemandOutturn,29627.0,,0,0,1,0.0
1777017600000,GB,initialTransmissionSystemDemandOutturn,29018.0,,0,0,1,0.0
1777019400000,GB,initialTransmissionSystemDemandOutturn,27691.0,,0,0,1,0.0
1777021200000,GB,initialTransmissionSystemDemandOutturn,26634.0,,0,0,1,0.0
1777023000000,GB,initialTransmissionSystemDemandOutturn,24619.0,,0,0,1,0.0
1777024800000,GB,initialTransmissionSystemDemandOutturn,22910.0,,0,0,1,0.0
1777026600000,GB,initialTransmissionSystemDemandOutturn,21603.0,,0,0,1,0.0
1777028400000,GB,initialTransmissionSystemDemandOutturn,20538.0,,0,0,1,0.0
1777030200000,GB,initialTransmissionSystemDemandOutturn,19725.0,,0,0,1,0.0
1777032000000,GB,initialTransmissionSystemDemandOutturn,19942.0,,0,0,1,0.0
1777033800000,GB,initialTransmissionSystemDemandOutturn,19720.0,,0,0,1,0.0
1777035600000,GB,initialTransmissionSystemDemandOutturn,19475.0,,0,0,1,0.0
1777037400000,GB,initialTransmissionSystemDemandOutturn,19025.0,,0,0,1,0.0
1777039200000,GB,initialTransmissionSystemDemandOutturn,18558.0,,0,0,1,0.0
1777041000000,GB,initialTransmissionSystemDemandOutturn,18345.0,,0,0,1,0.0
1777042800000,GB,initialTransmissionSystemDemandOutturn,18418.0,,0,0,1,0.0
1777044600000,GB,initialTransmissionSystemDemandOutturn,19379.0,,0,0,1,0.0
1777046400000,GB,initialTransmissionSystemDemandOutturn,19513.0,,0,0,1,0.0
1777048200000,GB,initialTransmissionSystemDemandOutturn,21536.0,,0,0,1,0.0
1777050000000,GB,initialTransmissionSystemDemandOutturn,23368.0,,0,0,1,0.0
1777051800000,GB,initialTransmissionSystemDemandOutturn,25399.0,,0,0,1,0.0
1777053600000,GB,initialTransmissionSystemDemandOutturn,26784.0,,0,0,1,0.0
1777055400000,GB,initialTransmissionSystemDemandOutturn,28164.0,,0,0,1,0.0
1777057200000,GB,initialTransmissionSystemDemandOutturn,29763.0,,0,0,1,0.0
1777059000000,GB,initialTransmissionSystemDemandOutturn,30455.0,,0,0,1,0.0
1777060800000,GB,initialTransmissionSystemDemandOutturn,29760.0,,0,0,1,0.0
1777062600000,GB,initialTransmissionSystemDemandOutturn,30384.0,,0,0,1,0.0
1777064400000,GB,initialTransmissionSystemDemandOutturn,30168.0,,0,0,1,0.0
1777066200000,GB,initialTransmissionSystemDemandOutturn,29202.0,,0,0,1,0.0
1777068000000,GB,initialTransmissionSystemDemandOutturn,28337.0,,0,0,1,0.0
1777069800000,GB,initialTransmissionSystemDemandOutturn,26934.0,,0,0,1,0.0
1777071600000,GB,initialTransmissionSystemDemandOutturn,25620.0,,0,0,1,0.0
1777073400000,GB,initialTransmissionSystemDemandOutturn,24937.0,,0,0,1,0.0
1777075200000,GB,initialTransmissionSystemDemandOutturn,24599.0,,0,0,1,0.0
1777077000000,GB,initialTransmissionSystemDemandOutturn,24285.0,,0,0,1,0.0
1777078800000,GB,initialTransmissionSystemDemandOutturn,23880.0,,0,0,1,0.0
1777080600000,GB,initialTransmissionSystemDemandOutturn,23989.0,,0,0,1,0.0
1777082400000,GB,initialTransmissionSystemDemandOutturn,23685.0,,0,0,1,0.0
1777084200000,GB,initialTransmissionSystemDemandOutturn,23168.0,,0,0,1,0.0
1777086000000,GB,initialTransmissionSystemDemandOutturn,23003.0,,0,0,1,0.0
1777087800000,GB,initialTransmissionSystemDemandOutturn,22638.0,,0,0,1,0.0
1777089600000,GB,initialTransmissionSystemDemandOutturn,22234.0,,0,0,1,0.0
1777091400000,GB,initialTransmissionSystemDemandOutturn,22138.0,,0,0,1,0.0
1777093200000,GB,initialTransmissionSystemDemandOutturn,22150.0,,0,0,1,0.0
1777095000000,GB,initialTransmissionSystemDemandOutturn,22041.0,,0,0,1,0.0
1777096800000,GB,initialTransmissionSystemDemandOutturn,22834.0,,0,0,1,0.0
1777098600000,GB,initialTransmissionSystemDemandOutturn,23063.0,,0,0,1,0.0
1777100400000,GB,initialTransmissionSystemDemandOutturn,23694.0,,0,0,1,0.0
1777102200000,GB,initialTransmissionSystemDemandOutturn,23581.0,,0,0,1,0.0
1777104000000,GB,initialTransmissionSystemDemandOutturn,23587.0,,0,0,1,0.0
1777105800000,GB,initialTransmissionSystemDemandOutturn,22870.0,,0,0,1,0.0
1777107600000,GB,initialTransmissionSystemDemandOutturn,21637.0,,0,0,1,0.0
1777109400000,GB,initialTransmissionSystemDemandOutturn,20734.0,,0,0,1,0.0
1777111200000,GB,initialTransmissionSystemDemandOutturn,19733.0,,0,0,1,0.0
1777113000000,GB,initialTransmissionSystemDemandOutturn,18638.0,,0,0,1,0.0
1777114800000,GB,initialTransmissionSystemDemandOutturn,18207.0,,0,0,1,0.0
1777116600000,GB,initialTransmissionSystemDemandOutturn,17833.0,,0,0,1,0.0
1777118400000,GB,initialTransmissionSystemDemandOutturn,17347.0,,0,0,1,0.0
1777120200000,GB,initialTransmissionSystemDemandOutturn,17307.0,,0,0,1,0.0
1777122000000,GB,initialTransmissionSystemDemandOutturn,17073.0,,0,0,1,0.0
1777123800000,GB,initialTransmissionSystemDemandOutturn,16973.0,,0,0,1,0.0
1777125600000,GB,initialTransmissionSystemDemandOutturn,16517.0,,0,0,1,0.0
1777127400000,GB,initialTransmissionSystemDemandOutturn,16857.0,,0,0,1,0.0
1777129200000,GB,initialTransmissionSystemDemandOutturn,200.63073032612206,16864.0,1,1,1,0.9881030164654814
1777131000000,GB,initialTransmissionSystemDemandOutturn,17753.0,,0,0,1,0.0
1777132800000,GB,initialTransmissionSystemDemandOutturn,18964.0,,0,0,1,0.0
1777134600000,GB,initialTransmissionSystemDemandOutturn,20191.0,,0,0,1,0.0
1777136400000,GB,initialTransmissionSystemDemandOutturn,22099.0,,0,0,1,0.0
1777138200000,GB,initialTransmissionSystemDemandOutturn,23670.0,,0,0,1,0.0
1777140000000,GB,initialTransmissionSystemDemandOutturn,25600.0,,0,0,1,0.0
1777141800000,GB,initialTransmissionSystemDemandOutturn,26706.0,,0,0,1,0.0
1777143600000,GB,initialTransmissionSystemDemandOutturn,27878.0,,0,0,1,0.0
1777145400000,GB,initialTransmissionSystemDemandOutturn,28051.0,,0,0,1,0.0
1777147200000,GB,initialTransmissionSystemDemandOutturn,28425.0,,0,0,1,0.0
1777149000000,GB,initialTransmissionSystemDemandOutturn,28713.0,,0,0,1,0.0
1777150800000,GB,initialTransmissionSystemDemandOutturn,28509.0,,0,0,1,0.0
1777152600000,GB,initialTransmissionSystemDemandOutturn,28031.0,,0,0,1,0.0
1777154400000,GB,initialTransmissionSystemDemandOutturn,26726.0,,0,0,1,0.0
1777156200000,GB,initialTransmissionSystemDemandOutturn,25708.0,,0,0,1,0.0
1777158000000,GB,initialTransmissionSystemDemandOutturn,24970.0,,0,0,1,0.0
1777159800000,GB,initialTransmissionSystemDemandOutturn,24172.0,,0,0,1,0.0
1777161600000,GB,initialTransmissionSystemDemandOutturn,23412.0,,0,0,1,0.0
1777163400000,GB,initialTransmissionSystemDemandOutturn,23035.0,,0,0,1,0.0
1777165200000,GB,initialTransmissionSystemDemandOutturn,22829.0,,0,0,1,0.0
1777167000000,GB,initialTransmissionSystemDemandOutturn,22689.0,,0,0,1,0.0
1777168800000,GB,initialTransmissionSystemDemandOutturn,22389.0,,0,0,1,0.0
1777170600000,GB,initialTransmissionSystemDemandOutturn,22341.0,,0,0,1,0.0
1777172400000,GB,initialTransmissionSystemDemandOutturn,21587.0,,0,0,1,0.0
1777174200000,GB,initialTransmissionSystemDemandOutturn,21518.0,,0,0,1,0.0
1777176000000,GB,initialTransmissionSystemDemandOutturn,21178.0,,0,0,1,0.0
1777177800000,GB,initialTransmissionSystemDemandOutturn,20840.0,,0,0,1,0.0
1777179600000,GB,initialTransmissionSystemDemandOutturn,20677.0,,0,0,1,0.0
1777181400000,GB,initialTransmissionSystemDemandOutturn,20335.0,,0,0,1,0.0
1777183200000,GB,initialTransmissionSystemDemandOutturn,20307.0,,0,0,1,0.0
1777185000000,GB,initialTransmissionSystemDemandOutturn,20713.0,,0,0,1,0.0
1777186800000,GB,initialTransmissionSystemDemandOutturn,21366.0,,0,0,1,0.0
1777188600000,GB,initialTransmissionSystemDemandOutturn,21459.0,,0,0,1,0.0
1777190400000,GB,initialTransmissionSystemDemandOutturn,21370.0,,0,0,1,0.0
1777192200000,GB,initialTransmissionSystemDemandOutturn,20948.0,,0,0,1,0.0
1777194000000,GB,initialTransmissionSystemDemandOutturn,20724.0,,0,0,1,0.0
1777195800000,GB,initialTransmissionSystemDemandOutturn,19962.0,,0,0,1,0.0
1777197600000,GB,initialTransmissionSystemDemandOutturn,19419.0,,0,0,1,0.0
1777199400000,GB,initialTransmissionSystemDemandOutturn,19166.0,,0,0,1,0.0
1777201200000,GB,initialTransmissionSystemDemandOutturn,19294.0,,0,0,1,0.0
1777203000000,GB,initialTransmissionSystemDemandOutturn,19337.0,,0,0,1,0.0
1777204800000,GB,initialTransmissionSystemDemandOutturn,19251.0,,0,0,1,0.0
1777206600000,GB,initialTransmissionSystemDemandOutturn,18868.0,,0,0,1,0.0
1777208400000,GB,initialTransmissionSystemDemandOutturn,18847.0,,0,0,1,0.0
1777210200000,GB,initialTransmissionSystemDemandOutturn,19119.0,,0,0,1,0.0
1777212000000,GB,initialTransmissionSystemDemandOutturn,19063.0,,0,0,1,0.0
1777213800000,GB,initialTransmissionSystemDemandOutturn,19425.0,,0,0,1,0.0
1777215600000,GB,initialTransmissionSystemDemandOutturn,19689.0,,0,0,1,0.0
1777217400000,GB,initialTransmissionSystemDemandOutturn,20706.0,,0,0,1,0.0
1777219200000,GB,initialTransmissionSystemDemandOutturn,22137.0,,0,0,1,0.0
1777221000000,GB,initialTransmissionSystemDemandOutturn,24399.0,,0,0,1,0.0
1777222800000,GB,initialTransmissionSystemDemandOutturn,26668.0,,0,0,1,0.0
1777224600000,GB,initialTransmissionSystemDemandOutturn,28303.0,,0,0,1,0.0
1777226400000,GB,initialTransmissionSystemDemandOutturn,28971.0,,0,0,1,0.0
1777228200000,GB,initialTransmissionSystemDemandOutturn,29560.0,,0,0,1,0.0
1777230000000,GB,initialTransmissionSystemDemandOutturn,29948.0,,0,0,1,0.0
1777231800000,GB,initialTransmissionSystemDemandOutturn,29938.0,,0,0,1,0.0
1777233600000,GB,initialTransmissionSystemDemandOutturn,30656.0,,0,0,1,0.0
1777235400000,GB,initialTransmissionSystemDemandOutturn,30391.0,,0,0,1,0.0
1777237200000,GB,initialTransmissionSystemDemandOutturn,30063.0,,0,0,1,0.0
1777239000000,GB,initialTransmissionSystemDemandOutturn,52307.59298126757,28958.0,1,1,1,0.8063261613808814
1777240800000,GB,initialTransmissionSystemDemandOutturn,27277.0,,0,0,1,0.0
1777242600000,GB,initialTransmissionSystemDemandOutturn,26113.0,,0,0,1,0.0
1777244400000,GB,initialTransmissionSystemDemandOutturn,25250.0,,0,0,1,0.0
1777246200000,GB,initialTransmissionSystemDemandOutturn,23968.0,,0,0,1,0.0
1777248000000,GB,initialTransmissionSystemDemandOutturn,23995.0,,0,0,1,0.0
1777249800000,GB,initialTransmissionSystemDemandOutturn,23728.0,,0,0,1,0.0
1777251600000,GB,initialTransmissionSystemDemandOutturn,23934.0,,0,0,1,0.0
1777253400000,GB,initialTransmissionSystemDemandOutturn,23965.0,,0,0,1,0.0
1777255200000,GB,initialTransmissionSystemDemandOutturn,23965.0,,0,0,1,0.0
1777257000000,GB,initialTransmissionSystemDemandOutturn,23882.0,,0,0,1,0.0
1777258800000,GB,initialTransmissionSystemDemandOutturn,23001.0,,0,0,1,0.0
1777260600000,GB,initialTransmissionSystemDemandOutturn,23188.0,,0,0,1,0.0
1777262400000,GB,initialTransmissionSystemDemandOutturn,23639.0,,0,0,1,0.0
1777264200000,GB,initialTransmissionSystemDemandOutturn,23941.0,,0,0,1,0.0
1777266000000,GB,initialTransmissionSystemDemandOutturn,24398.0,,0,0,1,0.0
1777267800000,GB,initialTransmissionSystemDemandOutturn,25222.0,,0,0,1,0.0
1777269600000,GB,initialTransmissionSystemDemandOutturn,26387.0,,0,0,1,0.0
1777271400000,GB,initialTransmissionSystemDemandOutturn,27309.0,,0,0,1,0.0
1777273200000,GB,initialTransmissionSystemDemandOutturn,28481.0,,0,0,1,0.0
1777275000000,GB,initialTransmissionSystemDemandOutturn,28925.0,,0,0,1,0.0
1777276800000,GB,initialTransmissionSystemDemandOutturn,28848.0,,0,0,1,0.0
1777278600000,GB,initialTransmissionSystemDemandOutturn,27274.0,,0,0,1,0.0
1777280400000,GB,initialTransmissionSystemDemandOutturn,26166.0,,0,0,1,0.0
1777282200000,GB,initialTransmissionSystemDemandOutturn,24685.0,,0,0,1,0.0
1777284000000,GB,initialTransmissionSystemDemandOutturn,23430.0,,0,0,1,0.0
1777285800000,GB,initialTransmissionSystemDemandOutturn,23073.0,,0,0,1,0.0
1777287600000,GB,initialTransmissionSystemDemandOutturn,22846.0,,0,0,1,0.0
1777289400000,GB,initialTransmissionSystemDemandOutturn,22114.0,,0,0,1,0.0
1777291200000,GB,initialTransmissionSystemDemandOutturn,22100.0,,0,0,1,0.0
1777293000000,GB,initialTransmissionSystemDemandOutturn,21986.0,,0,0,1,0.0
1777294800000,GB,initialTransmissionSystemDemandOutturn,22079.0,,0,0,1,0.0
1777296600000,GB,initialTransmissionSystemDemandOutturn,21818.0,,0,0,1,0.0
1777298400000,GB,initialTransmissionSystemDemandOutturn,22155.0,,0,0,1,0.0
1777300200000,GB,initialTransmissionSystemDemandOutturn,22297.0,,0,0,1,0.0
1777302000000,GB,initialTransmissionSystemDemandOutturn,23097.0,,0,0,1,0.0
1777303800000,GB,initialTransmissionSystemDemandOutturn,23899.0,,0,0,1,0.0
1777305600000,GB,initialTransmissionSystemDemandOutturn,25117.0,,0,0,1,0.0
1777307400000,GB,initialTransmissionSystemDemandOutturn,26568.0,,0,0,1,0.0
1777309200000,GB,initialTransmissionSystemDemandOutturn,28028.0,,0,0,1,0.0
1777311000000,GB,initialTransmissionSystemDemandOutturn,29622.0,,0,0,1,0.0
1777312800000,GB,initialTransmissionSystemDemandOutturn,30765.0,,0,0,1,0.0
1777314600000,GB,initialTransmissionSystemDemandOutturn,31164.0,,0,0,1,0.0
1777316400000,GB,initialTransmissionSystemDemandOutturn,31972.0,,0,0,1,0.0
1777318200000,GB,initialTransmissionSystemDemandOutturn,32064.0,,0,0,1,0.0
1777320000000,GB,initialTransmissionSystemDemandOutturn,31585.0,,0,0,1,0.0
1777321800000,GB,initialTransmissionSystemDemandOutturn,31025.0,,0,0,1,0.0
1777323600000,GB,initialTransmissionSystemDemandOutturn,30868.0,,0,0,1,0.0
1777325400000,GB,initialTransmissionSystemDemandOutturn,48447.46287319624,29793.0,1,1,1,0.6261357658911904
1777327200000,GB,initialTransmissionSystemDemandOutturn,28382.0,,0,0,1,0.0
1777329000000,GB,initialTransmissionSystemDemandOutturn,26267.0,,0,0,1,0.0
1777330800000,GB,initialTransmissionSystemDemandOutturn,24656.0,,0,0,1,0.0
1777332600000,GB,initialTransmissionSystemDemandOutturn,24284.0,,0,0,1,0.0
1777334400000,GB,initialTransmissionSystemDemandOutturn,23995.0,,0,0,1,0.0
1777336200000,GB,initialTransmissionSystemDemandOutturn,23682.0,,0,0,1,0.0
1777338000000,GB,initialTransmissionSystemDemandOutturn,23567.0,,0,0,1,0.0
1777339800000,GB,initialTransmissionSystemDemandOutturn,23080.0,,0,0,1,0.0
1777341600000,GB,initialTransmissionSystemDemandOutturn,22939.0,,0,0,1,0.0
1777343400000,GB,initialTransmissionSystemDemandOutturn,22268.0,,0,0,1,0.0
1777345200000,GB,initialTransmissionSystemDemandOutturn,22004.0,,0,0,1,0.0
1777347000000,GB,initialTransmissionSystemDemandOutturn,21740.0,,0,0,1,0.0
1777348800000,GB,initialTransmissionSystemDemandOutturn,21402.0,,0,0,1,0.0
1777350600000,GB,initialTransmissionSystemDemandOutturn,21658.0,,0,0,1,0.0
1777352400000,GB,initialTransmissionSystemDemandOutturn,23160.0,,0,0,1,0.0
1777354200000,GB,initialTransmissionSystemDemandOutturn,23924.0,,0,0,1,0.0
1777356000000,GB,initialTransmissionSystemDemandOutturn,25128.0,,0,0,1,0.0
1777357800000,GB,initialTransmissionSystemDemandOutturn,26667.0,,0,0,1,0.0
1777359600000,GB,initialTransmissionSystemDemandOutturn,28942.0,,0,0,1,0.0
1777361400000,GB,initialTransmissionSystemDemandOutturn,30202.0,,0,0,1,0.0
1777363200000,GB,initialTransmissionSystemDemandOutturn,30481.0,,0,0,1,0.0
1777365000000,GB,initialTransmissionSystemDemandOutturn,30450.0,,0,0,1,0.0
1777366800000,GB,initialTransmissionSystemDemandOutturn,30923.0,,0,0,1,0.0
1777368600000,GB,initialTransmissionSystemDemandOutturn,30671.0,,0,0,1,0.0
1777370400000,GB,initialTransmissionSystemDemandOutturn,30379.0,,0,0,1,0.0
1777372200000,GB,initialTransmissionSystemDemandOutturn,29900.0,,0,0,1,0.0
1777374000000,GB,initialTransmissionSystemDemandOutturn,28959.0,,0,0,1,0.0
1777375800000,GB,initialTransmissionSystemDemandOutturn,28099.0,,0,0,1,0.0
1777377600000,GB,initialTransmissionSystemDemandOutturn,27345.0,,0,0,1,0.0
1777379400000,GB,initialTransmissionSystemDemandOutturn,26344.0,,0,0,1,0.0
1777381200000,GB,initialTransmissionSystemDemandOutturn,25658.0,,0,0,1,0.0
1777383000000,GB,initialTransmissionSystemDemandOutturn,24855.0,,0,0,1,0.0
1777384800000,GB,initialTransmissionSystemDemandOutturn,24465.0,,0,0,1,0.0
1777386600000,GB,initialTransmissionSystemDemandOutturn,23691.0,,0,0,1,0.0
1777388400000,GB,initialTransmissionSystemDemandOutturn,23428.0,,0,0,1,0.0
1777390200000,GB,initialTransmissionSystemDemandOutturn,23694.0,,0,0,1,0.0
1777392000000,GB,initialTransmissionSystemDemandOutturn,24190.0,,0,0,1,0.0
1777393800000,GB,initialTransmissionSystemDemandOutturn,25097.0,,0,0,1,0.0
1777395600000,GB,initialTransmissionSystemDemandOutturn,26085.0,,0,0,1,0.0
1777397400000,GB,initialTransmissionSystemDemandOutturn,27304.0,,0,0,1,0.0
1777399200000,GB,initialTransmissionSystemDemandOutturn,28119.0,,0,0,1,0.0
1777401000000,GB,initialTransmissionSystemDemandOutturn,29270.0,,0,0,1,0.0
1777402800000,GB,initialTransmissionSystemDemandOutturn,30729.0,,0,0,1,0.0
1777404600000,GB,initialTransmissionSystemDemandOutturn,30883.0,,0,0,1,0.0
1777406400000,GB,initialTransmissionSystemDemandOutturn,31141.0,,0,0,1,0.0
1777408200000,GB,initialTransmissionSystemDemandOutturn,31436.0,,0,0,1,0.0
1777410000000,GB,initialTransmissionSystemDemandOutturn,31121.0,,0,0,1,0.0
1777411800000,GB,initialTransmissionSystemDemandOutturn,29726.0,,0,0,1,0.0
1777413600000,GB,initialTransmissionSystemDemandOutturn,28535.0,,0,0,1,0.0
1777415400000,GB,initialTransmissionSystemDemandOutturn,26979.0,,0,0,1,0.0
1777417200000,GB,initialTransmissionSystemDemandOutturn,25316.0,,0,0,1,0.0
1777419000000,GB,initialTransmissionSystemDemandOutturn,24613.0,,0,0,1,0.0
1777420800000,GB,initialTransmissionSystemDemandOutturn,24175.0,,0,0,1,0.0
1777422600000,GB,initialTransmissionSystemDemandOutturn,23872.0,,0,0,1,0.0
1777424400000,GB,initialTransmissionSystemDemandOutturn,23686.0,,0,0,1,0.0
1777426200000,GB,initialTransmissionSystemDemandOutturn,23685.0,,0,0,1,0.0
1777428000000,GB,initialTransmissionSystemDemandOutturn,23617.0,,0,0,1,0.0
1777429800000,GB,initialTransmissionSystemDemandOutturn,23126.0,,0,0,1,0.0
1777431600000,GB,initialTransmissionSystemDemandOutturn,22596.0,,0,0,1,0.0
1777433400000,GB,initialTransmissionSystemDemandOutturn,22209.0,,0,0,1,0.0
1777435200000,GB,initialTransmissionSystemDemandOutturn,21961.0,,0,0,1,0.0
1777437000000,GB,initialTransmissionSystemDemandOutturn,21828.0,,0,0,1,0.0
1777438800000,GB,initialTransmissionSystemDemandOutturn,22785.0,,0,0,1,0.0
1777440600000,GB,initialTransmissionSystemDemandOutturn,23255.0,,0,0,1,0.0
1777442400000,GB,initialTransmissionSystemDemandOutturn,24312.0,,0,0,1,0.0
1777444200000,GB,initialTransmissionSystemDemandOutturn,25879.0,,0,0,1,0.0
1777446000000,GB,initialTransmissionSystemDemandOutturn,27484.0,,0,0,1,0.0
1777447800000,GB,initialTransmissionSystemDemandOutturn,27302.0,,0,0,1,0.0
1777449600000,GB,initialTransmissionSystemDemandOutturn,26521.0,,0,0,1,0.0
1777451400000,GB,initialTransmissionSystemDemandOutturn,25500.0,,0,0,1,0.0
1777453200000,GB,initialTransmissionSystemDemandOutturn,24271.0,,0,0,1,0.0
1777455000000,GB,initialTransmissionSystemDemandOutturn,22597.0,,0,0,1,0.0
1777456800000,GB,initialTransmissionSystemDemandOutturn,21878.0,,0,0,1,0.0
1777458600000,GB,initialTransmissionSystemDemandOutturn,21164.0,,0,0,1,0.0
1777460400000,GB,initialTransmissionSystemDemandOutturn,20274.0,,0,0,1,0.0
1777462200000,GB,initialTransmissionSystemDemandOutturn,19969.0,,0,0,1,0.0
1777464000000,GB,initialTransmissionSystemDemandOutturn,20510.0,,0,0,1,0.0
1777465800000,GB,initialTransmissionSystemDemandOutturn,20196.0,,0,0,1,0.0
1777467600000,GB,initialTransmissionSystemDemandOutturn,19912.0,,0,0,1,0.0
1777469400000,GB,initialTransmissionSystemDemandOutturn,19881.0,,0,0,1,0.0
1777471200000,GB,initialTransmissionSystemDemandOutturn,20164.0,,0,0,1,0.0
1777473000000,GB,initialTransmissionSystemDemandOutturn,20800.0,,0,0,1,0.0
1777474800000,GB,initialTransmissionSystemDemandOutturn,20572.0,,0,0,1,0.0
1777476600000,GB,initialTransmissionSystemDemandOutturn,21840.0,,0,0,1,0.0
1777478400000,GB,initialTransmissionSystemDemandOutturn,22081.0,,0,0,1,0.0
1777480200000,GB,initialTransmissionSystemDemandOutturn,23585.0,,0,0,1,0.0
1777482000000,GB,initialTransmissionSystemDemandOutturn,24100.0,,0,0,1,0.0
1777483800000,GB,initialTransmissionSystemDemandOutturn,25000.0,,0,0,1,0.0
1777485600000,GB,initialTransmissionSystemDemandOutturn,26374.0,,0,0,1,0.0
1777487400000,GB,initialTransmissionSystemDemandOutturn,27864.0,,0,0,1,0.0
1777489200000,GB,initialTransmissionSystemDemandOutturn,28498.0,,0,0,1,0.0
1777491000000,GB,initialTransmissionSystemDemandOutturn,29227.0,,0,0,1,0.0
1777492800000,GB,initialTransmissionSystemDemandOutturn,29702.0,,0,0,1,0.0
1777494600000,GB,initialTransmissionSystemDemandOutturn,29762.0,,0,0,1,0.0
1777496400000,GB,initialTransmissionSystemDemandOutturn,29651.0,,0,0,1,0.0
1777498200000,GB,initialTransmissionSystemDemandOutturn,28579.0,,0,0,1,0.0
1777500000000,GB,initialTransmissionSystemDemandOutturn,27847.0,,0,0,1,0.0
1777501800000,GB,initialTransmissionSystemDemandOutturn,26359.0,,0,0,1,0.0
1777503600000,GB,initialTransmissionSystemDemandOutturn,26405.0,,0,0,1,0.0
1777505400000,GB,initialTransmissionSystemDemandOutturn,25594.0,,0,0,1,0.0
1777507200000,GB,initialTransmissionSystemDemandOutturn,25603.0,,0,0,1,0.0
1777509000000,GB,initialTransmissionSystemDemandOutturn,25395.0,,0,0,1,0.0
1777510800000,GB,initialTransmissionSystemDemandOutturn,25346.0,,0,0,1,0.0
1777512600000,GB,initialTransmissionSystemDemandOutturn,25233.0,,0,0,1,0.0
1777514400000,GB,initialTransmissionSystemDemandOutturn,25650.0,,0,0,1,0.0
1777516200000,GB,initialTransmissionSystemDemandOutturn,26116.0,,0,0,1,0.0
1777518000000,GB,initialTransmissionSystemDemandOutturn,25863.0,,0,0,1,0.0
1777519800000,GB,initialTransmissionSystemDemandOutturn,25869.0,,0,0,1,0.0
1777521600000,GB,initialTransmissionSystemDemandOutturn,25933.0,,0,0,1,0.0
1777523400000,GB,initialTransmissionSystemDemandOutturn,25641.0,,0,0,1,0.0
1777525200000,GB,initialTransmissionSystemDemandOutturn,25384.0,,0,0,1,0.0
1777527000000,GB,initialTransmissionSystemDemandOutturn,25595.0,,0,0,1,0.0
1777528800000,GB,initialTransmissionSystemDemandOutturn,26638.0,,0,0,1,0.0
1777530600000,GB,initialTransmissionSystemDemandOutturn,27089.0,,0,0,1,0.0
1777532400000,GB,initialTransmissionSystemDemandOutturn,27257.0,,0,0,1,0.0
1777534200000,GB,initialTransmissionSystemDemandOutturn,27353.0,,0,0,1,0.0
1777536000000,GB,initialTransmissionSystemDemandOutturn,27171.0,,0,0,1,0.0
1777537800000,GB,initialTransmissionSystemDemandOutturn,26458.0,,0,0,1,0.0
1777539600000,GB,initialTransmissionSystemDemandOutturn,25979.0,,0,0,1,0.0
1777541400000,GB,initialTransmissionSystemDemandOutturn,24836.0,,0,0,1,0.0
1777543200000,GB,initialTransmissionSystemDemandOutturn,23713.0,,0,0,1,0.0
1777545000000,GB,initialTransmissionSystemDemandOutturn,23058.0,,0,0,1,0.0
1777546800000,GB,initialTransmissionSystemDemandOutturn,22155.0,,0,0,1,0.0
1777548600000,GB,initialTransmissionSystemDemandOutturn,21338.0,,0,0,1,0.0
1777550400000,GB,initialTransmissionSystemDemandOutturn,22044.0,,0,0,1,0.0
1777552200000,GB,initialTransmissionSystemDemandOutturn,21633.0,,0,0,1,0.0
1777554000000,GB,initialTransmissionSystemDemandOutturn,21490.0,,0,0,1,0.0
1777555800000,GB,initialTransmissionSystemDemandOutturn,21184.0,,0,0,1,0.0
1777557600000,GB,initialTransmissionSystemDemandOutturn,20881.0,,0,0,1,0.0
1777559400000,GB,initialTransmissionSystemDemandOutturn,20837.0,,0,0,1,0.0
1777561200000,GB,initialTransmissionSystemDemandOutturn,20991.0,,0,0,1,0.0
1777563000000,GB,initialTransmissionSystemDemandOutturn,21641.0,,0,0,1,0.0
1777564800000,GB,initialTransmissionSystemDemandOutturn,23319.0,,0,0,1,0.0
1777566600000,GB,initialTransmissionSystemDemandOutturn,24828.0,,0,0,1,0.0
1777568400000,GB,initialTransmissionSystemDemandOutturn,25774.0,,0,0,1,0.0
1777570200000,GB,initialTransmissionSystemDemandOutturn,26326.0,,0,0,1,0.0
1777572000000,GB,initialTransmissionSystemDemandOutturn,27414.0,,0,0,1,0.0
1777573800000,GB,initialTransmissionSystemDemandOutturn,29330.0,,0,0,1,0.0
1777575600000,GB,initialTransmissionSystemDemandOutturn,31045.0,,0,0,1,0.0
1777577400000,GB,initialTransmissionSystemDemandOutturn,31531.0,,0,0,1,0.0
1777579200000,GB,initialTransmissionSystemDemandOutturn,31035.0,,0,0,1,0.0
1777581000000,GB,initialTransmissionSystemDemandOutturn,30912.0,,0,0,1,0.0
1777582800000,GB,initialTransmissionSystemDemandOutturn,30275.0,,0,0,1,0.0
1777584600000,GB,initialTransmissionSystemDemandOutturn,28878.0,,0,0,1,0.0
1777586400000,GB,initialTransmissionSystemDemandOutturn,27660.0,,0,0,1,0.0
1777588200000,GB,initialTransmissionSystemDemandOutturn,26787.0,,0,0,1,0.0
1777590000000,GB,initialTransmissionSystemDemandOutturn,25710.0,,0,0,1,0.0
1777591800000,GB,initialTransmissionSystemDemandOutturn,25348.0,,0,0,1,0.0
1777593600000,GB,initialTransmissionSystemDemandOutturn,25392.0,,0,0,1,0.0
1777595400000,GB,initialTransmissionSystemDemandOutturn,24124.0,,0,0,1,0.0
1777597200000,GB,initialTransmissionSystemDemandOutturn,24303.0,,0,0,1,0.0
1777599000000,GB,initialTransmissionSystemDemandOutturn,24658.0,,0,0,1,0.0
1777600800000,GB,initialTransmissionSystemDemandOutturn,23958.0,,0,0,1,0.0
1777602600000,GB,initialTransmissionSystemDemandOutturn,23505.0,,0,0,1,0.0
1777604400000,GB,initialTransmissionSystemDemandOutturn,23443.0,,0,0,1,0.0
1777606200000,GB,initialTransmissionSystemDemandOutturn,23582.0,,0,0,1,0.0
1777608000000,GB,initialTransmissionSystemDemandOutturn,23714.0,,0,0,1,0.0
1777609800000,GB,initialTransmissionSystemDemandOutturn,22855.0,,0,0,1,0.0
1777611600000,GB,initialTransmissionSystemDemandOutturn,22385.0,,0,0,1,0.0
1777613400000,GB,initialTransmissionSystemDemandOutturn,22748.0,,0,0,1,0.0
1777615200000,GB,initialTransmissionSystemDemandOutturn,24744.0,,0,0,1,0.0
1777617000000,GB,initialTransmissionSystemDemandOutturn,25248.0,,0,0,1,0.0
1777618800000,GB,initialTransmissionSystemDemandOutturn,26793.0,,0,0,1,0.0
1777620600000,GB,initialTransmissionSystemDemandOutturn,27863.0,,0,0,1,0.0
1777622400000,GB,initialTransmissionSystemDemandOutturn,27340.0,,0,0,1,0.0
1777624200000,GB,initialTransmissionSystemDemandOutturn,26525.0,,0,0,1,0.0
1777626000000,GB,initialTransmissionSystemDemandOutturn,26063.0,,0,0,1,0.0
1777627800000,GB,initialTransmissionSystemDemandOutturn,24893.0,,0,0,1,0.0
1777629600000,GB,initialTransmissionSystemDemandOutturn,23982.0,,0,0,1,0.0
1777631400000,GB,initialTransmissionSystemDemandOutturn,23500.0,,0,0,1,0.0
1777633200000,GB,initialTransmissionSystemDemandOutturn,23167.0,,0,0,1,0.0
1777635000000,GB,initialTransmissionSystemDemandOutturn,22722.0,,0,0,1,0.0
1777636800000,GB,initialTransmissionSystemDemandOutturn,22401.0,,0,0,1,0.0
1777638600000,GB,initialTransmissionSystemDemandOutturn,21942.0,,0,0,1,0.0
1777640400000,GB,initialTransmissionSystemDemandOutturn,21737.0,,0,0,1,0.0
1777642200000,GB,initialTransmissionSystemDemandOutturn,21357.0,,0,0,1,0.0
1777644000000,GB,initialTransmissionSystemDemandOutturn,21175.0,,0,0,1,0.0
1777645800000,GB,initialTransmissionSystemDemandOutturn,21294.0,,0,0,1,0.0
1777647600000,GB,initialTransmissionSystemDemandOutturn,21903.0,,0,0,1,0.0
1777649400000,GB,initialTransmissionSystemDemandOutturn,22519.0,,0,0,1,0.0
1777651200000,GB,initialTransmissionSystemDemandOutturn,23126.0,,0,0,1,0.0
1777653000000,GB,initialTransmissionSystemDemandOutturn,8535.975100338484,24905.0,1,1,1,0.657258578585084
1777654800000,GB,initialTransmissionSystemDemandOutturn,26136.0,,0,0,1,0.0
1777656600000,GB,initialTransmissionSystemDemandOutturn,27572.0,,0,0,1,0.0
1777658400000,GB,initialTransmissionSystemDemandOutturn,28275.0,,0,0,1,0.0
1777660200000,GB,initialTransmissionSystemDemandOutturn,28886.0,,0,0,1,0.0
1777662000000,GB,initialTransmissionSystemDemandOutturn,30305.0,,0,0,1,0.0
1777663800000,GB,initialTransmissionSystemDemandOutturn,30116.0,,0,0,1,0.0
1777665600000,GB,initialTransmissionSystemDemandOutturn,29253.0,,0,0,1,0.0
1777667400000,GB,initialTransmissionSystemDemandOutturn,28932.0,,0,0,1,0.0
1777669200000,GB,initialTransmissionSystemDemandOutturn,52997.322239226734,29259.0,1,1,1,0.8113169363008557
1777671000000,GB,initialTransmissionSystemDemandOutturn,28543.0,,0,0,1,0.0
1777672800000,GB,initialTransmissionSystemDemandOutturn,27853.0,,0,0,1,0.0
1777674600000,GB,initialTransmissionSystemDemandOutturn,26891.0,,0,0,1,0.0
1777676400000,GB,initialTransmissionSystemDemandOutturn,25457.0,,0,0,1,0.0
1777678200000,GB,initialTransmissionSystemDemandOutturn,24377.0,,0,0,1,0.0
1777680000000,GB,initialTransmissionSystemDemandOutturn,24281.0,,0,0,1,0.0
1777681800000,GB,initialTransmissionSystemDemandOutturn,23828.0,,0,0,1,0.0
1777683600000,GB,initialTransmissionSystemDemandOutturn,23064.0,,0,0,1,0.0
1777685400000,GB,initialTransmissionSystemDemandOutturn,23427.0,,0,0,1,0.0
1777687200000,GB,initialTransmissionSystemDemandOutturn,22715.0,,0,0,1,0.0
1777689000000,GB,initialTransmissionSystemDemandOutturn,22297.0,,0,0,1,0.0
1777690800000,GB,initialTransmissionSystemDemandOutturn,21854.0,,0,0,1,0.0
1777692600000,GB,initialTransmissionSystemDemandOutturn,21388.0,,0,0,1,0.0
1777694400000,GB,initialTransmissionSystemDemandOutturn,21140.0,,0,0,1,0.0
1777696200000,GB,initialTransmissionSystemDemandOutturn,21157.0,,0,0,1,0.0
1777698000000,GB,initialTransmissionSystemDemandOutturn,20707.0,,0,0,1,0.0
1777699800000,GB,initialTransmissionSystemDemandOutturn,20708.0,,0,0,1,0.0
1777701600000,GB,initialTransmissionSystemDemandOutturn,21133.0,,0,0,1,0.0
1777703400000,GB,initialTransmissionSystemDemandOutturn,21385.0,,0,0,1,0.0
1777705200000,GB,initialTransmissionSystemDemandOutturn,21954.0,,0,0,1,0.0
1777707000000,GB,initialTransmissionSystemDemandOutturn,22277.0,,0,0,1,0.0
1777708800000,GB,initialTransmissionSystemDemandOutturn,22571.0,,0,0,1,0.0
1777710600000,GB,initialTransmissionSystemDemandOutturn,22202.0,,0,0,1,0.0
1777712400000,GB,initialTransmissionSystemDemandOutturn,22191.0,,0,0,1,0.0
1777714200000,GB,initialTransmissionSystemDemandOutturn,21413.0,,0,0,1,0.0
1777716000000,GB,initialTransmissionSystemDemandOutturn,20511.0,,0,0,1,0.0
1777717800000,GB,initialTransmissionSystemDemandOutturn,19976.0,,0,0,1,0.0
1777719600000,GB,initialTransmissionSystemDemandOutturn,19695.0,,0,0,1,0.0
1777721400000,GB,initialTransmissionSystemDemandOutturn,32831.57627108527,19531.0,1,0,0,0.6809982218568055
1777723200000,GB,initialTransmissionSystemDemandOutturn,19308.0,,0,0,1,0.0
1777725000000,GB,initialTransmissionSystemDemandOutturn,19308.0,,0,0,1,0.0
1777726800000,GB,initialTransmissionSystemDemandOutturn,19111.0,,0,0,1,0.0
1777728600000,GB,initialTransmissionSystemDemandOutturn,19382.0,,0,0,1,0.0
1777730400000,GB,initialTransmissionSystemDemandOutturn,19951.0,,0,0,1,0.0
1777732200000,GB,initialTransmissionSystemDemandOutturn,20513.0,,0,0,1,0.0
1777734000000,GB,initialTransmissionSystemDemandOutturn,21203.0,,0,0,1,0.0
1777735800000,GB,initialTransmissionSystemDemandOutturn,22289.0,,0,0,1,0.0
1777737600000,GB,initialTransmissionSystemDemandOutturn,23626.0,,0,0,1,0.0
1777739400000,GB,initialTransmissionSystemDemandOutturn,25673.0,,0,0,1,0.0
1777741200000,GB,initialTransmissionSystemDemandOutturn,26971.0,,0,0,1,0.0
1777743000000,GB,initialTransmissionSystemDemandOutturn,28687.0,,0,0,1,0.0
1777744800000,GB,initialTransmissionSystemDemandOutturn,29175.0,,0,0,1,0.0
1777746600000,GB,initialTransmissionSystemDemandOutturn,29100.0,,0,0,1,0.0
1777748400000,GB,initialTransmissionSystemDemandOutturn,29675.0,,0,0,1,0.0
1777750200000,GB,initialTransmissionSystemDemandOutturn,29884.0,,0,0,1,0.0
1777752000000,GB,initialTransmissionSystemDemandOutturn,28846.0,,0,0,1,0.0
1777753800000,GB,initialTransmissionSystemDemandOutturn,28669.0,,0,0,1,0.0
1777755600000,GB,initialTransmissionSystemDemandOutturn,28317.0,,0,0,1,0.0
1777757400000,GB,initialTransmissionSystemDemandOutturn,27572.0,,0,0,1,0.0
1777759200000,GB,initialTransmissionSystemDemandOutturn,27089.0,,0,0,1,0.0
1777761000000,GB,initialTransmissionSystemDemandOutturn,25367.0,,0,0,1,0.0
1777762800000,GB,initialTransmissionSystemDemandOutturn,24411.0,,0,0,1,0.0
1777764600000,GB,initialTransmissionSystemDemandOutturn,24010.0,,0,0,1,0.0
1777766400000,GB,initialTransmissionSystemDemandOutturn,23650.0,,0,0,1,0.0
1777768200000,GB,initialTransmissionSystemDemandOutturn,23030.0,,0,0,1,0.0
1777770000000,GB,initialTransmissionSystemDemandOutturn,22698.0,,0,0,1,0.0
1777771800000,GB,initialTransmissionSystemDemandOutturn,22991.0,,0,0,1,0.0
1777773600000,GB,initialTransmissionSystemDemandOutturn,22669.0,,0,0,1,0.0
1777775400000,GB,initialTransmissionSystemDemandOutturn,21671.0,,0,0,1,0.0
1777777200000,GB,initialTransmissionSystemDemandOutturn,20592.0,,0,0,1,0.0
1777779000000,GB,initialTransmissionSystemDemandOutturn,20391.0,,0,0,1,0.0
1777780800000,GB,initialTransmissionSystemDemandOutturn,19902.0,,0,0,1,0.0
1777782600000,GB,initialTransmissionSystemDemandOutturn,19720.0,,0,0,1,0.0
1777784400000,GB,initialTransmissionSystemDemandOutturn,19948.0,,0,0,1,0.0
1777786200000,GB,initialTransmissionSystemDemandOutturn,19744.0,,0,0,1,0.0
1777788000000,GB,initialTransmissionSystemDemandOutturn,20631.0,,0,0,1,0.0
1777789800000,GB,initialTransmissionSystemDemandOutturn,20770.0,,0,0,1,0.0
1777791600000,GB,initialTransmissionSystemDemandOutturn,21349.0,,0,0,1,0.0
1777793400000,GB,initialTransmissionSystemDemandOutturn,21702.0,,0,0,1,0.0
1777795200000,GB,initialTransmissionSystemDemandOutturn,22637.0,,0,0,1,0.0
1777797000000,GB,initialTransmissionSystemDemandOutturn,22859.0,,0,0,1,0.0
1777798800000,GB,initialTransmissionSystemDemandOutturn,23650.0,,0,0,1,0.0
1777800600000,GB,initialTransmissionSystemDemandOutturn,23714.0,,0,0,1,0.0
1777802400000,GB,initialTransmissionSystemDemandOutturn,23906.0,,0,0,1,0.0
1777804200000,GB,initialTransmissionSystemDemandOutturn,23766.0,,0,0,1,0.0
1777806000000,GB,initialTransmissionSystemDemandOutturn,23859.0,,0,0,1,0.0
1777807800000,GB,initialTransmissionSystemDemandOutturn,24032.0,,0,0,1,0.0
1777809600000,GB,initialTransmissionSystemDemandOutturn,24319.0,,0,0,1,0.0
1777811400000,GB,initialTransmissionSystemDemandOutturn,24128.0,,0,0,1,0.0
1777813200000,GB,initialTransmissionSystemDemandOutturn,24079.0,,0,0,1,0.0
1777815000000,GB,initialTransmissionSystemDemandOutturn,23868.0,,0,0,1,0.0
1777816800000,GB,initialTransmissionSystemDemandOutturn,23683.0,,0,0,1,0.0
1777818600000,GB,initialTransmissionSystemDemandOutturn,23750.0,,0,0,1,0.0
1777820400000,GB,initialTransmissionSystemDemandOutturn,24037.0,,0,0,1,0.0
1777822200000,GB,initialTransmissionSystemDemandOutturn,24496.0,,0,0,1,0.0
1777824000000,GB,initialTransmissionSystemDemandOutturn,25261.0,,0,0,1,0.0
1777825800000,GB,initialTransmissionSystemDemandOutturn,26258.0,,0,0,1,0.0
1777827600000,GB,initialTransmissionSystemDemandOutturn,27266.0,,0,0,1,0.0
1777829400000,GB,initialTransmissionSystemDemandOutturn,28372.0,,0,0,1,0.0
1777831200000,GB,initialTransmissionSystemDemandOutturn,28578.0,,0,0,1,0.0
1777833000000,GB,initialTransmissionSystemDemandOutturn,29152.0,,0,0,1,0.0
1777834800000,GB,initialTransmissionSystemDemandOutturn,29441.0,,0,0,1,0.0
1777836600000,GB,initialTransmissionSystemDemandOutturn,29240.0,,0,0,1,0.0
1777838400000,GB,initialTransmissionSystemDemandOutturn,29394.0,,0,0,1,0.0
1777840200000,GB,initialTransmissionSystemDemandOutturn,29044.0,,0,0,1,0.0
1777842000000,GB,initialTransmissionSystemDemandOutturn,28790.0,,0,0,1,0.0
1777843800000,GB,initialTransmissionSystemDemandOutturn,28306.0,,0,0,1,0.0
1777845600000,GB,initialTransmissionSystemDemandOutturn,27169.0,,0,0,1,0.0
1777847400000,GB,initialTransmissionSystemDemandOutturn,25743.0,,0,0,1,0.0
1777849200000,GB,initialTransmissionSystemDemandOutturn,24452.0,,0,0,1,0.0
1777851000000,GB,initialTransmissionSystemDemandOutturn,23850.0,,0,0,1,0.0
1777852800000,GB,initialTransmissionSystemDemandOutturn,23417.0,,0,0,1,0.0
1777854600000,GB,initialTransmissionSystemDemandOutturn,23442.0,,0,0,1,0.0
1777856400000,GB,initialTransmissionSystemDemandOutturn,23463.0,,0,0,1,0.0
1777858200000,GB,initialTransmissionSystemDemandOutturn,23362.0,,0,0,1,0.0
1777860000000,GB,initialTransmissionSystemDemandOutturn,22875.0,,0,0,1,0.0
1777861800000,GB,initialTransmissionSystemDemandOutturn,22621.0,,0,0,1,0.0
1777863600000,GB,initialTransmissionSystemDemandOutturn,22256.0,,0,0,1,0.0
1777865400000,GB,initialTransmissionSystemDemandOutturn,21818.0,,0,0,1,0.0
1777867200000,GB,initialTransmissionSystemDemandOutturn,21939.0,,0,0,1,0.0
1777869000000,GB,initialTransmissionSystemDemandOutturn,41577.867215611746,21840.0,1,1,1,0.9037484988833218
1777870800000,GB,initialTransmissionSystemDemandOutturn,23311.0,,0,0,1,0.0
1777872600000,GB,initialTransmissionSystemDemandOutturn,23367.0,,0,0,1,0.0
1777874400000,GB,initialTransmissionSystemDemandOutturn,23966.0,,0,0,1,0.0
1777876200000,GB,initialTransmissionSystemDemandOutturn,24601.0,,0,0,1,0.0
1777878000000,GB,initialTransmissionSystemDemandOutturn,24167.0,,0,0,1,0.0
1777879800000,GB,initialTransmissionSystemDemandOutturn,24522.0,,0,0,1,0.0
1777881600000,GB,initialTransmissionSystemDemandOutturn,25109.0,,0,0,1,0.0
1777883400000,GB,initialTransmissionSystemDemandOutturn,25240.0,,0,0,1,0.0
1777885200000,GB,initialTransmissionSystemDemandOutturn,26515.0,,0,0,1,0.0
1777887000000,GB,initialTransmissionSystemDemandOutturn,26150.0,,0,0,1,0.0
1777888800000,GB,initialTransmissionSystemDemandOutturn,26290.0,,0,0,1,0.0
1777890600000,GB,initialTransmissionSystemDemandOutturn,26259.0,,0,0,1,0.0
1777892400000,GB,initialTransmissionSystemDemandOutturn,26164.0,,0,0,1,0.0
1777894200000,GB,initialTransmissionSystemDemandOutturn,25638.0,,0,0,1,0.0
1777896000000,GB,initialTransmissionSystemDemandOutturn,25454.0,,0,0,1,0.0
1777897800000,GB,initialTransmissionSystemDemandOutturn,25649.0,,0,0,1,0.0
1777899600000,GB,initialTransmissionSystemDemandOutturn,25598.0,,0,0,1,0.0
1777901400000,GB,initialTransmissionSystemDemandOutturn,25544.0,,0,0,1,0.0
1777903200000,GB,initialTransmissionSystemDemandOutturn,25410.0,,0,0,1,0.0
1777905000000,GB,initialTransmissionSystemDemandOutturn,25209.0,,0,0,1,0.0
1777906800000,GB,initialTransmissionSystemDemandOutturn,24829.0,,0,0,1,0.0
1777908600000,GB,initialTransmissionSystemDemandOutturn,25174.0,,0,0,1,0.0
1777910400000,GB,initialTransmissionSystemDemandOutturn,25649.0,,0,0,1,0.0
1777912200000,GB,initialTransmissionSystemDemandOutturn,26847.0,,0,0,1,0.0
1777914000000,GB,initialTransmissionSystemDemandOutturn,29539.0,,0,0,1,0.0
1777915800000,GB,initialTransmissionSystemDemandOutturn,30173.0,,0,0,1,0.0
1777917600000,GB,initialTransmissionSystemDemandOutturn,32387.0,,0,0,1,0.0
1777919400000,GB,initialTransmissionSystemDemandOutturn,32955.0,,0,0,1,0.0
1777921200000,GB,initialTransmissionSystemDemandOutturn,33490.0,,0,0,1,0.0
1777923000000,GB,initialTransmissionSystemDemandOutturn,246.2164326736831,33519.0,1,1,1,0.992654421889863
1777924800000,GB,initialTransmissionSystemDemandOutturn,32733.0,,0,0,1,0.0
1777926600000,GB,initialTransmissionSystemDemandOutturn,32577.0,,0,0,1,0.0
1777928400000,GB,initialTransmissionSystemDemandOutturn,31115.0,,0,0,1,0.0
1777930200000,GB,initialTransmissionSystemDemandOutturn,30058.0,,0,0,1,0.0
1777932000000,GB,initialTransmissionSystemDemandOutturn,29573.0,,0,0,1,0.0
1777933800000,GB,initialTransmissionSystemDemandOutturn,27430.0,,0,0,1,0.0
1777935600000,GB,initialTransmissionSystemDemandOutturn,26638.0,,0,0,1,0.0
1777937400000,GB,initialTransmissionSystemDemandOutturn,25897.0,,0,0,1,0.0
1777939200000,GB,initialTransmissionSystemDemandOutturn,25239.0,,0,0,1,0.0
1777941000000,GB,initialTransmissionSystemDemandOutturn,24768.0,,0,0,1,0.0
1777942800000,GB,initialTransmissionSystemDemandOutturn,24629.0,,0,0,1,0.0
1777944600000,GB,initialTransmissionSystemDemandOutturn,24295.0,,0,0,1,0.0
1777946400000,GB,initialTransmissionSystemDemandOutturn,24227.0,,0,0,1,0.0
1777948200000,GB,initialTransmissionSystemDemandOutturn,23878.0,,0,0,1,0.0
1777950000000,GB,initialTransmissionSystemDemandOutturn,24084.0,,0,0,1,0.0
1777951800000,GB,initialTransmissionSystemDemandOutturn,23640.0,,0,0,1,0.0
1777953600000,GB,initialTransmissionSystemDemandOutturn,24359.0,,0,0,1,0.0
1777955400000,GB,initialTransmissionSystemDemandOutturn,23885.0,,0,0,1,0.0
1777957200000,GB,initialTransmissionSystemDemandOutturn,25475.0,,0,0,1,0.0
1777959000000,GB,initialTransmissionSystemDemandOutturn,25606.0,,0,0,1,0.0
1777960800000,GB,initialTransmissionSystemDemandOutturn,27722.0,,0,0,1,0.0
1777962600000,GB,initialTransmissionSystemDemandOutturn,29223.0,,0,0,1,0.0
1777964400000,GB,initialTransmissionSystemDemandOutturn,29061.0,,0,0,1,0.0
1777966200000,GB,initialTransmissionSystemDemandOutturn,29909.0,,0,0,1,0.0
1777968000000,GB,initialTransmissionSystemDemandOutturn,29017.0,,0,0,1,0.0
1777969800000,GB,initialTransmissionSystemDemandOutturn,28244.0,,0,0,1,0.0
1777971600000,GB,initialTransmissionSystemDemandOutturn,27389.0,,0,0,1,0.0
1777973400000,GB,initialTransmissionSystemDemandOutturn,26400.0,,0,0,1,0.0
1777975200000,GB,initialTransmissionSystemDemandOutturn,25832.0,,0,0,1,0.0
1777977000000,GB,initialTransmissionSystemDemandOutturn,25270.0,,0,0,1,0.0
1777978800000,GB,initialTransmissionSystemDemandOutturn,25219.0,,0,0,1,0.0
1777980600000,GB,initialTransmissionSystemDemandOutturn,25032.0,,0,0,1,0.0
1777982400000,GB,initialTransmissionSystemDemandOutturn,25278.0,,0,0,1,0.0
1777984200000,GB,initialTransmissionSystemDemandOutturn,25311.0,,0,0,1,0.0
1777986000000,GB,initialTransmissionSystemDemandOutturn,25830.0,,0,0,1,0.0
1777987800000,GB,initialTransmissionSystemDemandOutturn,25890.0,,0,0,1,0.0
1777989600000,GB,initialTransmissionSystemDemandOutturn,25675.0,,0,0,1,0.0
1777991400000,GB,initialTransmissionSystemDemandOutturn,25694.0,,0,0,1,0.0
1777993200000,GB,initialTransmissionSystemDemandOutturn,26020.0,,0,0,1,0.0
1777995000000,GB,initialTransmissionSystemDemandOutturn,26653.0,,0,0,1,0.0
1777996800000,GB,initialTransmissionSystemDemandOutturn,27230.0,,0,0,1,0.0
1777998600000,GB,initialTransmissionSystemDemandOutturn,29252.0,,0,0,1,0.0
1778000400000,GB,initialTransmissionSystemDemandOutturn,30057.0,,0,0,1,0.0
1778002200000,GB,initialTransmissionSystemDemandOutturn,31211.0,,0,0,1,0.0
1778004000000,GB,initialTransmissionSystemDemandOutturn,33186.0,,0,0,1,0.0
1778005800000,GB,initialTransmissionSystemDemandOutturn,33576.0,,0,0,1,0.0
1778007600000,GB,initialTransmissionSystemDemandOutturn,34330.0,,0,0,1,0.0
1778009400000,GB,initialTransmissionSystemDemandOutturn,34325.0,,0,0,1,0.0
1778011200000,GB,initialTransmissionSystemDemandOutturn,33269.0,,0,0,1,0.0
1778013000000,GB,initialTransmissionSystemDemandOutturn,33107.0,,0,0,1,0.0
1778014800000,GB,initialTransmissionSystemDemandOutturn,32379.0,,0,0,1,0.0
1778016600000,GB,initialTransmissionSystemDemandOutturn,31196.0,,0,0,1,0.0
1778018400000,GB,initialTransmissionSystemDemandOutturn,30025.0,,0,0,1,0.0
1778020200000,GB,initialTransmissionSystemDemandOutturn,28323.0,,0,0,1,0.0
1778022000000,GB,initialTransmissionSystemDemandOutturn,26202.0,,0,0,1,0.0
1778023800000,GB,initialTransmissionSystemDemandOutturn,25272.0,,0,0,1,0.0
1778025600000,GB,initialTransmissionSystemDemandOutturn,25174.0,,0,0,1,0.0
1778027400000,GB,initialTransmissionSystemDemandOutturn,24924.0,,0,0,1,0.0
1778029200000,GB,initialTransmissionSystemDemandOutturn,25118.0,,0,0,1,0.0
1778031000000,GB,initialTransmissionSystemDemandOutturn,25361.0,,0,0,1,0.0
1778032800000,GB,initialTransmissionSystemDemandOutturn,24916.0,,0,0,1,0.0
1778034600000,GB,initialTransmissionSystemDemandOutturn,24529.0,,0,0,1,0.0
1778036400000,GB,initialTransmissionSystemDemandOutturn,24569.0,,0,0,1,0.0
1778038200000,GB,initialTransmissionSystemDemandOutturn,23628.0,,0,0,1,0.0
1778040000000,GB,initialTransmissionSystemDemandOutturn,23898.0,,0,0,1,0.0
1778041800000,GB,initialTransmissionSystemDemandOutturn,24261.0,,0,0,1,0.0
1778043600000,GB,initialTransmissionSystemDemandOutturn,25089.0,,0,0,1,0.0
1778045400000,GB,initialTransmissionSystemDemandOutturn,25802.0,,0,0,1,0.0
1778047200000,GB,initialTransmissionSystemDemandOutturn,26801.0,,0,0,1,0.0
1778049000000,GB,initialTransmissionSystemDemandOutturn,28050.0,,0,0,1,0.0
1778050800000,GB,initialTransmissionSystemDemandOutturn,29015.0,,0,0,1,0.0
1778052600000,GB,initialTransmissionSystemDemandOutturn,29544.0,,0,0,1,0.0
1778054400000,GB,initialTransmissionSystemDemandOutturn,29851.0,,0,0,1,0.0
1778056200000,GB,initialTransmissionSystemDemandOutturn,29377.0,,0,0,1,0.0
1778058000000,GB,initialTransmissionSystemDemandOutturn,28850.0,,0,0,1,0.0
1778059800000,GB,initialTransmissionSystemDemandOutturn,27656.0,,0,0,1,0.0
1778061600000,GB,initialTransmissionSystemDemandOutturn,26828.0,,0,0,1,0.0
1778063400000,GB,initialTransmissionSystemDemandOutturn,26290.0,,0,0,1,0.0
1778065200000,GB,initialTransmissionSystemDemandOutturn,25822.0,,0,0,1,0.0
1778067000000,GB,initialTransmissionSystemDemandOutturn,25815.0,,0,0,1,0.0
1778068800000,GB,initialTransmissionSystemDemandOutturn,25793.0,,0,0,1,0.0
1778070600000,GB,initialTransmissionSystemDemandOutturn,25646.0,,0,0,1,0.0
1778072400000,GB,initialTransmissionSystemDemandOutturn,25753.0,,0,0,1,0.0
1778074200000,GB,initialTransmissionSystemDemandOutturn,25934.0,,0,0,1,0.0
1778076000000,GB,initialTransmissionSystemDemandOutturn,26096.0,,0,0,1,0.0
1778077800000,GB,initialTransmissionSystemDemandOutturn,26298.0,,0,0,1,0.0
1778079600000,GB,initialTransmissionSystemDemandOutturn,27246.0,,0,0,1,0.0
1778081400000,GB,initialTransmissionSystemDemandOutturn,27689.0,,0,0,1,0.0
1778083200000,GB,initialTransmissionSystemDemandOutturn,28697.0,,0,0,1,0.0
1778085000000,GB,initialTransmissionSystemDemandOutturn,29911.0,,0,0,1,0.0
1778086800000,GB,initialTransmissionSystemDemandOutturn,31030.0,,0,0,1,0.0
1778088600000,GB,initialTransmissionSystemDemandOutturn,31932.0,,0,0,1,0.0
1778090400000,GB,initialTransmissionSystemDemandOutturn,31998.0,,0,0,1,0.0
1778092200000,GB,initialTransmissionSystemDemandOutturn,32795.0,,0,0,1,0.0
1778094000000,GB,initialTransmissionSystemDemandOutturn,33257.0,,0,0,1,0.0
1778095800000,GB,initialTransmissionSystemDemandOutturn,33066.0,,0,0,1,0.0
1778097600000,GB,initialTransmissionSystemDemandOutturn,32775.0,,0,0,1,0.0
1778099400000,GB,initialTransmissionSystemDemandOutturn,32170.0,,0,0,1,0.0
1778101200000,GB,initialTransmissionSystemDemandOutturn,32722.0,,0,0,1,0.0
1778103000000,GB,initialTransmissionSystemDemandOutturn,31148.0,,0,0,1,0.0
1778104800000,GB,initialTransmissionSystemDemandOutturn,29714.0,,0,0,1,0.0
1778106600000,GB,initialTransmissionSystemDemandOutturn,28495.0,,0,0,1,0.0
1778108400000,GB,initialTransmissionSystemDemandOutturn,27675.0,,0,0,1,0.0
1778110200000,GB,initialTransmissionSystemDemandOutturn,26489.0,,0,0,1,0.0
1778112000000,GB,initialTransmissionSystemDemandOutturn,26573.0,,0,0,1,0.0
1778113800000,GB,initialTransmissionSystemDemandOutturn,26122.0,,0,0,1,0.0
1778115600000,GB,initialTransmissionSystemDemandOutturn,26742.0,,0,0,1,0.0
1778117400000,GB,initialTransmissionSystemDemandOutturn,26934.0,,0,0,1,0.0
1778119200000,GB,initialTransmissionSystemDemandOutturn,26811.0,,0,0,1,0.0
1778121000000,GB,initialTransmissionSystemDemandOutturn,26318.0,,0,0,1,0.0
1778122800000,GB,initialTransmissionSystemDemandOutturn,26466.0,,0,0,1,0.0
1778124600000,GB,initialTransmissionSystemDemandOutturn,25983.0,,0,0,1,0.0
1778126400000,GB,initialTransmissionSystemDemandOutturn,26756.0,,0,0,1,0.0
1778128200000,GB,initialTransmissionSystemDemandOutturn,26911.0,,0,0,1,0.0
1778130000000,GB,initialTransmissionSystemDemandOutturn,27172.0,,0,0,1,0.0
1778131800000,GB,initialTransmissionSystemDemandOutturn,27350.0,,0,0,1,0.0
1778133600000,GB,initialTransmissionSystemDemandOutturn,27920.0,,0,0,1,0.0
1778135400000,GB,initialTransmissionSystemDemandOutturn,29283.0,,0,0,1,0.0
1778137200000,GB,initialTransmissionSystemDemandOutturn,29278.0,,0,0,1,0.0
1778139000000,GB,initialTransmissionSystemDemandOutturn,29917.0,,0,0,1,0.0
1778140800000,GB,initialTransmissionSystemDemandOutturn,30051.0,,0,0,1,0.0
1778142600000,GB,initialTransmissionSystemDemandOutturn,29741.0,,0,0,1,0.0
1778144400000,GB,initialTransmissionSystemDemandOutturn,29519.0,,0,0,1,0.0
1778146200000,GB,initialTransmissionSystemDemandOutturn,28488.0,,0,0,1,0.0
1778148000000,GB,initialTransmissionSystemDemandOutturn,27610.0,,0,0,1,0.0
1778149800000,GB,initialTransmissionSystemDemandOutturn,27086.0,,0,0,1,0.0
1778151600000,GB,initialTransmissionSystemDemandOutturn,27557.0,,0,0,1,0.0
1778153400000,GB,initialTransmissionSystemDemandOutturn,27646.0,,0,0,1,0.0
1778155200000,GB,initialTransmissionSystemDemandOutturn,27845.0,,0,0,1,0.0
1778157000000,GB,initialTransmissionSystemDemandOutturn,27679.0,,0,0,1,0.0
1778158800000,GB,initialTransmissionSystemDemandOutturn,27469.0,,0,0,1,0.0
1778160600000,GB,initialTransmissionSystemDemandOutturn,27117.0,,0,0,1,0.0
1778162400000,GB,initialTransmissionSystemDemandOutturn,26554.0,,0,0,1,0.0
1778164200000,GB,initialTransmissionSystemDemandOutturn,26708.0,,0,0,1,0.0
1778166000000,GB,initialTransmissionSystemDemandOutturn,26771.0,,0,0,1,0.0
1778167800000,GB,initialTransmissionSystemDemandOutturn,27263.0,,0,0,1,0.0
1778169600000,GB,initialTransmissionSystemDemandOutturn,28015.0,,0,0,1,0.0
1778171400000,GB,initialTransmissionSystemDemandOutturn,29114.0,,0,0,1,0.0
1778173200000,GB,initialTransmissionSystemDemandOutturn,30152.0,,0,0,1,0.0
1778175000000,GB,initialTransmissionSystemDemandOutturn,31042.0,,0,0,1,0.0
1778176800000,GB,initialTransmissionSystemDemandOutturn,31676.0,,0,0,1,0.0
1778178600000,GB,initialTransmissionSystemDemandOutturn,31922.0,,0,0,1,0.0
1778180400000,GB,initialTransmissionSystemDemandOutturn,33281.0,,0,0,1,0.0
1778182200000,GB,initialTransmissionSystemDemandOutturn,33938.0,,0,0,1,0.0
1778184000000,GB,initialTransmissionSystemDemandOutturn,33293.0,,0,0,1,0.0
1778185800000,GB,initialTransmissionSystemDemandOutturn,33339.0,,0,0,1,0.0
1778187600000,GB,initialTransmissionSystemDemandOutturn,31889.0,,0,0,1,0.0
1778189400000,GB,initialTransmissionSystemDemandOutturn,30939.0,,0,0,1,0.0
1778191200000,GB,initialTransmissionSystemDemandOutturn,30867.0,,0,0,1,0.0
1778193000000,GB,initialTransmissionSystemDemandOutturn,29607.0,,0,0,1,0.0
1778194800000,GB,initialTransmissionSystemDemandOutturn,29878.0,,0,0,1,0.0
1778196600000,GB,initialTransmissionSystemDemandOutturn,29303.0,,0,0,1,0.0
1778198400000,GB,initialTransmissionSystemDemandOutturn,28525.0,,0,0,1,0.0
1778200200000,GB,initialTransmissionSystemDemandOutturn,28233.0,,0,0,1,0.0
1778202000000,GB,initialTransmissionSystemDemandOutturn,27915.0,,0,0,1,0.0
1778203800000,GB,initialTransmissionSystemDemandOutturn,27882.0,,0,0,1,0.0
1778205600000,GB,initialTransmissionSystemDemandOutturn,26944.0,,0,0,1,0.0
1778207400000,GB,initialTransmissionSystemDemandOutturn,26215.0,,0,0,1,0.0
1778209200000,GB,initialTransmissionSystemDemandOutturn,26100.0,,0,0,1,0.0
1778211000000,GB,initialTransmissionSystemDemandOutturn,25542.0,,0,0,1,0.0
1778212800000,GB,initialTransmissionSystemDemandOutturn,25996.0,,0,0,1,0.0
1778214600000,GB,initialTransmissionSystemDemandOutturn,26202.0,,0,0,1,0.0
1778216400000,GB,initialTransmissionSystemDemandOutturn,25795.0,,0,0,1,0.0
1778218200000,GB,initialTransmissionSystemDemandOutturn,26070.0,,0,0,1,0.0
1778220000000,GB,initialTransmissionSystemDemandOutturn,26699.0,,0,0,1,0.0
1778221800000,GB,initialTransmissionSystemDemandOutturn,27954.0,,0,0,1,0.0
1778223600000,GB,initialTransmissionSystemDemandOutturn,28593.0,,0,0,1,0.0
1778225400000,GB,initialTransmissionSystemDemandOutturn,29565.0,,0,0,1,0.0
1778227200000,GB,initialTransmissionSystemDemandOutturn,30050.0,,0,0,1,0.0
1778229000000,GB,initialTransmissionSystemDemandOutturn,29197.0,,0,0,1,0.0
1778230800000,GB,initialTransmissionSystemDemandOutturn,29243.0,,0,0,1,0.0
1778232600000,GB,initialTransmissionSystemDemandOutturn,27766.0,,0,0,1,0.0
1778234400000,GB,initialTransmissionSystemDemandOutturn,26693.0,,0,0,1,0.0
1778236200000,GB,initialTransmissionSystemDemandOutturn,26130.0,,0,0,1,0.0
1778238000000,GB,initialTransmissionSystemDemandOutturn,25426.0,,0,0,1,0.0
1778239800000,GB,initialTransmissionSystemDemandOutturn,25560.0,,0,0,1,0.0
1778241600000,GB,initialTransmissionSystemDemandOutturn,25366.0,,0,0,1,0.0
1778243400000,GB,initialTransmissionSystemDemandOutturn,24757.0,,0,0,1,0.0
1778245200000,GB,initialTransmissionSystemDemandOutturn,24153.0,,0,0,1,0.0
1778247000000,GB,initialTransmissionSystemDemandOutturn,23574.0,,0,0,1,0.0
1778248800000,GB,initialTransmissionSystemDemandOutturn,23494.0,,0,0,1,0.0
1778250600000,GB,initialTransmissionSystemDemandOutturn,23712.0,,0,0,1,0.0
1778252400000,GB,initialTransmissionSystemDemandOutturn,23923.0,,0,0,1,0.0
1778254200000,GB,initialTransmissionSystemDemandOutturn,24834.0,,0,0,1,0.0
1778256000000,GB,initialTransmissionSystemDemandOutturn,25396.0,,0,0,1,0.0
1778257800000,GB,initialTransmissionSystemDemandOutturn,26677.0,,0,0,1,0.0
1778259600000,GB,initialTransmissionSystemDemandOutturn,28021.0,,0,0,1,0.0
1778261400000,GB,initialTransmissionSystemDemandOutturn,29235.0,,0,0,1,0.0
1778263200000,GB,initialTransmissionSystemDemandOutturn,30347.0,,0,0,1,0.0
1778265000000,GB,initialTransmissionSystemDemandOutturn,30914.0,,0,0,1,0.0
1778266800000,GB,initialTransmissionSystemDemandOutturn,31556.0,,0,0,1,0.0
1778268600000,GB,initialTransmissionSystemDemandOutturn,31749.0,,0,0,1,0.0
1778270400000,GB,initialTransmissionSystemDemandOutturn,30962.0,,0,0,1,0.0
1778272200000,GB,initialTransmissionSystemDemandOutturn,30499.0,,0,0,1,0.0
1778274000000,GB,initialTransmissionSystemDemandOutturn,29681.0,,0,0,1,0.0
1778275800000,GB,initialTransmissionSystemDemandOutturn,28716.0,,0,0,1,0.0
1778277600000,GB,initialTransmissionSystemDemandOutturn,27709.0,,0,0,1,0.0
1778279400000,GB,initialTransmissionSystemDemandOutturn,26370.0,,0,0,1,0.0
1778281200000,GB,initialTransmissionSystemDemandOutturn,25356.0,,0,0,1,0.0
1778283000000,GB,initialTransmissionSystemDemandOutturn,24950.0,,0,0,1,0.0
1778284800000,GB,initialTransmissionSystemDemandOutturn,24157.0,,0,0,1,0.0
1778286600000,GB,initialTransmissionSystemDemandOutturn,23807.0,,0,0,1,0.0
1778288400000,GB,initialTransmissionSystemDemandOutturn,23414.0,,0,0,1,0.0
1778290200000,GB,initialTransmissionSystemDemandOutturn,22967.0,,0,0,1,0.0
1778292000000,GB,initialTransmissionSystemDemandOutturn,22761.0,,0,0,1,0.0
1778293800000,GB,initialTransmissionSystemDemandOutturn,22066.0,,0,0,1,0.0
1778295600000,GB,initialTransmissionSystemDemandOutturn,22321.0,,0,0,1,0.0
1778297400000,GB,initialTransmissionSystemDemandOutturn,22251.0,,0,0,1,0.0
1778299200000,GB,initialTransmissionSystemDemandOutturn,22428.0,,0,0,1,0.0
1778301000000,GB,initialTransmissionSystemDemandOutturn,22057.0,,0,0,1,0.0
1778302800000,GB,initialTransmissionSystemDemandOutturn,21295.0,,0,0,1,0.0
1778304600000,GB,initialTransmissionSystemDemandOutturn,20818.0,,0,0,1,0.0
1778306400000,GB,initialTransmissionSystemDemandOutturn,20691.0,,0,0,1,0.0
1778308200000,GB,initialTransmissionSystemDemandOutturn,21203.0,,0,0,1,0.0
1778310000000,GB,initialTransmissionSystemDemandOutturn,21837.0,,0,0,1,0.0
1778311800000,GB,initialTransmissionSystemDemandOutturn,21078.0,,0,0,1,0.0
1778313600000,GB,initialTransmissionSystemDemandOutturn,21501.0,,0,0,1,0.0
1778315400000,GB,initialTransmissionSystemDemandOutturn,20909.0,,0,0,1,0.0
1778317200000,GB,initialTransmissionSystemDemandOutturn,20896.0,,0,0,1,0.0
1778319000000,GB,initialTransmissionSystemDemandOutturn,20344.0,,0,0,1,0.0
1778320800000,GB,initialTransmissionSystemDemandOutturn,20098.0,,0,0,1,0.0
1778322600000,GB,initialTransmissionSystemDemandOutturn,19437.0,,0,0,1,0.0
1778324400000,GB,initialTransmissionSystemDemandOutturn,19260.0,,0,0,1,0.0
1778326200000,GB,initialTransmissionSystemDemandOutturn,34558.054226047294,19011.0,1,0,0,0.817792553050723
1778328000000,GB,initialTransmissionSystemDemandOutturn,18814.0,,0,0,1,0.0
1778329800000,GB,initialTransmissionSystemDemandOutturn,18675.0,,0,0,1,0.0
1778331600000,GB,initialTransmissionSystemDemandOutturn,18020.0,,0,0,1,0.0
1778333400000,GB,initialTransmissionSystemDemandOutturn,2399.702231971278,18029.0,1,1,1,0.866897652006696
1778335200000,GB,initialTransmissionSystemDemandOutturn,17431.0,,0,0,1,0.0
1778337000000,GB,initialTransmissionSystemDemandOutturn,18396.0,,0,0,1,0.0
1778338800000,GB,initialTransmissionSystemDemandOutturn,18630.0,,0,0,1,0.0
1778340600000,GB,initialTransmissionSystemDemandOutturn,19289.0,,0,0,1,0.0
1778342400000,GB,initialTransmissionSystemDemandOutturn,19825.0,,0,0,1,0.0
1778344200000,GB,initialTransmissionSystemDemandOutturn,21277.0,,0,0,1,0.0
1778346000000,GB,initialTransmissionSystemDemandOutturn,22611.0,,0,0,1,0.0
1778347800000,GB,initialTransmissionSystemDemandOutturn,24133.0,,0,0,1,0.0
1778349600000,GB,initialTransmissionSystemDemandOutturn,25263.0,,0,0,1,0.0
1778351400000,GB,initialTransmissionSystemDemandOutturn,26193.0,,0,0,1,0.0
1778353200000,GB,initialTransmissionSystemDemandOutturn,26820.0,,0,0,1,0.0
1778355000000,GB,initialTransmissionSystemDemandOutturn,26843.0,,0,0,1,0.0
1778356800000,GB,initialTransmissionSystemDemandOutturn,26361.0,,0,0,1,0.0
1778358600000,GB,initialTransmissionSystemDemandOutturn,26273.0,,0,0,1,0.0
1778360400000,GB,initialTransmissionSystemDemandOutturn,26027.0,,0,0,1,0.0
1778362200000,GB,initialTransmissionSystemDemandOutturn,25270.0,,0,0,1,0.0
1778364000000,GB,initialTransmissionSystemDemandOutturn,24347.0,,0,0,1,0.0
1778365800000,GB,initialTransmissionSystemDemandOutturn,23642.0,,0,0,1,0.0
1778367600000,GB,initialTransmissionSystemDemandOutturn,22355.0,,0,0,1,0.0
1778369400000,GB,initialTransmissionSystemDemandOutturn,21955.0,,0,0,1,0.0
1778371200000,GB,initialTransmissionSystemDemandOutturn,21459.0,,0,0,1,0.0
1778373000000,GB,initialTransmissionSystemDemandOutturn,20856.0,,0,0,1,0.0
1778374800000,GB,initialTransmissionSystemDemandOutturn,20482.0,,0,0,1,0.0
1778376600000,GB,initialTransmissionSystemDemandOutturn,20619.0,,0,0,1,0.0
1778378400000,GB,initialTransmissionSystemDemandOutturn,20859.0,,0,0,1,0.0
1778380200000,GB,initialTransmissionSystemDemandOutturn,20558.0,,0,0,1,0.0
1778382000000,GB,initialTransmissionSystemDemandOutturn,20212.0,,0,0,1,0.0
1778383800000,GB,initialTransmissionSystemDemandOutturn,19958.0,,0,0,1,0.0
1778385600000,GB,initialTransmissionSystemDemandOutturn,20015.0,,0,0,1,0.0
1778387400000,GB,initialTransmissionSystemDemandOutturn,20125.0,,0,0,1,0.0
1778389200000,GB,initialTransmissionSystemDemandOutturn,19946.0,,0,0,1,0.0
1778391000000,GB,initialTransmissionSystemDemandOutturn,19508.0,,0,0,1,0.0
1778392800000,GB,initialTransmissionSystemDemandOutturn,19389.0,,0,0,1,0.0
1778394600000,GB,initialTransmissionSystemDemandOutturn,19498.0,,0,0,1,0.0
1778396400000,GB,initialTransmissionSystemDemandOutturn,20674.0,,0,0,1,0.0
1778398200000,GB,initialTransmissionSystemDemandOutturn,20856.0,,0,0,1,0.0
1778400000000,GB,initialTransmissionSystemDemandOutturn,21250.0,,0,0,1,0.0
1778401800000,GB,initialTransmissionSystemDemandOutturn,21512.0,,0,0,1,0.0
1778403600000,GB,initialTransmissionSystemDemandOutturn,21318.0,,0,0,1,0.0
1778405400000,GB,initialTransmissionSystemDemandOutturn,21606.0,,0,0,1,0.0
1778407200000,GB,initialTransmissionSystemDemandOutturn,21128.0,,0,0,1,0.0
1778409000000,GB,initialTransmissionSystemDemandOutturn,20993.0,,0,0,1,0.0
1778410800000,GB,initialTransmissionSystemDemandOutturn,21130.0,,0,0,1,0.0
1778412600000,GB,initialTransmissionSystemDemandOutturn,21262.0,,0,0,1,0.0
1778414400000,GB,initialTransmissionSystemDemandOutturn,21751.0,,0,0,1,0.0
1778416200000,GB,initialTransmissionSystemDemandOutturn,21721.0,,0,0,1,0.0
1778418000000,GB,initialTransmissionSystemDemandOutturn,21472.0,,0,0,1,0.0
1778419800000,GB,initialTransmissionSystemDemandOutturn,21279.0,,0,0,1,0.0
1778421600000,GB,initialTransmissionSystemDemandOutturn,21356.0,,0,0,1,0.0
1778423400000,GB,initialTransmissionSystemDemandOutturn,21677.0,,0,0,1,0.0
1778425200000,GB,initialTransmissionSystemDemandOutturn,21418.0,,0,0,1,0.0
1778427000000,GB,initialTransmissionSystemDemandOutturn,21757.0,,0,0,1,0.0
1778428800000,GB,initialTransmissionSystemDemandOutturn,22323.0,,0,0,1,0.0
1778430600000,GB,initialTransmissionSystemDemandOutturn,23342.0,,0,0,1,0.0
1778432400000,GB,initialTransmissionSystemDemandOutturn,24084.0,,0,0,1,0.0
1778434200000,GB,initialTransmissionSystemDemandOutturn,11128.667478642508,25248.0,1,1,1,0.5592257811057308
1778436000000,GB,initialTransmissionSystemDemandOutturn,26295.0,,0,0,1,0.0
1778437800000,GB,initialTransmissionSystemDemandOutturn,26893.0,,0,0,1,0.0
1778439600000,GB,initialTransmissionSystemDemandOutturn,27741.0,,0,0,1,0.0
1778441400000,GB,initialTransmissionSystemDemandOutturn,28531.0,,0,0,1,0.0
1778443200000,GB,initialTransmissionSystemDemandOutturn,28650.0,,0,0,1,0.0
1778445000000,GB,initialTransmissionSystemDemandOutturn,28867.0,,0,0,1,0.0
1778446800000,GB,initialTransmissionSystemDemandOutturn,28789.0,,0,0,1,0.0
1778448600000,GB,initialTransmissionSystemDemandOutturn,28139.0,,0,0,1,0.0
1778450400000,GB,initialTransmissionSystemDemandOutturn,26624.0,,0,0,1,0.0
1778452200000,GB,initialTransmissionSystemDemandOutturn,25475.0,,0,0,1,0.0
1778454000000,GB,initialTransmissionSystemDemandOutturn,24370.0,,0,0,1,0.0
1778455800000,GB,initialTransmissionSystemDemandOutturn,23818.0,,0,0,1,0.0
1778457600000,GB,initialTransmissionSystemDemandOutturn,23781.0,,0,0,1,0.0
1778459400000,GB,initialTransmissionSystemDemandOutturn,23649.0,,0,0,1,0.0
1778461200000,GB,initialTransmissionSystemDemandOutturn,23073.0,,0,0,1,0.0
1778463000000,GB,initialTransmissionSystemDemandOutturn,23254.0,,0,0,1,0.0
1778464800000,GB,initialTransmissionSystemDemandOutturn,23675.0,,0,0,1,0.0
1778466600000,GB,initialTransmissionSystemDemandOutturn,22764.0,,0,0,1,0.0
1778468400000,GB,initialTransmissionSystemDemandOutturn,23497.0,,0,0,1,0.0
1778470200000,GB,initialTransmissionSystemDemandOutturn,23274.0,,0,0,1,0.0
1778472000000,GB,initialTransmissionSystemDemandOutturn,22941.0,,0,0,1,0.0
1778473800000,GB,initialTransmissionSystemDemandOutturn,23360.0,,0,0,1,0.0
1778475600000,GB,initialTransmissionSystemDemandOutturn,23911.0,,0,0,1,0.0
1778477400000,GB,initialTransmissionSystemDemandOutturn,24392.0,,0,0,1,0.0
1778479200000,GB,initialTransmissionSystemDemandOutturn,25696.0,,0,0,1,0.0
1778481000000,GB,initialTransmissionSystemDemandOutturn,27247.0,,0,0,1,0.0
1778482800000,GB,initialTransmissionSystemDemandOutturn,27589.0,,0,0,1,0.0
1778484600000,GB,initialTransmissionSystemDemandOutturn,27979.0,,0,0,1,0.0
1778486400000,GB,initialTransmissionSystemDemandOutturn,27716.0,,0,0,1,0.0
1778488200000,GB,initialTransmissionSystemDemandOutturn,27910.0,,0,0,1,0.0
1778490000000,GB,initialTransmissionSystemDemandOutturn,28152.0,,0,0,1,0.0
1778491800000,GB,initialTransmissionSystemDemandOutturn,27618.0,,0,0,1,0.0
1778493600000,GB,initialTransmissionSystemDemandOutturn,27719.0,,0,0,1,0.0
1778495400000,GB,initialTransmissionSystemDemandOutturn,4307.992108958239,27561.0,1,1,1,0.8436924600356214
1778497200000,GB,initialTransmissionSystemDemandOutturn,27483.0,,0,0,1,0.0
1778499000000,GB,initialTransmissionSystemDemandOutturn,27228.0,,0,0,1,0.0
1778500800000,GB,initialTransmissionSystemDemandOutturn,27017.0,,0,0,1,0.0
1778502600000,GB,initialTransmissionSystemDemandOutturn,26483.0,,0,0,1,0.0
1778504400000,GB,initialTransmissionSystemDemandOutturn,26054.0,,0,0,1,0.0
1778506200000,GB,initialTransmissionSystemDemandOutturn,25779.0,,0,0,1,0.0
1778508000000,GB,initialTransmissionSystemDemandOutturn,25548.0,,0,0,1,0.0
1778509800000,GB,initialTransmissionSystemDemandOutturn,25396.0,,0,0,1,0.0
1778511600000,GB,initialTransmissionSystemDemandOutturn,25118.0,,0,0,1,0.0
1778513400000,GB,initialTransmissionSystemDemandOutturn,25569.0,,0,0,1,0.0
1778515200000,GB,initialTransmissionSystemDemandOutturn,26100.0,,0,0,1,0.0
1778517000000,GB,initialTransmissionSystemDemandOutturn,26616.0,,0,0,1,0.0
1778518800000,GB,initialTransmissionSystemDemandOutturn,28215.0,,0,0,1,0.0
1778520600000,GB,initialTransmissionSystemDemandOutturn,29115.0,,0,0,1,0.0
1778522400000,GB,initialTransmissionSystemDemandOutturn,30036.0,,0,0,1,0.0
1778524200000,GB,initialTransmissionSystemDemandOutturn,30825.0,,0,0,1,0.0
1778526000000,GB,initialTransmissionSystemDemandOutturn,31535.0,,0,0,1,0.0
1778527800000,GB,initialTransmissionSystemDemandOutturn,31770.0,,0,0,1,0.0
1778529600000,GB,initialTransmissionSystemDemandOutturn,32050.0,,0,0,1,0.0
1778531400000,GB,initialTransmissionSystemDemandOutturn,31880.0,,0,0,1,0.0
1778533200000,GB,initialTransmissionSystemDemandOutturn,31726.0,,0,0,1,0.0
1778535000000,GB,initialTransmissionSystemDemandOutturn,31101.0,,0,0,1,0.0
1778536800000,GB,initialTransmissionSystemDemandOutturn,29833.0,,0,0,1,0.0
1778538600000,GB,initialTransmissionSystemDemandOutturn,28092.0,,0,0,1,0.0
1778540400000,GB,initialTransmissionSystemDemandOutturn,26651.0,,0,0,1,0.0
1778542200000,GB,initialTransmissionSystemDemandOutturn,25830.0,,0,0,1,0.0
1778544000000,GB,initialTransmissionSystemDemandOutturn,25463.0,,0,0,1,0.0
1778545800000,GB,initialTransmissionSystemDemandOutturn,25186.0,,0,0,1,0.0
1778547600000,GB,initialTransmissionSystemDemandOutturn,25259.0,,0,0,1,0.0
1778549400000,GB,initialTransmissionSystemDemandOutturn,24813.0,,0,0,1,0.0
1778551200000,GB,initialTransmissionSystemDemandOutturn,23795.0,,0,0,1,0.0
1778553000000,GB,initialTransmissionSystemDemandOutturn,23967.0,,0,0,1,0.0
1778554800000,GB,initialTransmissionSystemDemandOutturn,23368.0,,0,0,1,0.0
1778556600000,GB,initialTransmissionSystemDemandOutturn,23044.0,,0,0,1,0.0
1778558400000,GB,initialTransmissionSystemDemandOutturn,22621.0,,0,0,1,0.0
1778560200000,GB,initialTransmissionSystemDemandOutturn,22070.0,,0,0,1,0.0
1778562000000,GB,initialTransmissionSystemDemandOutturn,21495.0,,0,0,1,0.0
1778563800000,GB,initialTransmissionSystemDemandOutturn,22022.0,,0,0,1,0.0
1778565600000,GB,initialTransmissionSystemDemandOutturn,23779.0,,0,0,1,0.0
1778567400000,GB,initialTransmissionSystemDemandOutturn,25070.0,,0,0,1,0.0
1778569200000,GB,initialTransmissionSystemDemandOutturn,27176.0,,0,0,1,0.0
1778571000000,GB,initialTransmissionSystemDemandOutturn,27865.0,,0,0,1,0.0
1778572800000,GB,initialTransmissionSystemDemandOutturn,27820.0,,0,0,1,0.0
1778574600000,GB,initialTransmissionSystemDemandOutturn,26882.0,,0,0,1,0.0
1778576400000,GB,initialTransmissionSystemDemandOutturn,26284.0,,0,0,1,0.0
1778578200000,GB,initialTransmissionSystemDemandOutturn,24681.0,,0,0,1,0.0
1778580000000,GB,initialTransmissionSystemDemandOutturn,23886.0,,0,0,1,0.0
1778581800000,GB,initialTransmissionSystemDemandOutturn,23946.0,,0,0,1,0.0
1778583600000,GB,initialTransmissionSystemDemandOutturn,23776.0,,0,0,1,0.0
1778585400000,GB,initialTransmissionSystemDemandOutturn,23106.0,,0,0,1,0.0
1778587200000,GB,initialTransmissionSystemDemandOutturn,23592.0,,0,0,1,0.0
1778589000000,GB,initialTransmissionSystemDemandOutturn,23292.0,,0,0,1,0.0
1778590800000,GB,initialTransmissionSystemDemandOutturn,23488.0,,0,0,1,0.0
1778592600000,GB,initialTransmissionSystemDemandOutturn,23386.0,,0,0,1,0.0
1778594400000,GB,initialTransmissionSystemDemandOutturn,23427.0,,0,0,1,0.0
1778596200000,GB,initialTransmissionSystemDemandOutturn,23166.0,,0,0,1,0.0
1778598000000,GB,initialTransmissionSystemDemandOutturn,23173.0,,0,0,1,0.0
1778599800000,GB,initialTransmissionSystemDemandOutturn,23230.0,,0,0,1,0.0
1778601600000,GB,initialTransmissionSystemDemandOutturn,23381.0,,0,0,1,0.0
1778603400000,GB,initialTransmissionSystemDemandOutturn,24211.0,,0,0,1,0.0
1778605200000,GB,initialTransmissionSystemDemandOutturn,24333.0,,0,0,1,0.0
1778607000000,GB,initialTransmissionSystemDemandOutturn,25101.0,,0,0,1,0.0
1778608800000,GB,initialTransmissionSystemDemandOutturn,26465.0,,0,0,1,0.0
1778610600000,GB,initialTransmissionSystemDemandOutturn,27632.0,,0,0,1,0.0
1778612400000,GB,initialTransmissionSystemDemandOutturn,27785.0,,0,0,1,0.0
1778614200000,GB,initialTransmissionSystemDemandOutturn,28149.0,,0,0,1,0.0
1778616000000,GB,initialTransmissionSystemDemandOutturn,28528.0,,0,0,1,0.0
1778617800000,GB,initialTransmissionSystemDemandOutturn,28235.0,,0,0,1,0.0
1778619600000,GB,initialTransmissionSystemDemandOutturn,28803.0,,0,0,1,0.0
1778621400000,GB,initialTransmissionSystemDemandOutturn,28497.0,,0,0,1,0.0
1778623200000,GB,initialTransmissionSystemDemandOutturn,27806.0,,0,0,1,0.0
1778625000000,GB,initialTransmissionSystemDemandOutturn,26193.0,,0,0,1,0.0
1778626800000,GB,initialTransmissionSystemDemandOutturn,24600.0,,0,0,1,0.0
1778628600000,GB,initialTransmissionSystemDemandOutturn,23119.0,,0,0,1,0.0
1778630400000,GB,initialTransmissionSystemDemandOutturn,23155.0,,0,0,1,0.0
1778632200000,GB,initialTransmissionSystemDemandOutturn,22936.0,,0,0,1,0.0
1778634000000,GB,initialTransmissionSystemDemandOutturn,22469.0,,0,0,1,0.0
1778635800000,GB,initialTransmissionSystemDemandOutturn,22446.0,,0,0,1,0.0
1778637600000,GB,initialTransmissionSystemDemandOutturn,22469.0,,0,0,1,0.0
1778639400000,GB,initialTransmissionSystemDemandOutturn,21851.0,,0,0,1,0.0
1778641200000,GB,initialTransmissionSystemDemandOutturn,21586.0,,0,0,1,0.0
1778643000000,GB,initialTransmissionSystemDemandOutturn,21247.0,,0,0,1,0.0
1778644800000,GB,initialTransmissionSystemDemandOutturn,21021.0,,0,0,1,0.0
1778646600000,GB,initialTransmissionSystemDemandOutturn,20975.0,,0,0,1,0.0
1778648400000,GB,initialTransmissionSystemDemandOutturn,21107.0,,0,0,1,0.0
1778650200000,GB,initialTransmissionSystemDemandOutturn,21955.0,,0,0,1,0.0
1778652000000,GB,initialTransmissionSystemDemandOutturn,22421.0,,0,0,1,0.0
1778653800000,GB,initialTransmissionSystemDemandOutturn,23582.0,,0,0,1,0.0
1778655600000,GB,initialTransmissionSystemDemandOutturn,25202.0,,0,0,1,0.0
1778657400000,GB,initialTransmissionSystemDemandOutturn,25488.0,,0,0,1,0.0
1778659200000,GB,initialTransmissionSystemDemandOutturn,25927.0,,0,0,1,0.0
1778661000000,GB,initialTransmissionSystemDemandOutturn,26165.0,,0,0,1,0.0
1778662800000,GB,initialTransmissionSystemDemandOutturn,25900.0,,0,0,1,0.0
1778664600000,GB,initialTransmissionSystemDemandOutturn,25535.0,,0,0,1,0.0
1778666400000,GB,initialTransmissionSystemDemandOutturn,24842.0,,0,0,1,0.0
1778668200000,GB,initialTransmissionSystemDemandOutturn,24698.0,,0,0,1,0.0
1778670000000,GB,initialTransmissionSystemDemandOutturn,23634.0,,0,0,1,0.0
1778671800000,GB,initialTransmissionSystemDemandOutturn,23469.0,,0,0,1,0.0
1778673600000,GB,initialTransmissionSystemDemandOutturn,23669.0,,0,0,1,0.0
1778675400000,GB,initialTransmissionSystemDemandOutturn,23365.0,,0,0,1,0.0
1778677200000,GB,initialTransmissionSystemDemandOutturn,23657.0,,0,0,1,0.0
1778679000000,GB,initialTransmissionSystemDemandOutturn,23362.0,,0,0,1,0.0
1778680800000,GB,initialTransmissionSystemDemandOutturn,22749.0,,0,0,1,0.0
1778682600000,GB,initialTransmissionSystemDemandOutturn,22898.0,,0,0,1,0.0
1778684400000,GB,initialTransmissionSystemDemandOutturn,22888.0,,0,0,1,0.0
1778686200000,GB,initialTransmissionSystemDemandOutturn,23565.0,,0,0,1,0.0
1778688000000,GB,initialTransmissionSystemDemandOutturn,24705.0,,0,0,1,0.0
1778689800000,GB,initialTransmissionSystemDemandOutturn,25401.0,,0,0,1,0.0
1778691600000,GB,initialTransmissionSystemDemandOutturn,27022.0,,0,0,1,0.0
1778693400000,GB,initialTransmissionSystemDemandOutturn,28266.0,,0,0,1,0.0
1778695200000,GB,initialTransmissionSystemDemandOutturn,29592.0,,0,0,1,0.0
1778697000000,GB,initialTransmissionSystemDemandOutturn,29956.0,,0,0,1,0.0
1778698800000,GB,initialTransmissionSystemDemandOutturn,29739.0,,0,0,1,0.0
1778700600000,GB,initialTransmissionSystemDemandOutturn,30016.0,,0,0,1,0.0
1778702400000,GB,initialTransmissionSystemDemandOutturn,30159.0,,0,0,1,0.0
1778704200000,GB,initialTransmissionSystemDemandOutturn,29957.0,,0,0,1,0.0
1778706000000,GB,initialTransmissionSystemDemandOutturn,30566.0,,0,0,1,0.0
1778707800000,GB,initialTransmissionSystemDemandOutturn,29543.0,,0,0,1,0.0
1778709600000,GB,initialTransmissionSystemDemandOutturn,28108.0,,0,0,1,0.0
1778711400000,GB,initialTransmissionSystemDemandOutturn,26893.0,,0,0,1,0.0
1778713200000,GB,initialTransmissionSystemDemandOutturn,24867.0,,0,0,1,0.0
1778715000000,GB,initialTransmissionSystemDemandOutturn,24044.0,,0,0,1,0.0
1778716800000,GB,initialTransmissionSystemDemandOutturn,24038.0,,0,0,1,0.0
1778718600000,GB,initialTransmissionSystemDemandOutturn,23327.0,,0,0,1,0.0
1778720400000,GB,initialTransmissionSystemDemandOutturn,22958.0,,0,0,1,0.0
1778722200000,GB,initialTransmissionSystemDemandOutturn,23043.0,,0,0,1,0.0
1778724000000,GB,initialTransmissionSystemDemandOutturn,22235.0,,0,0,1,0.0
1778725800000,GB,initialTransmissionSystemDemandOutturn,22670.0,,0,0,1,0.0
1778727600000,GB,initialTransmissionSystemDemandOutturn,21940.0,,0,0,1,0.0
1778729400000,GB,initialTransmissionSystemDemandOutturn,21928.0,,0,0,1,0.0
1778731200000,GB,initialTransmissionSystemDemandOutturn,21698.0,,0,0,1,0.0
1778733000000,GB,initialTransmissionSystemDemandOutturn,21895.0,,0,0,1,0.0
1778734800000,GB,initialTransmissionSystemDemandOutturn,22304.0,,0,0,1,0.0
1778736600000,GB,initialTransmissionSystemDemandOutturn,22653.0,,0,0,1,0.0
1778738400000,GB,initialTransmissionSystemDemandOutturn,24204.0,,0,0,1,0.0
1778740200000,GB,initialTransmissionSystemDemandOutturn,25964.0,,0,0,1,0.0
1778742000000,GB,initialTransmissionSystemDemandOutturn,27298.0,,0,0,1,0.0
1778743800000,GB,initialTransmissionSystemDemandOutturn,27973.0,,0,0,1,0.0
1778745600000,GB,initialTransmissionSystemDemandOutturn,27859.0,,0,0,1,0.0
1778747400000,GB,initialTransmissionSystemDemandOutturn,27363.0,,0,0,1,0.0
1778749200000,GB,initialTransmissionSystemDemandOutturn,27397.0,,0,0,1,0.0
1778751000000,GB,initialTransmissionSystemDemandOutturn,27003.0,,0,0,1,0.0
1778752800000,GB,initialTransmissionSystemDemandOutturn,26220.0,,0,0,1,0.0
1778754600000,GB,initialTransmissionSystemDemandOutturn,25145.0,,0,0,1,0.0
1778756400000,GB,initialTransmissionSystemDemandOutturn,24563.0,,0,0,1,0.0
1778758200000,GB,initialTransmissionSystemDemandOutturn,24581.0,,0,0,1,0.0
1778760000000,GB,initialTransmissionSystemDemandOutturn,24641.0,,0,0,1,0.0
1778761800000,GB,initialTransmissionSystemDemandOutturn,24232.0,,0,0,1,0.0
1778763600000,GB,initialTransmissionSystemDemandOutturn,48279.38240056858,24169.0,1,1,1,0.9975746783304473
1778765400000,GB,initialTransmissionSystemDemandOutturn,24388.0,,0,0,1,0.0
1778767200000,GB,initialTransmissionSystemDemandOutturn,24326.0,,0,0,1,0.0
1778769000000,GB,initialTransmissionSystemDemandOutturn,24436.0,,0,0,1,0.0
1778770800000,GB,initialTransmissionSystemDemandOutturn,24130.0,,0,0,1,0.0
1778772600000,GB,initialTransmissionSystemDemandOutturn,25150.0,,0,0,1,0.0
1778774400000,GB,initialTransmissionSystemDemandOutturn,25208.0,,0,0,1,0.0
1778776200000,GB,initialTransmissionSystemDemandOutturn,25635.0,,0,0,1,0.0
1778778000000,GB,initialTransmissionSystemDemandOutturn,26591.0,,0,0,1,0.0
1778779800000,GB,initialTransmissionSystemDemandOutturn,27669.0,,0,0,1,0.0
1778781600000,GB,initialTransmissionSystemDemandOutturn,28903.0,,0,0,1,0.0
1778783400000,GB,initialTransmissionSystemDemandOutturn,29973.0,,0,0,1,0.0
1778785200000,GB,initialTransmissionSystemDemandOutturn,30948.0,,0,0,1,0.0
1778787000000,GB,initialTransmissionSystemDemandOutturn,31061.0,,0,0,1,0.0
1778788800000,GB,initialTransmissionSystemDemandOutturn,30209.0,,0,0,1,0.0
1778790600000,GB,initialTransmissionSystemDemandOutturn,30573.0,,0,0,1,0.0
1778792400000,GB,initialTransmissionSystemDemandOutturn,30944.0,,0,0,1,0.0
1778794200000,GB,initialTransmissionSystemDemandOutturn,30196.0,,0,0,1,0.0
1778796000000,GB,initialTransmissionSystemDemandOutturn,29361.0,,0,0,1,0.0
1778797800000,GB,initialTransmissionSystemDemandOutturn,28089.0,,0,0,1,0.0
1778799600000,GB,initialTransmissionSystemDemandOutturn,26372.0,,0,0,1,0.0
1778801400000,GB,initialTransmissionSystemDemandOutturn,25401.0,,0,0,1,0.0
1778803200000,GB,initialTransmissionSystemDemandOutturn,24985.0,,0,0,1,0.0
1778805000000,GB,initialTransmissionSystemDemandOutturn,24546.0,,0,0,1,0.0
1778806800000,GB,initialTransmissionSystemDemandOutturn,24411.0,,0,0,1,0.0
1778808600000,GB,initialTransmissionSystemDemandOutturn,24202.0,,0,0,1,0.0
1778810400000,GB,initialTransmissionSystemDemandOutturn,24140.0,,0,0,1,0.0
1778812200000,GB,initialTransmissionSystemDemandOutturn,23865.0,,0,0,1,0.0
1778814000000,GB,initialTransmissionSystemDemandOutturn,23753.0,,0,0,1,0.0
1778815800000,GB,initialTransmissionSystemDemandOutturn,23618.0,,0,0,1,0.0
1778817600000,GB,initialTransmissionSystemDemandOutturn,24288.0,,0,0,1,0.0
1778819400000,GB,initialTransmissionSystemDemandOutturn,24328.0,,0,0,1,0.0
1778821200000,GB,initialTransmissionSystemDemandOutturn,25071.0,,0,0,1,0.0
1778823000000,GB,initialTransmissionSystemDemandOutturn,25362.0,,0,0,1,0.0
1778824800000,GB,initialTransmissionSystemDemandOutturn,25559.0,,0,0,1,0.0
1778826600000,GB,initialTransmissionSystemDemandOutturn,26730.0,,0,0,1,0.0
1778828400000,GB,initialTransmissionSystemDemandOutturn,27931.0,,0,0,1,0.0
1778830200000,GB,initialTransmissionSystemDemandOutturn,28311.0,,0,0,1,0.0
1778832000000,GB,initialTransmissionSystemDemandOutturn,27979.0,,0,0,1,0.0
1778833800000,GB,initialTransmissionSystemDemandOutturn,27210.0,,0,0,1,0.0
1778835600000,GB,initialTransmissionSystemDemandOutturn,26950.0,,0,0,1,0.0
1778837400000,GB,initialTransmissionSystemDemandOutturn,26216.0,,0,0,1,0.0
1778839200000,GB,initialTransmissionSystemDemandOutturn,26262.0,,0,0,1,0.0
1778841000000,GB,initialTransmissionSystemDemandOutturn,26114.0,,0,0,1,0.0
1778842800000,GB,initialTransmissionSystemDemandOutturn,26180.0,,0,0,1,0.0
1778844600000,GB,initialTransmissionSystemDemandOutturn,25832.0,,0,0,1,0.0
1778846400000,GB,initialTransmissionSystemDemandOutturn,25953.0,,0,0,1,0.0
1778848200000,GB,initialTransmissionSystemDemandOutturn,25389.0,,0,0,1,0.0
1778850000000,GB,initialTransmissionSystemDemandOutturn,25319.0,,0,0,1,0.0
1778851800000,GB,initialTransmissionSystemDemandOutturn,25075.0,,0,0,1,0.0
1778853600000,GB,initialTransmissionSystemDemandOutturn,24649.0,,0,0,1,0.0
1778855400000,GB,initialTransmissionSystemDemandOutturn,24520.0,,0,0,1,0.0
1778857200000,GB,initialTransmissionSystemDemandOutturn,24338.0,,0,0,1,0.0
1778859000000,GB,initialTransmissionSystemDemandOutturn,24943.0,,0,0,1,0.0
1778860800000,GB,initialTransmissionSystemDemandOutturn,25335.0,,0,0,1,0.0
1778862600000,GB,initialTransmissionSystemDemandOutturn,26491.0,,0,0,1,0.0
1778864400000,GB,initialTransmissionSystemDemandOutturn,27973.0,,0,0,1,0.0
1778866200000,GB,initialTransmissionSystemDemandOutturn,28991.0,,0,0,1,0.0
1778868000000,GB,initialTransmissionSystemDemandOutturn,29795.0,,0,0,1,0.0
1778869800000,GB,initialTransmissionSystemDemandOutturn,30561.0,,0,0,1,0.0
1778871600000,GB,initialTransmissionSystemDemandOutturn,31552.0,,0,0,1,0.0
1778873400000,GB,initialTransmissionSystemDemandOutturn,31837.0,,0,0,1,0.0
1778875200000,GB,initialTransmissionSystemDemandOutturn,31625.0,,0,0,1,0.0
1778877000000,GB,initialTransmissionSystemDemandOutturn,31463.0,,0,0,1,0.0
1778878800000,GB,initialTransmissionSystemDemandOutturn,31225.0,,0,0,1,0.0
1778880600000,GB,initialTransmissionSystemDemandOutturn,30454.0,,0,0,1,0.0
1778882400000,GB,initialTransmissionSystemDemandOutturn,29489.0,,0,0,1,0.0
1778884200000,GB,initialTransmissionSystemDemandOutturn,28100.0,,0,0,1,0.0
1778886000000,GB,initialTransmissionSystemDemandOutturn,26561.0,,0,0,1,0.0
1778887800000,GB,initialTransmissionSystemDemandOutturn,25273.0,,0,0,1,0.0
1778889600000,GB,initialTransmissionSystemDemandOutturn,25178.0,,0,0,1,0.0
1778891400000,GB,initialTransmissionSystemDemandOutturn,24777.0,,0,0,1,0.0
1778893200000,GB,initialTransmissionSystemDemandOutturn,24559.0,,0,0,1,0.0
1778895000000,GB,initialTransmissionSystemDemandOutturn,24600.0,,0,0,1,0.0
1778896800000,GB,initialTransmissionSystemDemandOutturn,24220.0,,0,0,1,0.0
1778898600000,GB,initialTransmissionSystemDemandOutturn,23750.0,,0,0,1,0.0
1778900400000,GB,initialTransmissionSystemDemandOutturn,23485.0,,0,0,1,0.0
1778902200000,GB,initialTransmissionSystemDemandOutturn,23025.0,,0,0,1,0.0
1778904000000,GB,initialTransmissionSystemDemandOutturn,22858.0,,0,0,1,0.0
1778905800000,GB,initialTransmissionSystemDemandOutturn,22266.0,,0,0,1,0.0
1778907600000,GB,initialTransmissionSystemDemandOutturn,21875.0,,0,0,1,0.0
1778909400000,GB,initialTransmissionSystemDemandOutturn,21648.0,,0,0,1,0.0
1778911200000,GB,initialTransmissionSystemDemandOutturn,23012.0,,0,0,1,0.0
1778913000000,GB,initialTransmissionSystemDemandOutturn,23069.0,,0,0,1,0.0
1778914800000,GB,initialTransmissionSystemDemandOutturn,23750.0,,0,0,1,0.0
1778916600000,GB,initialTransmissionSystemDemandOutturn,23428.0,,0,0,1,0.0
1778918400000,GB,initialTransmissionSystemDemandOutturn,23575.0,,0,0,1,0.0
1778920200000,GB,initialTransmissionSystemDemandOutturn,23315.0,,0,0,1,0.0
1778922000000,GB,initialTransmissionSystemDemandOutturn,23161.0,,0,0,1,0.0
1778923800000,GB,initialTransmissionSystemDemandOutturn,22798.0,,0,0,1,0.0
1778925600000,GB,initialTransmissionSystemDemandOutturn,23049.0,,0,0,1,0.0
1778927400000,GB,initialTransmissionSystemDemandOutturn,23094.0,,0,0,1,0.0
1778929200000,GB,initialTransmissionSystemDemandOutturn,23344.0,,0,0,1,0.0
1778931000000,GB,initialTransmissionSystemDemandOutturn,23287.0,,0,0,1,0.0
1778932800000,GB,initialTransmissionSystemDemandOutturn,23486.0,,0,0,1,0.0
1778934600000,GB,initialTransmissionSystemDemandOutturn,23036.0,,0,0,1,0.0
1778936400000,GB,initialTransmissionSystemDemandOutturn,23153.0,,0,0,1,0.0
1778938200000,GB,initialTransmissionSystemDemandOutturn,22793.0,,0,0,1,0.0
1778940000000,GB,initialTransmissionSystemDemandOutturn,22816.0,,0,0,1,0.0
1778941800000,GB,initialTransmissionSystemDemandOutturn,23015.0,,0,0,1,0.0
1778943600000,GB,initialTransmissionSystemDemandOutturn,23383.0,,0,0,1,0.0
1778945400000,GB,initialTransmissionSystemDemandOutturn,24034.0,,0,0,1,0.0
1778947200000,GB,initialTransmissionSystemDemandOutturn,24728.0,,0,0,1,0.0
1778949000000,GB,initialTransmissionSystemDemandOutturn,25731.0,,0,0,1,0.0
1778950800000,GB,initialTransmissionSystemDemandOutturn,26902.0,,0,0,1,0.0
1778952600000,GB,initialTransmissionSystemDemandOutturn,27320.0,,0,0,1,0.0
1778954400000,GB,initialTransmissionSystemDemandOutturn,28355.0,,0,0,1,0.0
1778956200000,GB,initialTransmissionSystemDemandOutturn,28477.0,,0,0,1,0.0
1778958000000,GB,initialTransmissionSystemDemandOutturn,28417.0,,0,0,1,0.0
1778959800000,GB,initialTransmissionSystemDemandOutturn,28017.0,,0,0,1,0.0
1778961600000,GB,initialTransmissionSystemDemandOutturn,27439.0,,0,0,1,0.0
1778963400000,GB,initialTransmissionSystemDemandOutturn,27638.0,,0,0,1,0.0
1778965200000,GB,initialTransmissionSystemDemandOutturn,27558.0,,0,0,1,0.0
1778967000000,GB,initialTransmissionSystemDemandOutturn,26853.0,,0,0,1,0.0
1778968800000,GB,initialTransmissionSystemDemandOutturn,25693.0,,0,0,1,0.0
1778970600000,GB,initialTransmissionSystemDemandOutturn,24128.0,,0,0,1,0.0
1778972400000,GB,initialTransmissionSystemDemandOutturn,23226.0,,0,0,1,0.0
1778974200000,GB,initialTransmissionSystemDemandOutturn,22570.0,,0,0,1,0.0
1778976000000,GB,initialTransmissionSystemDemandOutturn,22194.0,,0,0,1,0.0
1778977800000,GB,initialTransmissionSystemDemandOutturn,21818.0,,0,0,1,0.0
1778979600000,GB,initialTransmissionSystemDemandOutturn,21692.0,,0,0,1,0.0
1778981400000,GB,initialTransmissionSystemDemandOutturn,21648.0,,0,0,1,0.0
1778983200000,GB,initialTransmissionSystemDemandOutturn,21551.0,,0,0,1,0.0
1778985000000,GB,initialTransmissionSystemDemandOutturn,21133.0,,0,0,1,0.0
1778986800000,GB,initialTransmissionSystemDemandOutturn,20565.0,,0,0,1,0.0
1778988600000,GB,initialTransmissionSystemDemandOutturn,20251.0,,0,0,1,0.0
1778990400000,GB,initialTransmissionSystemDemandOutturn,19926.0,,0,0,1,0.0
1778992200000,GB,initialTransmissionSystemDemandOutturn,19481.0,,0,0,1,0.0
1778994000000,GB,initialTransmissionSystemDemandOutturn,19434.0,,0,0,1,0.0
1778995800000,GB,initialTransmissionSystemDemandOutturn,19349.0,,0,0,1,0.0
1778997600000,GB,initialTransmissionSystemDemandOutturn,19342.0,,0,0,1,0.0
1778999400000,GB,initialTransmissionSystemDemandOutturn,19620.0,,0,0,1,0.0
1779001200000,GB,initialTransmissionSystemDemandOutturn,19675.0,,0,0,1,0.0
1779003000000,GB,initialTransmissionSystemDemandOutturn,19454.0,,0,0,1,0.0
1779004800000,GB,initialTransmissionSystemDemandOutturn,19902.0,,0,0,1,0.0
1779006600000,GB,initialTransmissionSystemDemandOutturn,19987.0,,0,0,1,0.0
1779008400000,GB,initialTransmissionSystemDemandOutturn,20483.0,,0,0,1,0.0
1779010200000,GB,initialTransmissionSystemDemandOutturn,20390.0,,0,0,1,0.0
1779012000000,GB,initialTransmissionSystemDemandOutturn,20567.0,,0,0,1,0.0
1779013800000,GB,initialTransmissionSystemDemandOutturn,20585.0,,0,0,1,0.0
1779015600000,GB,initialTransmissionSystemDemandOutturn,20441.0,,0,0,1,0.0
1779017400000,GB,initialTransmissionSystemDemandOutturn,20082.0,,0,0,1,0.0
1779019200000,GB,initialTransmissionSystemDemandOutturn,20325.0,,0,0,1,0.0
1779021000000,GB,initialTransmissionSystemDemandOutturn,20217.0,,0,0,1,0.0
1779022800000,GB,initialTransmissionSystemDemandOutturn,19846.0,,0,0,1,0.0
1779024600000,GB,initialTransmissionSystemDemandOutturn,19579.0,,0,0,1,0.0
1779026400000,GB,initialTransmissionSystemDemandOutturn,19442.0,,0,0,1,0.0
1779028200000,GB,initialTransmissionSystemDemandOutturn,19664.0,,0,0,1,0.0
1779030000000,GB,initialTransmissionSystemDemandOutturn,20119.0,,0,0,1,0.0
1779031800000,GB,initialTransmissionSystemDemandOutturn,20637.0,,0,0,1,0.0
1779033600000,GB,initialTransmissionSystemDemandOutturn,21777.0,,0,0,1,0.0
1779035400000,GB,initialTransmissionSystemDemandOutturn,23188.0,,0,0,1,0.0
1779037200000,GB,initialTransmissionSystemDemandOutturn,25236.0,,0,0,1,0.0
1779039000000,GB,initialTransmissionSystemDemandOutturn,26255.0,,0,0,1,0.0
1779040800000,GB,initialTransmissionSystemDemandOutturn,27827.0,,0,0,1,0.0
1779042600000,GB,initialTransmissionSystemDemandOutturn,28627.0,,0,0,1,0.0
1779044400000,GB,initialTransmissionSystemDemandOutturn,28625.0,,0,0,1,0.0
1779046200000,GB,initialTransmissionSystemDemandOutturn,29252.0,,0,0,1,0.0
1779048000000,GB,initialTransmissionSystemDemandOutturn,29187.0,,0,0,1,0.0
1779049800000,GB,initialTransmissionSystemDemandOutturn,28984.0,,0,0,1,0.0
1779051600000,GB,initialTransmissionSystemDemandOutturn,28884.0,,0,0,1,0.0
1779053400000,GB,initialTransmissionSystemDemandOutturn,28107.0,,0,0,1,0.0
1779055200000,GB,initialTransmissionSystemDemandOutturn,27440.0,,0,0,1,0.0
1779057000000,GB,initialTransmissionSystemDemandOutturn,26170.0,,0,0,1,0.0
1779058800000,GB,initialTransmissionSystemDemandOutturn,24590.0,,0,0,1,0.0
1779060600000,GB,initialTransmissionSystemDemandOutturn,23982.0,,0,0,1,0.0
1779062400000,GB,initialTransmissionSystemDemandOutturn,23604.0,,0,0,1,0.0
1779064200000,GB,initialTransmissionSystemDemandOutturn,23462.0,,0,0,1,0.0
1779066000000,GB,initialTransmissionSystemDemandOutturn,23532.0,,0,0,1,0.0
1779067800000,GB,initialTransmissionSystemDemandOutturn,23557.0,,0,0,1,0.0
1779069600000,GB,initialTransmissionSystemDemandOutturn,23448.0,,0,0,1,0.0
1779071400000,GB,initialTransmissionSystemDemandOutturn,22841.0,,0,0,1,0.0
1779073200000,GB,initialTransmissionSystemDemandOutturn,22880.0,,0,0,1,0.0
1779075000000,GB,initialTransmissionSystemDemandOutturn,22507.0,,0,0,1,0.0
1779076800000,GB,initialTransmissionSystemDemandOutturn,22501.0,,0,0,1,0.0
1779078600000,GB,initialTransmissionSystemDemandOutturn,22140.0,,0,0,1,0.0
1779080400000,GB,initialTransmissionSystemDemandOutturn,22754.0,,0,0,1,0.0
1779082200000,GB,initialTransmissionSystemDemandOutturn,22944.0,,0,0,1,0.0
1779084000000,GB,initialTransmissionSystemDemandOutturn,24440.0,,0,0,1,0.0
1779085800000,GB,initialTransmissionSystemDemandOutturn,26040.0,,0,0,1,0.0
1779087600000,GB,initialTransmissionSystemDemandOutturn,28271.0,,0,0,1,0.0
1779089400000,GB,initialTransmissionSystemDemandOutturn,28685.0,,0,0,1,0.0
1779091200000,GB,initialTransmissionSystemDemandOutturn,28617.0,,0,0,1,0.0
1779093000000,GB,initialTransmissionSystemDemandOutturn,28492.0,,0,0,1,0.0
1779094800000,GB,initialTransmissionSystemDemandOutturn,28338.0,,0,0,1,0.0
1779096600000,GB,initialTransmissionSystemDemandOutturn,27905.0,,0,0,1,0.0
1779098400000,GB,initialTransmissionSystemDemandOutturn,28348.0,,0,0,1,0.0
1779100200000,GB,initialTransmissionSystemDemandOutturn,28764.0,,0,0,1,0.0
1779102000000,GB,initialTransmissionSystemDemandOutturn,28415.0,,0,0,1,0.0
1779103800000,GB,initialTransmissionSystemDemandOutturn,27966.0,,0,0,1,0.0
1779105600000,GB,initialTransmissionSystemDemandOutturn,27684.0,,0,0,1,0.0
1779107400000,GB,initialTransmissionSystemDemandOutturn,27924.0,,0,0,1,0.0
1779109200000,GB,initialTransmissionSystemDemandOutturn,27441.0,,0,0,1,0.0
1779111000000,GB,initialTransmissionSystemDemandOutturn,26083.0,,0,0,1,0.0
1779112800000,GB,initialTransmissionSystemDemandOutturn,25751.0,,0,0,1,0.0
1779114600000,GB,initialTransmissionSystemDemandOutturn,25637.0,,0,0,1,0.0
1779116400000,GB,initialTransmissionSystemDemandOutturn,25632.0,,0,0,1,0.0
1779118200000,GB,initialTransmissionSystemDemandOutturn,26111.0,,0,0,1,0.0
1779120000000,GB,initialTransmissionSystemDemandOutturn,27084.0,,0,0,1,0.0
1779121800000,GB,initialTransmissionSystemDemandOutturn,28177.0,,0,0,1,0.0
1779123600000,GB,initialTransmissionSystemDemandOutturn,29282.0,,0,0,1,0.0
1779125400000,GB,initialTransmissionSystemDemandOutturn,30392.0,,0,0,1,0.0
1779127200000,GB,initialTransmissionSystemDemandOutturn,31455.0,,0,0,1,0.0
1779129000000,GB,initialTransmissionSystemDemandOutturn,31948.0,,0,0,1,0.0
1779130800000,GB,initialTransmissionSystemDemandOutturn,32933.0,,0,0,1,0.0
1779132600000,GB,initialTransmissionSystemDemandOutturn,32585.0,,0,0,1,0.0
1779134400000,GB,initialTransmissionSystemDemandOutturn,31961.0,,0,0,1,0.0
1779136200000,GB,initialTransmissionSystemDemandOutturn,31667.0,,0,0,1,0.0
1779138000000,GB,initialTransmissionSystemDemandOutturn,31077.0,,0,0,1,0.0
1779139800000,GB,initialTransmissionSystemDemandOutturn,29675.0,,0,0,1,0.0
1779141600000,GB,initialTransmissionSystemDemandOutturn,27461.0,,0,0,1,0.0
1779143400000,GB,initialTransmissionSystemDemandOutturn,25844.0,,0,0,1,0.0
1779145200000,GB,initialTransmissionSystemDemandOutturn,24517.0,,0,0,1,0.0
1779147000000,GB,initialTransmissionSystemDemandOutturn,24137.0,,0,0,1,0.0
1779148800000,GB,initialTransmissionSystemDemandOutturn,24004.0,,0,0,1,0.0
1779150600000,GB,initialTransmissionSystemDemandOutturn,23815.0,,0,0,1,0.0
1779152400000,GB,initialTransmissionSystemDemandOutturn,23683.0,,0,0,1,0.0
1779154200000,GB,initialTransmissionSystemDemandOutturn,24071.0,,0,0,1,0.0
1779156000000,GB,initialTransmissionSystemDemandOutturn,24500.0,,0,0,1,0.0
1779157800000,GB,initialTransmissionSystemDemandOutturn,24107.0,,0,0,1,0.0
1779159600000,GB,initialTransmissionSystemDemandOutturn,24400.0,,0,0,1,0.0
1779161400000,GB,initialTransmissionSystemDemandOutturn,24538.0,,0,0,1,0.0
1779163200000,GB,initialTransmissionSystemDemandOutturn,24653.0,,0,0,1,0.0
1779165000000,GB,initialTransmissionSystemDemandOutturn,24743.0,,0,0,1,0.0
1779166800000,GB,initialTransmissionSystemDemandOutturn,24185.0,,0,0,1,0.0
1779168600000,GB,initialTransmissionSystemDemandOutturn,24652.0,,0,0,1,0.0
1779170400000,GB,initialTransmissionSystemDemandOutturn,25995.0,,0,0,1,0.0
1779172200000,GB,initialTransmissionSystemDemandOutturn,27530.0,,0,0,1,0.0
1779174000000,GB,initialTransmissionSystemDemandOutturn,28766.0,,0,0,1,0.0
1779175800000,GB,initialTransmissionSystemDemandOutturn,29432.0,,0,0,1,0.0
1779177600000,GB,initialTransmissionSystemDemandOutturn,29588.0,,0,0,1,0.0
1779179400000,GB,initialTransmissionSystemDemandOutturn,29412.0,,0,0,1,0.0
1779181200000,GB,initialTransmissionSystemDemandOutturn,29372.0,,0,0,1,0.0
1779183000000,GB,initialTransmissionSystemDemandOutturn,28983.0,,0,0,1,0.0
1779184800000,GB,initialTransmissionSystemDemandOutturn,28505.0,,0,0,1,0.0
1779186600000,GB,initialTransmissionSystemDemandOutturn,28211.0,,0,0,1,0.0
1779188400000,GB,initialTransmissionSystemDemandOutturn,28192.0,,0,0,1,0.0
1779190200000,GB,initialTransmissionSystemDemandOutturn,27743.0,,0,0,1,0.0
1779192000000,GB,initialTransmissionSystemDemandOutturn,28105.0,,0,0,1,0.0
1779193800000,GB,initialTransmissionSystemDemandOutturn,28073.0,,0,0,1,0.0
1779195600000,GB,initialTransmissionSystemDemandOutturn,28185.0,,0,0,1,0.0
1779197400000,GB,initialTransmissionSystemDemandOutturn,27663.0,,0,0,1,0.0
1779199200000,GB,initialTransmissionSystemDemandOutturn,27253.0,,0,0,1,0.0
1779201000000,GB,initialTransmissionSystemDemandOutturn,27464.0,,0,0,1,0.0
1779202800000,GB,initialTransmissionSystemDemandOutturn,27195.0,,0,0,1,0.0
1779204600000,GB,initialTransmissionSystemDemandOutturn,28126.0,,0,0,1,0.0
1779206400000,GB,initialTransmissionSystemDemandOutturn,28301.0,,0,0,1,0.0
1779208200000,GB,initialTransmissionSystemDemandOutturn,28803.0,,0,0,1,0.0
1779210000000,GB,initialTransmissionSystemDemandOutturn,30314.0,,0,0,1,0.0
1779211800000,GB,initialTransmissionSystemDemandOutturn,31492.0,,0,0,1,0.0
1779213600000,GB,initialTransmissionSystemDemandOutturn,31608.0,,0,0,1,0.0
1779215400000,GB,initialTransmissionSystemDemandOutturn,31429.0,,0,0,1,0.0
1779217200000,GB,initialTransmissionSystemDemandOutturn,31881.0,,0,0,1,0.0
1779219000000,GB,initialTransmissionSystemDemandOutturn,31616.0,,0,0,1,0.0
1779220800000,GB,initialTransmissionSystemDemandOutturn,31301.0,,0,0,1,0.0
1779222600000,GB,initialTransmissionSystemDemandOutturn,31076.0,,0,0,1,0.0
1779224400000,GB,initialTransmissionSystemDemandOutturn,30116.0,,0,0,1,0.0
1779226200000,GB,initialTransmissionSystemDemandOutturn,28934.0,,0,0,1,0.0
1779228000000,GB,initialTransmissionSystemDemandOutturn,27740.0,,0,0,1,0.0
1779229800000,GB,initialTransmissionSystemDemandOutturn,26133.0,,0,0,1,0.0
1779231600000,GB,initialTransmissionSystemDemandOutturn,25719.0,,0,0,1,0.0
1779233400000,GB,initialTransmissionSystemDemandOutturn,24977.0,,0,0,1,0.0
1779235200000,GB,initialTransmissionSystemDemandOutturn,25286.0,,0,0,1,0.0
1779237000000,GB,initialTransmissionSystemDemandOutturn,24875.0,,0,0,1,0.0
1779238800000,GB,initialTransmissionSystemDemandOutturn,24700.0,,0,0,1,0.0
1779240600000,GB,initialTransmissionSystemDemandOutturn,24701.0,,0,0,1,0.0
1779242400000,GB,initialTransmissionSystemDemandOutturn,24118.0,,0,0,1,0.0
1779244200000,GB,initialTransmissionSystemDemandOutturn,23590.0,,0,0,1,0.0
1779246000000,GB,initialTransmissionSystemDemandOutturn,24106.0,,0,0,1,0.0
1779247800000,GB,initialTransmissionSystemDemandOutturn,23558.0,,0,0,1,0.0
1779249600000,GB,initialTransmissionSystemDemandOutturn,22807.0,,0,0,1,0.0
1779251400000,GB,initialTransmissionSystemDemandOutturn,22464.0,,0,0,1,0.0
1779253200000,GB,initialTransmissionSystemDemandOutturn,22880.0,,0,0,1,0.0
1779255000000,GB,initialTransmissionSystemDemandOutturn,23072.0,,0,0,1,0.0
1779256800000,GB,initialTransmissionSystemDemandOutturn,23510.0,,0,0,1,0.0
1779258600000,GB,initialTransmissionSystemDemandOutturn,24977.0,,0,0,1,0.0
1779260400000,GB,initialTransmissionSystemDemandOutturn,26488.0,,0,0,1,0.0
1779262200000,GB,initialTransmissionSystemDemandOutturn,27183.0,,0,0,1,0.0
1779264000000,GB,initialTransmissionSystemDemandOutturn,27891.0,,0,0,1,0.0
1779265800000,GB,initialTransmissionSystemDemandOutturn,27587.0,,0,0,1,0.0
1779267600000,GB,initialTransmissionSystemDemandOutturn,27669.0,,0,0,1,0.0
1779269400000,GB,initialTransmissionSystemDemandOutturn,26953.0,,0,0,1,0.0
1779271200000,GB,initialTransmissionSystemDemandOutturn,25848.0,,0,0,1,0.0
1779273000000,GB,initialTransmissionSystemDemandOutturn,25531.0,,0,0,1,0.0
1779274800000,GB,initialTransmissionSystemDemandOutturn,25503.0,,0,0,1,0.0
1779276600000,GB,initialTransmissionSystemDemandOutturn,25858.0,,0,0,1,0.0
1779278400000,GB,initialTransmissionSystemDemandOutturn,26179.0,,0,0,1,0.0
1779280200000,GB,initialTransmissionSystemDemandOutturn,26430.0,,0,0,1,0.0
1779282000000,GB,initialTransmissionSystemDemandOutturn,25952.0,,0,0,1,0.0
1779283800000,GB,initialTransmissionSystemDemandOutturn,25036.0,,0,0,1,0.0
1779285600000,GB,initialTransmissionSystemDemandOutturn,24502.0,,0,0,1,0.0
1779287400000,GB,initialTransmissionSystemDemandOutturn,24549.0,,0,0,1,0.0
1779289200000,GB,initialTransmissionSystemDemandOutturn,24362.0,,0,0,1,0.0
1779291000000,GB,initialTransmissionSystemDemandOutturn,24816.0,,0,0,1,0.0
1779292800000,GB,initialTransmissionSystemDemandOutturn,25350.0,,0,0,1,0.0
1779294600000,GB,initialTransmissionSystemDemandOutturn,26504.0,,0,0,1,0.0
1779296400000,GB,initialTransmissionSystemDemandOutturn,27577.0,,0,0,1,0.0
1779298200000,GB,initialTransmissionSystemDemandOutturn,28321.0,,0,0,1,0.0
1779300000000,GB,initialTransmissionSystemDemandOutturn,28928.0,,0,0,1,0.0
1779301800000,GB,initialTransmissionSystemDemandOutturn,29514.0,,0,0,1,0.0
1779303600000,GB,initialTransmissionSystemDemandOutturn,30843.0,,0,0,1,0.0
1779305400000,GB,initialTransmissionSystemDemandOutturn,31227.0,,0,0,1,0.0
1779307200000,GB,initialTransmissionSystemDemandOutturn,31128.0,,0,0,1,0.0
1779309000000,GB,initialTransmissionSystemDemandOutturn,30123.0,,0,0,1,0.0
1779310800000,GB,initialTransmissionSystemDemandOutturn,29818.0,,0,0,1,0.0
1779312600000,GB,initialTransmissionSystemDemandOutturn,28635.0,,0,0,1,0.0
1779314400000,GB,initialTransmissionSystemDemandOutturn,27464.0,,0,0,1,0.0
1779316200000,GB,initialTransmissionSystemDemandOutturn,25911.0,,0,0,1,0.0
1779318000000,GB,initialTransmissionSystemDemandOutturn,24979.0,,0,0,1,0.0
1779319800000,GB,initialTransmissionSystemDemandOutturn,24441.0,,0,0,1,0.0
1779321600000,GB,initialTransmissionSystemDemandOutturn,23807.0,,0,0,1,0.0
1779323400000,GB,initialTransmissionSystemDemandOutturn,22763.0,,0,0,1,0.0
1779325200000,GB,initialTransmissionSystemDemandOutturn,22863.0,,0,0,1,0.0
1779327000000,GB,initialTransmissionSystemDemandOutturn,22764.0,,0,0,1,0.0
1779328800000,GB,initialTransmissionSystemDemandOutturn,22386.0,,0,0,1,0.0
1779330600000,GB,initialTransmissionSystemDemandOutturn,21660.0,,0,0,1,0.0
1779332400000,GB,initialTransmissionSystemDemandOutturn,21416.0,,0,0,1,0.0
1779334200000,GB,initialTransmissionSystemDemandOutturn,20900.0,,0,0,1,0.0
1779336000000,GB,initialTransmissionSystemDemandOutturn,20910.0,,0,0,1,0.0
1779337800000,GB,initialTransmissionSystemDemandOutturn,20703.0,,0,0,1,0.0
1779339600000,GB,initialTransmissionSystemDemandOutturn,21795.0,,0,0,1,0.0
1779341400000,GB,initialTransmissionSystemDemandOutturn,22253.0,,0,0,1,0.0
1779343200000,GB,initialTransmissionSystemDemandOutturn,23728.0,,0,0,1,0.0
1779345000000,GB,initialTransmissionSystemDemandOutturn,25279.0,,0,0,1,0.0
1779346800000,GB,initialTransmissionSystemDemandOutturn,26853.0,,0,0,1,0.0
1779348600000,GB,initialTransmissionSystemDemandOutturn,27805.0,,0,0,1,0.0
1779350400000,GB,initialTransmissionSystemDemandOutturn,28077.0,,0,0,1,0.0
1779352200000,GB,initialTransmissionSystemDemandOutturn,27916.0,,0,0,1,0.0
1779354000000,GB,initialTransmissionSystemDemandOutturn,28023.0,,0,0,1,0.0
1779355800000,GB,initialTransmissionSystemDemandOutturn,27577.0,,0,0,1,0.0
1779357600000,GB,initialTransmissionSystemDemandOutturn,26624.0,,0,0,1,0.0
1779359400000,GB,initialTransmissionSystemDemandOutturn,25556.0,,0,0,1,0.0
1779361200000,GB,initialTransmissionSystemDemandOutturn,24687.0,,0,0,1,0.0
1779363000000,GB,initialTransmissionSystemDemandOutturn,24123.0,,0,0,1,0.0
1779364800000,GB,initialTransmissionSystemDemandOutturn,23683.0,,0,0,1,0.0
1779366600000,GB,initialTransmissionSystemDemandOutturn,23085.0,,0,0,1,0.0
1779368400000,GB,initialTransmissionSystemDemandOutturn,23255.0,,0,0,1,0.0
1779370200000,GB,initialTransmissionSystemDemandOutturn,22986.0,,0,0,1,0.0
1779372000000,GB,initialTransmissionSystemDemandOutturn,22799.0,,0,0,1,0.0
1779373800000,GB,initialTransmissionSystemDemandOutturn,22635.0,,0,0,1,0.0
1779375600000,GB,initialTransmissionSystemDemandOutturn,22728.0,,0,0,1,0.0
1779377400000,GB,initialTransmissionSystemDemandOutturn,23138.0,,0,0,1,0.0
1779379200000,GB,initialTransmissionSystemDemandOutturn,23858.0,,0,0,1,0.0
1779381000000,GB,initialTransmissionSystemDemandOutturn,24909.0,,0,0,1,0.0
1779382800000,GB,initialTransmissionSystemDemandOutturn,25846.0,,0,0,1,0.0
1779384600000,GB,initialTransmissionSystemDemandOutturn,27109.0,,0,0,1,0.0
1779386400000,GB,initialTransmissionSystemDemandOutturn,28777.0,,0,0,1,0.0
1779388200000,GB,initialTransmissionSystemDemandOutturn,29374.0,,0,0,1,0.0
1779390000000,GB,initialTransmissionSystemDemandOutturn,30701.0,,0,0,1,0.0
1779391800000,GB,initialTransmissionSystemDemandOutturn,30831.0,,0,0,1,0.0
1779393600000,GB,initialTransmissionSystemDemandOutturn,30128.0,,0,0,1,0.0
1779395400000,GB,initialTransmissionSystemDemandOutturn,29534.0,,0,0,1,0.0
1779397200000,GB,initialTransmissionSystemDemandOutturn,28253.0,,0,0,1,0.0
1779399000000,GB,initialTransmissionSystemDemandOutturn,27843.0,,0,0,1,0.0
1779400800000,GB,initialTransmissionSystemDemandOutturn,26862.0,,0,0,1,0.0
1779402600000,GB,initialTransmissionSystemDemandOutturn,25368.0,,0,0,1,0.0
1779404400000,GB,initialTransmissionSystemDemandOutturn,24763.0,,0,0,1,0.0
1779406200000,GB,initialTransmissionSystemDemandOutturn,24063.0,,0,0,1,0.0
1779408000000,GB,initialTransmissionSystemDemandOutturn,23019.0,,0,0,1,0.0
1779409800000,GB,initialTransmissionSystemDemandOutturn,22647.0,,0,0,1,0.0
1779411600000,GB,initialTransmissionSystemDemandOutturn,22203.0,,0,0,1,0.0
1779413400000,GB,initialTransmissionSystemDemandOutturn,22347.0,,0,0,1,0.0
1779415200000,GB,initialTransmissionSystemDemandOutturn,22188.0,,0,0,1,0.0
1779417000000,GB,initialTransmissionSystemDemandOutturn,21787.0,,0,0,1,0.0
1779418800000,GB,initialTransmissionSystemDemandOutturn,21832.0,,0,0,1,0.0
1779420600000,GB,initialTransmissionSystemDemandOutturn,21668.0,,0,0,1,0.0
1779422400000,GB,initialTransmissionSystemDemandOutturn,21900.0,,0,0,1,0.0
1779424200000,GB,initialTransmissionSystemDemandOutturn,21541.0,,0,0,1,0.0
1779426000000,GB,initialTransmissionSystemDemandOutturn,22372.0,,0,0,1,0.0
1779427800000,GB,initialTransmissionSystemDemandOutturn,22853.0,,0,0,1,0.0
1779429600000,GB,initialTransmissionSystemDemandOutturn,23887.0,,0,0,1,0.0
1779431400000,GB,initialTransmissionSystemDemandOutturn,25121.0,,0,0,1,0.0
1779433200000,GB,initialTransmissionSystemDemandOutturn,25792.0,,0,0,1,0.0
1779435000000,GB,initialTransmissionSystemDemandOutturn,26163.0,,0,0,1,0.0
1779436800000,GB,initialTransmissionSystemDemandOutturn,26038.0,,0,0,1,0.0
1779438600000,GB,initialTransmissionSystemDemandOutturn,25578.0,,0,0,1,0.0
1779440400000,GB,initialTransmissionSystemDemandOutturn,24343.0,,0,0,1,0.0
1779442200000,GB,initialTransmissionSystemDemandOutturn,23291.0,,0,0,1,0.0
1779444000000,GB,initialTransmissionSystemDemandOutturn,22634.0,,0,0,1,0.0
1779445800000,GB,initialTransmissionSystemDemandOutturn,21679.0,,0,0,1,0.0
1779447600000,GB,initialTransmissionSystemDemandOutturn,21374.0,,0,0,1,0.0
1779449400000,GB,initialTransmissionSystemDemandOutturn,20968.0,,0,0,1,0.0
1779451200000,GB,initialTransmissionSystemDemandOutturn,20615.0,,0,0,1,0.0
1779453000000,GB,initialTransmissionSystemDemandOutturn,19922.0,,0,0,1,0.0
1779454800000,GB,initialTransmissionSystemDemandOutturn,19833.0,,0,0,1,0.0
1779456600000,GB,initialTransmissionSystemDemandOutturn,5242.888429314836,19736.0,1,1,1,0.7343489851380809
1779458400000,GB,initialTransmissionSystemDemandOutturn,19234.0,,0,0,1,0.0
1779460200000,GB,initialTransmissionSystemDemandOutturn,19286.0,,0,0,1,0.0
1779462000000,GB,initialTransmissionSystemDemandOutturn,19487.0,,0,0,1,0.0
1779463800000,GB,initialTransmissionSystemDemandOutturn,19461.0,,0,0,1,0.0
1779465600000,GB,initialTransmissionSystemDemandOutturn,20713.0,,0,0,1,0.0
1779467400000,GB,initialTransmissionSystemDemandOutturn,22151.0,,0,0,1,0.0
1779469200000,GB,initialTransmissionSystemDemandOutturn,23146.0,,0,0,1,0.0
1779471000000,GB,initialTransmissionSystemDemandOutturn,24785.0,,0,0,1,0.0
1779472800000,GB,initialTransmissionSystemDemandOutturn,26839.0,,0,0,1,0.0
1779474600000,GB,initialTransmissionSystemDemandOutturn,54748.65561161017,27961.0,1,1,1,0.9580363939633838
1779476400000,GB,initialTransmissionSystemDemandOutturn,29008.0,,0,0,1,0.0
1779478200000,GB,initialTransmissionSystemDemandOutturn,29357.0,,0,0,1,0.0
1779480000000,GB,initialTransmissionSystemDemandOutturn,29340.0,,0,0,1,0.0
1779481800000,GB,initialTransmissionSystemDemandOutturn,28898.0,,0,0,1,0.0
1779483600000,GB,initialTransmissionSystemDemandOutturn,28272.0,,0,0,1,0.0
1779485400000,GB,initialTransmissionSystemDemandOutturn,27957.0,,0,0,1,0.0
1779487200000,GB,initialTransmissionSystemDemandOutturn,27202.0,,0,0,1,0.0
1779489000000,GB,initialTransmissionSystemDemandOutturn,26058.0,,0,0,1,0.0
1779490800000,GB,initialTransmissionSystemDemandOutturn,24754.0,,0,0,1,0.0
1779492600000,GB,initialTransmissionSystemDemandOutturn,24350.0,,0,0,1,0.0
1779494400000,GB,initialTransmissionSystemDemandOutturn,24065.0,,0,0,1,0.0
1779496200000,GB,initialTransmissionSystemDemandOutturn,23592.0,,0,0,1,0.0
1779498000000,GB,initialTransmissionSystemDemandOutturn,23127.0,,0,0,1,0.0
1779499800000,GB,initialTransmissionSystemDemandOutturn,22695.0,,0,0,1,0.0
1779501600000,GB,initialTransmissionSystemDemandOutturn,22520.0,,0,0,1,0.0
1779503400000,GB,initialTransmissionSystemDemandOutturn,22082.0,,0,0,1,0.0
1779505200000,GB,initialTransmissionSystemDemandOutturn,21432.0,,0,0,1,0.0
1779507000000,GB,initialTransmissionSystemDemandOutturn,21160.0,,0,0,1,0.0
1779508800000,GB,initialTransmissionSystemDemandOutturn,20646.0,,0,0,1,0.0
1779510600000,GB,initialTransmissionSystemDemandOutturn,20109.0,,0,0,1,0.0
1779512400000,GB,initialTransmissionSystemDemandOutturn,20402.0,,0,0,1,0.0
1779514200000,GB,initialTransmissionSystemDemandOutturn,20245.0,,0,0,1,0.0
1779516000000,GB,initialTransmissionSystemDemandOutturn,20432.0,,0,0,1,0.0
1779517800000,GB,initialTransmissionSystemDemandOutturn,20456.0,,0,0,1,0.0
1779519600000,GB,initialTransmissionSystemDemandOutturn,20652.0,,0,0,1,0.0
1779521400000,GB,initialTransmissionSystemDemandOutturn,20720.0,,0,0,1,0.0
1779523200000,GB,initialTransmissionSystemDemandOutturn,20708.0,,0,0,1,0.0
1779525000000,GB,initialTransmissionSystemDemandOutturn,20149.0,,0,0,1,0.0
1779526800000,GB,initialTransmissionSystemDemandOutturn,20017.0,,0,0,1,0.0
1779528600000,GB,initialTransmissionSystemDemandOutturn,19313.0,,0,0,1,0.0
1779530400000,GB,initialTransmissionSystemDemandOutturn,18310.0,,0,0,1,0.0
1779532200000,GB,initialTransmissionSystemDemandOutturn,17104.0,,0,0,1,0.0
1779534000000,GB,initialTransmissionSystemDemandOutturn,16855.0,,0,0,1,0.0
1779535800000,GB,initialTransmissionSystemDemandOutturn,16271.0,,0,0,1,0.0
1779537600000,GB,initialTransmissionSystemDemandOutturn,16274.0,,0,0,1,0.0
1779539400000,GB,initialTransmissionSystemDemandOutturn,16401.0,,0,0,1,0.0
1779541200000,GB,initialTransmissionSystemDemandOutturn,15590.0,,0,0,1,0.0
1779543000000,GB,initialTransmissionSystemDemandOutturn,15363.0,,0,0,1,0.0
1779544800000,GB,initialTransmissionSystemDemandOutturn,15344.0,,0,0,1,0.0
1779546600000,GB,initialTransmissionSystemDemandOutturn,15498.0,,0,0,1,0.0
1779548400000,GB,initialTransmissionSystemDemandOutturn,15712.0,,0,0,1,0.0
1779550200000,GB,initialTransmissionSystemDemandOutturn,16157.0,,0,0,1,0.0
1779552000000,GB,initialTransmissionSystemDemandOutturn,16746.0,,0,0,1,0.0
1779553800000,GB,initialTransmissionSystemDemandOutturn,18810.0,,0,0,1,0.0
1779555600000,GB,initialTransmissionSystemDemandOutturn,20627.0,,0,0,1,0.0
1779557400000,GB,initialTransmissionSystemDemandOutturn,22939.0,,0,0,1,0.0
1779559200000,GB,initialTransmissionSystemDemandOutturn,24767.0,,0,0,1,0.0
1779561000000,GB,initialTransmissionSystemDemandOutturn,25944.0,,0,0,1,0.0
1779562800000,GB,initialTransmissionSystemDemandOutturn,26988.0,,0,0,1,0.0
1779564600000,GB,initialTransmissionSystemDemandOutturn,27289.0,,0,0,1,0.0
1779566400000,GB,initialTransmissionSystemDemandOutturn,27482.0,,0,0,1,0.0
1779568200000,GB,initialTransmissionSystemDemandOutturn,27779.0,,0,0,1,0.0
1779570000000,GB,initialTransmissionSystemDemandOutturn,26952.0,,0,0,1,0.0
1779571800000,GB,initialTransmissionSystemDemandOutturn,26743.0,,0,0,1,0.0
1779573600000,GB,initialTransmissionSystemDemandOutturn,25974.0,,0,0,1,0.0
1779575400000,GB,initialTransmissionSystemDemandOutturn,25126.0,,0,0,1,0.0
1779577200000,GB,initialTransmissionSystemDemandOutturn,23868.0,,0,0,1,0.0
1779579000000,GB,initialTransmissionSystemDemandOutturn,23256.0,,0,0,1,0.0
1779580800000,GB,initialTransmissionSystemDemandOutturn,22822.0,,0,0,1,0.0
1779582600000,GB,initialTransmissionSystemDemandOutturn,22318.0,,0,0,1,0.0
1779584400000,GB,initialTransmissionSystemDemandOutturn,21930.0,,0,0,1,0.0
1779586200000,GB,initialTransmissionSystemDemandOutturn,21450.0,,0,0,1,0.0
1779588000000,GB,initialTransmissionSystemDemandOutturn,21092.0,,0,0,1,0.0
1779589800000,GB,initialTransmissionSystemDemandOutturn,20657.0,,0,0,1,0.0
1779591600000,GB,initialTransmissionSystemDemandOutturn,20012.0,,0,0,1,0.0
1779593400000,GB,initialTransmissionSystemDemandOutturn,19863.0,,0,0,1,0.0
1779595200000,GB,initialTransmissionSystemDemandOutturn,19665.0,,0,0,1,0.0
1779597000000,GB,initialTransmissionSystemDemandOutturn,19248.0,,0,0,1,0.0
1779598800000,GB,initialTransmissionSystemDemandOutturn,18975.0,,0,0,1,0.0
1779600600000,GB,initialTransmissionSystemDemandOutturn,18341.0,,0,0,1,0.0
1779602400000,GB,initialTransmissionSystemDemandOutturn,18999.0,,0,0,1,0.0
1779604200000,GB,initialTransmissionSystemDemandOutturn,18900.0,,0,0,1,0.0
1779606000000,GB,initialTransmissionSystemDemandOutturn,18522.0,,0,0,1,0.0
1779607800000,GB,initialTransmissionSystemDemandOutturn,18374.0,,0,0,1,0.0
1779609600000,GB,initialTransmissionSystemDemandOutturn,18433.0,,0,0,1,0.0
1779611400000,GB,initialTransmissionSystemDemandOutturn,18027.0,,0,0,1,0.0
1779613200000,GB,initialTransmissionSystemDemandOutturn,17947.0,,0,0,1,0.0
1779615000000,GB,initialTransmissionSystemDemandOutturn,17110.0,,0,0,1,0.0
1779616800000,GB,initialTransmissionSystemDemandOutturn,16543.0,,0,0,1,0.0
1779618600000,GB,initialTransmissionSystemDemandOutturn,16388.0,,0,0,1,0.0
1779620400000,GB,initialTransmissionSystemDemandOutturn,15985.0,,0,0,1,0.0
1779622200000,GB,initialTransmissionSystemDemandOutturn,15454.0,,0,0,1,0.0
1779624000000,GB,initialTransmissionSystemDemandOutturn,15667.0,,0,0,1,0.0
1779625800000,GB,initialTransmissionSystemDemandOutturn,15481.0,,0,0,1,0.0
1779627600000,GB,initialTransmissionSystemDemandOutturn,15255.0,,0,0,1,0.0
1779629400000,GB,initialTransmissionSystemDemandOutturn,15434.0,,0,0,1,0.0
1779631200000,GB,initialTransmissionSystemDemandOutturn,15499.0,,0,0,1,0.0
1779633000000,GB,initialTransmissionSystemDemandOutturn,15312.0,,0,0,1,0.0
1779634800000,GB,initialTransmissionSystemDemandOutturn,15899.0,,0,0,1,0.0
1779636600000,GB,initialTransmissionSystemDemandOutturn,16641.0,,0,0,1,0.0
1779638400000,GB,initialTransmissionSystemDemandOutturn,17350.0,,0,0,1,0.0
1779640200000,GB,initialTransmissionSystemDemandOutturn,18943.0,,0,0,1,0.0
1779642000000,GB,initialTransmissionSystemDemandOutturn,20847.0,,0,0,1,0.0
1779643800000,GB,initialTransmissionSystemDemandOutturn,22316.0,,0,0,1,0.0
1779645600000,GB,initialTransmissionSystemDemandOutturn,24066.0,,0,0,1,0.0
1779647400000,GB,initialTransmissionSystemDemandOutturn,25814.0,,0,0,1,0.0
1779649200000,GB,initialTransmissionSystemDemandOutturn,26694.0,,0,0,1,0.0
1779651000000,GB,initialTransmissionSystemDemandOutturn,26923.0,,0,0,1,0.0
1779652800000,GB,initialTransmissionSystemDemandOutturn,27492.0,,0,0,1,0.0
1779654600000,GB,initialTransmissionSystemDemandOutturn,27578.0,,0,0,1,0.0
1779656400000,GB,initialTransmissionSystemDemandOutturn,27537.0,,0,0,1,0.0
1779658200000,GB,initialTransmissionSystemDemandOutturn,27626.0,,0,0,1,0.0
1779660000000,GB,initialTransmissionSystemDemandOutturn,27146.0,,0,0,1,0.0
1779661800000,GB,initialTransmissionSystemDemandOutturn,26391.0,,0,0,1,0.0
1779663600000,GB,initialTransmissionSystemDemandOutturn,25215.0,,0,0,1,0.0
1779665400000,GB,initialTransmissionSystemDemandOutturn,24843.0,,0,0,1,0.0
1779667200000,GB,initialTransmissionSystemDemandOutturn,24058.0,,0,0,1,0.0
1779669000000,GB,initialTransmissionSystemDemandOutturn,23488.0,,0,0,1,0.0
1779670800000,GB,initialTransmissionSystemDemandOutturn,22703.0,,0,0,1,0.0
1779672600000,GB,initialTransmissionSystemDemandOutturn,22622.0,,0,0,1,0.0
1779674400000,GB,initialTransmissionSystemDemandOutturn,22085.0,,0,0,1,0.0
1779676200000,GB,initialTransmissionSystemDemandOutturn,21799.0,,0,0,1,0.0
1779678000000,GB,initialTransmissionSystemDemandOutturn,21626.0,,0,0,1,0.0
1779679800000,GB,initialTransmissionSystemDemandOutturn,21369.0,,0,0,1,0.0
1779681600000,GB,initialTransmissionSystemDemandOutturn,20837.0,,0,0,1,0.0
1779683400000,GB,initialTransmissionSystemDemandOutturn,20588.0,,0,0,1,0.0
1779685200000,GB,initialTransmissionSystemDemandOutturn,20631.0,,0,0,1,0.0
1779687000000,GB,initialTransmissionSystemDemandOutturn,20545.0,,0,0,1,0.0
1779688800000,GB,initialTransmissionSystemDemandOutturn,20789.0,,0,0,1,0.0
1779690600000,GB,initialTransmissionSystemDemandOutturn,21037.0,,0,0,1,0.0
1779692400000,GB,initialTransmissionSystemDemandOutturn,21228.0,,0,0,1,0.0
1779694200000,GB,initialTransmissionSystemDemandOutturn,20955.0,,0,0,1,0.0
1779696000000,GB,initialTransmissionSystemDemandOutturn,21003.0,,0,0,1,0.0
1779697800000,GB,initialTransmissionSystemDemandOutturn,20781.0,,0,0,1,0.0
1779699600000,GB,initialTransmissionSystemDemandOutturn,20239.0,,0,0,1,0.0
1779701400000,GB,initialTransmissionSystemDemandOutturn,19842.0,,0,0,1,0.0
1779703200000,GB,initialTransmissionSystemDemandOutturn,19468.0,,0,0,1,0.0
1779705000000,GB,initialTransmissionSystemDemandOutturn,19248.0,,0,0,1,0.0
1779706800000,GB,initialTransmissionSystemDemandOutturn,19120.0,,0,0,1,0.0
1779708600000,GB,initialTransmissionSystemDemandOutturn,18690.0,,0,0,1,0.0
1779710400000,GB,initialTransmissionSystemDemandOutturn,18581.0,,0,0,1,0.0
1779712200000,GB,initialTransmissionSystemDemandOutturn,18863.0,,0,0,1,0.0
1779714000000,GB,initialTransmissionSystemDemandOutturn,18753.0,,0,0,1,0.0
1779715800000,GB,initialTransmissionSystemDemandOutturn,18265.0,,0,0,1,0.0
1779717600000,GB,initialTransmissionSystemDemandOutturn,18042.0,,0,0,1,0.0
1779719400000,GB,initialTransmissionSystemDemandOutturn,18162.0,,0,0,1,0.0
1779721200000,GB,initialTransmissionSystemDemandOutturn,18360.0,,0,0,1,0.0
1779723000000,GB,initialTransmissionSystemDemandOutturn,19009.0,,0,0,1,0.0
1779724800000,GB,initialTransmissionSystemDemandOutturn,19768.0,,0,0,1,0.0
1779726600000,GB,initialTransmissionSystemDemandOutturn,21573.0,,0,0,1,0.0
1779728400000,GB,initialTransmissionSystemDemandOutturn,23629.0,,0,0,1,0.0
1779730200000,GB,initialTransmissionSystemDemandOutturn,25422.0,,0,0,1,0.0
1779732000000,GB,initialTransmissionSystemDemandOutturn,26695.0,,0,0,1,0.0
1779733800000,GB,initialTransmissionSystemDemandOutturn,27765.0,,0,0,1,0.0
1779735600000,GB,initialTransmissionSystemDemandOutturn,29145.0,,0,0,1,0.0
1779737400000,GB,initialTransmissionSystemDemandOutturn,29909.0,,0,0,1,0.0
1779739200000,GB,initialTransmissionSystemDemandOutturn,29502.0,,0,0,1,0.0
1779741000000,GB,initialTransmissionSystemDemandOutturn,29018.0,,0,0,1,0.0
1779742800000,GB,initialTransmissionSystemDemandOutturn,29004.0,,0,0,1,0.0
1779744600000,GB,initialTransmissionSystemDemandOutturn,29011.0,,0,0,1,0.0
1779746400000,GB,initialTransmissionSystemDemandOutturn,28447.0,,0,0,1,0.0
1779748200000,GB,initialTransmissionSystemDemandOutturn,27304.0,,0,0,1,0.0
1779750000000,GB,initialTransmissionSystemDemandOutturn,26314.0,,0,0,1,0.0
1779751800000,GB,initialTransmissionSystemDemandOutturn,25509.0,,0,0,1,0.0
1779753600000,GB,initialTransmissionSystemDemandOutturn,25143.0,,0,0,1,0.0
1779755400000,GB,initialTransmissionSystemDemandOutturn,24853.0,,0,0,1,0.0
1779757200000,GB,initialTransmissionSystemDemandOutturn,24672.0,,0,0,1,0.0
1779759000000,GB,initialTransmissionSystemDemandOutturn,24419.0,,0,0,1,0.0
1779760800000,GB,initialTransmissionSystemDemandOutturn,23726.0,,0,0,1,0.0
1779762600000,GB,initialTransmissionSystemDemandOutturn,23318.0,,0,0,1,0.0
1779764400000,GB,initialTransmissionSystemDemandOutturn,23638.0,,0,0,1,0.0
1779766200000,GB,initialTransmissionSystemDemandOutturn,23258.0,,0,0,1,0.0
1779768000000,GB,initialTransmissionSystemDemandOutturn,24013.0,,0,0,1,0.0
1779769800000,GB,initialTransmissionSystemDemandOutturn,23323.0,,0,0,1,0.0
1779771600000,GB,initialTransmissionSystemDemandOutturn,23924.0,,0,0,1,0.0
1779773400000,GB,initialTransmissionSystemDemandOutturn,23916.0,,0,0,1,0.0
1779775200000,GB,initialTransmissionSystemDemandOutturn,24490.0,,0,0,1,0.0
1779777000000,GB,initialTransmissionSystemDemandOutturn,25115.0,,0,0,1,0.0
1779778800000,GB,initialTransmissionSystemDemandOutturn,26017.0,,0,0,1,0.0
1779780600000,GB,initialTransmissionSystemDemandOutturn,25854.0,,0,0,1,0.0
1779782400000,GB,initialTransmissionSystemDemandOutturn,25623.0,,0,0,1,0.0
1779784200000,GB,initialTransmissionSystemDemandOutturn,25418.0,,0,0,1,0.0
1779786000000,GB,initialTransmissionSystemDemandOutturn,24687.0,,0,0,1,0.0
1779787800000,GB,initialTransmissionSystemDemandOutturn,24243.0,,0,0,1,0.0
1779789600000,GB,initialTransmissionSystemDemandOutturn,23501.0,,0,0,1,0.0
1779791400000,GB,initialTransmissionSystemDemandOutturn,23103.0,,0,0,1,0.0
1779793200000,GB,initialTransmissionSystemDemandOutturn,22826.0,,0,0,1,0.0
1779795000000,GB,initialTransmissionSystemDemandOutturn,22906.0,,0,0,1,0.0
1779796800000,GB,initialTransmissionSystemDemandOutturn,22847.0,,0,0,1,0.0
1779798600000,GB,initialTransmissionSystemDemandOutturn,22975.0,,0,0,1,0.0
1779800400000,GB,initialTransmissionSystemDemandOutturn,23210.0,,0,0,1,0.0
1779802200000,GB,initialTransmissionSystemDemandOutturn,23105.0,,0,0,1,0.0
1779804000000,GB,initialTransmissionSystemDemandOutturn,23409.0,,0,0,1,0.0
1779805800000,GB,initialTransmissionSystemDemandOutturn,23513.0,,0,0,1,0.0
1779807600000,GB,initialTransmissionSystemDemandOutturn,23666.0,,0,0,1,0.0
1779809400000,GB,initialTransmissionSystemDemandOutturn,24384.0,,0,0,1,0.0
1779811200000,GB,initialTransmissionSystemDemandOutturn,25246.0,,0,0,1,0.0
1779813000000,GB,initialTransmissionSystemDemandOutturn,26725.0,,0,0,1,0.0
1779814800000,GB,initialTransmissionSystemDemandOutturn,27704.0,,0,0,1,0.0
1779816600000,GB,initialTransmissionSystemDemandOutturn,29114.0,,0,0,1,0.0
1779818400000,GB,initialTransmissionSystemDemandOutturn,31108.0,,0,0,1,0.0
1779820200000,GB,initialTransmissionSystemDemandOutturn,32214.0,,0,0,1,0.0
1779822000000,GB,initialTransmissionSystemDemandOutturn,33593.0,,0,0,1,0.0
1779823800000,GB,initialTransmissionSystemDemandOutturn,33323.0,,0,0,1,0.0
1779825600000,GB,initialTransmissionSystemDemandOutturn,33077.0,,0,0,1,0.0
1779827400000,GB,initialTransmissionSystemDemandOutturn,32846.0,,0,0,1,0.0
1779829200000,GB,initialTransmissionSystemDemandOutturn,31891.0,,0,0,1,0.0
1779831000000,GB,initialTransmissionSystemDemandOutturn,31445.0,,0,0,1,0.0
1779832800000,GB,initialTransmissionSystemDemandOutturn,30356.0,,0,0,1,0.0
1779834600000,GB,initialTransmissionSystemDemandOutturn,28815.0,,0,0,1,0.0
1779836400000,GB,initialTransmissionSystemDemandOutturn,26513.0,,0,0,1,0.0
1779838200000,GB,initialTransmissionSystemDemandOutturn,25756.0,,0,0,1,0.0
1779840000000,GB,initialTransmissionSystemDemandOutturn,25607.0,,0,0,1,0.0
1779841800000,GB,initialTransmissionSystemDemandOutturn,25155.0,,0,0,1,0.0
1779843600000,GB,initialTransmissionSystemDemandOutturn,23934.0,,0,0,1,0.0
1779845400000,GB,initialTransmissionSystemDemandOutturn,23626.0,,0,0,1,0.0
1779847200000,GB,initialTransmissionSystemDemandOutturn,23731.0,,0,0,1,0.0
1779849000000,GB,initialTransmissionSystemDemandOutturn,23577.0,,0,0,1,0.0
1779850800000,GB,initialTransmissionSystemDemandOutturn,23197.0,,0,0,1,0.0
1779852600000,GB,initialTransmissionSystemDemandOutturn,23019.0,,0,0,1,0.0
1779854400000,GB,initialTransmissionSystemDemandOutturn,23535.0,,0,0,1,0.0
1779856200000,GB,initialTransmissionSystemDemandOutturn,22553.0,,0,0,1,0.0
1779858000000,GB,initialTransmissionSystemDemandOutturn,22883.0,,0,0,1,0.0
1779859800000,GB,initialTransmissionSystemDemandOutturn,22861.0,,0,0,1,0.0
1779861600000,GB,initialTransmissionSystemDemandOutturn,22589.0,,0,0,1,0.0
1779863400000,GB,initialTransmissionSystemDemandOutturn,23398.0,,0,0,1,0.0
1779865200000,GB,initialTransmissionSystemDemandOutturn,24515.0,,0,0,1,0.0
1779867000000,GB,initialTransmissionSystemDemandOutturn,24955.0,,0,0,1,0.0
1779868800000,GB,initialTransmissionSystemDemandOutturn,24960.0,,0,0,1,0.0
1779870600000,GB,initialTransmissionSystemDemandOutturn,24554.0,,0,0,1,0.0
1779872400000,GB,initialTransmissionSystemDemandOutturn,23692.0,,0,0,1,0.0
1779874200000,GB,initialTransmissionSystemDemandOutturn,1871.5573499897223,22630.0,1,1,1,0.9172975099430083
1779876000000,GB,initialTransmissionSystemDemandOutturn,21592.0,,0,0,1,0.0
1779877800000,GB,initialTransmissionSystemDemandOutturn,20422.0,,0,0,1,0.0
1779879600000,GB,initialTransmissionSystemDemandOutturn,19808.0,,0,0,1,0.0
1779881400000,GB,initialTransmissionSystemDemandOutturn,19325.0,,0,0,1,0.0
1779883200000,GB,initialTransmissionSystemDemandOutturn,19289.0,,0,0,1,0.0
1779885000000,GB,initialTransmissionSystemDemandOutturn,19064.0,,0,0,1,0.0
1779886800000,GB,initialTransmissionSystemDemandOutturn,19139.0,,0,0,1,0.0
1779888600000,GB,initialTransmissionSystemDemandOutturn,19261.0,,0,0,1,0.0
1779890400000,GB,initialTransmissionSystemDemandOutturn,19315.0,,0,0,1,0.0
1779892200000,GB,initialTransmissionSystemDemandOutturn,19394.0,,0,0,1,0.0
1779894000000,GB,initialTransmissionSystemDemandOutturn,19489.0,,0,0,1,0.0
1779895800000,GB,initialTransmissionSystemDemandOutturn,20218.0,,0,0,1,0.0
1779897600000,GB,initialTransmissionSystemDemandOutturn,20996.0,,0,0,1,0.0
1779899400000,GB,initialTransmissionSystemDemandOutturn,22388.0,,0,0,1,0.0
1779901200000,GB,initialTransmissionSystemDemandOutturn,23714.0,,0,0,1,0.0
1779903000000,GB,initialTransmissionSystemDemandOutturn,25420.0,,0,0,1,0.0
1779904800000,GB,initialTransmissionSystemDemandOutturn,26762.0,,0,0,1,0.0
1779906600000,GB,initialTransmissionSystemDemandOutturn,27427.0,,0,0,1,0.0
1779908400000,GB,initialTransmissionSystemDemandOutturn,29002.0,,0,0,1,0.0
1779910200000,GB,initialTransmissionSystemDemandOutturn,29761.0,,0,0,1,0.0
1779912000000,GB,initialTransmissionSystemDemandOutturn,29459.0,,0,0,1,0.0
1779913800000,GB,initialTransmissionSystemDemandOutturn,29474.0,,0,0,1,0.0
1779915600000,GB,initialTransmissionSystemDemandOutturn,29258.0,,0,0,1,0.0
1779917400000,GB,initialTransmissionSystemDemandOutturn,28673.0,,0,0,1,0.0
1779919200000,GB,initialTransmissionSystemDemandOutturn,27834.0,,0,0,1,0.0
1779921000000,GB,initialTransmissionSystemDemandOutturn,26826.0,,0,0,1,0.0
1779922800000,GB,initialTransmissionSystemDemandOutturn,25923.0,,0,0,1,0.0
1779924600000,GB,initialTransmissionSystemDemandOutturn,25392.0,,0,0,1,0.0
1779926400000,GB,initialTransmissionSystemDemandOutturn,24686.0,,0,0,1,0.0
1779928200000,GB,initialTransmissionSystemDemandOutturn,24329.0,,0,0,1,0.0
1779930000000,GB,initialTransmissionSystemDemandOutturn,23349.0,,0,0,1,0.0
1779931800000,GB,initialTransmissionSystemDemandOutturn,23368.0,,0,0,1,0.0
1779933600000,GB,initialTransmissionSystemDemandOutturn,22971.0,,0,0,1,0.0
1779935400000,GB,initialTransmissionSystemDemandOutturn,22474.0,,0,0,1,0.0
1779937200000,GB,initialTransmissionSystemDemandOutturn,22476.0,,0,0,1,0.0
1779939000000,GB,initialTransmissionSystemDemandOutturn,22219.0,,0,0,1,0.0
1779940800000,GB,initialTransmissionSystemDemandOutturn,21775.0,,0,0,1,0.0
1779942600000,GB,initialTransmissionSystemDemandOutturn,21180.0,,0,0,1,0.0
1779944400000,GB,initialTransmissionSystemDemandOutturn,21106.0,,0,0,1,0.0
1779946200000,GB,initialTransmissionSystemDemandOutturn,21382.0,,0,0,1,0.0
1779948000000,GB,initialTransmissionSystemDemandOutturn,22763.0,,0,0,1,0.0
1779949800000,GB,initialTransmissionSystemDemandOutturn,23487.0,,0,0,1,0.0
1779951600000,GB,initialTransmissionSystemDemandOutturn,22726.0,,0,0,1,0.0
1779953400000,GB,initialTransmissionSystemDemandOutturn,23306.0,,0,0,1,0.0
1779955200000,GB,initialTransmissionSystemDemandOutturn,24151.0,,0,0,1,0.0
1779957000000,GB,initialTransmissionSystemDemandOutturn,23604.0,,0,0,1,0.0
1779958800000,GB,initialTransmissionSystemDemandOutturn,22958.0,,0,0,1,0.0
1779960600000,GB,initialTransmissionSystemDemandOutturn,22504.0,,0,0,1,0.0
1779962400000,GB,initialTransmissionSystemDemandOutturn,22136.0,,0,0,1,0.0
1779964200000,GB,initialTransmissionSystemDemandOutturn,22114.0,,0,0,1,0.0
1779966000000,GB,initialTransmissionSystemDemandOutturn,21853.0,,0,0,1,0.0
1779967800000,GB,initialTransmissionSystemDemandOutturn,21847.0,,0,0,1,0.0
1779969600000,GB,initialTransmissionSystemDemandOutturn,22056.0,,0,0,1,0.0
1779971400000,GB,initialTransmissionSystemDemandOutturn,22331.0,,0,0,1,0.0
1779973200000,GB,initialTransmissionSystemDemandOutturn,22246.0,,0,0,1,0.0
1779975000000,GB,initialTransmissionSystemDemandOutturn,22274.0,,0,0,1,0.0
1779976800000,GB,initialTransmissionSystemDemandOutturn,22310.0,,0,0,1,0.0
1779978600000,GB,initialTransmissionSystemDemandOutturn,22629.0,,0,0,1,0.0
1779980400000,GB,initialTransmissionSystemDemandOutturn,23375.0,,0,0,1,0.0
1779982200000,GB,initialTransmissionSystemDemandOutturn,24405.0,,0,0,1,0.0
1779984000000,GB,initialTransmissionSystemDemandOutturn,24483.0,,0,0,1,0.0
1779985800000,GB,initialTransmissionSystemDemandOutturn,24961.0,,0,0,1,0.0
1779987600000,GB,initialTransmissionSystemDemandOutturn,26869.0,,0,0,1,0.0
1779989400000,GB,initialTransmissionSystemDemandOutturn,28157.0,,0,0,1,0.0
1779991200000,GB,initialTransmissionSystemDemandOutturn,29749.0,,0,0,1,0.0
1779993000000,GB,initialTransmissionSystemDemandOutturn,30646.0,,0,0,1,0.0
1779994800000,GB,initialTransmissionSystemDemandOutturn,31287.0,,0,0,1,0.0
1779996600000,GB,initialTransmissionSystemDemandOutturn,31643.0,,0,0,1,0.0
1779998400000,GB,initialTransmissionSystemDemandOutturn,31405.0,,0,0,1,0.0
1780000200000,GB,initialTransmissionSystemDemandOutturn,31067.0,,0,0,1,0.0
1780002000000,GB,initialTransmissionSystemDemandOutturn,31269.0,,0,0,1,0.0
1780003800000,GB,initialTransmissionSystemDemandOutturn,30811.0,,0,0,1,0.0
1780005600000,GB,initialTransmissionSystemDemandOutturn,29404.0,,0,0,1,0.0
1780007400000,GB,initialTransmissionSystemDemandOutturn,28019.0,,0,0,1,0.0
1780009200000,GB,initialTransmissionSystemDemandOutturn,26786.0,,0,0,1,0.0
1780011000000,GB,initialTransmissionSystemDemandOutturn,25909.0,,0,0,1,0.0
1780012800000,GB,initialTransmissionSystemDemandOutturn,24879.0,,0,0,1,0.0
1780014600000,GB,initialTransmissionSystemDemandOutturn,24725.0,,0,0,1,0.0
1780016400000,GB,initialTransmissionSystemDemandOutturn,24294.0,,0,0,1,0.0
1780018200000,GB,initialTransmissionSystemDemandOutturn,23732.0,,0,0,1,0.0
1780020000000,GB,initialTransmissionSystemDemandOutturn,23341.0,,0,0,1,0.0
1780021800000,GB,initialTransmissionSystemDemandOutturn,22473.0,,0,0,1,0.0
1780023600000,GB,initialTransmissionSystemDemandOutturn,21847.0,,0,0,1,0.0
1780025400000,GB,initialTransmissionSystemDemandOutturn,21654.0,,0,0,1,0.0
1780027200000,GB,initialTransmissionSystemDemandOutturn,20697.0,,0,0,1,0.0
1780029000000,GB,initialTransmissionSystemDemandOutturn,20358.0,,0,0,1,0.0
1780030800000,GB,initialTransmissionSystemDemandOutturn,20368.0,,0,0,1,0.0
1780032600000,GB,initialTransmissionSystemDemandOutturn,20414.0,,0,0,1,0.0
1780034400000,GB,initialTransmissionSystemDemandOutturn,21487.0,,0,0,1,0.0
1780036200000,GB,initialTransmissionSystemDemandOutturn,22054.0,,0,0,1,0.0
1780038000000,GB,initialTransmissionSystemDemandOutturn,23505.0,,0,0,1,0.0
1780039800000,GB,initialTransmissionSystemDemandOutturn,24036.0,,0,0,1,0.0
1780041600000,GB,initialTransmissionSystemDemandOutturn,24418.0,,0,0,1,0.0
1780043400000,GB,initialTransmissionSystemDemandOutturn,24332.0,,0,0,1,0.0
1780045200000,GB,initialTransmissionSystemDemandOutturn,24341.0,,0,0,1,0.0
1780047000000,GB,initialTransmissionSystemDemandOutturn,23674.0,,0,0,1,0.0
1780048800000,GB,initialTransmissionSystemDemandOutturn,23662.0,,0,0,1,0.0
1780050600000,GB,initialTransmissionSystemDemandOutturn,23250.0,,0,0,1,0.0
1780052400000,GB,initialTransmissionSystemDemandOutturn,23292.0,,0,0,1,0.0
1780054200000,GB,initialTransmissionSystemDemandOutturn,23064.0,,0,0,1,0.0
1780056000000,GB,initialTransmissionSystemDemandOutturn,22577.0,,0,0,1,0.0
1780057800000,GB,initialTransmissionSystemDemandOutturn,21935.0,,0,0,1,0.0
1780059600000,GB,initialTransmissionSystemDemandOutturn,21797.0,,0,0,1,0.0
1780061400000,GB,initialTransmissionSystemDemandOutturn,21443.0,,0,0,1,0.0
1780063200000,GB,initialTransmissionSystemDemandOutturn,20595.0,,0,0,1,0.0
1780065000000,GB,initialTransmissionSystemDemandOutturn,20122.0,,0,0,1,0.0
1780066800000,GB,initialTransmissionSystemDemandOutturn,19415.0,,0,0,1,0.0
1780068600000,GB,initialTransmissionSystemDemandOutturn,19466.0,,0,0,1,0.0
1780070400000,GB,initialTransmissionSystemDemandOutturn,20667.0,,0,0,1,0.0
1780072200000,GB,initialTransmissionSystemDemandOutturn,21591.0,,0,0,1,0.0
1780074000000,GB,initialTransmissionSystemDemandOutturn,23847.0,,0,0,1,0.0
1780075800000,GB,initialTransmissionSystemDemandOutturn,24989.0,,0,0,1,0.0
1780077600000,GB,initialTransmissionSystemDemandOutturn,26688.0,,0,0,1,0.0
1780079400000,GB,initialTransmissionSystemDemandOutturn,28110.0,,0,0,1,0.0
1780081200000,GB,initialTransmissionSystemDemandOutturn,29430.0,,0,0,1,0.0
1780083000000,GB,initialTransmissionSystemDemandOutturn,30093.0,,0,0,1,0.0
1780084800000,GB,initialTransmissionSystemDemandOutturn,30124.0,,0,0,1,0.0
1780086600000,GB,initialTransmissionSystemDemandOutturn,29746.0,,0,0,1,0.0
1780088400000,GB,initialTransmissionSystemDemandOutturn,29613.0,,0,0,1,0.0
1780090200000,GB,initialTransmissionSystemDemandOutturn,29268.0,,0,0,1,0.0
1780092000000,GB,initialTransmissionSystemDemandOutturn,27655.0,,0,0,1,0.0
1780093800000,GB,initialTransmissionSystemDemandOutturn,26486.0,,0,0,1,0.0
1780095600000,GB,initialTransmissionSystemDemandOutturn,25256.0,,0,0,1,0.0
1780097400000,GB,initialTransmissionSystemDemandOutturn,24553.0,,0,0,1,0.0
1780099200000,GB,initialTransmissionSystemDemandOutturn,24248.0,,0,0,1,0.0
1780101000000,GB,initialTransmissionSystemDemandOutturn,23568.0,,0,0,1,0.0
1780102800000,GB,initialTransmissionSystemDemandOutturn,23241.0,,0,0,1,0.0
1780104600000,GB,initialTransmissionSystemDemandOutturn,22812.0,,0,0,1,0.0
1780106400000,GB,initialTransmissionSystemDemandOutturn,22356.0,,0,0,1,0.0
1780108200000,GB,initialTransmissionSystemDemandOutturn,21110.0,,0,0,1,0.0
1780110000000,GB,initialTransmissionSystemDemandOutturn,21097.0,,0,0,1,0.0
1780111800000,GB,initialTransmissionSystemDemandOutturn,20495.0,,0,0,1,0.0
1780113600000,GB,initialTransmissionSystemDemandOutturn,20593.0,,0,0,1,0.0
1780115400000,GB,initialTransmissionSystemDemandOutturn,19847.0,,0,0,1,0.0
1780117200000,GB,initialTransmissionSystemDemandOutturn,19688.0,,0,0,1,0.0
1780119000000,GB,initialTransmissionSystemDemandOutturn,19439.0,,0,0,1,0.0
1780120800000,GB,initialTransmissionSystemDemandOutturn,19485.0,,0,0,1,0.0
1780122600000,GB,initialTransmissionSystemDemandOutturn,19601.0,,0,0,1,0.0
1780124400000,GB,initialTransmissionSystemDemandOutturn,19579.0,,0,0,1,0.0
1780126200000,GB,initialTransmissionSystemDemandOutturn,19479.0,,0,0,1,0.0
1780128000000,GB,initialTransmissionSystemDemandOutturn,19289.0,,0,0,1,0.0
1780129800000,GB,initialTransmissionSystemDemandOutturn,19293.0,,0,0,1,0.0
1780131600000,GB,initialTransmissionSystemDemandOutturn,18923.0,,0,0,1,0.0
1780133400000,GB,initialTransmissionSystemDemandOutturn,17866.0,,0,0,1,0.0
1780135200000,GB,initialTransmissionSystemDemandOutturn,17044.0,,0,0,1,0.0
1780137000000,GB,initialTransmissionSystemDemandOutturn,16444.0,,0,0,1,0.0
1780138800000,GB,initialTransmissionSystemDemandOutturn,16186.0,,0,0,1,0.0
1780140600000,GB,initialTransmissionSystemDemandOutturn,15897.0,,0,0,1,0.0
1780142400000,GB,initialTransmissionSystemDemandOutturn,15771.0,,0,0,1,0.0
1780144200000,GB,initialTransmissionSystemDemandOutturn,15800.0,,0,0,1,0.0
1780146000000,GB,initialTransmissionSystemDemandOutturn,15954.0,,0,0,1,0.0
1780147800000,GB,initialTransmissionSystemDemandOutturn,15851.0,,0,0,1,0.0
1780149600000,GB,initialTransmissionSystemDemandOutturn,16005.0,,0,0,1,0.0
1780151400000,GB,initialTransmissionSystemDemandOutturn,15889.0,,0,0,1,0.0
1780153200000,GB,initialTransmissionSystemDemandOutturn,16577.0,,0,0,1,0.0
1780155000000,GB,initialTransmissionSystemDemandOutturn,17121.0,,0,0,1,0.0
1780156800000,GB,initialTransmissionSystemDemandOutturn,18432.0,,0,0,1,0.0
1780158600000,GB,initialTransmissionSystemDemandOutturn,20013.0,,0,0,1,0.0
1780160400000,GB,initialTransmissionSystemDemandOutturn,22360.0,,0,0,1,0.0
1780162200000,GB,initialTransmissionSystemDemandOutturn,24059.0,,0,0,1,0.0
1780164000000,GB,initialTransmissionSystemDemandOutturn,24497.0,,0,0,1,0.0
1780165800000,GB,initialTransmissionSystemDemandOutturn,25480.0,,0,0,1,0.0
1780167600000,GB,initialTransmissionSystemDemandOutturn,26118.0,,0,0,1,0.0
1780169400000,GB,initialTransmissionSystemDemandOutturn,26071.0,,0,0,1,0.0
1780171200000,GB,initialTransmissionSystemDemandOutturn,27045.0,,0,0,1,0.0
1780173000000,GB,initialTransmissionSystemDemandOutturn,26968.0,,0,0,1,0.0
1780174800000,GB,initialTransmissionSystemDemandOutturn,26029.0,,0,0,1,0.0
1780176600000,GB,initialTransmissionSystemDemandOutturn,26320.0,,0,0,1,0.0
1780178400000,GB,initialTransmissionSystemDemandOutturn,25676.0,,0,0,1,0.0
1780180200000,GB,initialTransmissionSystemDemandOutturn,24899.0,,0,0,1,0.0
1780182000000,GB,initialTransmissionSystemDemandOutturn,23905.0,,0,0,1,0.0
1780183800000,GB,initialTransmissionSystemDemandOutturn,23296.0,,0,0,1,0.0
1780185600000,GB,initialTransmissionSystemDemandOutturn,39688.39661718747,22909.0,1,1,1,0.7324368858172539
1780187400000,GB,initialTransmissionSystemDemandOutturn,21922.0,,0,0,1,0.0
1780189200000,GB,initialTransmissionSystemDemandOutturn,21537.0,,0,0,1,0.0
1780191000000,GB,initialTransmissionSystemDemandOutturn,20974.0,,0,0,1,0.0
1780192800000,GB,initialTransmissionSystemDemandOutturn,20859.0,,0,0,1,0.0
1780194600000,GB,initialTransmissionSystemDemandOutturn,20093.0,,0,0,1,0.0
1780196400000,GB,initialTransmissionSystemDemandOutturn,19609.0,,0,0,1,0.0
1780198200000,GB,initialTransmissionSystemDemandOutturn,19432.0,,0,0,1,0.0
1780200000000,GB,initialTransmissionSystemDemandOutturn,19069.0,,0,0,1,0.0
1780201800000,GB,initialTransmissionSystemDemandOutturn,18428.0,,0,0,1,0.0
1780203600000,GB,initialTransmissionSystemDemandOutturn,18256.0,,0,0,1,0.0
1780205400000,GB,initialTransmissionSystemDemandOutturn,17998.0,,0,0,1,0.0
1780207200000,GB,initialTransmissionSystemDemandOutturn,18242.0,,0,0,1,0.0
1780209000000,GB,initialTransmissionSystemDemandOutturn,18149.0,,0,0,1,0.0
1780210800000,GB,initialTransmissionSystemDemandOutturn,18344.0,,0,0,1,0.0
1780212600000,GB,initialTransmissionSystemDemandOutturn,17999.0,,0,0,1,0.0
1780214400000,GB,initialTransmissionSystemDemandOutturn,18409.0,,0,0,1,0.0
1780216200000,GB,initialTransmissionSystemDemandOutturn,18517.0,,0,0,1,0.0
1780218000000,GB,initialTransmissionSystemDemandOutturn,18648.0,,0,0,1,0.0
1780219800000,GB,initialTransmissionSystemDemandOutturn,18342.0,,0,0,1,0.0
1780221600000,GB,initialTransmissionSystemDemandOutturn,18554.0,,0,0,1,0.0
1780223400000,GB,initialTransmissionSystemDemandOutturn,18505.0,,0,0,1,0.0
1780225200000,GB,initialTransmissionSystemDemandOutturn,18743.0,,0,0,1,0.0
1780227000000,GB,initialTransmissionSystemDemandOutturn,18610.0,,0,0,1,0.0
1780228800000,GB,initialTransmissionSystemDemandOutturn,18672.0,,0,0,1,0.0
1780230600000,GB,initialTransmissionSystemDemandOutturn,18399.0,,0,0,1,0.0
1780232400000,GB,initialTransmissionSystemDemandOutturn,18302.0,,0,0,1,0.0
1780234200000,GB,initialTransmissionSystemDemandOutturn,18102.0,,0,0,1,0.0
1780236000000,GB,initialTransmissionSystemDemandOutturn,18065.0,,0,0,1,0.0
1780237800000,GB,initialTransmissionSystemDemandOutturn,18137.0,,0,0,1,0.0
1780239600000,GB,initialTransmissionSystemDemandOutturn,18173.0,,0,0,1,0.0
1780241400000,GB,initialTransmissionSystemDemandOutturn,18756.0,,0,0,1,0.0
1780243200000,GB,initialTransmissionSystemDemandOutturn,19258.0,,0,0,1,0.0
1780245000000,GB,initialTransmissionSystemDemandOutturn,20412.0,,0,0,1,0.0
1780246800000,GB,initialTransmissionSystemDemandOutturn,22553.0,,0,0,1,0.0
1780248600000,GB,initialTransmissionSystemDemandOutturn,24462.0,,0,0,1,0.0
1780250400000,GB,initialTransmissionSystemDemandOutturn,25965.0,,0,0,1,0.0
1780252200000,GB,initialTransmissionSystemDemandOutturn,26563.0,,0,0,1,0.0
1780254000000,GB,initialTransmissionSystemDemandOutturn,27794.0,,0,0,1,0.0
1780255800000,GB,initialTransmissionSystemDemandOutturn,28107.0,,0,0,1,0.0
1780257600000,GB,initialTransmissionSystemDemandOutturn,28156.0,,0,0,1,0.0
1780259400000,GB,initialTransmissionSystemDemandOutturn,28185.0,,0,0,1,0.0
1780261200000,GB,initialTransmissionSystemDemandOutturn,27592.0,,0,0,1,0.0
1780263000000,GB,initialTransmissionSystemDemandOutturn,27256.0,,0,0,1,0.0
1780264800000,GB,initialTransmissionSystemDemandOutturn,26576.0,,0,0,1,0.0
1780266600000,GB,initialTransmissionSystemDemandOutturn,25635.0,,0,0,1,0.0
1780268400000,GB,initialTransmissionSystemDemandOutturn,25116.0,,0,0,1,0.0
1780270200000,GB,initialTransmissionSystemDemandOutturn,24611.0,,0,0,1,0.0
1780272000000,GB,initialTransmissionSystemDemandOutturn,23842.0,,0,0,1,0.0
1780273800000,GB,initialTransmissionSystemDemandOutturn,23551.0,,0,0,1,0.0
1780275600000,GB,initialTransmissionSystemDemandOutturn,23439.0,,0,0,1,0.0
1780277400000,GB,initialTransmissionSystemDemandOutturn,23219.0,,0,0,1,0.0
1780279200000,GB,initialTransmissionSystemDemandOutturn,22750.0,,0,0,1,0.0
1780281000000,GB,initialTransmissionSystemDemandOutturn,22319.0,,0,0,1,0.0
1780282800000,GB,initialTransmissionSystemDemandOutturn,22085.0,,0,0,1,0.0
1780284600000,GB,initialTransmissionSystemDemandOutturn,21799.0,,0,0,1,0.0
1780286400000,GB,initialTransmissionSystemDemandOutturn,22496.0,,0,0,1,0.0
1780288200000,GB,initialTransmissionSystemDemandOutturn,22301.0,,0,0,1,0.0
1780290000000,GB,initialTransmissionSystemDemandOutturn,22730.0,,0,0,1,0.0
1780291800000,GB,initialTransmissionSystemDemandOutturn,22910.0,,0,0,1,0.0
1780293600000,GB,initialTransmissionSystemDemandOutturn,23578.0,,0,0,1,0.0
1780295400000,GB,initialTransmissionSystemDemandOutturn,24636.0,,0,0,1,0.0
1780297200000,GB,initialTransmissionSystemDemandOutturn,24935.0,,0,0,1,0.0
1780299000000,GB,initialTransmissionSystemDemandOutturn,25023.0,,0,0,1,0.0
1780300800000,GB,initialTransmissionSystemDemandOutturn,25174.0,,0,0,1,0.0
1780302600000,GB,initialTransmissionSystemDemandOutturn,25590.0,,0,0,1,0.0
1780304400000,GB,initialTransmissionSystemDemandOutturn,26221.0,,0,0,1,0.0
1780306200000,GB,initialTransmissionSystemDemandOutturn,25969.0,,0,0,1,0.0
1780308000000,GB,initialTransmissionSystemDemandOutturn,25593.0,,0,0,1,0.0
1780309800000,GB,initialTransmissionSystemDemandOutturn,25691.0,,0,0,1,0.0
1780311600000,GB,initialTransmissionSystemDemandOutturn,26250.0,,0,0,1,0.0
1780313400000,GB,initialTransmissionSystemDemandOutturn,26455.0,,0,0,1,0.0
1780315200000,GB,initialTransmissionSystemDemandOutturn,26486.0,,0,0,1,0.0
1780317000000,GB,initialTransmissionSystemDemandOutturn,26516.0,,0,0,1,0.0
1780318800000,GB,initialTransmissionSystemDemandOutturn,26538.0,,0,0,1,0.0
1780320600000,GB,initialTransmissionSystemDemandOutturn,26412.0,,0,0,1,0.0
1780322400000,GB,initialTransmissionSystemDemandOutturn,26498.0,,0,0,1,0.0
1780324200000,GB,initialTransmissionSystemDemandOutturn,27092.0,,0,0,1,0.0
1780326000000,GB,initialTransmissionSystemDemandOutturn,26517.0,,0,0,1,0.0
1780327800000,GB,initialTransmissionSystemDemandOutturn,27033.0,,0,0,1,0.0
1780329600000,GB,initialTransmissionSystemDemandOutturn,28386.0,,0,0,1,0.0
1780331400000,GB,initialTransmissionSystemDemandOutturn,29536.0,,0,0,1,0.0
1780333200000,GB,initialTransmissionSystemDemandOutturn,30266.0,,0,0,1,0.0
1780335000000,GB,initialTransmissionSystemDemandOutturn,30736.0,,0,0,1,0.0
1780336800000,GB,initialTransmissionSystemDemandOutturn,32597.0,,0,0,1,0.0
1780338600000,GB,initialTransmissionSystemDemandOutturn,32699.0,,0,0,1,0.0
1780340400000,GB,initialTransmissionSystemDemandOutturn,33185.0,,0,0,1,0.0
1780342200000,GB,initialTransmissionSystemDemandOutturn,33122.0,,0,0,1,0.0
1780344000000,GB,initialTransmissionSystemDemandOutturn,32599.0,,0,0,1,0.0
1780345800000,GB,initialTransmissionSystemDemandOutturn,32264.0,,0,0,1,0.0
1780347600000,GB,initialTransmissionSystemDemandOutturn,31858.0,,0,0,1,0.0
1780349400000,GB,initialTransmissionSystemDemandOutturn,31202.0,,0,0,1,0.0
1780351200000,GB,initialTransmissionSystemDemandOutturn,30505.0,,0,0,1,0.0
1780353000000,GB,initialTransmissionSystemDemandOutturn,29453.0,,0,0,1,0.0
1780354800000,GB,initialTransmissionSystemDemandOutturn,28209.0,,0,0,1,0.0
1780356600000,GB,initialTransmissionSystemDemandOutturn,27066.0,,0,0,1,0.0
1780358400000,GB,initialTransmissionSystemDemandOutturn,25733.0,,0,0,1,0.0
1780360200000,GB,initialTransmissionSystemDemandOutturn,24911.0,,0,0,1,0.0
1780362000000,GB,initialTransmissionSystemDemandOutturn,24677.0,,0,0,1,0.0
1780363800000,GB,initialTransmissionSystemDemandOutturn,24730.0,,0,0,1,0.0
1780365600000,GB,initialTransmissionSystemDemandOutturn,24664.0,,0,0,1,0.0
1780367400000,GB,initialTransmissionSystemDemandOutturn,23951.0,,0,0,1,0.0
1780369200000,GB,initialTransmissionSystemDemandOutturn,23447.0,,0,0,1,0.0
1780371000000,GB,initialTransmissionSystemDemandOutturn,23269.0,,0,0,1,0.0
1780372800000,GB,initialTransmissionSystemDemandOutturn,23375.0,,0,0,1,0.0
1780374600000,GB,initialTransmissionSystemDemandOutturn,23134.0,,0,0,1,0.0
1780376400000,GB,initialTransmissionSystemDemandOutturn,23473.0,,0,0,1,0.0
1780378200000,GB,initialTransmissionSystemDemandOutturn,23728.0,,0,0,1,0.0
1780380000000,GB,initialTransmissionSystemDemandOutturn,23745.0,,0,0,1,0.0
1780381800000,GB,initialTransmissionSystemDemandOutturn,24822.0,,0,0,1,0.0
1780383600000,GB,initialTransmissionSystemDemandOutturn,26876.0,,0,0,1,0.0
1780385400000,GB,initialTransmissionSystemDemandOutturn,28191.0,,0,0,1,0.0
1780387200000,GB,initialTransmissionSystemDemandOutturn,28502.0,,0,0,1,0.0
1780389000000,GB,initialTransmissionSystemDemandOutturn,27226.0,,0,0,1,0.0
1780390800000,GB,initialTransmissionSystemDemandOutturn,27339.0,,0,0,1,0.0
1780392600000,GB,initialTransmissionSystemDemandOutturn,26549.0,,0,0,1,0.0
1780394400000,GB,initialTransmissionSystemDemandOutturn,25810.0,,0,0,1,0.0
1780396200000,GB,initialTransmissionSystemDemandOutturn,25536.0,,0,0,1,0.0
1780398000000,GB,initialTransmissionSystemDemandOutturn,25148.0,,0,0,1,0.0
1780399800000,GB,initialTransmissionSystemDemandOutturn,24064.0,,0,0,1,0.0
1780401600000,GB,initialTransmissionSystemDemandOutturn,23896.0,,0,0,1,0.0
1780403400000,GB,initialTransmissionSystemDemandOutturn,22652.0,,0,0,1,0.0
1780405200000,GB,initialTransmissionSystemDemandOutturn,22226.0,,0,0,1,0.0
1780407000000,GB,initialTransmissionSystemDemandOutturn,22617.0,,0,0,1,0.0
1780408800000,GB,initialTransmissionSystemDemandOutturn,22585.0,,0,0,1,0.0
1780410600000,GB,initialTransmissionSystemDemandOutturn,22079.0,,0,0,1,0.0
1780412400000,GB,initialTransmissionSystemDemandOutturn,21300.0,,0,0,1,0.0
1780414200000,GB,initialTransmissionSystemDemandOutturn,22891.0,,0,0,1,0.0
1780416000000,GB,initialTransmissionSystemDemandOutturn,23355.0,,0,0,1,0.0
1780417800000,GB,initialTransmissionSystemDemandOutturn,24025.0,,0,0,1,0.0
1780419600000,GB,initialTransmissionSystemDemandOutturn,25882.0,,0,0,1,0.0
1780421400000,GB,initialTransmissionSystemDemandOutturn,26981.0,,0,0,1,0.0
1780423200000,GB,initialTransmissionSystemDemandOutturn,28169.0,,0,0,1,0.0
1780425000000,GB,initialTransmissionSystemDemandOutturn,28674.0,,0,0,1,0.0
1780426800000,GB,initialTransmissionSystemDemandOutturn,29081.0,,0,0,1,0.0
1780428600000,GB,initialTransmissionSystemDemandOutturn,29270.0,,0,0,1,0.0
1780430400000,GB,initialTransmissionSystemDemandOutturn,29148.0,,0,0,1,0.0
1780432200000,GB,initialTransmissionSystemDemandOutturn,29012.0,,0,0,1,0.0
1780434000000,GB,initialTransmissionSystemDemandOutturn,28718.0,,0,0,1,0.0
1780435800000,GB,initialTransmissionSystemDemandOutturn,28717.0,,0,0,1,0.0
1780437600000,GB,initialTransmissionSystemDemandOutturn,28034.0,,0,0,1,0.0
1780439400000,GB,initialTransmissionSystemDemandOutturn,27091.0,,0,0,1,0.0
1780441200000,GB,initialTransmissionSystemDemandOutturn,25122.0,,0,0,1,0.0
1780443000000,GB,initialTransmissionSystemDemandOutturn,23939.0,,0,0,1,0.0
1780444800000,GB,initialTransmissionSystemDemandOutturn,23382.0,,0,0,1,0.0
1780446600000,GB,initialTransmissionSystemDemandOutturn,23038.0,,0,0,1,0.0
1780448400000,GB,initialTransmissionSystemDemandOutturn,22701.0,,0,0,1,0.0
1780450200000,GB,initialTransmissionSystemDemandOutturn,22889.0,,0,0,1,0.0
1780452000000,GB,initialTransmissionSystemDemandOutturn,22406.0,,0,0,1,0.0
1780453800000,GB,initialTransmissionSystemDemandOutturn,21270.0,,0,0,1,0.0
1780455600000,GB,initialTransmissionSystemDemandOutturn,21264.0,,0,0,1,0.0
1780457400000,GB,initialTransmissionSystemDemandOutturn,20614.0,,0,0,1,0.0
1780459200000,GB,initialTransmissionSystemDemandOutturn,19936.0,,0,0,1,0.0
1780461000000,GB,initialTransmissionSystemDemandOutturn,19546.0,,0,0,1,0.0
1780462800000,GB,initialTransmissionSystemDemandOutturn,20049.0,,0,0,1,0.0
1780464600000,GB,initialTransmissionSystemDemandOutturn,19627.0,,0,0,1,0.0
1780466400000,GB,initialTransmissionSystemDemandOutturn,21215.0,,0,0,1,0.0
1780468200000,GB,initialTransmissionSystemDemandOutturn,22408.0,,0,0,1,0.0
1780470000000,GB,initialTransmissionSystemDemandOutturn,24345.0,,0,0,1,0.0
1780471800000,GB,initialTransmissionSystemDemandOutturn,25447.0,,0,0,1,0.0
1780473600000,GB,initialTransmissionSystemDemandOutturn,25952.0,,0,0,1,0.0
1780475400000,GB,initialTransmissionSystemDemandOutturn,26279.0,,0,0,1,0.0
1780477200000,GB,initialTransmissionSystemDemandOutturn,26879.0,,0,0,1,0.0
1780479000000,GB,initialTransmissionSystemDemandOutturn,26806.0,,0,0,1,0.0
1780480800000,GB,initialTransmissionSystemDemandOutturn,26768.0,,0,0,1,0.0
1780482600000,GB,initialTransmissionSystemDemandOutturn,26702.0,,0,0,1,0.0
1780484400000,GB,initialTransmissionSystemDemandOutturn,26730.0,,0,0,1,0.0
1780486200000,GB,initialTransmissionSystemDemandOutturn,26532.0,,0,0,1,0.0
1780488000000,GB,initialTransmissionSystemDemandOutturn,25899.0,,0,0,1,0.0
1780489800000,GB,initialTransmissionSystemDemandOutturn,25646.0,,0,0,1,0.0
1780491600000,GB,initialTransmissionSystemDemandOutturn,24986.0,,0,0,1,0.0
1780493400000,GB,initialTransmissionSystemDemandOutturn,24118.0,,0,0,1,0.0
1780495200000,GB,initialTransmissionSystemDemandOutturn,23260.0,,0,0,1,0.0
1780497000000,GB,initialTransmissionSystemDemandOutturn,35315.18548879168,22851.0,1,0,0,0.545454706086897
1780498800000,GB,initialTransmissionSystemDemandOutturn,22982.0,,0,0,1,0.0
1780500600000,GB,initialTransmissionSystemDemandOutturn,23595.0,,0,0,1,0.0
1780502400000,GB,initialTransmissionSystemDemandOutturn,23866.0,,0,0,1,0.0
1780504200000,GB,initialTransmissionSystemDemandOutturn,23828.0,,0,0,1,0.0
1780506000000,GB,initialTransmissionSystemDemandOutturn,24645.0,,0,0,1,0.0
1780507800000,GB,initialTransmissionSystemDemandOutturn,25910.0,,0,0,1,0.0
1780509600000,GB,initialTransmissionSystemDemandOutturn,26361.0,,0,0,1,0.0
1780511400000,GB,initialTransmissionSystemDemandOutturn,26998.0,,0,0,1,0.0
1780513200000,GB,initialTransmissionSystemDemandOutturn,28029.0,,0,0,1,0.0
1780515000000,GB,initialTransmissionSystemDemandOutturn,28597.0,,0,0,1,0.0
1780516800000,GB,initialTransmissionSystemDemandOutturn,27719.0,,0,0,1,0.0
1780518600000,GB,initialTransmissionSystemDemandOutturn,27242.0,,0,0,1,0.0
1780520400000,GB,initialTransmissionSystemDemandOutturn,26344.0,,0,0,1,0.0
1780522200000,GB,initialTransmissionSystemDemandOutturn,25829.0,,0,0,1,0.0
1780524000000,GB,initialTransmissionSystemDemandOutturn,25048.0,,0,0,1,0.0
1780525800000,GB,initialTransmissionSystemDemandOutturn,23829.0,,0,0,1,0.0
1780527600000,GB,initialTransmissionSystemDemandOutturn,22655.0,,0,0,1,0.0
1780529400000,GB,initialTransmissionSystemDemandOutturn,22569.0,,0,0,1,0.0
1780531200000,GB,initialTransmissionSystemDemandOutturn,22756.0,,0,0,1,0.0
1780533000000,GB,initialTransmissionSystemDemandOutturn,22761.0,,0,0,1,0.0
1780534800000,GB,initialTransmissionSystemDemandOutturn,22232.0,,0,0,1,0.0
1780536600000,GB,initialTransmissionSystemDemandOutturn,22448.0,,0,0,1,0.0
1780538400000,GB,initialTransmissionSystemDemandOutturn,21950.0,,0,0,1,0.0
1780540200000,GB,initialTransmissionSystemDemandOutturn,21577.0,,0,0,1,0.0
1780542000000,GB,initialTransmissionSystemDemandOutturn,20908.0,,0,0,1,0.0
1780543800000,GB,initialTransmissionSystemDemandOutturn,20898.0,,0,0,1,0.0
1780545600000,GB,initialTransmissionSystemDemandOutturn,20737.0,,0,0,1,0.0
1780547400000,GB,initialTransmissionSystemDemandOutturn,20494.0,,0,0,1,0.0
1780549200000,GB,initialTransmissionSystemDemandOutturn,20397.0,,0,0,1,0.0
1780551000000,GB,initialTransmissionSystemDemandOutturn,20723.0,,0,0,1,0.0
1780552800000,GB,initialTransmissionSystemDemandOutturn,22091.0,,0,0,1,0.0
1780554600000,GB,initialTransmissionSystemDemandOutturn,23471.0,,0,0,1,0.0
1780556400000,GB,initialTransmissionSystemDemandOutturn,25247.0,,0,0,1,0.0
1780558200000,GB,initialTransmissionSystemDemandOutturn,25850.0,,0,0,1,0.0
1780560000000,GB,initialTransmissionSystemDemandOutturn,25484.0,,0,0,1,0.0
1780561800000,GB,initialTransmissionSystemDemandOutturn,25382.0,,0,0,1,0.0
1780563600000,GB,initialTransmissionSystemDemandOutturn,25409.0,,0,0,1,0.0
1780565400000,GB,initialTransmissionSystemDemandOutturn,25086.0,,0,0,1,0.0
1780567200000,GB,initialTransmissionSystemDemandOutturn,24951.0,,0,0,1,0.0
1780569000000,GB,initialTransmissionSystemDemandOutturn,24346.0,,0,0,1,0.0
1780570800000,GB,initialTransmissionSystemDemandOutturn,23972.0,,0,0,1,0.0
1780572600000,GB,initialTransmissionSystemDemandOutturn,23650.0,,0,0,1,0.0
1780574400000,GB,initialTransmissionSystemDemandOutturn,23315.0,,0,0,1,0.0
1780576200000,GB,initialTransmissionSystemDemandOutturn,22756.0,,0,0,1,0.0
1780578000000,GB,initialTransmissionSystemDemandOutturn,21956.0,,0,0,1,0.0
1780579800000,GB,initialTransmissionSystemDemandOutturn,21005.0,,0,0,1,0.0
1780581600000,GB,initialTransmissionSystemDemandOutturn,20498.0,,0,0,1,0.0
1780583400000,GB,initialTransmissionSystemDemandOutturn,20535.0,,0,0,1,0.0
1780585200000,GB,initialTransmissionSystemDemandOutturn,21173.0,,0,0,1,0.0
1780587000000,GB,initialTransmissionSystemDemandOutturn,21687.0,,0,0,1,0.0
1780588800000,GB,initialTransmissionSystemDemandOutturn,21959.0,,0,0,1,0.0
1780590600000,GB,initialTransmissionSystemDemandOutturn,23086.0,,0,0,1,0.0
1780592400000,GB,initialTransmissionSystemDemandOutturn,24182.0,,0,0,1,0.0
1780594200000,GB,initialTransmissionSystemDemandOutturn,24849.0,,0,0,1,0.0
1780596000000,GB,initialTransmissionSystemDemandOutturn,25755.0,,0,0,1,0.0
1780597800000,GB,initialTransmissionSystemDemandOutturn,26022.0,,0,0,1,0.0
1780599600000,GB,initialTransmissionSystemDemandOutturn,26692.0,,0,0,1,0.0
1780601400000,GB,initialTransmissionSystemDemandOutturn,26890.0,,0,0,1,0.0
1780603200000,GB,initialTransmissionSystemDemandOutturn,27417.0,,0,0,1,0.0
1780605000000,GB,initialTransmissionSystemDemandOutturn,27108.0,,0,0,1,0.0
1780606800000,GB,initialTransmissionSystemDemandOutturn,26642.0,,0,0,1,0.0
1780608600000,GB,initialTransmissionSystemDemandOutturn,26543.0,,0,0,1,0.0
1780610400000,GB,initialTransmissionSystemDemandOutturn,26334.0,,0,0,1,0.0
1780612200000,GB,initialTransmissionSystemDemandOutturn,25162.0,,0,0,1,0.0
1780614000000,GB,initialTransmissionSystemDemandOutturn,23941.0,,0,0,1,0.0
1780615800000,GB,initialTransmissionSystemDemandOutturn,23640.0,,0,0,1,0.0
1780617600000,GB,initialTransmissionSystemDemandOutturn,23702.0,,0,0,1,0.0
1780619400000,GB,initialTransmissionSystemDemandOutturn,9085.76449046126,23567.0,1,1,1,0.6144708919055772
1780621200000,GB,initialTransmissionSystemDemandOutturn,23139.0,,0,0,1,0.0
1780623000000,GB,initialTransmissionSystemDemandOutturn,22955.0,,0,0,1,0.0
1780624800000,GB,initialTransmissionSystemDemandOutturn,22099.0,,0,0,1,0.0
1780626600000,GB,initialTransmissionSystemDemandOutturn,21675.0,,0,0,1,0.0
1780628400000,GB,initialTransmissionSystemDemandOutturn,21481.0,,0,0,1,0.0
1780630200000,GB,initialTransmissionSystemDemandOutturn,21212.0,,0,0,1,0.0
1780632000000,GB,initialTransmissionSystemDemandOutturn,21224.0,,0,0,1,0.0
1780633800000,GB,initialTransmissionSystemDemandOutturn,21259.0,,0,0,1,0.0
1780635600000,GB,initialTransmissionSystemDemandOutturn,21159.0,,0,0,1,0.0
1780637400000,GB,initialTransmissionSystemDemandOutturn,21179.0,,0,0,1,0.0
1780639200000,GB,initialTransmissionSystemDemandOutturn,21770.0,,0,0,1,0.0
1780641000000,GB,initialTransmissionSystemDemandOutturn,22932.0,,0,0,1,0.0
1780642800000,GB,initialTransmissionSystemDemandOutturn,24700.0,,0,0,1,0.0
1780644600000,GB,initialTransmissionSystemDemandOutturn,24854.0,,0,0,1,0.0
1780646400000,GB,initialTransmissionSystemDemandOutturn,25013.0,,0,0,1,0.0
1780648200000,GB,initialTransmissionSystemDemandOutturn,24175.0,,0,0,1,0.0
1780650000000,GB,initialTransmissionSystemDemandOutturn,23972.0,,0,0,1,0.0
1780651800000,GB,initialTransmissionSystemDemandOutturn,23206.0,,0,0,1,0.0
1780653600000,GB,initialTransmissionSystemDemandOutturn,22827.0,,0,0,1,0.0
1780655400000,GB,initialTransmissionSystemDemandOutturn,22575.0,,0,0,1,0.0
1780657200000,GB,initialTransmissionSystemDemandOutturn,22355.0,,0,0,1,0.0
1780659000000,GB,initialTransmissionSystemDemandOutturn,21728.0,,0,0,1,0.0
1780660800000,GB,initialTransmissionSystemDemandOutturn,22026.0,,0,0,1,0.0
1780662600000,GB,initialTransmissionSystemDemandOutturn,21726.0,,0,0,1,0.0
1780664400000,GB,initialTransmissionSystemDemandOutturn,21236.0,,0,0,1,0.0
1780666200000,GB,initialTransmissionSystemDemandOutturn,20848.0,,0,0,1,0.0
1780668000000,GB,initialTransmissionSystemDemandOutturn,20619.0,,0,0,1,0.0
1780669800000,GB,initialTransmissionSystemDemandOutturn,20802.0,,0,0,1,0.0
1780671600000,GB,initialTransmissionSystemDemandOutturn,20965.0,,0,0,1,0.0
1780673400000,GB,initialTransmissionSystemDemandOutturn,21860.0,,0,0,1,0.0
1780675200000,GB,initialTransmissionSystemDemandOutturn,22761.0,,0,0,1,0.0
1780677000000,GB,initialTransmissionSystemDemandOutturn,24409.0,,0,0,1,0.0
1780678800000,GB,initialTransmissionSystemDemandOutturn,25838.0,,0,0,1,0.0
1780680600000,GB,initialTransmissionSystemDemandOutturn,26898.0,,0,0,1,0.0
1780682400000,GB,initialTransmissionSystemDemandOutturn,28481.0,,0,0,1,0.0
1780684200000,GB,initialTransmissionSystemDemandOutturn,29128.0,,0,0,1,0.0
1780686000000,GB,initialTransmissionSystemDemandOutturn,30703.0,,0,0,1,0.0
1780687800000,GB,initialTransmissionSystemDemandOutturn,30868.0,,0,0,1,0.0
1780689600000,GB,initialTransmissionSystemDemandOutturn,30285.0,,0,0,1,0.0
1780691400000,GB,initialTransmissionSystemDemandOutturn,29695.0,,0,0,1,0.0
1780693200000,GB,initialTransmissionSystemDemandOutturn,29555.0,,0,0,1,0.0
1780695000000,GB,initialTransmissionSystemDemandOutturn,28732.0,,0,0,1,0.0
1780696800000,GB,initialTransmissionSystemDemandOutturn,28243.0,,0,0,1,0.0
1780698600000,GB,initialTransmissionSystemDemandOutturn,27158.0,,0,0,1,0.0
1780700400000,GB,initialTransmissionSystemDemandOutturn,25270.0,,0,0,1,0.0
1780702200000,GB,initialTransmissionSystemDemandOutturn,24379.0,,0,0,1,0.0
1780704000000,GB,initialTransmissionSystemDemandOutturn,23683.0,,0,0,1,0.0
1780705800000,GB,initialTransmissionSystemDemandOutturn,23103.0,,0,0,1,0.0
1780707600000,GB,initialTransmissionSystemDemandOutturn,22682.0,,0,0,1,0.0
1780709400000,GB,initialTransmissionSystemDemandOutturn,22171.0,,0,0,1,0.0
1780711200000,GB,initialTransmissionSystemDemandOutturn,21762.0,,0,0,1,0.0
1780713000000,GB,initialTransmissionSystemDemandOutturn,21135.0,,0,0,1,0.0
1780714800000,GB,initialTransmissionSystemDemandOutturn,20935.0,,0,0,1,0.0
1780716600000,GB,initialTransmissionSystemDemandOutturn,20669.0,,0,0,1,0.0
1780718400000,GB,initialTransmissionSystemDemandOutturn,20849.0,,0,0,1,0.0
1780720200000,GB,initialTransmissionSystemDemandOutturn,20463.0,,0,0,1,0.0
1780722000000,GB,initialTransmissionSystemDemandOutturn,20218.0,,0,0,1,0.0
1780723800000,GB,initialTransmissionSystemDemandOutturn,20142.0,,0,0,1,0.0
1780725600000,GB,initialTransmissionSystemDemandOutturn,20043.0,,0,0,1,0.0
1780727400000,GB,initialTransmissionSystemDemandOutturn,20286.0,,0,0,1,0.0
1780729200000,GB,initialTransmissionSystemDemandOutturn,33009.827338521834,21076.0,1,0,0,0.5662282851832336
1780731000000,GB,initialTransmissionSystemDemandOutturn,21639.0,,0,0,1,0.0
1780732800000,GB,initialTransmissionSystemDemandOutturn,22365.0,,0,0,1,0.0
1780734600000,GB,initialTransmissionSystemDemandOutturn,22967.0,,0,0,1,0.0
1780736400000,GB,initialTransmissionSystemDemandOutturn,23520.0,,0,0,1,0.0
1780738200000,GB,initialTransmissionSystemDemandOutturn,24030.0,,0,0,1,0.0
1780740000000,GB,initialTransmissionSystemDemandOutturn,24078.0,,0,0,1,0.0
1780741800000,GB,initialTransmissionSystemDemandOutturn,24037.0,,0,0,1,0.0
1780743600000,GB,initialTransmissionSystemDemandOutturn,23991.0,,0,0,1,0.0
1780745400000,GB,initialTransmissionSystemDemandOutturn,23852.0,,0,0,1,0.0
1780747200000,GB,initialTransmissionSystemDemandOutturn,23444.0,,0,0,1,0.0
1780749000000,GB,initialTransmissionSystemDemandOutturn,23617.0,,0,0,1,0.0
1780750800000,GB,initialTransmissionSystemDemandOutturn,23075.0,,0,0,1,0.0
1780752600000,GB,initialTransmissionSystemDemandOutturn,23174.0,,0,0,1,0.0
1780754400000,GB,initialTransmissionSystemDemandOutturn,22987.0,,0,0,1,0.0
1780756200000,GB,initialTransmissionSystemDemandOutturn,22926.0,,0,0,1,0.0
1780758000000,GB,initialTransmissionSystemDemandOutturn,22652.0,,0,0,1,0.0
1780759800000,GB,initialTransmissionSystemDemandOutturn,22433.0,,0,0,1,0.0
1780761600000,GB,initialTransmissionSystemDemandOutturn,22925.0,,0,0,1,0.0
1780763400000,GB,initialTransmissionSystemDemandOutturn,23929.0,,0,0,1,0.0
1780765200000,GB,initialTransmissionSystemDemandOutturn,25218.0,,0,0,1,0.0
1780767000000,GB,initialTransmissionSystemDemandOutturn,26077.0,,0,0,1,0.0
1780768800000,GB,initialTransmissionSystemDemandOutturn,26521.0,,0,0,1,0.0
1780770600000,GB,initialTransmissionSystemDemandOutturn,27026.0,,0,0,1,0.0
1780772400000,GB,initialTransmissionSystemDemandOutturn,27395.0,,0,0,1,0.0
1780774200000,GB,initialTransmissionSystemDemandOutturn,27360.0,,0,0,1,0.0
1780776000000,GB,initialTransmissionSystemDemandOutturn,27058.0,,0,0,1,0.0
1780777800000,GB,initialTransmissionSystemDemandOutturn,26476.0,,0,0,1,0.0
1780779600000,GB,initialTransmissionSystemDemandOutturn,26376.0,,0,0,1,0.0
1780781400000,GB,initialTransmissionSystemDemandOutturn,25712.0,,0,0,1,0.0
1780783200000,GB,initialTransmissionSystemDemandOutturn,25199.0,,0,0,1,0.0
1780785000000,GB,initialTransmissionSystemDemandOutturn,23613.0,,0,0,1,0.0
1780786800000,GB,initialTransmissionSystemDemandOutturn,22161.0,,0,0,1,0.0
1780788600000,GB,initialTransmissionSystemDemandOutturn,21762.0,,0,0,1,0.0
